source;entry_type;document_type;title;authors;year;doi;url;abstract;keywords;journal;booktitle;publisher;pages
ieee;;IEEE Conferences;Cloud Ecosystems Support for Internet of Things and DevOps Using Patterns;"M. H. Syed; E. B. Fernandez";2016;10.1109/IoTDI.2015.31;https://ieeexplore.ieee.org/stamp/stamp.jsp?arnumber=7471379;An ecosystem is the expansion of a software product line architecture to include systems outside the product which interact with the product. A cloud ecosystem includes interdependent and communicating components. Not only the cloud ecosystem itself keeps evolving, but it also affects the way in which we develop and deploy software. We model the architecture of a cloud ecosystem as a set of patterns, showing partial descriptions for some of them. We then discuss the role of this evolving platform in facilitating the Internet of Things and the new DevOps framework for developing software.;"Software ecosystems;Internet of Things;cloud computing;fog computing;software containers;DevOps;reference architectures";;2016 IEEE First International Conference on Internet-of-Things Design and Implementation (IoTDI);IEEE;
ieee;;IEEE Conferences;Automated deployment of SmartX IoT-cloud services based on continuous integration;"J. Bae; C. Kim; J. Kim";2016;10.1109/ICTC.2016.7763372;https://ieeexplore.ieee.org/stamp/stamp.jsp?arnumber=7763372;Since convergence of IoT and Cloud, IoT-Cloud, has potential to provide futuristic IT services, there are many research about IoT-Cloud service. To keep pace with trend, we are studying and developing IoT-Cloud service. Goal of this service is reducing power consumption in server room. To design this service, we use microservice. Since it is set of inter-connection of functions, frequent verification is important. Therefore, we adopt Continuous Integration (CI). It is designed to build and running service in testbed automatically. It reduces integration effort. In this paper, we introduce our experience in automated deployment of SmartX IoT-Cloud services based on CI.;"DevOps;Continuous Integration;Internet of Things;Cloud;IoT-Cloud;IoT-Cloud service";;2016 International Conference on Information and Communication Technology Convergence (ICTC);IEEE;
ieee;;IEEE Conferences;DevOps for IoT Applications Using Cellular Networks and Cloud;"A. Karapantelakis; H. Liang; K. Wang; K. Vandikas; R. Inam; E. Fersman; I. Mulas-Viela; N. Seyvet; V. Giannokostas";2016;10.1109/FiCloud.2016.55;https://ieeexplore.ieee.org/stamp/stamp.jsp?arnumber=7575883;"The Internet of Things (IoT) is a vision of a future society where an ever-increasing number of heterogeneous physical devices (""things"") obtain Internet connectivity, thus enabling a large number of applications for a broad range of industries and society at large. Mobile network operators, expected to provide the network infrastructure for many of these applications, face an unprecedented level of complexity. This complexity not only relates to the number of applications that share the network infrastructure, but also to the different network Quality of Service (QoS) requirements these applications have. To achieve economies of scale, automation in management of those applications throughout their lifecycle is essential. In this paper, we propose an architecture that automates allocation, monitoring and deallocation of both cloud and cellular network resources to ensure QoS for applications that involve connected devices communicating with cloud-hosted software. We describe an implementation of this architecture using a combination of open source, commercial, and custom components and evaluate it through a series of measurements. Results show that our implementation can simultaneously support mobile broadband and low latency, high availability mission-critical applications.";"5G;Cloud;Internet of Things;Network Slicing;DevOps;Resource Orchestration;Automation";;2016 IEEE 4th International Conference on Future Internet of Things and Cloud (FiCloud);IEEE;
ieee;;IEEE Conferences;An experimental continuous delivery framework for SmartX-mini IoT-cloud playground;"J. Bae; J. Kim";2016;10.1109/ICOIN.2016.7427129;https://ieeexplore.ieee.org/stamp/stamp.jsp?arnumber=7427129;Internet of Things (IoT), one of the hottest research targets, needs the systematic leverage from cloud-centric ICT infrastructure. Among several challenges for fast and economic IoT-Cloud service enablement, the continuous integration and delivery (CI/CD) framework is one of commonly wanted capabilities. In this paper, we introduce early experience with deploying an experimental continuous delivery framework for SmartX-mini IoT-Cloud Playground.;"Continuous integration and delivery;software-defined infrastructure;SDN/NFV/Cloud integration;IoT-Cloud software framework;Internet of Things";;2016 International Conference on Information Networking (ICOIN);IEEE;
ieee;;IEEE Conferences;Template-based automation with distributed secure provisioning installer for remote cloud boxes;"J. -S. Shin; J. Kim";2016;10.1109/ICTC.2016.7763428;https://ieeexplore.ieee.org/stamp/stamp.jsp?arnumber=7763428;The emerging edge computing concept with μClοud boxes, in charge of front-end data processing for remote large-scale cloud data centers, is addressing the delay and efficiency concerns for IoT-Cloud services. The infrastructure operators of IoT-Cloud services require several provisioning tools to handle a number of cloud boxes across multiple remote sites. The resulting open-source software provisioning tools should support automated installation and configuration for remote cloud boxes, albeit with flexibility and scalability. Thus, in this paper, we discuss our ongoing DevOps-based realization for DsP-Installer (Distributed Secure Provisioning Installer), which automates the template-based installation and configuration for remote cloud boxes.;"IoT-Cloud services;OpenStack cloud;DevOps-based automated provision;Open-Source software";;2016 International Conference on Information and Communication Technology Convergence (ICTC);IEEE;
ieee;;IEEE Conferences;Preparing and Inter-Connecting Hyper-Converged SmartX Boxes for IoT-Cloud Testbed;"S. Park; B. Cha; J. Kim";2016;10.1109/AINA.2015.255;https://ieeexplore.ieee.org/document/7098040;The focusing concept of Internet of Things (IoT) is quickly changing from inter-connecting uniquely-identifiable embedded devices to 'things as a service'. Thus, diverse IoT services are being incubated by software-driven frameworks and shared/virtual/programmable resources. As a beginning step, in this paper, we discuss how to prepare and inter-connect hyper-converged SmartX Boxes so that it can play the miniaturized playground for IoT-Cloud service realization.;;;;;
ieee;;IEEE Conferences;Privacy-Based Deployments: The Role of DevPrivOps in 6G Mobile Networks;C. Silva, V. A. Cunha, J. P. Barraca and P. Salvador;2024;10.1109/MCOM.004.2300405;ieeexplore.ieee.org/document/10384629;;;;;;
ieee;;IEEE Conferences;Enabling operation data visibility for SmartX-mini IoT-cloud playground;"S. Kim; J. Kim";2016;10.1109/NETSOFT.2016.7502480;https://ieeexplore.ieee.org/stamp/stamp.jsp?arnumber=7502480;SmartX-mini playground is a miniaturized IoT-Cloud environment, where DevOps-based automation can be practiced to develop and operate various IoT-Cloud services. Enabling visibility over the targeted playground is critical for the automated operation and effective resource utilization. Thus, in this paper, by leveraging various open-source software tools over small-size boxes, we design and prototype operation data visibility for SmartX-mini IoT-Cloud playground. Typically, we focus on open-source Kafka and Spark to meet the operation data visibility requirements of SmartX-mini playground. Scenario-driven experiments are executed to evaluate the analysis capability for distributed IoT boxes.;"Testbed and playground;IoT-Cloud services;operation data visibility;instrumentation and measurement";;2016 IEEE NetSoft Conference and Workshops (NetSoft);IEEE;
ieee;;IEEE Conferences;Towards DevOps in the Embedded Systems Domain: Why is It So Hard?;"L. E. Lwakatare; T. Karvonen; T. Sauvola; P. Kuvaja; H. H. Olsson; J. Bosch; M. Oivo";2016;10.1109/HICSS.2016.671;https://ieeexplore.ieee.org/stamp/stamp.jsp?arnumber=7427859;DevOps is a predominant phenomenon in the web domain. Its two core principles emphasize collaboration between software development and operations, and the use of agile principles to manage deployment environments and their configurations. DevOps techniques, such as collaboration and behaviour-driven monitoring, have been used by web companies to facilitate continuous deployment of new functionality to customers. The techniques may also offer opportunities for continuous product improvement when adopted in the embedded systems domain. However, certain characteristics of embedded software development present obstacles for DevOps adoption, and as yet, there is no empirical evidence of its adoption in the embedded systems domain. In this study, we present the challenges for DevOps adoption in embedded systems using a multiple-case study approach with four companies. The contribution of this paper is to introduce the concept of DevOps adoption in the embedded systems domain and then to identify key challenges for the DevOps adoption.;"DevOps;continuous deployment;embedded systems";;2016 49th Hawaii International Conference on System Sciences (HICSS);IEEE;
ieee;;IEEE Journals;On the fading of organizational interfaces in the era of Internet-of-Things;F. Lustenberger;2016;10.1109/EMR.2016.2530642;https://ieeexplore.ieee.org/stamp/stamp.jsp?arnumber=7448777;THE previous article discussed the adaptation from a Greek temple structure to the tightly packed atomic structure, when tackling the organizational issues related to the transformation of a (hardware) product centric company to the business-driven entity. It turned out that tight interaction is necessary if fast- evolving data-driven business services or software products are to be developed and marketed. Therefore, it might be interesting to investigate a unique approach nowadays often used in the software world: DevOps, a term first forged by Andrew Clay Shafer and Patrick Debois at the Agile 2008 conference [1].;;;IEEE Engineering Management Review;IEEE;
ieee;;IEEE Conferences;Big Data as a Service: A Neo-Metropolis Model Approach for Innovation;"H. -M. Chen; R. Kazman; S. Haziyev; V. Kropov; D. Chtchourov";2016;10.1109/HICSS.2016.674;https://ieeexplore.ieee.org/stamp/stamp.jsp?arnumber=7427862;Big data as a Service (BDaaS) provides a viable alternative to circumvent many obstacles in implementing a big data strategy. Many BDaaS vendors are providing cloud platforms utilizing microservices and DevOps technologies to enable big data analytics for organizations that seek cost-effective and elastic deployments. However, existing models of BDaaS are mostly proprietary, closed-world operations and this can limit the potential for innovation. In this article, we argue for a new model called the Neo-Metropolis model -- a variant of the Metropolis model -- that offers an organized, coherent set of open-world innovation opportunities for vendors as well as for the platform's edge customers. We identify Neo-Metropolis model characteristics and illustrate Neo-Metropolis principles for developing BDaaS using a case study of Cisco's Intercloud Analytics platform. The implications of the Neo-Metropolis model are far beyond just BDaaS and it is foreseen to be an important model for future service platform development.;"Big data;BDaaS;Neo-Metropolis model;Metropolis Model;Intercloud;Service platform";;2016 49th Hawaii International Conference on System Sciences (HICSS);IEEE;
ieee;;IEEE Conferences;Blockchain technology innovations;"T. Ahram; A. Sargolzaei; S. Sargolzaei; J. Daniels; B. Amaba";2017;10.1109/TEMSCON.2017.7998367;https://ieeexplore.ieee.org/stamp/stamp.jsp?arnumber=7998367;"Digital world has produced efficiencies, new innovative products, and close customer relationships globally by the effective use of mobile, IoT (Internet of Things), social media, analytics and cloud technology to generate models for better decisions. Blockchain is recently introduced and revolutionizing the digital world bringing a new perspective to security, resiliency and efficiency of systems. While initially popularized by Bitcoin, Blockchain is much more than a foundation for crypto currency. It offers a secure way to exchange any kind of good, service, or transaction. Industrial growth increasingly depends on trusted partnerships; but increasing regulation, cybercrime and fraud are inhibiting expansion. To address these challenges, Blockchain will enable more agile value chains, faster product innovations, closer customer relationships, and quicker integration with the IoT and cloud technology. Further Blockchain provides a lower cost of trade with a trusted contract monitored without intervention from third parties who may not add direct value. It facilitates smart contracts, engagements, and agreements with inherent, robust cyber security features. This paper is an effort to break the ground for presenting and demonstrating the use of Blockchain technology in multiple industrial applications. A healthcare industry application, Healthchain, is formalized and developed on the foundation of Blockchain using IBM Blockchain initiative. The concepts are transferable to a wide range of industries as finance, government and manufacturing where security, scalability and efficiency must meet.";"Blockchain;Business;Cloud computing;Cloud services;Control Systems;Cybersecurity;DevOps;Finance;Government;Healthcare;IoT;Industry 4.0.";;2017 IEEE Technology & Engineering Management Conference (TEMSCON);IEEE;
ieee;;IEEE Conferences;Monitoring V2X applications using DevOps and docker;"J. Rufino; M. Alam; J. Ferreira";2017;10.1109/ISC2.2017.8090868;https://ieeexplore.ieee.org/stamp/stamp.jsp?arnumber=8090868;Vehicular communications are gaining one of the largest share of the automotive IoT market. The combination of the automotive sector with the transportation resulted in the emergence of the concept of connected vehicles. Therefore, motivating new proposals for real-time applications for managing traffic and incident alerts to improve the overall mobility and road safety. The growing demand for new and better solutions lead to two of the biggest challenges faced in IoT - scalability and interoperability. Therefore in this paper, we propose an highly modular and easily distributable architecture built upon DevOps practices and relying on edge computing to enable V2X applications to be easily deployed and monitored in real-time. The architecture was implemented and a vehicular application was divided in small modules to validate the functionalities of the proposed architecture.;"Vehicular Networks;V2X;Docker;DevOps;Wireless Communication";;2017 International Smart Cities Conference (ISC2);IEEE;
ieee;;IEEE Conferences;Verification and validation framework for 5G network services and apps;"M. Zhao; F. Le Gall; P. Cousin; R. Vilalta; R. Muñoz; S. Castro; M. Peuster; S. Schneider; M. Siapera; E. Kapassa; D. Kyriazis; P. Hasselmeyer; G. Xilouris; C. Tranoris; S. Denazis; J. Martrat";2017;10.1109/NFV-SDN.2017.8169878;https://ieeexplore.ieee.org/stamp/stamp.jsp?arnumber=8169878;5G does not only aim at higher capacity and lower latency than current 4G in mobile broadband networks, but also to increase the level of programmability, control and flexibility to meet the requirements from innovative use cases such as IoT, smart manufacturing, and immersive media. However, several difficulties still need to be overcome for a better technological adoption. To reduce the time-to-market for networked services and to lower the entry barrier to third party developers of VNFs and network services, an integrated development and operations (DevOps) methodology is a promising way. One of the biggest challenges in upcoming 5G DevOps is the validation and verification (V&V) of individual VNFs and network services (VNF graphs) so that operators can be sure of their behavior. In this paper, we propose an NFV architecture that supports the DevOps methodology with a V&V platform and an advanced NFV catalogue. The conceptual components of the V&V platform, the foreseen methodology and the outcomes are explained. Finally, we explore some perspectives in applying such V&V approach in another 5G research project.;;;2017 IEEE Conference on Network Function Virtualization and Software Defined Networks (NFV-SDN);IEEE;
ieee;;IEEE Conferences;DevOps Reference Architecture for Multi-cloud IOT Applications;"G. B. Ghantous; A. Q. Gill";2018;10.1109/CBI.2018.00026;https://ieeexplore.ieee.org/stamp/stamp.jsp?arnumber=8452669;There is a growing interest among organizations in adopting DevOps approach for IoT (Internet of Things) applications. However, the challenge is: how to apply DevOps when a multi-cloud heterogeneous environment is required for IoT application. This paper aims to addresses this important challenge and proposes a DevOps Reference Architecture (DRA) to deploy IoT-applications on multi-cloud. The proposed architecture is evaluated by the means of a case study, which involves deploying an IoT application on the chosen set of clouds. The results of this initial evaluation indicate that the proposed architecture would help practitioners and researchers to understand the usefulness and applicability of DevOps approach on multi-cloud platform for automating IoT application deployment.;Multi-cloud and IoT, Multi-Cloud and DevOps, DevOps architecture, DevOps and IoT, Multi-Cloud integration, Multi-Cloud evaluation;;2018 IEEE 20th Conference on Business Informatics (CBI);IEEE;
ieee;;IEEE Conferences;The Next Generation Platform as a Service Cloudifying Service Deployments in Telco-Operators Infrastructure;"A. Mimidis; E. Ollora; J. Soler; S. Bessem; L. Roullet; S. Van Rossem; S. Pinneterre; M. Paolino; D. Raho; X. Du; J. Chesterfield; M. Flouris; L. Mariani; O. Riganelli; M. Mobilio; A. Ramos; I. Labrador; A. Broadbent; P. Veitch; M. Zembra";2018;10.1109/ICT.2018.8464838;https://ieeexplore.ieee.org/stamp/stamp.jsp?arnumber=8464838;5G standard emerges at a particular time in technology history when cloud transforms deeply almost all industries and services: it becomes obvious that innovations have to be made cloud-native for being successful. 5G must become the ubiquitous fabric blending universal connectivity (to humans, robots, sensors...) with cloud versatility and scalability. For realizing this vision, another model than laaS must be adopted, the Platform as a Service (PaaS), which should be built to support telco-grade requirements and combine all sort of third-party applications. These are the core objectives of the Next Generation Platform as a Service (NGPaaS) project, a H2020 5G PPP Phase 2 project. The paper presents the project fundamentals, its architectural proposal and most relevant features.;"telco;microservices;5G;PaaS;DevOps;Dev-for-Operations;SDN;NFV;FPGA;vSwitch;ioT;cloud native";;2018 25th International Conference on Telecommunications (ICT);IEEE;
ieee;;IEEE Conferences;If Docker is the Answer, What is the Question?;"H. Zhu; I. Bayley";2018;10.1109/SOSE.2018.00027;https://ieeexplore.ieee.org/stamp/stamp.jsp?arnumber=8359160;The recent rise of cloud computing poses serious challenges for software engineering because it adds complexity not only to the platform and infrastructure, but to the software too. The demands on system scalability, performance and reliability are ever increasing. Industry solutions with widespread adoption include the microservices architecture, the container technology and the DevOps methodology. These approaches have changed software engineering practice in such a profound way that we argue that it is becoming a paradigm shift. In this paper, we examine the current support of programming languages for the key concepts behind the change in software engineering practice and argue that a novel programming language is required to support the new paradigm. We report a new programming language CAOPLE and its associated Integrated DevOps Environment CIDE and demonstrate the utility of both.;"Cloud computing;Microservices;Container technology;DevOps;Service agent orientation;Software engineering paradigms;Parallel and distributed programming models;Software development methodology;Programming languages;Integrated Software Development Environment.";;2018 IEEE Symposium on Service-Oriented System Engineering (SOSE);IEEE;
ieee;;IEEE Conferences;Open Banking & APIs for Transformation in Banking;"A. Premchand; A. Choudhry";2018;10.1109/IC3IoT.2018.8668107;https://ieeexplore.ieee.org/stamp/stamp.jsp?arnumber=8668107;Open Banking and Open APIs have gained momentum and have grown from purely technical capabilities to being of business relevance. Open Banking is an innovative model for the financial industry not only from competition perspective but also from customer engagement perspective. Banks will have to help their customers with superior and more agile offerings. Banks should enable their customers to manage their financial affairs, make better decisions, save money etc. Digital disruption, FinTechs and Regulatory compliance such as Revised Payment Services Directive (PSD2) have accelerated the competition and forced banks to open up their systems. Using API, banks can transform their core systems for innovations and can integrate with internal system and external partners in a simpler, secure and controlled way.This paper takes a look at why open API is the foundation of open banking, values creating using open APIs, open banking framework/building blocks, and challenges faced by banks in implementing the open banking. It also highlights the various initiatives taken for API standardization.;"Open banking;open API;PSD2;open banking framework;API standardization;open data;financial institutions;banks";;2018 International Conference on Communication, Computing and Internet of Things (IC3IoT);IEEE;
ieee;;IEEE Conferences;Architecture Simplification at Large Institutions using Micro Services;"A. Premchand; A. Choudhry";2018;10.1109/IC3IoT.2018.8668173;https://ieeexplore.ieee.org/stamp/stamp.jsp?arnumber=8668173;As technocrats and technical architects, each day we are challenged by the maze of complex monolithic applications that have become characteristic of large organizations, especially financial institutions. In this paper, we focus on rehabilitation of such monstrous architectural spaces using the lever of microservices. In our recent experience, there is a lot of interest in the field of microservices especially elicited due to the complexity of architecture and near impossibility of managing them as-is rationally. It is our effort to focus on what microservices are and how they can be used to great advantage for architecture simplification exercises especially at large institutions.;"Microservices;micro service;architecture;simplification;rationalization;financial institutions;banks;monolithic applications";;2018 International Conference on Communication, Computing and Internet of Things (IC3IoT);IEEE;
ieee;;IEEE Conferences;5GTANGO: An Approach for Testing NFV Deployments;"P. Twamley; M. Müller; P. -B. Bök; G. K. Xilouris; C. Sakkas; M. A. Kourtis; M. Peuster; S. Schneider; P. Stavrianos; D. Kyriazis";2018;10.1109/EuCNC.2018.8442844;https://ieeexplore.ieee.org/stamp/stamp.jsp?arnumber=8442844;Programmability, control and flexibility can be considered as some of the indirect enablers for the success of 5G technologies. A key driver towards this are mechanisms or methodologies to drive shorter time to market for suppliers and operators of virtual network functions (VNFs) and network services. 5GTANGO includes a DevOps approach that can be utilized for the validation and verification (V&V) of VNFs and network services. In this paper, we elaborate further on the approaches made in the areas of testing, catalogues and package management as a means to enable that full DevOps V&V workflow. Finally, we explore the deployment requirement of the V&V via one of our pilot use cases.;;;2018 European Conference on Networks and Communications (EuCNC);IEEE;
ieee;;IEEE Journals;Review of Architectural Patterns and Tactics for Microservices in Academic and Industrial Literature;"G. Marquez; F. Osses; H. Astudillo";2018;10.1109/TLA.2018.8789551;https://ieeexplore.ieee.org/stamp/stamp.jsp?arnumber=8789551;Microservices are an emerging trend for development of service-oriented software. This approach proposes to build each application as a collection of small services running on separate process and inter-communicating with lightweight mechanisms. Systematic development of microservices is hampered by the lack of a catalog of emerging recurrent architectural solutions (architectural patterns) and design decisions (architectural tactics). This article describes a systematic review of academic and industrial literature regarding architectural patterns and architectural tactics for microservices. The review yield 44 architectural patterns in academic sources and 74 in industrial ones, as well as a few architectural tactics originally proposed to address related problems. Most architectural patterns and tactics are associated to one of just five quality attributes: scalability, flexibility, testability, performance, and elasticity. Also, most microservices in academic (but not industrial) literature are related to DevOps and IoT. The findings lead to propose a new taxonomy of microservice architectural patterns.;"Architectural patterns;Architectural tactics;Microservices;taxonomy;Systematic literature review;Academy;industry";;IEEE Latin America Transactions;IEEE;
ieee;;IEEE Conferences;DevOps Transformation for Multi-Cloud IoT Applications;"L. Georgeta Guşeilă; D. -V. Bratu; S. -A. Moraru";2019;10.1109/ISSI47111.2019.9043730;https://ieeexplore.ieee.org/stamp/stamp.jsp?arnumber=9043730;In the dynamic IoT ecosystem, the fast development of applications is critical to achieve business goals and stay ahead of the competition. DevOps is a software development method that enables enterprises to deliver software product features through process automation, foster team collaboration and increase efficiency in the entire software lifecycle management building the way towards cloudification and enabling digital transformation. Furthermore, DevOps relies on automation in operations through monitoring and measuring the KPIs of a running system. The research presents the role of DevOps in the transformation of the IT Service delivery using a DevOps assessment to establish the maturity of software applications and the adoption of DevOps using the CI/CD) pipeline and automated testing. The paper provides a conceptual view of the CI/CD) pipeline based on agile tool, which will be implemented during future research.;"IoT;DevOps;DevOps Assessment;Software Lifecycle Management;Continuous Integration;Continuous Delivery;Test Automation";;2019 International Conference on Sensing and Instrumentation in IoT Era (ISSI);IEEE;
ieee;;IEEE Conferences;A New Project Management Tool Based on DevSecOps;"K. Zunnurhain; S. R. Duclervil";2019;10.1109/CSCI49370.2019.00049;https://ieeexplore.ieee.org/stamp/stamp.jsp?arnumber=9071258;Cyber Security has become an important and crucial part of our society. Software are many times developed with little to no guidelines and security components, costing the quality and security of the software. We investigated on different agile development life-cycle models including: Behavioral Driven Development, Scaled Agile Framework and DevOps and DevSecOps. Eventually, we decided to focus on the DevSecOps development life-cycle model. Different types of DevSecOps models were found and analyzed. The characteristics of each were gathered to develop criteria for a new and effective DevSecOps model. Our results show that the DevSecOps models were more reliable than the previous models. Hence we adapted this model to develop our website to allow more security. All the selected criteria are highlighted and discussed in this study along with the website.;Cyber Security, development models, scalability, DevOps, DevSecOps;;2019 International Conference on Computational Science and Computational Intelligence (CSCI);IEEE;
ieee;;IEEE Journals;Self-Service Cybersecurity Monitoring as Enabler for DevSecOps;"J. Díaz; J. E. Pérez; M. A. Lopez-Peña; G. A. Mena; A. Yagüe";2019;10.1109/ACCESS.2019.2930000;https://ieeexplore.ieee.org/stamp/stamp.jsp?arnumber=8766805;Current IoT systems are highly distributed systems that integrate cloud, edge, and fog computing approaches depending on where intelligence and processing capabilities are allocated. This distribution and heterogeneity make development and deployment pipelines very complex and fragmented with multiple delivery endpoints above hardware. This fact prevents rapid development and makes the operation and monitoring of production systems a difficult and tedious task, including cybersecurity event monitoring. The DevSecOps can be defined as a cultural approach to improve and accelerate the delivery of business value by making dev/sec/ops teams' collaboration effective. This paper focuses on self-service cybersecurity monitoring as an enabler to introduce security practices in a DevOps environment. To that end, we have defined and formalized an activity that supports `Fast and Continuous Feedback from Ops to Dev' by providing a flexible monitoring infrastructure so that teams can configure their monitoring and alerting services according to their criteria (you build, you run, and now you monitor) to obtain fast and continuous feedback from the operation and thus, better anticipate problems when a production deployment is performed. This activity has been formalized using the Software & Systems Process Engineering Metamodel by OMG and its instantiation is described through a case study that shows the versioned and repeatable configuration of a cybersecurity monitoring infrastructure (Monitoring as Code) through virtualization and containerization technology. This self-service monitoring/alerting allows breaking silos between dev, ops, and sec teams by opening access to key security metrics, which enables a sharing culture and continuous improvement.;"Cybersecurity;DevSecOps;monitoring as code;self-service monitoring";;IEEE Access;IEEE;
ieee;;IEEE Conferences;Continuous Testing in the Development of IoT Applications;"L. G. Guşeilă; D. -V. Bratu; S. -A. Moraru";2019;10.1109/ISSI47111.2019.9043692;https://ieeexplore.ieee.org/stamp/stamp.jsp?arnumber=9043692;Internet-of-Things has evolved with the increased volume of data of interconnecting the physical world to the Internet. Cloud provides the underlying power for IoT to become a disrupting technology, revolutionizing the cloud, as we know it. IoT applications need to adapt frequently and rapidly to new requests. Increasing competition and rapidly changing market needs require from nowadays companies' flexibility and fast time to market of their products. To achieve these goals more and more organizations are relying on new IT technologies and software development processes. Though there are many publications around DevOps as a methodology and the use of a process for continuous integration and continuous development, there are fewer solutions provided which incorporate a software delivery pipeline incorporating all processes: continuous business planning, agile development, continuous integration, continuous deployment and continuous testing. The paper proposes a DevOps architecture and agile tools to be used in the implementation of a fully integrated DevOps pipeline based on open-source. Furthermore, continuous testing is covering test best practices and methods, which along with the DevOps pipeline can be widely implemented in any cloud environment, regardless of the cloud provider chosen.;"IoT;Cloud Computing;Agile Development;DevOps;Continuous Integration;Continuous Development;Continuous Testing;Automated Testing";;2019 International Conference on Sensing and Instrumentation in IoT Era (ISSI);IEEE;
ieee;;IEEE Conferences;Towards Model-Based Continuous Deployment of Secure IoT Systems;"N. Ferry; P. H. Nguyen";2019;10.1109/MODELS-C.2019.00093;https://ieeexplore.ieee.org/stamp/stamp.jsp?arnumber=8904644;Software development and delivery of IoT systems would greatly benefit from DevOps as their requirements for reliability, quality, security and privacy are paramount. The ability to continuously evolve these systems to adapt to their environment is decisive to ensure and increase their trustworthiness (including security and privacy) and quality. In particular, there is a need for supporting the continuous deployment of secure IoT systems over IoT, Edge, and Cloud infrastructures. However, our recent survey shows a lack of specific support for deploying security and privacy mechanisms as part of the system. This position paper reports on an on-going extension of the modelling language and models@runtime implementation of the Generation and Deployment of Smart IoT Systems (GeneSIS) tool for supporting continuous deployment of IoT security and privacy mechanisms on the Edge. In particular, we present our early design of the extended version of GeneSIS with the new concepts of port, security capability, and privacy capability.;IoT, DevOps, Deployment, Model-Driven Engineering, model@runtime;;2019 ACM/IEEE 22nd International Conference on Model Driven Engineering Languages and Systems Companion (MODELS-C);IEEE;
ieee;;IEEE Conferences;Optimized Activation Function on Deep Belief Network for Attack Detection in IoT;S. K. Sarma;2019;10.1109/I-SMAC47947.2019.9032633;https://ieeexplore.ieee.org/stamp/stamp.jsp?arnumber=9032633;This paper mainly focuses on presenting a novel attack detection system to thread out the risk issues in IoT. The presented attack detection system links the interconnection of DevOps as it creates the correlation between development and IT operations. Further, the presented attack detection model ensures the operational security of different applications. In view of this, the implemented system incorporates two main stages named Proposed Feature Extraction process and Classification. The data from every application is processed with the initial stage of feature extraction, which concatenates the statistical and higher-order statistical features. After that, these extracted features are supplied to classification process, where determines the presence of attacks. For this classification purpose, this paper aims to deploy the optimized Deep Belief Network (DBN), where the activation function is tuned optimally. Furthermore, the optimal tuning is done by a renowned meta-heuristic algorithm called Lion Algorithm (LA). Finally, the performance of proposed work is compared and proved over other conventional methods.;"Attack detection;Internet of Things;Proposed Feature Extraction;Classification;Optimization";;2019 Third International conference on I-SMAC (IoT in Social, Mobile, Analytics and Cloud) (I-SMAC);IEEE;
ieee;;IEEE Conferences;A Model-Driven Engineering Framework to Support the Functional Safety Process;"B. Meyers; K. Gadeyne; B. Oakes; M. Bernaerts; H. Vangheluwe; J. Denil";2019;10.1109/MODELS-C.2019.00094;https://ieeexplore.ieee.org/stamp/stamp.jsp?arnumber=8904799;The design of safety-related systems traditionally has long and costly development cycles due to the highly manual safety engineering process, which is guided by industry standards. In this paper, we present a modelling framework that supports DevOps principles of continuous testing and fast development iterations for the design of safety-critical systems. We show how modelling can help introducing DevOps in the context of functional safety analysis, and we also report how DevOps was used during the development of the framework.;"devops;safety critical;verification;automotive;iso26262";;2019 ACM/IEEE 22nd International Conference on Model Driven Engineering Languages and Systems Companion (MODELS-C);IEEE;
ieee;;IEEE Conferences;A Microservices Platform for Monitoring and Analysis of IoT Traffic Data in Smart Cities;"A. De Iasio; A. Furno; L. Goglia; E. Zimeo";2019;10.1109/BigData47090.2019.9006025;https://ieeexplore.ieee.org/stamp/stamp.jsp?arnumber=9006025;The ongoing digitization of cities, enabled by the diffusion of interconnected sensors and devices, makes it possible to continuously collect and analyze huge streams of data at extremely large spatio-temporal scales and fine resolutions. These data can be used to monitor, detect and anticipate different kinds of infrastructure vulnerabilities and anomalies, as well as to implement more personalized services that could improve citizens' life. In this new context, full of opportunities, it is difficult to foresee and develop, in advance, the set of applications and services that can be potentially useful for administrators and citizens to solve the manifold compelling needs a city may have to face. Novel ICT paradigms and technologies can help designing agile, general-purpose smart city platforms aimed at supporting the collection and treatment of large-scale, multi-source (streams of) data and the development of novel applications that could fulfill diverse functional requirements under strict non-functional constraints. This paper presents the reference architecture, a prototype implementation and a city-scale case-study evaluation of PROMENADE, a platform that exploits IoT/Fog/Cloud paradigms, microservices and DevOps infrastructures to guarantee continuous development of robust and reliable applications for real-time monitoring and analysis of traffic data generated by IoT devices in large smart cities. The prototype has been evaluated in a case study concerning the quasi real-time detection of road networks vulnerabilities via centrality measures from on-line traffic conditions, emulated from off-line real datasets available for the city of Lyon, France.;"IoT Platform;Microservices;Smart cities;Traffic monitoring;Resilience";;2019 IEEE International Conference on Big Data (Big Data);IEEE;
ieee;;IEEE Conferences;MQTT-Based Prototype Rover with Vision-As-A-Service (VAAS)in an IoT Dual-Stack Scenario;"G. D. Salazar Ch; C. Venegas; L. Marrone";2019;10.1109/ICEDEG.2019.8734341;https://ieeexplore.ieee.org/stamp/stamp.jsp?arnumber=8734341;This research and proof-of-concept paper presents the design and implementation of a wireless local and remote-controlled prototype Rover endowed with live video streaming capability (VAAS - Vision-as-a-Service)using MQTT, one of the most effective protocols in IoT environments. This prototype works under an IPv6 WAN connection to Cloud Computing Services and IPv4 WLAN connectivity for local control. Intelligent and Autonomous transportation systems will contribute significantly to develop Smart-Cities, intelligent logistics scenarios, and unmanned search vehicles for places not suitable for human beings, and that is the importance of the present practical paper, as well as to prove the feasibility of using MQTT through dual-stack IoT scenarios.;"MQTT;Cloud Computing;IoT Prototype Rover;Vision-as-a-Service;Dual-Stack connectivity;DevOps;Python";;2019 Sixth International Conference on eDemocracy & eGovernment (ICEDEG);IEEE;
ieee;;IEEE Conferences;IoT Data Analytics as a Network Edge Service;"L. Sanabria-Russo; D. Pubill; J. Serra; C. Verikoukis";2019;10.1109/INFCOMW.2019.8845207;https://ieeexplore.ieee.org/stamp/stamp.jsp?arnumber=8845207;Current IoT trends reveal an increase in computational requirements for data processing. Traditionally, data from sensors was uploaded to compute nodes at a backend cloud. Nevertheless, ever-growing amount of data generated by IoT devices have rendered this option too expensive in terms of network traffic, possibly leading to delays due to bottlenecks. Moreover, even if network connectivity were to be guaranteed, live processing of sensitive data (e.g.: biomedical) at a remote location may not comply with data protection policies. A popular approach tries to circumvent these issues by performing computational operations locally, that is, at the IoT Gateway level. This demo leverages open source lightweight virtualization tools and a container orchestration engine (i.e.: Docker and Ku-bernetes, respectively) in an cluster of IoT devices at the edge of the network, enabling the creation of a distributed pool of computing resources on top of which data analytics algorithms could be deployed, updated, or terminated. This approach guarantees that resource-hungry operations, such as live monitoring and real-time processing of sensitive data, are performed locally, reducing the overall delay and without risking data leaking to the outside world.;"Virtualization;IoT;devOps;edge;container orchestration";;IEEE INFOCOM 2019 - IEEE Conference on Computer Communications Workshops (INFOCOM WKSHPS);IEEE;
ieee;;IEEE Conferences;NOVAAS: A Reference Implementation of Industrie4.0 Asset Administration Shell with best-of-breed practices from IT engineering;"G. di Orio; P. Maló; J. Barata";2019;10.1109/IECON.2019.8927081;https://ieeexplore.ieee.org/stamp/stamp.jsp?arnumber=8927081;The fundamental role played by “new technologies” to enhance the manufacturing infrastructure, products and services is confirmed by the strategies, roadmaps and initiatives established by the developed countries such as EU-28, US, China and Japan. Putting the light on Europe, the key priorities for manufacturing are aligned with the Industry 4.0 strategy/program where the proliferation of cyber-physical systems (CPSs) and technologies like predictive data analytics, cloud and edge computing are creating the foundation for smart factory, i.e. the efficient and effective connection between products, processes and their related services. However, even if the smart factory vision is quite clear, in practice, it is still unclear how it can be implemented in a way to allow the transparent data exchange between all the layers of a manufacturing company, as well as, between the manufacturing company and the value chain partners. Within the German Industrie4.0 program, the Asset Administration Shell concept is defined to create a standardized digital representation of the asset while ensuring interoperability between all the applications within the manufacturing ecosystem. In this paper, an implementation of the asset administration shell is provided - also called NOVAAS - based on the deep usage of internet technologies, languages and software engineering techniques and methods (such as DevOps, microservices, continuous integration, etc.). The main goal is to contribute towards a generic and extensible reference implementation of the concept.;"Cyber-physical systems;Industry 4.0;RAMI 4.0;Asset administration shell;interoperability";;IECON 2019 - 45th Annual Conference of the IEEE Industrial Electronics Society;IEEE;
ieee;;IEEE Conferences;Online Power Consumption Estimation for Functions in Cloud Applications;"N. Schmitt; L. Iffländer; A. Bauer; S. Kounev";2019;10.1109/ICAC.2019.00018;https://ieeexplore.ieee.org/stamp/stamp.jsp?arnumber=8831214;The growth of cloud services leads to more and more data centers that are increasingly larger and consume considerable amounts of power. To increase energy efficiency, informed decisions on workload placement and provisioning are essential. Micro-services and the upcoming serverless platforms with more granular deployment options exacerbate this problem. For this reason, knowing the power consumption of the deployed application becomes crucial, providing the necessary information for autonomous decision making. However, the actual power draw of a server running a specific application under load is not available without specialized measurement equipment or power consumption models. Yet, granularity is often only down to machine level and not application level. In this paper, we propose a monitoring and modeling approach to estimate power consumption on an application function level. The model uses performance counters that are allocated to specific functions to assess their impact on the total power consumption. Hence our model applies to a large variety of servers and for micro-service and serverless workloads. Our model uses an additional correction to minimize falsely allocated performance counters and increase accuracy. We validate the proposed approach on real hardware with a dedicated benchmarking application. The evaluation shows that our approach can be used to monitor application power consumption down to the function level with high accuracy for reliable workload provisioning and placement decisions.;Energy efficiency, serverless, micro-services, code offloading, DevOps;;2019 IEEE International Conference on Autonomic Computing (ICAC);IEEE;
ieee;;IEEE Conferences;Keynote Speech 1 : AI For 4ir: Sofware Engineering Challenges;S. B. Sahibuddin;2019;10.1109/IC2IE47452.2019.8940877;https://ieeexplore.ieee.org/stamp/stamp.jsp?arnumber=8940877;"Artificial intelligence (AI) is gaining a strong foothold across numerous applications, lowering the barriers to the use and availability of data. The development of AI cannot be separated from the Industrial Revolution 4.0. AI itself is the senses cognitive and machine learning process in problem- solving. AI systems modeled after the way that human brains operate; taking in information and activating neurons that themselves are not smart, but combine to create probabilistic models that mimic our pattern-recognizing intelligence. Considering this notion of similarity, it subsequently seems abundantly evident that problems facing human-created artificial intelligence will be those that plague human intelligence. The Cyber-Physical System (CPS), together with the Internet of Things, Big Data, Cloud Computing, and Industrial Wireless Networks, are the core technologies related to Industry 4.0. It is crucial to identify the specificities of AI software in software engineering to cope with the Industrial Revolution 4.0. The software used in AI-related with industrial revolution 4.0 needs to follow the rules of software engineering as the AI used is a part of the application used in industrial revolutions 4.0. The challenges in the software related AI can be solved using the PDCA approach, SDLC model, and DevOps practices.";;;2019 2nd International Conference of Computer and Informatics Engineering (IC2IE);IEEE;
ieee;;IEEE Conferences;The Automotive Take on Continuous Experimentation: A Multiple Case Study;"F. Giaimo; H. Andrade; C. Berger";2019;10.1109/SEAA.2019.00028;https://ieeexplore.ieee.org/stamp/stamp.jsp?arnumber=8906771;"Recently, an increasingly growing number of companies is focusing on achieving self-driving systems towards SAE level 3 and higher. Such systems will have much more complex capabilities than today's advanced driver assistance systems (ADAS) like adaptive cruise control and lane-keeping assistance. For complex software systems in the Web-application domain, the logical successor for Continuous Integration and Deployment (CI/CD) is known as Continuous Experimentation (CE), where product owners jointly with engineers systematically run A/B experiments on possible new features to get quantifiable data about a feature's adoption from the users. While this methodology is increasingly adopted in software-intensive companies, our study is set out to explore advantages and challenges when applying CE during the development and roll-out of functionalities required for self-driving vehicles. This paper reports about the design and results from a multiple case study that was conducted at four companies including two automotive OEMs with a long history of developing vehicles, a Tier-1 supplier, and a start-up company within the area of automated driving systems. Unanimously, all expect higher quality and fast roll-out cycles to the fleet; as major challenges, however, safety concerns next to organizational structures are mentioned.";"Continuous Experimentation;Automotive;Cyber Physical Systems;Autonomous Driving";;2019 45th Euromicro Conference on Software Engineering and Advanced Applications (SEAA);IEEE;
ieee;;IEEE Conferences;A Cloud-Based Real-Time Weather Forecasting Application;"Y. Beeharry; T. P. Fowdur; J. A. Sunglee";2019;10.1109/TELSIKS46999.2019.9002327;https://ieeexplore.ieee.org/stamp/stamp.jsp?arnumber=9002327;With the advent of Internet of Things (IoT) applications requiring massive streaming data collections, the need for new cloud databases has risen. This work focusses on the implementation of an end-to-end system from real-time data collection to real-time prediction. The storage system is implemented on the International Business Machines (IBM) cloud platform using the Cloudant NoSQL database service. The prediction algorithm is implemented in JAVA using the Devops Insights service together with a web interface and an android mobile application. The system demonstrates rapid real-time prediction when deployed on the IBM cloud platform as well as real-time storage capabilities.;"Weather prediction;IBM;Cloudant;DevOPs Insights;real-time";;2019 14th International Conference on Advanced Technologies, Systems and Services in Telecommunications (TELSIKS);IEEE;
ieee;;IEEE Journals;Dynamic Autoselection and Autotuning of Machine Learning Models for Cloud Network Analytics;"R. R. Karn; P. Kudva; I. A. M. Elfadel";2019;10.1109/TPDS.2018.2876844;https://ieeexplore.ieee.org/stamp/stamp.jsp?arnumber=8500348;Cloud network monitoring data is dynamic and distributed. Signals to monitor the cloud can appear, disappear or change their importance and clarity over time. Machine learning (ML) models tuned to a given data set can therefore quickly become inadequate. A model might be highly accurate at one point in time but may lose its accuracy at a later time due to changes in input data and their features. Distributed learning with dynamic model selection is therefore often required. Under such selection, poorly performing models (although aggressively tuned for the prior data) are retired or put on standby while new or standby models are brought in. The well-known method of Ensemble ML (EML) may potentially be applied to improve the overall accuracy of a family of ML models. Unfortunately, EML has several disadvantages, including the need for continuous training, excessive computational resources, requirement for large training datasets, high risks of overfitting, and a time-consuming model-building process. In this paper, we propose a novel cloud methodology for automatic ML model selection and tuning that automates model building and selection and is competitive with existing methods. We use unsupervised learning to better explore the data space before the generation of targeted supervised learning models in an automated fashion. In particular, we create a Cloud DevOps architecture for autotuning and selection based on container orchestration and messaging between containers, and take advantage of a new autoscaling method to dynamically create and evaluate instantiations of ML algorithms. The proposed methodology and tool are demonstrated on cloud network security datasets.;"Cloud analytics;machine learning;ensemble learning;distributed learning;clustering;classification;autoselection;autotuning;decision feedback;cloud DevOps;containers;docker;Kafka";;IEEE Transactions on Parallel and Distributed Systems;IEEE;
ieee;;IEEE Conferences;Continuous Integration of Applications for ONOS;"M. Großmann; C. Ioannidis";2019;10.1109/NETSOFT.2019.8806696;https://ieeexplore.ieee.org/stamp/stamp.jsp?arnumber=8806696;Micro-services dominate tomorrows virtualized network infrastructures and are going to abolish monolithic software. Paradigms like fog computing and the Internet of Things require virtualized packages of software to be distributed all over the network to form a service chain that enhances the overall Quality of Service. Therefore, SDN controllers need to be extendable, flexible, updatable, and manageable, which necessitates automation in the controller's application development and deployment. Such novel agile service management up-rose due to the increasing demand of micro-service structures in data centers and nowadays falls into the scope of DevOps activities. In our paper, we build a sample application for ONOS and deploy it within a virtualized environment to different infrastructures. Additionally, we provide an evaluation of different Continuous Integration (CI) tools for building and deploying our ONOS controller application. Our investigation shows the applicability of current CI solutions regarding an automated build, test, and deploy chain for SDN controller applications.;"SDN;Virtualization;ONOS;Docker;ARM;Continuous Integration";;2019 IEEE Conference on Network Softwarization (NetSoft);IEEE;
ieee;;IEEE Conferences;Walker: DevOps Inspired Workflow for Experimentation;"M. Chwalisz; K. Geissdoerfer; A. Wolisz";2019;10.1109/INFCOMW.2019.8845199;https://ieeexplore.ieee.org/stamp/stamp.jsp?arnumber=8845199;Experimentation with computer networks under realistic conditions is a necessary step in debugging, profiling and validation towards real deployments and applications. Although the definition of relevant experimentation scenarios is usually relatively straightforward, their implementation and execution are unfortunately difficult and tedious. Generation of extensive experiment documentation assuring replicability is increasingly challenging even for experienced researchers. In this paper, we explain how a typical experimentation workflow can be supported using properly selected tools and components from the DevOps ecosystem, leading to repeatable, well-defined measurements. We start with a general approach using ad-hoc setups. Next, we show how the featured set of tools can be used with, and benefit from, existing testbeds.;"Experimentation;Wireless Networks;Monitoring;Wireless Testbeds";;IEEE INFOCOM 2019 - IEEE Conference on Computer Communications Workshops (INFOCOM WKSHPS);IEEE;
ieee;;IEEE Conferences;Smart Tools in Software Engineering: A Systematic Mapping Study;"D. Savchenko; J. Kasurinen; O. Taipale";2019;10.23919/MIPRO.2019.8756975;https://ieeexplore.ieee.org/stamp/stamp.jsp?arnumber=8756975;Software development processes such as waterfall development model have been around for over fifty years, but still, even modern software development approaches, such as DevOps or Test-driven development, fundamentally rely on the same principles and phases as everything before them. Yet, the modern world imposes new challenges for software businesses, and new ways of digital distribution require new ways of resource provisioning and ability to reduce the time-to-market to its absolute minimum. In this study, we identify and analyze the technologies which may be useful for software companies to ease the development and maintenance work by assisting the experts to collect relevant information and observe issues before they cause process disturbances. As a result, we describe a mapping study, which identifies different approaches to developing a smart software engineering tools applying potential technologies such as artificial intelligence, cloud-based service models, adaptive measurement, and other approaches, which could offer significant benefits to the software development process.;;;2019 42nd International Convention on Information and Communication Technology, Electronics and Microelectronics (MIPRO);IEEE;
ieee;;IEEE Conferences;Container Orchestration Engines: A Thorough Functional and Performance Comparison;"I. M. A. Jawarneh; P. Bellavista; F. Bosi; L. Foschini; G. Martuscelli; R. Montanari; A. Palopoli";2019;10.1109/ICC.2019.8762053;https://ieeexplore.ieee.org/stamp/stamp.jsp?arnumber=8762053;"In the last decade, novel software architectural patterns, such as microservices, have emerged to improve application modularity and to streamline their development, testing, scaling, and component replacement. To support these new trends, new practices as DevOps methodologies and tools, promoting better cooperation between software development and operations teams, have emerged to support automation and monitoring throughout the whole software construction lifecycle. That affected positively several IT companies, but also helped the transition to the softwarization of complex telco infrastructures in the last years. Container-based technologies played a crucial role by enabling microservice fast deployment and their scalability at low overhead; however, modern container-based applications may easily consist of hundreds of microservices services with complex interdependencies and call for advanced orchestration capabilities. While there are several emerging container orchestration engines, such as Docker Swarm, Kubernetes, Apache Mesos, and Cattle, a thorough functional and performance assessment to help IT managers in the selection of the most appropriate orchestration solution is still missing. This paper aims to fill that gap. Collected experimental results show that Kubernetes outperforms its counterparts for very complex application deployments, while other engines can be a better choice for simpler deployments.";;;ICC 2019 - 2019 IEEE International Conference on Communications (ICC);IEEE;
ieee;;IEEE Conferences;Agile, Continuous Integration, and DevOps;C. K. Chang;2019;10.1109/COMPSAC.2019.00038;https://ieeexplore.ieee.org/stamp/stamp.jsp?arnumber=8753966;"The following topics are dealt with: learning (artificial intelligence); Internet; mobile computing; security of data; pattern classification; program testing; Internet of Things; smart phones; neural nets; data mining.";;;2019 IEEE 43rd Annual Computer Software and Applications Conference (COMPSAC);IEEE;
ieee;;IEEE Conferences;Towards Automated Security Design Flaw Detection;"L. Sion; K. Tuma; R. Scandariato; K. Yskout; W. Joosen";2019;10.1109/ASEW.2019.00028;https://ieeexplore.ieee.org/stamp/stamp.jsp?arnumber=8967432;Efficiency of security-by-design has become an important goal for organizations implementing software engineering practices such as Agile, DevOps, and Continuous Integration. Software architectures are (often manually) analyzed at design time for potential security design flaws, based on natural language descriptions of security weaknesses (e.g., CWE, CAPEC). The use of natural language hinders the application of such knowledge bases in an automated fashion. In this paper, we analyze an existing catalog of 19 security design flaws in order to identify conceptual, technology-independent requirements on architectural models that enable automatically detecting these flaws. This constitutes the first step towards automated assessment of design-level security. Our findings are illustrated on an IoT-based smart home system.;"security;design flaws;design analysis;design inspection";;2019 34th IEEE/ACM International Conference on Automated Software Engineering Workshop (ASEW);IEEE;
ieee;;IEEE Conferences;Meta-Model Approach of Applied Devops on Internet of Things Ecosystem;"B. El Khalyly; A. Belangour; A. Erraissi; M. Banane";2020;10.1109/ICECOCS50124.2020.9314552;https://ieeexplore.ieee.org/stamp/stamp.jsp?arnumber=9314552;DevOps is a software development and distribution process. It combines an entire culture of collaboration and fusion between management approach, technologies of coding and technics of integration. DevOps is a new paradigm and novel concept that is introduced in different industries that concerns software and embedded development like robotics and smart agent.The ecosystem of the Internet of Things is a set of physical devices such as sensors and actuators. It includes a set of servers and gateways that provide connectivity. These devices can be installed at three levels: the edge level, the fog level and the cloud level. Applications that monitor things and collect data from sensors are deployed at the edge, fog and cloud levels. These applications can be containerized and deployed in different devices by Docker, which takes advantage of its advantage to create executable containers that are isolated from each other. This paper presents a generic metamodel of the Internet of Things ecosystem based on microservices and supported by Docker as a containerization tool and Ansible as a monitoring tool. This metamodel allows us to generate a system of connected objects that can be deployed on three levels: Fog, Edge, Cloud. This metamodel can be used in different types of domains such as Smart Home - Smart City - Smart Vehicle - Smart Health - Smart Farm - Smart Factory. The metamodel proposed in this article is a fusion between 5 metamodels: Internet of Things - Microservices - Ansible - Docker - Kubernetes.;"Model Driven Engineering;metamodeling;Microservices;Internet of Things;Devops;Docker;Ansible;Kubernetes";;2020 IEEE 2nd International Conference on Electronics, Control, Optimization and Computer Science (ICECOCS);IEEE;
ieee;;IEEE Journals;Continuous Delivery of Customized SaaS Edge Applications in Highly Distributed IoT Systems;"R. López-Viana; J. Díaz; V. H. Díaz; J. -F. Martínez";2020;10.1109/JIOT.2020.3009633;https://ieeexplore.ieee.org/stamp/stamp.jsp?arnumber=9142209;Edge computing is a reality for the current IoT systems that need fast processing and quick response time to make real-time decisions and IoT systems without permanent connectivity to the cloud (e.g., car manufacturing, precision agriculture, or cattle raising). Additionally, these industries are facing the need for rapid and continuous innovation by accelerating the delivery of over-the-air (OTA) software updates in edge devices. DevOps promotes collaboration between development and operation teams and automation at all steps of software construction to achieve continuous delivery (CD) of business value. Although DevOps has demonstrated numerous successful cases in the Web domain, in the IoT domain and, more specifically, at the edge, there are few reported cases. This work presents a success case of CD of customized software as a service software as a service (SaaS) updates at the IoT Edge. This may enable new business models at the IoT Edge. This article presents an architectural model of a highly distributed (cloud and edge) IoT system and a CD process flow for customized SaaS applications in edge nodes. Both the architectural model and the CD process flow are instantiated in a case study for precision agriculture.;"Continuous delivery (CD);DevOps;edge computing;IoT systems;software as a service (SaaS)";;IEEE Internet of Things Journal;IEEE;
ieee;;IEEE Conferences;The DevOps Reference Architecture Evaluation : A Design Science Research Case Study;"G. B. Ghantous; A. Gill";2020;10.1109/SmartIoT49966.2020.00052;https://ieeexplore.ieee.org/stamp/stamp.jsp?arnumber=9192390;There is a growing interest to adopt vendor-driven DevOps tools in organizations. However, it is not clear which tools to use in a reference architecture which enables the deployment of the emerging IoT applications to multi-cloud environments. A research-based and vendor-neutral DevOps reference architecture (DRA) framework has been developed to address this critical challenge. The DRA framework can be utilized to architect and implement the DevOps environment that enables automation and continuous integration of software applications deployment to multi-cloud. This paper confers and discusses the evaluation outcomes of the DRA framework at the DigiSAS research Lab. The evaluation outcomes present practical evidence about the applicability of the DRA framework. The evaluation results also indicate that the DRA framework provides general knowledge-base to researchers and practitioners about the adoption DevOps approach in reference architecture design for deploying IoT-applications to multi-cloud environments.;"Design Science Research;DevOps Reference Architecture;Empirical Software Evaluation;IoT Application Deployment;Multi-Cloud Automated Deployment";;2020 IEEE International Conference on Smart Internet of Things (SmartIoT);IEEE;
ieee;;IEEE Journals;DevOps for IoT Systems: Fast and Continuous Monitoring Feedback of System Availability;"M. A. López-Peña; J. Díaz; J. E. Pérez; H. Humanes";2020;10.1109/JIOT.2020.3012763;https://ieeexplore.ieee.org/stamp/stamp.jsp?arnumber=9151987;Current Internet-of-Things (IoT) systems are highly distributed systems, which integrate cloud, fog, and edge computing approaches. Accelerating their maintenance and continuous improvement, while ensuring their availability, is complex. DevOps promotes fast and continuous feedback from operations to development to detect problems before customers are impacted, among other benefits. However, there is not any formal definition of how to do this. This article defines the “fast and continuous monitoring feedback of system availability” activity (F&CF availability) that supports automatic and continuous monitoring feedback from operations to the development of the IoT system availability. This activity has been formalized through the software and systems process engineering metamodel (SPEM). Its implementation is demonstrated in a real scenario that provides evidence that the formalization of the F&CF availability activity helps teams in better diagnosing and fixing outage problems. The result is a distributed and configurable monitoring component developed through code [monitoring as code (MaC)]. This component is embedded in the IoT infrastructure. MaC enables DevOps team to configure their own metrics and indicators at runtime, i.e., monitoring on demand. The formalization of this activity, based on an MaC technique, enables the automation, versioning, and replication of monitoring elements.;"Availability;continuous monitoring;DevOps;fast and continuous feedback activity;Internet-of-Things (IoT) systems";;IEEE Internet of Things Journal;IEEE;
ieee;;IEEE Conferences;Assurance for CyberPhysical Systems: Addressing Supply Chain Challenges to Trustworthy Software-Enabled Things;R. A. Martin;2020;10.1109/SSS47320.2020.9174201;https://ieeexplore.ieee.org/stamp/stamp.jsp?arnumber=9174201;"Software is playing a pivotal role in most enterprises, whether they realize it or not, and with the proliferation of Industrial Internet of Things (IoT) and other CyberPhysical systems across our society and critical infrastructure and our collective love affair with automation, optimization, and “smart” devices, the role of these types of systems is only going to increase. This talk addresses the myriad of issues that underlie unsafe, insecure, and unreliable software and provides the insights of the Industrial Internet Consortium and other government and industry efforts on how to conquer them and pave the way to a marketplace of trustworthy software-enabled connected things.As the experience of several sectors has shown, the dependence on connected software needs to be met with a strong understanding of the risks to the overall trustworthiness of our software-based capabilities that we, our enterprises, and our world utilize. In many of these new connected systems issues of safety, reliability, and resilience rival or dominate concerns for security and privacy, the long-time focus of many in the IT world. Without a scalable and efficient method for managing these risks so our enterprises can continue to benefit from these advancements that powers our military, commercial industries, cities, and homes to new levels of efficiency, versatility, and cost effectiveness we face the potential for harm, death, and destructiveness.In such a marketplace, creating, exchanging, and integrating components that are trustworthy as well as entering into value-chain relationships with trustworthy partners and service suppliers will be common if we can provide a method for explicitly defining what is meant by the word trustworthy. The approach being pursued by these groups for applying Software Assurance to these systems and their Supply Chains by leveraging Structured Assurance Cases (the focus of this paper), Software Bill of Materials, and secure development practices applied to the evolving Agile and DevSecOps methodologies, is to explicitly identify the detailed requirements “about what we need to know about something for it to be worthy of our trust” and to do that in a way that we can convey that basis of trust to others that: can scale; is consistent within different workflows; is flexible to differing sets of hazards and environments; and is applicable to all sectors, domains, and industries.";"software;IoT;CyberPhysical;trustworthiness;evidence;supply chain;DevSecOps;assurance case";;2020 IEEE Systems Security Symposium (SSS);IEEE;
ieee;;IEEE Conferences;A new metamodel approach of CI/CD applied to Internet of Things Ecosystem;"B. El Khalyly; A. Belangour; M. Banane; A. Erraissi";2020;10.1109/ICECOCS50124.2020.9314485;https://ieeexplore.ieee.org/stamp/stamp.jsp?arnumber=9314485;Continuous Integration is a development process where developers and integrators push code into a shared tools belonging to a toolchain. This is a kind of practive that permit build automation and test automation. This is a primordial practise that maintain the continuity of running programs in smart agents that constitutes Internet of Things systems. IoT connected objects are new technologies used to connect objects to the internet and users. The IoT influences our daily lives in several fields such as logistics, health, energy, intelligent vehicles, the smart home, or the smart city, etc. Subsequently, following the specific characteristics of the different architectures of the Internet of Things, a multitude of IoT architectures have been developed and deployed using different IoT frameworks. In this paper, we propose a metamodel of the Internet of Things, this proposal aims to standardize existing IoT architectures and those that may be proposed in the future.;"Model Driven Engineering;metamodeling;Devops;Internet of Thing;Continous Integration;Continous Deployment;Continous Delivery";;2020 IEEE 2nd International Conference on Electronics, Control, Optimization and Computer Science (ICECOCS);IEEE;
ieee;;IEEE Conferences;Towards a Taxonomy for Eliciting Design-Operation Continuum Requirements of Cyber-Physical Systems;"J. Ayerdi; A. Garciandia; A. Arrieta; W. Afzal; E. Enoiu; A. Agirre; G. Sagardui; M. Arratibel; O. Sellin";2020;10.1109/RE48521.2020.00038;https://ieeexplore.ieee.org/stamp/stamp.jsp?arnumber=9218194;Software systems that are embedded in autonomous Cyber-Physical Systems (CPSs) usually have a large life-cycle, both during its development and in maintenance. This software evolves during its life-cycle in order to incorporate new requirements, bug fixes, and to deal with hardware obsolescence. The current process for developing and maintaining this software is very fragmented, which makes developing new software versions and deploying them in the CPSs extremely expensive. In other domains, such as web engineering, the phases of development and operation are tightly connected, making it possible to easily perform software updates of the system, and to obtain operational data that can be analyzed by engineers at development time. However, in spite of the rise of new communication technologies (e.g., 5G) providing an opportunity to acquire Design-Operation Continuum Engineering methods in the context of CPSs, there are still many complex issues that need to be addressed, such as the ones related with hardware-software co-design. Therefore, the process of Design-Operation Continuum Engineering for CPSs requires substantial changes with respect to the current fragmented software development process. In this paper, we build a taxonomy for Design-Operation Continuum Engineering of CPSs based on case studies from two different industrial domains involving CPSs (elevation and railway). This taxonomy is later used to elicit requirements from these two case studies in order to present a blueprint on adopting Design-Operation Continuum Engineering in any organization developing CPSs.;"DevOps;Design-Operation;Requirements Elicitation;Cyber-Physical Systems";;2020 IEEE 28th International Requirements Engineering Conference (RE);IEEE;
ieee;;IEEE Conferences;Smart Agent Edge Microservices Deployment Approach;"B. E. Khalyly; M. Banane; A. Erraissi; A. Belangour";2020;10.1109/DASA51403.2020.9317202;https://ieeexplore.ieee.org/stamp/stamp.jsp?arnumber=9317202;Smart agents are essential elements in an Internet of Things ecosystem. Smart agents are made up of sensors and actuators linked to a micro-controller. These smart agents are programmed through applications that are deployed at the microcontroller level. These programs can be modified or replaced or deleted. Also, the components of these smart agents may change, ie it may be that we add or remove a sensor and actuator. These smart agents must continue to operate without having to stop them and deploy new programs. In this case, we need tools that ensure deployment and continuous integration. Devops offers a continuous deployment chain. We offer an automation solution for the deployment and continuous integration of Edge microservice in microcontrollers. These systems are based on microservices. The microservices deployed are in the form of a Docker container. This solution allows the Internet of Things developer to install, modify, and delete containers at the microcontroller level and to control microcontrollers remotely while maintaining the continuity of operation of the microcontrollers.;"Docker;Microcontroller;Microservices;Smart Agent;Devops";;2020 International Conference on Decision Aid Sciences and Application (DASA);IEEE;
ieee;;IEEE Conferences;Automating Tiny ML Intelligent Sensors DevOPS Using Microsoft Azure;"C. Vuppalapati; A. Ilapakurti; K. Chillara; S. Kedari; V. Mamidi";2020;10.1109/BigData50022.2020.9377755;https://ieeexplore.ieee.org/stamp/stamp.jsp?arnumber=9377755;Microsoft Azure DevOps is a robust ,cross platform and powerful automation engine for script-based automation tools. Azure DevOPS enables to build, test, and deploy Cloud Native and/or Non-Cloud Native applications. The core principle and chief advantage that Azure DevOps provide are the availability of automation techniques such as infrastructure as code and the seamless integration of verifiable frameworks such as Machine Learning Operations (MLOps) with the DevOps automated pipelines to provision and configure the infrastructure that applications need to run.With the increase in application complexity and with the infusion of Machine Learning (ML) and Artificial Intelligence (AI) techniques as part of the software development lifecycle, the Azure DevOps is the most important framework that many organizations are rapidly progressing to incorporate it in their business processes to reduce the cost of building product and improve customer success.As part of the paper, we would like to propose a novel DevOps framework for building intelligent Tiny ML dairy agriculture sensors and the advantages that DevOps provide to develop high quality product in the most cost-efficient manner and serve small scale farmers who are at the bottom economic pyramid.;"Azure;DevOps;Infrastructure as code;CI/CD";;2020 IEEE International Conference on Big Data (Big Data);IEEE;
ieee;;IEEE Conferences;An Actuation Conflicts Management Flow for Smart IoT-based Systems;"G. Rocher; T. Gonnin; F. Dechavanne; S. Lavirotte; J. -Y. Tigli; L. Capocchi; J. -F. Santucci";2020;10.1109/IOTSMS52051.2020.9340196;https://ieeexplore.ieee.org/stamp/stamp.jsp?arnumber=9340196;"IoT-based applications have long been limited to collecting field information; at the edge of their underlying infrastructure, IoT devices utilization is mainly motivated by their capacity at gathering environmental information from sensors as means to support users in decision making. However, in numerous domains like home automation, smart factory, intelligent transportation systems, etc., so-called `smart' IoT-based applications also involve devices interacting with the physical environment through actuators. Throughout their life cycle, from the design, the deployment to operation, the ability to prevent conflicting actuation commands and antagonistic effects (possibly harmful), represents a new challenge in the realm of trustworthy smart IoT-based applications. In this paper, we introduce a complete flow for identifying and resolving actuation conflicts at design time. The proposed approach is part of the DevOps software development life cycle. It advocates the reuse of conflict management solutions through local resolution strategies, considering asynchronous timings of targeted hardware platforms they are deployed on. An illustration of the flow is provided on a use-case.";"IoT;actuation conflicts;features interaction;model driven engineering;trustworthiness;Discrete Event Specification Formalism;DevOps";;2020 7th International Conference on Internet of Things: Systems, Management and Security (IOTSMS);IEEE;
ieee;;IEEE Conferences;Visibility & Control: Addressing Supply Chain Challenges to Trustworthy Software-Enabled Things;R. A. Martin;2020;10.1109/SSS47320.2020.9174365;https://ieeexplore.ieee.org/stamp/stamp.jsp?arnumber=9174365;"Software is playing a pivotal role in most enterprises, whether they realize it or not, and with the proliferation of Industrial Internet of Things (IoT) and other cyber/physical systems across our society and critical infrastructure and our collective love affair with automation, optimization, and “smart” devices, the role of these types of systems is only going to increase. This talk addresses the myriad of issues that underlie unsafe, insecure, and unreliable software and provides the insights of the Industrial Internet Consortium and other government and industry efforts on how to conquer them and pave the way to a marketplace of trustworthy software-enabled connected things.As the experience of several sectors has shown, the dependence on connected software needs to be met with a strong understanding of the risks to the overall trustworthiness of our software-based capabilities that we, our enterprises, and our world utilize. In many of these new connected systems issues of safety, reliability, and resilience rival or dominate concerns for security and privacy, the long-time focus of many in the IT world. Without a scalable and efficient method for managing these risks so our enterprises can continue to benefit from these advancements that powers our military, commercial industries, cities, and homes to new levels of efficiency, versatility, and cost effectiveness we face the potential for harm, death, and destructiveness.In such a marketplace, creating, exchanging, and integrating components that are trustworthy as well as entering into value-chain relationships with trustworthy partners and service suppliers will be common if we can provide a method for explicitly defining what is meant by the word trustworthy. The approach being pursued by these groups for applying Software Assurance to these systems and their Supply Chains by leveraging Structured Assurance Cases, Software Bill of Materials (the focus of this paper), and secure development practices applied to the evolving Agile and DevSecOps methodologies, is to explicitly identify the detailed requirements “about what we need to know about something for it to be worthy of our trust” and to do that in a way that we can convey that basis of trust to others that: can scale; is consistent within different workflows; is flexible to differing sets of hazards and environments; and is applicable to all sectors, domains, and industries.";"software;IoT;CyberPhysical;software assurance;software bill of materials;SBOM;DevSecOps";;2020 IEEE Systems Security Symposium (SSS);IEEE;
ieee;;IEEE Conferences;A Kubernetes Algorithm for scaling Virtual Objects;"B. El Khalyly; A. Belangour";2020;10.1109/ISRITI51436.2020.9315393;https://ieeexplore.ieee.org/stamp/stamp.jsp?arnumber=9315393;Continuous scalability of applications operating in the Internet of Things domain has raised the issue of continuous integration. Users and operators involved in the establishment of connected object ecosystems want to have the ability to change and modify their applications without having to stop the function of the physical components in order to deploy their various applications that run these objects. In this article we propose a continuous integration and scaling approach based on Kubernetes and object virtualization to deploy different types of appropriate microservices.;"Devops;Kubernetes;Virtual Object;BDI";;2020 3rd International Seminar on Research of Information Technology and Intelligent Systems (ISRITI);IEEE;
ieee;;IEEE Conferences;Scalable Impact Range Detection against Newly Added Rules for Smart Network Verification;"Y. Takita; M. Miyabe; H. Tomonaga; N. Oguchi";2020;10.1109/COMPSAC48688.2020.00-47;https://ieeexplore.ieee.org/stamp/stamp.jsp?arnumber=9202792;"Technological progress in cloud networking, 5G networks, and the IoT (Internet of Things) are remarkable. In addition, demands for flexible construction of SoEs (Systems on Engagement) for various type of businesses are increasing. In such environments, dynamic changes of network rules, such as access control (AC) or packet forwarding, are required to ensure function and security in networks. On the other hand, it is becoming increasingly difficult to grasp the exact situation in such networks by utilizing current well-known network verification technologies since a huge number of network rules are complexly intertwined. To mitigate these issues, we have proposed a scalable network verification approach utilizing the concept of ""Packet Equivalence Class (PEC),"" which enable precise network function verification by strictly recognizing the impact range of each network rule. However, this approach is still not scalable for very large-scale networks which consist of tens of thousands of routers. In this paper, we enhanced our impact range detection algorithm for practical large-scale networks. Through evaluation in the network with more than 80,000 AC rules, we confirmed that our enhanced algorithm can achieve precise impact range detection in under 600 seconds.";network verification, access control, packet forwarding, packet equivalence class, impact range recognition, Hasse diagram;;2020 IEEE 44th Annual Computers, Software, and Applications Conference (COMPSAC);IEEE;
ieee;;IEEE Conferences;Lemons: Leveraging Model-Based Techniques to Enable Non-Intrusive Semantic Enrichment in Wireless Sensor Networks;"J. Novacek; A. Kühlwein; S. Reiter; A. Viehl; O. Bringmann; W. Rosenstiel";2020;10.1109/SEAA51224.2020.00092;https://ieeexplore.ieee.org/stamp/stamp.jsp?arnumber=9226280;The paper presents an efficient approach to the semantic enrichment of measured sensor data in Wireless Sensor Networks (WSNs), by bridging techniques from Model-driven Software Development (MDSD) and Semantic Web Technology (SWT). Our approach reinforces data interoperability, fostering data sharing and reuse, by utilizing SWT. Model-based and type-agnostic configuration reduces the overall effort for WSN setup and maintenance, which are traditionally complex and time-consuming tasks. The presented approach addresses the problem of large-scale WSN management through the application of SWT in WSN configuration and management without requiring expert knowledge. Additionally, we present a generic architecture and an implementation which is also supplemented by hands-on descriptions of an illustrative use case. Our experimental results demonstrate that our model-based approach provides non-intrusive semantic enrichment with sub-millisecond computational overhead, as well as partially automated configuration of WSNs.;"Internet of Things;Semantic Web of Things;Wireless Sensor Networks;Knowledge-based Engineering;Model-Driven Software Development;DevOps";;2020 46th Euromicro Conference on Software Engineering and Advanced Applications (SEAA);IEEE;
ieee;;IEEE Conferences;Rider Optimization based Optimized Deep-CNN towards Attack Detection in IoT;S. K. Sarma;2020;10.1109/ICICCS48265.2020.9121042;https://ieeexplore.ieee.org/stamp/stamp.jsp?arnumber=9121042;More researchers have made efforts on introducing various models for IoT security frameworks, however, no single IoT framework could assure the optimal security in opposition to varied kinds of attacks. Thereby, this paper intends to propose a new attack detection system by interlinking the Development and Operations (DevOps) concept. The proposed attack detection system involves two stages: Proposed Feature Extraction and Classification. In the first stage, the concatenation of statistical and higher-order statistical features is extracted. These extracted features are then subjected to Deep Convolutional Neural Network (CNN) based classification to identify the attacks in the network. To improve the classification accuracy, the convolution layers in DCNN are optimally tuned using Rider Optimization Algorithm (ROA). Finally, analysis is carried out for validating the betterment of the adopted scheme.;"IoT;Attack Detection;Proposed Feature Extraction;Classification;ROA model";;2020 4th International Conference on Intelligent Computing and Control Systems (ICICCS);IEEE;
ieee;;IEEE Conferences;TDD4Fog: A Test-Driven Software Development Platform for Fog Computing Systems;"R. Li; X. Liu; X. Zheng; C. Zhang; H. Liu";2020;10.1109/CCGrid49817.2020.00-25;https://ieeexplore.ieee.org/stamp/stamp.jsp?arnumber=9139723;As an ideal infrastructure for smart services, Fog Computing is becoming the next wave of IT investment harnessing the successful models of Cloud Computing and latest technologies such as 5G and Internet of Things (IoT). However, the development of Fog Computing systems is a big challenge due to its complex, heterogeneous and distributed nature. Currently, there are a few SDKs released by some public Cloud service providers to support the development of Fog services in a top-down fashion as the key motive is to leverage their business Cloud services. However, Fog Computing systems are usually designed in a bottom-up fashion as the major functionalities are centred around the Edge Nodes and the End Devices. Meanwhile, significant efforts are required to verify the conformance of software behaviours as the collaboration between the End Devices, Edge Nodes and Cloud Servers is vital to the success of a Fog Computing System. Therefore, a holistically designed software development platform is urgently required. In this paper, we propose TDD4Fog, a test-driven software development platform for Fog Computing systems. Following the Test-Driven Development (TDD) methodology and a bottom-up design fashion, TDD4Fog supports the microservice architecture and provides the Test-Driven utilities such as metamorphic testing, mutation testing and random testing for the whole software development lifecycle of Fog Computing systems. To demonstrate the feasibility of TDD4Fog, we have presented some preliminary results on the key components of TDD4Fog and discussed some important future research directions.;"Test-Driven Development;DevOps;Microservices;Fog Computing;Smart Services";;2020 20th IEEE/ACM International Symposium on Cluster, Cloud and Internet Computing (CCGRID);IEEE;
ieee;;IEEE Conferences;FADI - A Deployment Framework for Big Data Management and Analytics;"R. Sellami; F. Zalila; A. Nuttinck; S. Dupont; J. -C. Deprez; S. Mouton";2020;10.1109/WETICE49692.2020.00038;https://ieeexplore.ieee.org/stamp/stamp.jsp?arnumber=9338535;The production of huge amount of data and the emergence of new technologies in the industry sector have introduced new requirements for big data management. Many applications need to interact with several heterogeneous data sources to ingest, harmonise (normalise), persist, analyse and synthesize results to enable informed decisions and draw benefits from data. These operations are ensured by different tools and these tools are heterogeneous and not connected with each other. Besides, the whole tool-chain lacks automation in terms of its deployment, its operational workflow and its orchestration for satisfying the elastic and resilient properties needed by Industry. In this paper, we present FADI, a framework for deploying and orchestrating a Big Data management and analysis platform fully composed of open source tools. FADI has been developed through several research projects, namely, BigData@MA, Grinding 4.0, Quality 4.0 and ARTEMTEC where Industry use cases are used for validation purposes.;"Big Data;Deployment;DevOps;Kubernetes (K8s);Helm;Open Source";;2020 IEEE 29th International Conference on Enabling Technologies: Infrastructure for Collaborative Enterprises (WETICE);IEEE;
ieee;;IEEE Conferences;ALLSTAR: A Blockchain Based Decentralized Ecosystem for Cloud and Edge Computing;"H. Zhou; X. Ouyang; Z. Zhao";2020;10.1109/JCC49151.2020.00018;https://ieeexplore.ieee.org/stamp/stamp.jsp?arnumber=9183596;"Last decades, Cloud computing has made significant impacts on traditional applications to change their development and operation methods. We witnessed ever more newly-built Clouds and data centers. However, the centralized management mechanism of current Clouds lacks the dispersion to satisfy the requirements of emerging collaborative applications, including AI, IoT, and autopilot. On the other hand, the Edge computing stays at the conceptual and experimental stage. Most organizations construct their own Edge nodes to operate applications. An efficient and incentive mechanism is missing to motivate the Edge and micro Cloud resource providers to join and constitute a more generalized and decentralized ecosystem. To address this issue, we propose ALLSTAR, a blockchain based architecture for equally combining all the Cloud and Edge resources to be seamlessly leveraged by the application in the DevOps (development and operations) lifecycle. The ALLSTAR architecture is a systematic solution to realize the ""Cloud+Edge"" management and contributes to constructing the corresponding ALLSTAR ecosystem. This paper describes the overall architecture of ALLSTAR, the related key techniques, and detailed application DevOps processes as well as the new business model.";"Edge computing;Blockchain;DevOps;Resource management";;2020 IEEE International Conference on Joint Cloud Computing;IEEE;
ieee;;IEEE Conferences;Detecting Software Security Vulnerability during an Agile Development by Testing the Changes to the Security Posture of Software Systems;"B. Arnold; Y. Qu";2020;10.1109/CSCI51800.2020.00323;https://ieeexplore.ieee.org/stamp/stamp.jsp?arnumber=9458121;The purpose of this quantitative quasi-experimental study is to identify the possible correlation between software changes and the likelihood that software releases developed using an agile methodology like DevOps will introduce vulnerabilities into the software application when integrated. There are several scholarly articles that provide details on how Agile development methodologies like scrum and DevOps rely on automated testing for security. The majority of literature on the subject recommend manual security and penetration testing, but there is currently no objective measure to determine when this manual testing should take place. In Agile scrum and in DevOps, manual security testing is usually conducted after a large feature is completed and integrated into production. If a correlation can be found between aspects of software changes and their propensity to introduce vulnerabilities into a software application, then that data can be used to build an objective process for measuring when manual security testing should be performed in Agile development.;"Agile Development;Software Testing;DevOps;Vulnerability;SDLC";;2020 International Conference on Computational Science and Computational Intelligence (CSCI);IEEE;
ieee;;IEEE Conferences;XI Commandments of Kubernetes Security: A Systematization of Knowledge Related to Kubernetes Security Practices;"M. S. Islam Shamim; F. Ahamed Bhuiyan; A. Rahman";2020;10.1109/SecDev45635.2020.00025;https://ieeexplore.ieee.org/stamp/stamp.jsp?arnumber=9230176;"Kubernetes is an open-source software for automat- ing management of computerized services. Organizations, such as IBM, Capital One and Adidas use Kubernetes to deploy and manage their containers, and have reported benefits related to deployment frequency. Despite reported benefits, Kubernetes deployments are susceptible to security vulnerabilities, such as those that occurred at Tesla in 2018. A systematization of Kubernetes security practices can help practitioners mitigate vulnerabilities in their Kubernetes deployments. The goal of this paper is to help practitioners in securing their Kubernetes installations through a systematization of knowledge related to Kubernetes security practices. We systematize knowledge by applying qualitative analysis on 104 Internet artifacts. We identify 11 security practices that include (i) implementation of role-based access control (RBAC) authorization to provide least privilege, (ii) applying security patches to keep Kubernetes updated, and (iii)	implementing pod and network specific security policies.";"containers;devops;devsecops;grey literature;kubernetes;practices;review;security;systematization of knowledge";;2020 IEEE Secure Development (SecDev);IEEE;
ieee;;IEEE Conferences;Energy Efficient Next-Gen of Virtualization for Cloud-native Applications in Modern Data Centres;"B. Dharan G.; S. Jayalakshmi";2020;10.1109/I-SMAC49090.2020.9243497;https://ieeexplore.ieee.org/stamp/stamp.jsp?arnumber=9243497;In the new software-driven world this is the need of the hour to achieve success by accelerating development, delivery of applications and services rapidly that make customers happy and business competitive. To achieve faster delivery of resources and applications to strengthen the business with more transformations containers have been introduced. At the existing scenario, the hyper-converged data centre uses the concept of virtualization which creates software abstraction of the underlying hardware using Hypervisor software that enables to execute several Virtual Machines (VMs) with dissimilar Operating System (OS) flavours. But virtualization is heavyweight and it may take more time to boot. The proposed containerization and docker in hybrid cloud composable data centre is lightweight supports Operating System (OS) level virtualization that isolates resources, libraries and other binaries bundled into a single package for agile modern scalable workloads. This paper focuses on the container-based virtualization to shape the future cloud-based modern data centre for supporting the micro-services based applications for faster deployment to Developer Operations (DevOps) teams in IT with resiliency, High Availability and better resource management with energy savings.;"Hypervisor;Container;Docker;Virtualization;Agile;High Availability;Hyper-Converged;DevOps;Micro-services";;2020 Fourth International Conference on I-SMAC (IoT in Social, Mobile, Analytics and Cloud) (I-SMAC);IEEE;
ieee;;IEEE Conferences;A Trustworthy Blockchain-based Decentralised Resource Management System in the Cloud;"Z. Zhao; C. Rong; M. G. Jaatun";2020;10.1109/ICPADS51040.2020.00086;https://ieeexplore.ieee.org/stamp/stamp.jsp?arnumber=9359214;"Quality Critical Decentralised Applications (QC-DApp) have high requirements for system performance and service quality, involve heterogeneous infrastructures (Clouds, Fogs, Edges and IoT), and rely on the trustworthy collaborations among participants of data sources and infrastructure providers to deliver their business value. The development of the QCDApp has to tackle the low-performance challenge of the current blockchain technologies due to the low collaboration efficiency among distributed peers for consensus. On the other hand, the resilience of the Cloud has enabled significant advances in software-defined storage, networking, infrastructure, and every technology; however, those rich programmabilities of infrastructure (in particular, the advances of new hardware accelerators in the infrastructures) can still not be effectively utilised for QCDApp due to lack of suitable architecture and programming model.";"DevOps;Cloud Computing;Blockchain";;2020 IEEE 26th International Conference on Parallel and Distributed Systems (ICPADS);IEEE;
ieee;;IEEE Conferences;Metrics to Meet Security & Privacy Requirements with Agile Software Development Methods in a Regulated Environment;"T. J. Wagner; T. C. Ford";2020;10.1109/ICNC47757.2020.9049681;https://ieeexplore.ieee.org/stamp/stamp.jsp?arnumber=9049681;This work examines metrics that can be used to measure the ability of agile software development methods to meet security and privacy requirements of communications applications. Many implementations of communication protocols, including those in vehicular networks, occur within regulated environments where agile development methods are traditionally discouraged. We propose a framework and metrics to measure adherence to security, quality and software effectiveness regulations if developers desire the cost and schedule benefits of agile methods. After providing an overview of specific challenges that a regulated environment imposes on communications software development, we proceed to examine the 12 agile principles and how they relate to a regulatory environment. From this review we identify two metrics to measure performance of three key regulatory attributes of software for communications applications, and then recommend an approach of either tools, agile methods or DevOps that is best positioned to satisfy its regulated environment attributes. By considering the recommendations in this paper, managers of software-dominant communications programs in a regulated environment can gain insight into leveraging the benefits of agile methods.;"Communication system security;Iterative methods;Real-time and embedded systems;Data privacy;Design tools and techniques";;2020 International Conference on Computing, Networking and Communications (ICNC);IEEE;
ieee;;IEEE Conferences;Realization of a Model-Based DevOps Process for Industrial Safety Critical Cyber Physical Systems;"S. Gautham; A. V. Jayakumar; A. Rajagopala; C. Elks";2021;10.1109/ICPS49255.2021.9468213;https://ieeexplore.ieee.org/stamp/stamp.jsp?arnumber=9468213;Safety critical Industrial Cyber Physical Systems (CPS) have stringent safety and security requirements and need assurance of deterministic behavior during system operation. In many safety critical application domains, runtime monitors (or runtime verification) are used to enforce operational safety and security. One of the challenges in runtime verification is to identify the critical safety properties that we want to monitor at runtime. In this paper, we explore how structural verification activities in a Model Based Design and Engineering (MBDE) context help formulate more effective monitoring specifications to cover vulnerable areas in a system. We assert that leveraging synergy between design and runtime verification produces more informed runtime safety monitors. This approach of integrating design assurance and runtime safety and security is an important aspect of the dependable DevOps continuum process. To demonstrate this, we perform verification of an Emergency Diesel Generator Startup Sequencer (EDGSS) implemented on an FPGA overlay architecture using model-based verification techniques. We present our key findings on synergy between runtime verification and design processes to support a more inclusive safety case.;"Runtime verification;model-based engineering;Industrial Cyber Physical Systems;DevOps";;2021 4th IEEE International Conference on Industrial Cyber-Physical Systems (ICPS);IEEE;
ieee;;IEEE Conferences;Understanding the context of IoT software systems in DevOps;"I. M. Pereira; T. G. de Senna Carneiro; E. Figueiredo";2021;10.1109/SERP4IoT52556.2021.00009;https://ieeexplore.ieee.org/stamp/stamp.jsp?arnumber=9516810;The growing demand for connected devices and the increase in investments in the Internet of Things (IoT) sector induce the growth of the market for this technology. IoT permeates all areas of life of an individual, from smartwatches to entire home assistants and solutions in different areas. The IoT concept is gradually increasing all over the globe. IoT projects induce an articulation of studies in software engineering to prepare the development and operation of software systems materialized in physical objects and structures interconnected with embedded software and hosted in clouds. IoT projects have boundaries between development and operation stages. This study search for evidence in scientific literature to support these boundaries through Development and Operations (DevOps) principles. We rely on a Systematic Literature Review to investigate the relations of DevOps in IoT software systems. As a result, we identify concepts, characterize the benefits and challenges in the context of knowledge previously reported in primary studies in the literature. The main contributions of this paper are: (i) discussion of benefits and challenges for DevOps in IoT software systems, (ii) identification of tools, concepts, and programming languages used, and, (iii) perceived pipeline for this kind of software development.;"DevOps;IoT Software Systems;Internet of Things Software Systems";;2021 IEEE/ACM 3rd International Workshop on Software Engineering Research and Practices for the IoT (SERP4IoT);IEEE;
ieee;;IEEE Conferences;Microservices for Continuous Deployment, Monitoring and Validation in Cyber-Physical Systems: an Industrial Case Study for Elevators Systems;"A. Gartziandia; J. Ayerdi; A. Arrieta; S. Ali; T. Yue; A. Agirre; G. Sagardui; M. Arratibel";2021;10.1109/ICSA-C52384.2021.00014;https://ieeexplore.ieee.org/stamp/stamp.jsp?arnumber=9425852;Cyber-Physical Systems (CPSs) are systems that integrate digital cyber computations with physical processes. The software embedded in CPSs has a long life-cycle, requiring constant evolution to support new requirements, bug fixes, and deal with hardware obsolescence. To date, the development of software for CPSs is fragmented, which makes it extremely expensive. This could be substantially enhanced by tightly connecting the development and operation phases, as is done in other software engineering domains (e.g., web engineering through DevOps). Nevertheless, there are still complex issues that make it difficult to use DevOps techniques in the CPS domain, such as those related to hardware-software co-design. To pave the way towards DevOps in the CPS domain, in this paper we instantiate part of the reference architecture presented in the H2020 Adeptness project, which is based on microservices that allow for the continuous deployment, monitoring and validation of CPSs. To this end, we elaborate a systematic methodology that considers as input both domain expertise and a previously defined taxonomy for DevOps in the CPS domain. We obtain a generic microservice template that can be used in any kind of CPS. In addition, we instantiate this architecture in the context of an industrial case study from the elevation domain.;"Microservices;DevOps;Cyber-Physical Systems";;2021 IEEE 18th International Conference on Software Architecture Companion (ICSA-C);IEEE;
ieee;;IEEE Conferences;Proposal of Management Agent for Delay Sensitive IoT Communication;"M. Katoh; T. Kubota; T. Yasuie; Y. Watanabe; Y. Nomura";2021;10.1109/ICOIN50884.2021.9334001;https://ieeexplore.ieee.org/stamp/stamp.jsp?arnumber=9334001;Due to the penetration of IoT, a management scheme for delay sensitive applications is required because many applications need real time data processing such as event detection. Furthermore, since machine to machine (M2M) communications without human intervention will emerge, a negotiation procedure for M2M is required. Then, we propose to introduce software agents for the management by exchanging and analyzing not only the profile of machines but also the dynamic status. In this paper, we show that data such as utilization and location of the machine are useful to manage delay sensitive communication. Concretely, we first formulate the transfer delay for event delivery and data gathering to determine the suitable location to perform them. Next, we discuss the negotiation procedure for M2M communication, and verify that the requesting agent should declare the deadline for the requested agent to keep reasonable response time.;"IoT;management;agent;delay sensitive;event;push;pull";;2021 International Conference on Information Networking (ICOIN);IEEE;
ieee;;IEEE Conferences;AIDOaRt: AI-augmented Automation for DevOps, a Model-based Framework for Continuous Development in Cyber-Physical Systems;"R. Eramo; V. Muttillo; L. Berardinelli; H. Bruneliere; A. Gomez; A. Bagnato; A. Sadovykh; A. Cicchetti";2021;10.1109/DSD53832.2021.00053;https://ieeexplore.ieee.org/stamp/stamp.jsp?arnumber=9556443;With the emergence of Cyber-Physical Systems (CPS), the increasing complexity in development and operation demands for an efficient engineering process. In the recent years DevOps promotes closer continuous integration of system development and its operational deployment perspectives. In this context, the use of Artificial Intelligence (AI) is beneficial to improve the system design and integration activities, however, it is still limited despite its high potential. AIDOaRT is a 3 years long H2020-ECSEL European project involving 32 organizations, grouped in clusters from 7 different countries, focusing on AI-augmented automation supporting modelling, coding, testing, monitoring and continuous development of Cyber-Physical Systems (CPS). The project proposes to apply Model-Driven Engineering (MDE) principles and techniques to provide a framework offering proper AI-enhanced methods and related tooling for building trustable CPSs. The framework is intended to work within the DevOps practices combining software development and information technology (IT) operations. In this regard, the project points at enabling AI for IT operations (AIOps) to auto-mate decision making process and complete system development tasks. This paper presents an overview of the project with the aim to discuss context, objectives and the proposed approach.;"Continuous System Engineering;DevOps;AIOPS;Software engineering;Scientific computing;Simulation and Modelling Tools;Cyber-Physical Systems;Artificial Intelligence";;2021 24th Euromicro Conference on Digital System Design (DSD);IEEE;
ieee;;IEEE Conferences;A DevOps Approach for Cyber-Physical System-of-Systems Engineering through Arrowhead;"C. Hegedũs; P. Varga; A. Frankó";2021;;https://ieeexplore.ieee.org/stamp/stamp.jsp?arnumber=9464069;The stakeholders in the Cyber-Physical System-of-Systems (CPS, SoS, CPSoS) domains need to adopt current methodologies that enable reliable but also flexible and timely completion of development, integration, deployment, operation, and even maintenance-related tasks. The so-called DevOps (Development & Operations) approach has been proven in various other domains of IT-related service completion and operation. Both the technology set and the management approaches of CPS and SoS practitioners can benefit the adoption of the DevOps toolchain success stories - the everyday life of software, cloud and IT-service development, and operations-focused companies. This paper proposes an expansion of the application area of the DevOps models, toolchains, and even utilities to the CPS and SoS domains. It proposes to create an abstraction of CPS devices as reusable infrastructure resources, which can be then automatically re-purposed for new workflow tasks, as well as to fill the remaining DevOps tooling gaps with actual Systems of the Arrowhead Framework.;;;2021 IFIP/IEEE International Symposium on Integrated Network Management (IM);IEEE;
ieee;;IEEE Conferences;VeriDevOps: Automated Protection and Prevention to Meet Security Requirements in DevOps;"A. Sadovykh; G. Widforss; D. Truscan; E. P. Enoiu; W. Mallouli; R. Iglesias; A. Bagnto; O. Hendel";2021;10.23919/DATE51398.2021.9474185;https://ieeexplore.ieee.org/stamp/stamp.jsp?arnumber=9474185;Current software development practices are increasingly based on using both COTS and legacy components which make such systems prone to security vulnerabilities. The modern practice addressing ever changing conditions, DevOps, promotes frequent software deliveries, however, verification methods artifacts should be updated in a timely fashion to cope with the pace of the process. VeriDevOps, Horizon 2020 project, aims at providing a faster feedback loop for verifying the security requirements and other quality attributes of large scale cyber-physical systems. VeriDevOps focuses on optimizing the security verification activities, by automatically creating verifiable models directly from security requirements formulated in natural language, using these models to check security properties on design models and then generating artefacts such as, tests or monitors that can be used later in the DevOps process. The main drivers for these advances are: Natural Language Processing, a combined formal verification and model-based testing approach, and machine-learning-based security monitors. VeriDevOps is in its initial stage - the project started on 1.10.2020 and it will run for three years. In this paper we will present the major conceptual ideas behind the project approach as well as the organizational settings.;"Model-Driven Engineering;Cybersecurity;Security-by-design;Prevention and Reaction;Requirement;Design checking;Testing and validation;Runtime Analysis;Root cause analysis;Natural Language Processing;Machine Learning";;2021 Design, Automation & Test in Europe Conference & Exhibition (DATE);IEEE;
ieee;;IEEE Conferences;Cloud Simulation for Continuous Integration and Deployment in Robotics;"S. Teixeira; R. Arrais; G. Veiga";2021;10.1109/INDIN45523.2021.9557476;https://ieeexplore.ieee.org/stamp/stamp.jsp?arnumber=9557476;Continuous Integration and Deployment in the robotics domain is still underutilized when compared to other fields of software development. Also, conventional testing techniques used in CI/CD pipelines are usually not enough to fully test a robotic project in its integrity. In this paper, an analysis is made regarding the usage of CI/CD techniques in robotic related repositories to both verify the veracity of these statements, as well as finding their causes. Additionally, a novel approach in the scope of CI/CD is explored, making use of cloud-based technologies to add additional automated simulation tests to the pipeline and integrate them with ease in the development of robotic software. Finally, the proposed approach is showcased in an industrial application.;"Continuous Integration;Continuous Deployment;Cloud Robotics;Software Engineering;Robotic Simulation;Robotic Software Development;ROS";;2021 IEEE 19th International Conference on Industrial Informatics (INDIN);IEEE;
ieee;;IEEE Journals;The Systems Engineering DevOps Lemniscate and Model-Based System Operations;"J. T. J. Mathieson; T. Mazzuchi; S. Sarkani";2021;10.1109/JSYST.2020.3015595;https://ieeexplore.ieee.org/stamp/stamp.jsp?arnumber=9179780;Systems engineering is defined as a “full life cycle” discipline and provides methodologies and processes to support the design, development, verification, sustainment, and disposal of systems. While this cradle-to-grave concept is well documented throughout literature, there has been recent emphasis on evolving and digitally transforming systems engineering methodologies, practices, and tools for the latter phases of system life cycles. This article adapts principles from the software engineering domain DevOps concept (a collaborative merger of system development and operations) into a Systems Engineering DevOps (SEDevOps) life cycle model. This facilitates a merger of systems engineering processes, tools, and products into a surrogate operational environment in which the sustainment of a system is tied closely to the curation of a system model expanded to include the enabling system elements necessary for operations and sustainment (procedures, scripts, etc.). This progression of the systems engineering mindset, focused on digitally transforming and enhancing system operations and sustainment, improves agility in later life cycle phases. A framework for applying SEDevOps is introduced as a new systems modeling language profile. A use-case leveraging this “model-based system operations” framework, shows how merging support elements into a spacecraft system model improves adaptability during operations, exemplifying elements of a DevOps approach to cyber-physical system sustainment.;"Agile;DevOps;digital transformation;life cycle;model-based systems engineering (MBSE);systems engineering";;IEEE Systems Journal;IEEE;
ieee;;IEEE Conferences;A Generic Method to Rapidly Release Internet Services on Commercial Platforms;"X. Zhou; Z. Feng; J. Xiao; S. Chen; X. Xue; H. Wu";2021;10.1109/ICWS53863.2021.00055;https://ieeexplore.ieee.org/stamp/stamp.jsp?arnumber=9590282;The prosperous development of Internet services such as O2O, IoT, and Web API has brought new vitality to service commercial platforms. However, these services involve online and offline business, which are widely diverse without a unified design and development standard. In addition, Internet services update frequently, which leads to repeat releases on commercial platforms. Therefore, in this paper, we present a generic method to rapidly release Internet services on commercial platforms. The method uses a highly abstract metamodel to express service business extensively and realizes service functions by executing metamodel objects. This method has wide versatility. Meanwhile, it extends the DevOps theory to solve the frequent changes of service functions during use after the release. Finally, we verified the usability of this method in the elderly healthcare domain.;"Internet service;commercial platform;DevOps;service release;metamodel;elderly healthcare";;2021 IEEE International Conference on Web Services (ICWS);IEEE;
ieee;;IEEE Conferences;Architectural Vision of Cloud Computing in the Indian Government;"N. V. Choudhari; A. B. Sasankar";2021;10.1109/ICITIIT51526.2021.9399598;https://ieeexplore.ieee.org/stamp/stamp.jsp?arnumber=9399598;The GI (Govt. of India) cloud started in 2014 is built on the state of art technologies and rich architecture with the nationwide network infrastructure and Data Centres located across the country on National and State data centres. This paper investigates, study and analyze the cloud architecture of Govt. of India and suggests modifications that need to be adapted for sustainable development as per the global changing scenario and fulfill the future needs with improved service delivery, increased throughput, and increased efficiency to provide secured cloud services and to minimize the gap between the cloud service providers and end-users. The cloud services are designed for centralized storage and processing. The cloud data centers are generally located thousands of miles away from the end-users where the data is actually generated. The physical distance between the cloud infrastructure and the data source at edge level end-users produces latency for the real-time processing of the huge amount of data generated at the source level. In recent years the automation scenario is changing globally with various emerging technologies such as the Internet of Things (IoT), Wireless Fidelity 6 (Wi-Fi 6), Fifth Generation Mobile Network connectivity (5G), Artificial Intelligence (AI), and Machine Learning, etc. Emerging technologies like IoT, Wi-Fi 6, 5G gives large scope for boundary level computing and generates a very huge amount of data at the data source level produced by the end-users. These technologies require agile real-time processing and analysis of the data at the source level. Edge computing and Fog computing are the distributed architectures that work together, for reduced latency and speedy real-time processing where the data is actually generated by the end-user. According to the new implementation demands, various emerging cloud technologies such as Mobile Cloud Apps, Containers, Serverless, Microservices, Development and Information Technology Operations (DevOps), BlockChain, Fog computing, Edge Computing, and Software-Defined Infrastructure (SDI), etc are proposed for implementation.;"GI Cloud Architecture;VMware Technology Stack;Open Stack-based cloud technology;emerging cloud architectures";;2021 International Conference on Innovative Trends in Information Technology (ICITIIT);IEEE;
ieee;;IEEE Conferences;A Digital Twin with Runtime-Verification for Industrial Development-Operation Integration;"S. D. C. Saratha; C. Grimm; F. Wawrzik";2021;10.1109/ICE/ITMC52061.2021.9570222;https://ieeexplore.ieee.org/stamp/stamp.jsp?arnumber=9570222;This paper gives an overview of a data model of a digital twin for industrial development-operation integration (DevOps). The data model structures the models from development and links it with data from operation. The models from development are represented by ontologies that describe the functional decomposition in parts and associated properties. The properties are linked with symbolic reachability information that is created during development. This can be used as a basis for runtime verification. The approach is demonstrated by a water level monitor example.;"Runtime Verification;Digital Twin;DevOps integration;ontologies;affine arithmetic;Arrowhead;Arrowhead Tools";;2021 IEEE International Conference on Engineering, Technology and Innovation (ICE/ITMC);IEEE;
ieee;;IEEE Conferences;Process Model for Integrated Product Lifecycles Using Digital Twins and Predictive Analytics;"F. Reiche; H. Timinger";2021;10.1109/TEMSCON-EUR52034.2021.9488653;https://ieeexplore.ieee.org/stamp/stamp.jsp?arnumber=9488653;Digital development processes and methods are already established in software development. They promise speed, more flexibility in case of changes and thus customer-oriented products. In mechanical and plant engineering, as well as in mechanical products in general, these methods and this approach are not yet common. With our process model, we show how digitalisation can bring these development processes and methods. Therefore, a process model based on DevOps, known from software development, was created to allow iterative and digital engineering in hardware design. According to a case study concerned, this process model allows to accept changes during development at a later point in time and enable iterative testing. The concept has to be proven in practice in a planned development project based on this method.;"developing;Devops;digital twin;integrated product life cycle;predictive analytics;process model;virtual engineering";;2021 IEEE Technology & Engineering Management Conference - Europe (TEMSCON-EUR);IEEE;
ieee;;IEEE Conferences;DevOps based migration aspects from Legacy Version Control System to Advanced Distributed VCS for deploying Micro-services;"V. Singh; A. Singh; A. Aggarwal; S. Aggarwal";2021;10.1109/CSITSS54238.2021.9683718;https://ieeexplore.ieee.org/stamp/stamp.jsp?arnumber=9683718;Out of all version control system existed in development world, now a days 79% version control systems are on Git and it’s growing. Many organizations have already left older version control system and adopted Git as their VCS. Although there are some migration tools available in the software industry, their options are somewhat lacking, especially when it comes to pre-migration checks such as empty directories, failover capability and reporting as steps of post-migration. In this work, various aspects of the migration work are explored within the sort of problems and their respective solutions. Four migration aspects - Project structure validation and self-resiliency capabilities, Sensing the SVN & Git SSH network connectivity using NodeMCU IoT platform, SVN users and Git author mapping pattern validation, Remote Git server filing system & space pre-validation - are covered in this work along with possible solutions. Various DevOps systems for version control migration are investigated like Kubernetes, AppDynamics, Chef, Jenkins. It is observed that current legacy migration DevOps tools do not provide the direct solutions for the version control migration like software project structure validation and self-resiliency approach but they indirectly speedup the migration by providing infrastructure provisioning, validation, monitoring and scaleup/down as and when required. It means no single migration tool pre-check that if the software project structure is 100% compatible for Git server and if there’s any discrepancy then automatically correct that structure. One of the main aims of DevOps is to bridge the gap between Business, Dev and IT with the aim of converting the SDLC into a strategic resource for the firm. However, to achieve this goal, it is imperative to choose the right tools.;"Version Control System;Git;Subversion (SVN);Prevalidation;Auto resilient;NodeMCU;IoT";;2021 IEEE International Conference on Computation System and Information Technology for Sustainable Solutions (CSITSS);IEEE;
ieee;;IEEE Conferences;Software Services Engineering Manifesto - A Cross-Cutting Declaration;"C. K. Chang; P. Ceravolo; R. N. Chang; S. Helal; Z. Jin; X. Liu; H. Ming";2021;10.1109/ICWS53863.2021.00014;https://ieeexplore.ieee.org/stamp/stamp.jsp?arnumber=9590227;As we have entered the Internet-of-Things (IoT) era, further blessed with rapid advances in several key technological areas including DevOps, AI/ML, 5G/6G/, neurocomputing, to name a few, it is imperative we think big and aim high. This new venture will require professionals in both software engineering and services computing to collaborate with an unprecedented intensity, and jointly develop the new interdisciplinary field hereby named Software Services Engineering (SSE). In SSE, the ever-deepening system dynamics emerging from both environments and humans in varying contexts are imposing steep challenges to both researchers and practitioners. Humans, both developers and the vast number of end users, are embedded ever closer to IoT environments, and are being afforded ample opportunities to continuously inject inputs during system development and after deployment. In fact, humans are increasingly playing the roles of both sensor and actuator. Traditional requirements engineering researchers are being lured more than ever into exploiting the IoT environments where human users are deeply embedded, to gather contextual information that inevitably introduces lots of ambiguity and uncertainty. Provisioning of highly adaptable and scalable microservices would be key to timely meeting ever-changing human desires and ever-evolving system requirements in the nimblest manner. As such, an ultra-agile and field-programmable development methodology and environment will be imperative to achieving such ultrafine grained microservices provisioning. Such ultra-agility and ultrafine granularity requirements imposed to the services industry obligate company executives to expect extreme manageability assurance to become the centroid of system operations and administration. The ultimate goal in pursuit of such a noble dream will be to provide genuinely individualized and trustworthy service, possibly enabled by AI, but it should be both explainable and ethical. Facing such grand challenges, this declaration samples a subset of burning issues in SSE through observations in seven themes, only meant to be starting points for the SSE community to further investigate. Through our declarations we also call for heightened attention to an assorted array of existing, barely emerging or non-existent services computing and software engineering methods for a concerted effort to research and explore.;"agile;AI;context-aware;DevOps;IoT;microservice;ML;requirements engineering;services computing;situation-aware;software engineering;software services engineering;uncertainty";;2021 IEEE International Conference on Web Services (ICWS);IEEE;
ieee;;IEEE Conferences;Perceived benefits of Continuous Deployment in Software-Intensive Embedded Systems;"A. Dakkak; D. I. Mattos; J. Bosch";2021;10.1109/COMPSAC51774.2021.00126;https://ieeexplore.ieee.org/stamp/stamp.jsp?arnumber=9529712;"Continuous Deployment (CD) advocates for quick and frequent deployments of software to production. The goal is to bring new functionality as early as possible to users while learning from their usage. CD has emerged from web-based applications where it has been gaining traction over the past years. While CD is appealing for many software development organizations, empirical evidence on perceived benefits in software-intensive embedded systems is scarce. The objective of this paper is to identify perceived benefits after transitioning to continuous deployment from a long-cycle release and deployment process. To do that, a case study at a multinational telecommunication company was conducted focusing on large and complex embedded software; the Third Generation (3G) Radio Access Network (RAN) software.";"Continuous deployment;Agile Software Development;Continuous Software Engineering;DevOps;Software-intensive embedded system";;2021 IEEE 45th Annual Computers, Software, and Applications Conference (COMPSAC);IEEE;
ieee;;IEEE Conferences;Acceptance Testing Optimization Method for Continuous Delivery;"P. Hu; C. Chaowen; Y. Ma; X. Wang";2021;10.1109/CECIT53797.2021.00037;https://ieeexplore.ieee.org/stamp/stamp.jsp?arnumber=9741963;From agile to DevOps, development methods have been extended from continuous integration to continuous delivery. In the acceptance testing before software delivery, the constantly changing software configuration, real user environment, and user-led testing, all of these extend the delivery time and increase the risk of testing. How to further optimize the test and shorten the delivery cycle are problem that must be considered to realize the end-to-end value flow in DevOps. In the testing optimization research, the methods are mainly for regression testing. There are few researches on acceptance testing, and the methods for the acceptance testing mainly focus on specific scenario, that almost none research consider how to shorten the continuous delivery cycle. Aiming at the characteristics of acceptance testing, this paper proposes an acceptance testing optimization method for continuous delivery. For different levels of test cases, test case selection and prioritization are used to optimize test cases. Firstly, the test suite related to requirements is constructed, and the test cases are selected according to the requirements. Then, the test suites are divided into two levels to prioritize. During the test execution, the use case execution actions are streamlined to shorten execution time of the acceptance testing, meet user needs as soon as possible and achieve rapid value delivery. Finally, the method is applied to actual industrial projects for experiments. The results show that the method can reduce the scale of test cases, shorten the test execution times and improve the efficiency of demand satisfaction.;"testing optimization;acceptance testing;test case selection;test case prioritization";;2021 2nd International Conference on Electronics, Communications and Information Technology (CECIT);IEEE;
ieee;;IEEE Conferences;Anomaly Detection in a Large-Scale Cloud Platform;"M. S. Islam; W. Pourmajidi; L. Zhang; J. Steinbacher; T. Erwin; A. Miranskyy";2021;10.1109/ICSE-SEIP52600.2021.00024;https://ieeexplore.ieee.org/stamp/stamp.jsp?arnumber=9402147;Cloud computing is ubiquitous: more and more companies are moving the workloads into the Cloud. However, this rise in popularity challenges Cloud service providers, as they need to monitor the quality of their ever-growing offerings effectively. To address the challenge, we designed and implemented an automated monitoring system for the IBM Cloud Platform. This monitoring system utilizes deep learning neural networks to detect anomalies in near-real-time in multiple Platform components simultaneously. After running the system for a year, we observed that the proposed solution frees the DevOps team's time and human resources from manually monitoring thousands of Cloud components. Moreover, it increases customer satisfaction by reducing the risk of Cloud outages. In this paper, we share our solutions' architecture, implementation notes, and best practices that emerged while evolving the monitoring system. They can be leveraged by other researchers and practitioners to build anomaly detectors for complex systems.;;;2021 IEEE/ACM 43rd International Conference on Software Engineering: Software Engineering in Practice (ICSE-SEIP);IEEE;
ieee;;IEEE Conferences;Performance Evaluation of COINS Framework for Wireless Network Automation;"I. Boškov; H. Yetgin; C. Fortuna; M. Mohorčič";2021;10.1109/EuCNC/6GSummit51104.2021.9482454;https://ieeexplore.ieee.org/stamp/stamp.jsp?arnumber=9482454;"With the evolution of mobile communications towards fifth-generation (5G) and beyond, all layers of the wireless networks are increasingly virtualized and software-controlled using automated tools. DevOps tools enabling smooth and fast testing through continuous integration (CI) and rapid deployment through continuous delivery (CD) of the software in cloud environments are permeating also communication infrastructures, eventually leading to the so-called “zero-touch network automation”. Such automation frameworks have been actively used in wireless testing infrastructures, such as FIRE and GENI. For instance, the continuous integration in wireless (COINS) technology development framework has been used in the LOG-a-TEC testbed facility of the FIRE federation. In this paper, we propose a task-based operational structure of COINS for a thorough evaluation of the time for operation (TFO) performance of each task. Moreover, we analyse the impact of different experiments and the number of nodes participating in the experiment on the TFO performance of the COINS framework. The results; i) demonstrate that the device tasks within COINS framework are the bottleneck occupying up to 92.6% of the total TFO, and ii) reveal that the TFO performances of the receive details task on the device side and the gather results task on the server side are significantly diminished with the increased number of nodes participating in the same type of experiment.";"Continuous integration;continuous delivery;wireless networks;DevOps;experimentation;network automation;evaluation;operation time;automated operation;Internet of things";;2021 Joint European Conference on Networks and Communications & 6G Summit (EuCNC/6G Summit);IEEE;
ieee;;IEEE Conferences;Towards MLOps: A Framework and Maturity Model;"M. M. John; H. H. Olsson; J. Bosch";2021;10.1109/SEAA53835.2021.00050;https://ieeexplore.ieee.org/stamp/stamp.jsp?arnumber=9582569;The adoption of continuous software engineering practices such as DevOps (Development and Operations) in business operations has contributed to significantly shorter software development and deployment cycles. Recently, the term MLOps (Machine Learning Operations) has gained increasing interest as a practice that brings together data scientists and operations teams. However, the adoption of MLOps in practice is still in its infancy and there are few common guidelines on how to effectively integrate it into existing software development practices. In this paper, we conduct a systematic literature review and a grey literature review to derive a framework that identifies the activities involved in the adoption of MLOps and the stages in which companies evolve as they become more mature and advanced. We validate this framework in three case companies and show how they have managed to adopt and integrate MLOps in their large-scale software development companies. The contribution of this paper is threefold. First, we review contemporary literature to provide an overview of the state-of-the-art in MLOps. Based on this review, we derive an MLOps framework that details the activities involved in the continuous development of machine learning models. Second, we present a maturity model in which we outline the different stages that companies go through in evolving their MLOps practices. Third, we validate our framework in three embedded systems case companies and map the companies to the stages in the maturity model.;"MLOps;Framework;Maturity Model;SLR;GLR;Validation Study";;2021 47th Euromicro Conference on Software Engineering and Advanced Applications (SEAA);IEEE;
ieee;;IEEE Conferences;On Comparative Analysis of Advanced Omega Network and Irregular Advance Omega Network;V. P. Bhardwaj;2021;10.1109/ICIIP53038.2021.9702700;https://ieeexplore.ieee.org/stamp/stamp.jsp?arnumber=9702700;Parallel computation gives strength to the applications where high end and reliable computation is required. It is now aligned with the latest technologies of computer science. Blockchain technology, IoT, DevOps, AI and ML are some of the examples of latest technologies. At the core of almost every technology, it is observed that parallel computation is required and interconnection network gives strength to parallel computing applications. Therefore, author has shown his interest in this particular domain. In the present paper, author has compared two interconnection networks i.e. advanced omega network and irregular advance omega network. The comparison is founded on certain performance factors like bandwidth, and throughput. Both of these networks are coming into the categories of multistage interconnection networks, which have a huge contribution in the field of parallel computing. Further, result section shows that advanced omega network is better in terms of performance than the irregular advance omega network at network size 16, and it can be used as an alternative network for the applications where high performance computing is required.;"Interconnection Networks;Advanced Omega Network;Irregular Advance Omega Network;Bandwidth;Throughput";;2021 Sixth International Conference on Image Information Processing (ICIIP);IEEE;
ieee;;IEEE Conferences;Challenges of Adopting DevOps Culture on the Internet of Things Applications - A Solution Model;"A. Bijwe; P. Shankar";2022;10.1109/ICTACS56270.2022.9988182;https://ieeexplore.ieee.org/stamp/stamp.jsp?arnumber=9988182;DevOps is a culture that emphasizes team cooperation and encourages enterprises to deliver software product features through automated processes. The Internet of Things paradigm is impulsively and continuously reforming industrial endeavours. DevOps combines continuous integration followed by continuous testing which is then succeeded by continuous deployment and continuous delivery. Continuous monitoring is a nerve ending once the product is delivered. This entire combination helps to produce faster deployments with quality. The DevOps-related challenges in IoT projects are discussed in this paper. The DevOps methodology and its recommended practices are frequently used in combination with version control, monitoring, and alerting at the device level. It has outlined the software architecture for IoT devices. This study reviewed research articles to investigate challenges with the Internet of Things applications related to DevOps framework. This study also tried to explore solutions for those challenges in form of guidelines, practices to adhere to, and models suggested in various available literature. The proposed article identifies important issues that must be resolved to implement the DevOps culture in IoT applications. Additionally, the organizations' cultural difficulties confronted while placing DevOps into practice are studied and a model is developed to provide guidelines. Effectiveness measures under consideration are collaboration, sharing, efficiency, and quality (Business value). So, this study emphasizes the challenges related to these effectiveness measures. According to research, there are several obstacles to implementing a DevOps culture in IoT applications, including poor communication, less no of DevOps experts, weak collaboration, and less management support. This research suggested a new model, Industrial DevOps Maturity Model (IDMM) to provide usage guidelines that can be the solution to existing challenges related to the effectiveness measures faced while using DevOps framework in IoT applications.;"Internet of Things;DevOps;DevOps culture;DevOps challenges;DevOps guidelines;DevOps model;Industrial DevOps Maturity Model;IDMM";;2022 2nd International Conference on Technological Advancements in Computational Sciences (ICTACS);IEEE;
ieee;;IEEE Conferences;Automated IoT security testing with SecLab;"P. Schwaiger; D. Simopoulos; A. Wolf";2022;10.1109/NOMS54207.2022.9789797;https://ieeexplore.ieee.org/stamp/stamp.jsp?arnumber=9789797;With the growing number of IoT applications and devices, IoT security breaches are a dangerous reality. Cost pressure and complexity of security tests for embedded systems and networked infrastructure are often the excuse for skipping them completely. In our paper we introduce SecLab security test lab to overcome that problem. Based on a flexible and lightweight architecture, SecLab allows developers and IoT security specialists to harden their systems with a low entry hurdle. The open architecture supports the reuse of existing external security test libraries and scalability for the assessment of complex IoT Systems. A reference implementation of security tests in a realistic IoT application scenario proves the approach.;"IoT Security;Automated Testing;Security Lab;DevSecOps;Cyber-Physical Systems;DoRIoT;SecLab";;NOMS 2022-2022 IEEE/IFIP Network Operations and Management Symposium;IEEE;
ieee;;IEEE Conferences;Increasing SoS dependability by DevSecOps;"F. Popenţiu-Vlădicescu; G. Albeanu";2022;10.1109/ICETECC56662.2022.10069468;https://ieeexplore.ieee.org/stamp/stamp.jsp?arnumber=10069468;The dependability plays an increasingly important role for complex systems. A dependable system is one that meets the customer’s requirements in terms of reliability, performance, availability, functionality, usability, maintainability, security, and safety even in the event of a failure. Dependability of System of Systems (SoS) is a major concern these days when the interconnection of systems is controlled by the Internet and cyber security aspects have become much more important. The new DevSecOps approach ensures phased development and rapid deployment of components for customer testing prior to full SoS integration. The presentation will display the principles of DevSecOps, the types and characteristics of SoS, and the dependability of new SoS developed according to the DevSecOps approach.;"dependability;Systems of Systems;DevSecOps";;2022 International Conference on Emerging Technologies in Electronics, Computing and Communication (ICETECC);IEEE;
ieee;;IEEE Conferences;Problems and Solutions in Applying Continuous Integration and Delivery to 20 Open-Source Cyber-Physical Systems;"F. Zampetti; V. Nardone; M. Di Penta";2022;10.1145/3524842.3527948;https://ieeexplore.ieee.org/stamp/stamp.jsp?arnumber=9796215;Continuous integration and delivery (CI/CD) have been shown to be very useful to improve the quality of software products (e.g., increasing their reliability or maintainability), and their development processes, e.g., by shortening release cycles. Applying CI/CD in the context of Cyber-Physical Systems (CPSs) can be particularly important, given that many of those systems can have safety-critical properties, and given their interaction with hardware or simulators during the development phase. This paper empirically analyzes how CI/CD is enacted in CPSs when considering the context of open-source projects, that often (also) rely on hosted CI/CD so-lutions, and benefit of an open-source development community. We qualitatively analyze a statistically significant sample of 670 pull requests from 20 open-source CPSs hosted on GitHub, to identify and categorize-also keeping into account catalogs from previous literature-bad practices, challenges, mitigation, and restructuring actions. The study reports and discusses the relationships we found between bad practices/challenges and CI/CD restructuring/mitigation strategies, reporting concrete examples, especially those emerging from the intrinsic complexity of CPSs.;"Cyber- Physical Systems;Continuous Integration and Delivery;Pull Requests";;2022 IEEE/ACM 19th International Conference on Mining Software Repositories (MSR);IEEE;
ieee;;IEEE Conferences;Collaborative DDoS Detection in Distributed Multi-Tenant IoT using Federated Learning;"E. C. P. Neto; S. Dadkhah; A. A. Ghorbani";2022;10.1109/PST55820.2022.9851984;https://ieeexplore.ieee.org/stamp/stamp.jsp?arnumber=9851984;Nowadays, the Internet of Things (IoT) has attracted much attention from the industry, and new initiatives are expected to be developed in the next decade. IoT is establishing a globally connected sensor network in which many devices are connected to the Internet generating large amounts of data. Conversely, many challenges need to be overcome to enable efficient and secure IoT applications (e.g., interoperability, security, standards, and server technologies). Furthermore, edge computing presents a paramount role in the diverse range of IoT applications. In this sense, processing sensitive data for different tenants (e.g., e-health and smart cities applications) requires transactions to be protected and isolated from different flows. Thereupon, different tenants can be targeted by Distributed Denial of Service (DDoS) attacks. However, attacks performed against a tenant remain unknown to others, preventing the improvement of detection and mitigation capabilities for DDoS attacks. The main obstacle in this collaboration relies on maintaining privacy in a multi-tenant environment while sharing the characteristics of attacks faced in the past. In this paper, we propose a collaborative DDoS detection and classification approach for distributed multi-tenant IoT environments using Federated Learning. This approach enables multiples tenants to collaboratively enhance their DDoS detection and classification capabilities across all edge nodes while maintaining their privacy. To accomplish this, tenants train deep learning instances on locally scaled traffic data and share the model parameters with other tenants. This strategy enables safer IoT operations and can be adopted in different applications. The experiments performed on a simulated environment considered the CICD-DoS2019 dataset and showed that the proposed approach can classify different DDoS attacks types with over 84.2% accuracy. The results demonstrate that collaborative DDoS detection enhances tenant protection compared to single detection.;"Deep Learning;Federated Learning;Internet of Things (IoT);Distributed Denial of Service (DDoS);Privacy;Security";;2022 19th Annual International Conference on Privacy, Security & Trust (PST);IEEE;
ieee;;IEEE Journals;Architecting Digital Twins;"E. Ferko; A. Bucaioni; M. Behnam";2022;10.1109/ACCESS.2022.3172964;https://ieeexplore.ieee.org/stamp/stamp.jsp?arnumber=9770073;In 2002, Grieves defined the concept of the digital twin as a virtual instance of physical assets capable of continuously mirroring them. Ever since then, driven by remarkable industrial attention, digital twins flourished and ripened in several sectors. The notable industrial adoption has been sided by a growing interest from the software engineering community in general and the software architecture community in particular as demonstrated by the growing number of published peer-reviewed publications and proposed software architectural solutions for digital twins. In this paper, we report on the planning, execution, and results of a systematic mapping study on architecting digital twins. The study captures crucial aspects of software architectures for digital twins as types of architectural solutions, quality attributes, and architectural patterns. It supports practitioners in creating digital twins tailored to their specific needs and researchers in identifying trends and open challenges. Starting from an initial set of potentially relevant 1630 peer-reviewed publications, we selected 140 primary studies. We analysed the set of primary studies using thorough data extraction, analysis, and synthesis process. To compensate for single method limitations and reduce possible threats to conclusion validity, we discussed the results of our study with experts in the software architecture community. Based on our results, the field of software architecture for digital twins is lively and an increasing number of architectural solutions are being proposed. Although there is a lack of widely accepted reference architectural solutions for digital twins, most of them are built using a combination of the layered and service-oriented patterns and address maintainability, performance efficiency, and compatibility quality attributes.;"Architectural patterns;digital twin;software architectures;quality attributes.";;IEEE Access;IEEE;
ieee;;IEEE Conferences;Internet of Things (IoT) based Comprehensive testing of 5G network for Specific Absorption Rate (SAR);"S. Dasi; Y. Srinivas; M. Vadivel; R. Satpathy; B. B. Dash; U. C. De";2022;10.1109/ICEARS53579.2022.9751967;https://ieeexplore.ieee.org/stamp/stamp.jsp?arnumber=9751967;Our daily lives are filled with a wide variety of electromagnetic waves . To ensure that radio products are safe to use, they must undergo RF exposure evaluation. RF exposure evaluation, EMF measurements, or SAR testing can be used to conduct this evaluation. Time-consuming SAR measurement methods are used by the SAR standard. Mobile wireless device compliance test lead times are incompatible with industry needs and are becoming a significant pain as 5G communications proliferate. When it comes to peak spatialaverage SAR evaluation, this study proposes a new technology aimed to solve this challenge and provide instantaneous and accurate peak SAR evaluation.;"DevOps;MultiCloud application;security and privacy analyses;Cloud Service Providers;operating system;VM;and hardware";;2022 International Conference on Electronics and Renewable Systems (ICEARS);IEEE;
ieee;;IEEE Conferences;Automating Test Oracle Generation in DevOps for Industrial Elevators;"A. Arrieta; M. Otaegi; L. Han; G. Sagardui; S. Ali; M. Arratibel";2022;10.1109/SANER53432.2022.00044;https://ieeexplore.ieee.org/stamp/stamp.jsp?arnumber=9825900;Orona is a world-renowned elevators developer. During elevators' lives, their software continues to evolve, e.g., due to hardware obsolescence, requirements changes, vulnerabilities, and bug corrections. Such continuous evolution demands the continuous testing of industrial elevators with the minimum manual effort possible. To this end, we present a tool, whose core component is a domain-specific language (DSL) with which a user can specify test oracles at a higher level of abstraction and independent of a testing level. The DSL also supports specifying uncertainty-aware test oracles to test elevators under various uncertainties inherent in them. Finally, the DSL is also equipped with test oracle generation that generates test oracle code automatically at the different DevOps testing levels (i.e., Software and Hardware-in-the-Loop test levels, and in operation) to enable reuse of test oracles across these levels. We evaluated this DSL with an industrial elevators case study at Orona's site to specify and generate test oracles. The evaluation showed that the high expressiveness of the DSL permits the high-level definition of test oracles in our industrial context. Based on the industrial application, we discuss our experiences and lessons learned.;"Domain Specific Language;Test Oracle Gener-ation;Cyber-Physical Systems;Evolution";;2022 IEEE International Conference on Software Analysis, Evolution and Reengineering (SANER);IEEE;
ieee;;IEEE Conferences;Continuous Deployment in IoT Edge Computing : A GitOps implementation;"R. López-Viana; J. Díaz; J. E. Pérez";2022;10.23919/CISTI54924.2022.9820108;https://ieeexplore.ieee.org/stamp/stamp.jsp?arnumber=9820108;Edge computing (EC) is a recent computing paradigm in the IoT domain for performing calculations and processing at the edge of the network, closer to the user instead of moving all data to the cloud. In this way, EC practitioners aim to replicate the benefits of cloud computing but closer to the source of the data, reducing the latency imposed by the distance between the cloud and the end devices, the network overhead, and the security and privacy risk that this offloading entails. But not only that. EC practitioners also aim to replicate best practices used on cloud-native development and operation. In this regard, GitOps is one of the main trends in the DevOps ecosystem for Continuous Deployment (CD) that promotes infrastructure automation in highly distributed applications, accelerating value delivery while avoiding error-prone manual processes. Till now, GitOps has been mainly related to Kubernetes—a widely used container orchestration platform to run distributed applications resiliently. In this regard, more and more IoT EC solutions are implementing container orchestration solutions like Kubernetes, thus, it is worthwhile identifying the benefits that GitOps adoption could leverage at the Edge and how possible challenges and drawbacks could be addressed. This paper presents a proof of concept based on tools included in the Cloud Native Computing Foundation (CNCF) landscape to check the feasibility of applying GtiOps in IoT EC solutions. Several drawbacks were detected mainly due to the used tooling, such as lack of automatic provisioning of physical infrastructure, tight coupled to Kubernetes descriptors for declaring workloads, and limitations on the edge devices that can be supported.;"GitOps;DevOps;IoT;IoT Edge Computing";;2022 17th Iberian Conference on Information Systems and Technologies (CISTI);IEEE;
ieee;;IEEE Conferences;Towards Digital Twin-enabled DevOps for CPS providing Architecture-Based Service Adaptation & Verification at Runtime;"J. Dobaj; A. Riel; T. Krug; M. Seidl; G. Macher; M. Egretzberger";2022;10.1145/3524844.3528057;https://ieeexplore.ieee.org/stamp/stamp.jsp?arnumber=9800053;Background: Industrial Product-Service Systems (IPSS) denote a service-oriented way of providing access to cyber-physical systems’ (CPS) capabilities. The design of such systems bears high risk due to uncertainty in requirements related to service function and behavior, operation environments, and evolving customer needs. Such risks and uncertainties are well known in the IT sector, where DevOps principles ensure continuous system improvement through reliable and frequent delivery processes. A modular and service-oriented system architecture complements these processes to facilitate IT system adaptation and evolution.Objective: This work proposes a method to use and extend the Digital Twins (DTs) of IPSS assets for enabling the continuous optimization of CPS service delivery and the latter’s adaptation to changing needs and environments. This reduces uncertainty during design and operations by assuring IPSS integrity and availability, especially for design and service adaptations at CPS runtime.Methodology: The method builds on transferring IT DevOps principles to DT-enabled CPS IPSS. The chosen design approach integrates, reuses, and aligns the DT processing and communication resources with DevOps requirements derived from literature.Results: We use these requirements to propose a DT-enabled self-adaptive CPS model, which guides the realization of DT-enabled DevOps in CPS IPSS. We further propose detailed design models for operation-critical DTs that integrate CPS closed-loop control and architecture-based CPS adaptation. This integrated approach enables the implementation of A/B testing as a use case and central concept to enable CPS IPSS service adaptation and reconfiguration.Conclusion: The self-adaptive CPS model and DT design concept have been validated in an evaluation environment for operation-critical CPS IPSS. The demonstrator achieved sub-millisecond cycle times during service A/B testing at runtime without causing CPS operation interferences and downtime.CCS CONCEPTS• Computer systems organization~Embedded and cyber-physical systems •Computer systems organization~Architectures;"DevOps;Digital Twin;Self-Adaptation;CPS;Deployment;IPSS";;2022 International Symposium on Software Engineering for Adaptive and Self-Managing Systems (SEAMS);IEEE;
ieee;;IEEE Conferences;Automating Distributed Production Testing;"N. Sleibi; A. Aldaghamin; C. Wolff";2022;10.1109/CANDO-EPE57516.2022.10046366;https://ieeexplore.ieee.org/stamp/stamp.jsp?arnumber=10046366;Many small and medium enterprises in the embedded systems’ field cannot afford to carry out their production testing efforts, which is known to be costly and time-consuming. Hence, their tendency to commission third party service providers to perform these tasks. Therefore, testing can be distributed among many testing locations, where isolated and locally operated test benches perform the tests on the Devices under Test (DUTs). The first goal of this work is to connect the system on the cloud level for better collaboration and online management of functional tests on software-intensive embedded systems. The second goal is to enhance the testing process by closing the open gap between testing and feedback on two levels of operation: the local level between the test benches and the DUTs, and on a wider level with the cloud. This is achieved by connecting the system online via the cloud, and by adopting the DevOps approach, which aims at automating the different processes to achieve an automated workflow that can automatically adapt itself to change. In this paper, the system architecture and prototype are presented, based on which, an automated and continuous feedback-based testing cycles were implemented and tested on two levels of operation.;"production testing;DevOps;test automation;cloud computing;continuous testing;continuous feedback;selfadaptive system;feedback-based testing";;2022 IEEE 5th International Conference and Workshop Óbuda on Electrical and Power Engineering (CANDO-EPE);IEEE;
ieee;;IEEE Conferences;A Pathway to Real-Time Wellness Digital Twins for Precision Wellness Monitoring;"K. K. Kadari; D. Peñalver; W. Moreno";2022;10.1109/iSES54909.2022.00149;https://ieeexplore.ieee.org/stamp/stamp.jsp?arnumber=10027072;The real-time monitoring of smart healthcare technologies is essential while science is focusing on achieving precision solutions for wellness. Precision wellness is a necessity as the aged population is projected to increase significantly and chronic diseases are increasingly responsible for major deaths in the world population. As Digital Twins are progressing and being adopted in all industries, and recently on wellness, in this study, the focus is on the pathway to Digital Twins for precision wellness monitoring. Digital Twins have shown to be very important to predict, and prevent diseases, and prescribe the right actions at the right time. This research explains the real-time bedside patient pose monitoring according to medical conditions.;"Precision Medicine;Healthcare;Wellness;MBSE;Digital Twins;DevOps;AADL;SYSML";;2022 IEEE International Symposium on Smart Electronic Systems (iSES);IEEE;
ieee;;IEEE Conferences;Automatic Deployment Pipeline for Containerized Application of IoT Device;"Y. Yulianto; E. Utami; Kusnawi";2022;10.1109/ICITISEE57756.2022.10057699;https://ieeexplore.ieee.org/stamp/stamp.jsp?arnumber=10057699;In this modern era, many companies in the technology field compete to win the hearts of customers. To keep up with the competition and meet customers' needs, companies must be able to adapt to changes in their products. One software development methodology that focuses on customer satisfaction is the agile methodology. This approach is popular among software development teams because it allows them to quickly respond to changes in customer needs. This study aims to apply a combination of Gitlab CI and Jenkins to implement a CI/CD pipeline on two software applications called Fishee Backend App and Fishee Frontend App, which use different technologies and also use agile methodology approach in development process. The study aims to evaluate the quality of the pipeline and the time required for the deliver changes to customer. The results show that the Fishee Backend App takes time 153.7 seconds and The Fishee Frontend App takes 174.2, In terms of successful pipeline jobs, the Fishee Backend App reached 70.45% and Fishee Frontend App reached 83,3%. Based on these findings, the use of a combination of Jenkins and Gitlab CI in the CI/CD process can be effective and more faster than previous research for automating the deployment of container-based applications. However, the study was limited to implementation on the Digital Ocean platform and did not compare with other VPS provider platforms. It is recommended that future research extend the scope of the study to include other technology stacks and compare the performance of different CI/CD tools on a range of VPS provider platforms.;"Agile;CI/CD;Docker;Automation;Software Development";;2022 6th International Conference on Information Technology, Information Systems and Electrical Engineering (ICITISEE);IEEE;
ieee;;IEEE Journals;A Survey on Observability of Distributed Edge & Container-Based Microservices;"M. Usman; S. Ferlin; A. Brunstrom; J. Taheri";2022;10.1109/ACCESS.2022.3193102;https://ieeexplore.ieee.org/stamp/stamp.jsp?arnumber=9837035;Edge computing is proposed as a technical enabler for meeting emerging network technologies (such as 5G and Industrial Internet of Things), stringent application requirements and key performance indicators (KPIs). It aims to alleviate the problems associated with centralized cloud computing systems by placing computational resources to the network’s edge, closer to the users. However, the complexity of distributed edge infrastructures grows when hosting containerized workloads as microservices, resulting in hard to detect and troubleshoot outages on critical use cases such as industrial automation processes. Observability aims to support operators in managing and operating complex distributed infrastructures and microservices architectures by instrumenting end-to-end runtime performance. To the best of our knowledge, no survey article has been recently proposed for distributed edge and containerized microservices observability. Thus, this article surveys and classifies state-of-the-art solutions from various communities. Besides surveying state-of-the-art, this article also discusses the observability concept, requirements, and design considerations. Finally, we discuss open research issues as well as future research directions that will inspire additional research in this area.;"Automation;cloud-native;containers;DevOps;edge;Industrial Internet of Things (IIoT);microservices;monitoring;observability;operation;software-defined infrastructure;visibility";;IEEE Access;IEEE;
ieee;;IEEE Conferences;IoT Apiary Fleet Management with Jenkins;"C. Campell; J. Graber; R. Tashakkori; W. O’Brien";2022;10.1109/UEMCON54665.2022.9965635;https://ieeexplore.ieee.org/stamp/stamp.jsp?arnumber=9965635;In recent years, a large number of honey bee colonies have collapsed due to various causes including Varroa Mites. Computerized honey bee monitoring systems have gained significant attention as part of the efforts by scientists and beekeepers to both learn more about the bee’s behavior, and to determine their health. AppMAIS was funded in 2021 by the North Carolina General Assembly to obtain audio and video recordings as well as humidity, temperature, and weight data from 30 hives in Western North Carolina. In addition to this data, the project also collects genetic data from these hives in order to determine their genetic diversity. The monitoring system for this project is called Beemon which has been actively developed in the Department of Computer Science for the past eight years. Managing Beemon at all 30 hive locations while keeping up with software updates was a tedious task which needed to be significantly improved. We utilized Jenkins for this purpose. This paper provides details regarding how we manage software updates on the AppMAIS beehives.;"apiology;informatics;IoT;Jenkins;CI/CD";;2022 IEEE 13th Annual Ubiquitous Computing, Electronics & Mobile Communication Conference (UEMCON);IEEE;
ieee;;IEEE Conferences;Competency Model for Programming Courses in Information Technology Education (ITE) Programs from Industry Perspective: A Delphi Method;"J. E. E. Goh; C. V. Mojado; H. J. T. Manaligod";2022;10.1109/HNICEM57413.2022.10109471;https://ieeexplore.ieee.org/stamp/stamp.jsp?arnumber=10109471;"This study aimed to develop a competency model for software development courses in ITE programs as perceived by the IT industry in the Philippines in the new normal. A review of previous studies revealed existing software engineering competency models being referenced by the IT industry along with the Commission on Higher Education (CHED) General Education Curriculum (GEC) being referenced by the academe. However, things drastically changed during this global pandemic which may have affected these current standards. Thus, this study aimed to determine the current competency needs in the IT industry in the new normal in relation to the programming courses being offered by the ITE programs in the Philippines; A mixed method three-round Delphi technique was used to solicit a unified expert opinion from the point of view of nine (9) IT industry experts in the Philippines. Twenty-three (23) technical skills and eleven (11) soft skills were extracted from online interviews using thematic analysis. Out of 23 technical skills, nineteen (19) have consensus. The findings produced a competency model for software development courses in the new normal consisting of must-have technical skills, game-changer technical skills, and must-have soft skills. The must-have technical skills include Web Development, Cyber Security, Cloud Computing, Agile Project Management, Mobile Development, and DevOps. The game changer technical skills include Data Science and Data Analytics, Artificial Intelligence and Machine Learning, the Internet of Things, and Research and Development. And the must-have soft skills include Communication skills, Results-Oriented, and Collaboration skills.";"competency model;Delphi method;Information Technology Education (ITE);programming courses;software development";;2022 IEEE 14th International Conference on Humanoid, Nanotechnology, Information Technology, Communication and Control, Environment, and Management (HNICEM);IEEE;
ieee;;IEEE Conferences;Automated Consulting for Cloud Native Architectures;"A. Rosilier; M. A. Demir; J. J. Prevost";2022;10.1109/SOSE55472.2022.9812695;https://ieeexplore.ieee.org/stamp/stamp.jsp?arnumber=9812695;The rapidly growing interest in cloud native applications means more users than ever are needing guidance on how to design and deploy their systems. The Cloud Native Computing Foundation (CNCF) has developed a landscape map that provides the most current collection of both open source and proprietary tools and services, but the breadth of options and the complex relationships between various tools and services can be quite overwhelming. Most users interested in exploring the cloud native space will need to hire an experienced consultant to guide them through the choices, but this can be both cost prohibitive and logistically challenging. This paper describes our work to automate this consulting process and enable users to make intelligent, informed decisions about their architecture design and then deploy the architecture for immediate use.;"cloud native architecture;CNCF;consulting;DevOps;tool selection";;2022 17th Annual System of Systems Engineering Conference (SOSE);IEEE;
ieee;;IEEE Conferences;Workload Deployment and Configuration Reconciliation at Scale in Kubernetes-Based Edge-Cloud Continuums;"D. Hass; J. Spillner";2022;10.1109/ISPDC55340.2022.00026;https://ieeexplore.ieee.org/stamp/stamp.jsp?arnumber=9934988;Continuum computing promises the abstraction of physical node location and node platform stack in order to create a seamless application deployment and execution across edges and cloud data centres. For industrial IoT applications, the demand to generate data insights in conjunction with an installed base of increasingly capable edge devices is calling for appropriate continuum computing interfaces. Derived from a case study in industrial water flow monitoring and based on the industry’s de-facto standard Kubernetes to deploy complex containerised workloads, we present an appropriate continuum deployment mechanism based on custom Kubernetes controllers and CI/CD, called Kontinuum Controller. Through synthetic experiments and a holistic cross-provider deployment, we investigate its scalability with emphasis on reconciling adjusted configuration per application and per node, a critical requirement by industrial customers. Our findings convey that Kubernetes by default would enter undesirable oscillation already for modestly sized deployments. Thus, we also discuss possible solutions.;"Continuum computing;scalability;configuration management";;2022 21st International Symposium on Parallel and Distributed Computing (ISPDC);IEEE;
ieee;;IEEE Conferences;Security Scenarios Automation and Deployment in Virtual Environment using Ansible;"R. Acheampong; T. C. Bălan; D. -M. Popovici; A. Rekeraho";2022;10.1109/COMM54429.2022.9817150;https://ieeexplore.ieee.org/stamp/stamp.jsp?arnumber=9817150;Cyber security is a 21st-century challenge doubled by the risk introduced by the lack of cyber security workforce. To bridge this workforce gap, cyber security learning environment are necessary. The Cyber range is cyber virtual environment for security training for cyber security professionals. This study presents the next-generation tools for developing Cyber ranges in the cloud and integrates automation with Ansible hence, orchestrating the virtual environment for the efficacy of security testsbeds, equipping the user with cyber security readiness to defend against real-life cyber-attacks. The proposed automation methodology can be also incorporated in continuous integration queues, defining the Infrastructure as Code (IaC) DevSecOps strategy. The developed scalable and reusable platform allows malicious cyber activities to be simulated through automation. The exercises and the tools employed gives security professionals a good understanding of adversary's operations. while the vulnerabilities are mapped to MITRE ATT &CK knowledge base. Our results show that, the developed Cyber range platform is suitable and effective for cyber security training. Notwithstanding, we propose future studies be carried out to look into cyber security problematic in virtual reality (VR) platforms.;"Cyber range;automation;cyber security;cloud";;2022 14th International Conference on Communications (COMM);IEEE;
ieee;;IEEE Conferences;OpenWolf: A Serverless Workflow Engine for Native Cloud-Edge Continuum;"C. Sicari; L. Carnevale; A. Galletta; M. Villari";2022;10.1109/DASC/PiCom/CBDCom/Cy55231.2022.9927926;https://ieeexplore.ieee.org/stamp/stamp.jsp?arnumber=9927926;Nowadays, Serverless computing is emerging as one of the most used Cloud services. In particular, the Function as Service (FaaS) is bringing to Cloud consumers, developers, and devops many advantages in terms of service costs, speed of development, and ease of deployment. In fact, it stands to be a key technology for enabling the Cloud-Edge Continuum. Regardless of these features, it is still not possible to build FaaS native applications without a Cloud broker that coordinates the functions. Therefore, FaaS usage is limited to very simple and specific jobs. In this work, we brush up on the concept of Scientific Workflow using the FaaS paradigm, in order to realize full Native Serverless Workflows-based applications. We define a custom Workflow Manifest DSL used to describe function interactions, then we describe the implementation of an agent able to deploy architecture-independent functions and coordinate them according to the Manifest. Finally, federating the Cloud-Fog-Edge tiers in a single Continuum environment, we allow functions to take advantage of the Continuum tier’s characteristics where they are deployed. This project is called OpenWolf, it’s repository is published on GitHub, under GNU General Public License v3.0.;"Workflow;Serverless;Cloud-Edge Continuum;FaaS Composition;FaaS";;2022 IEEE Intl Conf on Dependable, Autonomic and Secure Computing, Intl Conf on Pervasive Intelligence and Computing, Intl Conf on Cloud and Big Data Computing, Intl Conf on Cyber Science and Technology Congress (DASC/PiCom/CBDCom/CyberSciTech);IEEE;
ieee;;IEEE Conferences;A DevSecOps-based Assurance Process for Big Data Analytics;"M. Anisetti; N. Bena; F. Berto; G. Jeon";2022;10.1109/ICWS55610.2022.00017;https://ieeexplore.ieee.org/stamp/stamp.jsp?arnumber=9885738;Today big data pipelines are increasingly adopted by service applications representing a key enabler for enterprises to compete in the global market. However, the management of non-functional aspects of the big data pipeline (e.g., security, privacy) is still in its infancy. As a consequence, while functionally appealing, the big data pipeline does not provide a transparent environment, impairing the users’ ability to evaluate its behavior. In this paper, we propose a security assurance methodology for big data pipelines grounded on the DevSecOps development paradigm to increase trustworthiness allowing reliable security and privacy by design. Our methodology models and annotates big data pipelines with non-functional requirements verified by assurance checks ensuring requirements to hold along with the pipeline lifecycle. The performance and quality of our methodology are evaluated in a real walkthrough analytics scenario.;"Assurance;Big Data;Trustworthiness;DevSec-Ops";;2022 IEEE International Conference on Web Services (ICWS);IEEE;
ieee;;IEEE Conferences;Computational Offloading for Non-Time-Critical Applications;R. Patsch;2022;10.1109/ICDCS54860.2022.00124;https://ieeexplore.ieee.org/stamp/stamp.jsp?arnumber=9912300;The increasing demand for computational resources keeps outpacing available User Equipment (UE). To overcome intrinsic hardware limitations of UEs, computational offloading was proposed. The combination of UE and seemingly endless computational capacity in the cloud aims to cope with those limitations. Numerous frameworks leverage Edge Computing (EC) but a significant drawback of this is the required infrastructure. Some use cases however, do not benefit from lower response time and can remain in the cloud, where more potent resources are at one’s disposal. Main contributions are to determine computational demands, allocate serverless resources, partition code and integrate computational offloading into a modern software deployment process. By focusing on non-time-critical use cases, drawbacks of EC can be neglected to create a more developer-friendly approach. Originality lies in the resource allocation of serverless resources for such endeavours, appropriate deployment of partitions and integration into CI/CD pipelines. Methodology used will be Design Science Research. Thus, many iterations and proof-of-concept implementations yield knowledge and artefacts.;"computational offloading;mobile cloud computing;partitioning;serverless";;2022 IEEE 42nd International Conference on Distributed Computing Systems (ICDCS);IEEE;
ieee;;IEEE Conferences;Trustworthy Software Development — practical view of security processes through MVP methodology;"C. Shiang-Jiun; P. Yu-Chun; M. Yi-Wei; C. Cheng-Mou; T. Chi-Chin";2022;10.23919/ICACT53585.2022.9728811;https://ieeexplore.ieee.org/stamp/stamp.jsp?arnumber=9728811;With the popularization of 5G, one of its characteristics supports a large amount of IoT devices and a lot of open sources will be introduced. Therefore, trustworthiness has become more important for users and developers. According to IBM Systems Sciences Institute, we understand that taking software security into consideration in the early stages of development will save 99% cost. Therefore, security by design can not only save development costs but also improve the overall security of the software.In this paper, we mainly focus on the trustworthiness aspect in the software development process based on ISO/IEC/IEEE15288, NIST800-160, DoD Enterprise DevSecOps Reference, and A Guide to the Project Management Body of Knowledge (PMBOK Guide) - Seventh Edition and the Standard for Project Management concept. A trustworthiness framework will be proposed to make software more reliable and trustworthy for users and allows enterprises and developers to control and test the trustworthiness of production. After that, the analysis of software security is provided. This platform will provide the guidance for industries easier to use and apply to their product.;"Security by Design;trustworthiness;vulnerability;security development lifecycle;National Vulnerability Database;National Institute of Standards and Technology (NIST);Open Web Application Security Project (OWASP);DevSecOps;V Model";;2022 24th International Conference on Advanced Communication Technology (ICACT);IEEE;
ieee;;IEEE Conferences;Bridging the Gap Between Java and Python in Mobile Software Development to Enable MLOps;"R. Dautov; E. J. Husom; F. Gonidis; S. Papatzelos; N. Malamas";2022;10.1109/WiMob55322.2022.9941679;https://ieeexplore.ieee.org/stamp/stamp.jsp?arnumber=9941679;The role of Machine Learning (ML) engineers in mobile development has become increasingly important in recent years, as more and more business-critical mobile applications depend on AI components. Many development teams already include dedicated ML engineers who aim to follow agile development practices in their work, as part of the larger MLOps concept. However, the availability of MLOps tools tailored specifically towards mobile platforms is scarce, often due the limited support for non-native programming languages such as Python, as well as the unsuitability of native programming languages such as Java and Kotlin to support ML-related programming tasks. This paper aims to address this gap and describes a plug-in architecture for developing, deploying and running data ingestion and processing components written in Python on the Android platform. With the possibility to pass a user-defined schema with the data format and structure, the proposed architecture ensures that time-series datasets are correctly interpreted by multiple ML modules dealing with both data ingestion and processing,. The proposed approach benefits from modularity, extensibility, customisation, and separation of concerns, which enable ML engineers to be fully involved in a mobile development lifecycle following agile MLOps practices.;"Internet of Things;Mobile Development;Android;MLOps;DevOps;Machine Learning;Plug-in Architecture";;2022 18th International Conference on Wireless and Mobile Computing, Networking and Communications (WiMob);IEEE;
ieee;;IEEE Conferences;Towards Secure Agile Software Development Process: A Practice-Based Model;"A. A. Ardo; J. M. Bass; T. Gaber";2022;10.1109/SEAA56994.2022.00031;https://ieeexplore.ieee.org/stamp/stamp.jsp?arnumber=10011194;Agile methods are a well-established paradigm in the software development field. Agile adoption has contributed to improving software quality. However, software products are vulnerable to security challenges and susceptible to cyberattacks. This study aims to improve security of software products when using an agile software development process. A multi-methods qualitative research approach was adopted in this study. First, we conducted semi-structured interviews with 23 agile practitioners having varied years of cybersecurity experiences. An approach informed by grounded theory methodology was adopted for data analysis. Second, we developed a novel practice-based agile software development process model derived from the results of the data analysis conducted. Third, we validated the model through a focus group comprising five senior agile cybersecurity professionals to evaluate its relevancy and novelty. The study has identified 26 security practices, organized into the six - software development life-cycle phases: planning, requirements, design, implementation, testing, and deployment. We have mapped the practices onto four swim lanes each representing an agile role. The self-organizing team is exclusively involved in three security practices, the security specialist in nine, penetration tester in one and the DevOps team collaborates on one with the security specialist. There are also seven practices that are collaboratively performed by the self-organizing team and the security specialist. Each of the practices in the model was examined during the validation phase of the study. There are two contributions in this study. First, the paper proposes a novel practice-based model comprising of 26 security practices mapped to agile roles. Second, we propose a new practice, in response to an observed lack of collaborative ceremonies, to disseminate awareness of and hence compliance with security standards.;"Agile Software Development;Secure Process Model;Multi-methods;Grounded theory;Cybersecurity";;2022 48th Euromicro Conference on Software Engineering and Advanced Applications (SEAA);IEEE;
ieee;;IEEE Conferences;Cargo-Cult Containerization: A Critical View of Containers in Modern Software Development;"T. Mikkonen; C. Pautasso; K. Systä; A. Taivalsaari";2022;10.1109/SOSE55356.2022.00017;https://ieeexplore.ieee.org/stamp/stamp.jsp?arnumber=9912622;Software is increasingly developed and deployed using containers. While the concept of a container is conceptually straightforward, there are various issues to be considered while using them, ranging from technical details inside containers to the orchestration of containers that jointly form a meaningful application. In recent years, the use of containers has become so prevalent that developers have a tendency to resort to cargo-cult containerization – ritual adherence to the use of containers just because so many others are doing the same thing. In this paper, we study advantages and downsides of containers in modern-day software development. We foresee the use of containers to spread into new areas, including IoT systems and embedded devices. At the same time, we caution against indiscriminate use of containers, since excessive containerization can have adverse impacts on software maintenance and overall complexity of a system architecture.;"Software design;design principles;continuous software engineering;DevOps;containerization;software containers;container orchestration";;2022 IEEE International Conference on Service-Oriented System Engineering (SOSE);IEEE;
ieee;;IEEE Conferences;Keynote: Designing Serverless Platforms to Support Emerging Applications;C. L. Abad;2022;10.1109/PerComWorkshops53856.2022.9775198;https://ieeexplore.ieee.org/stamp/stamp.jsp?arnumber=9775198;Serverless computing offerings from cloud providers have gained significant traction in recent years due to the advantages that these platforms bring with their flexible pricing models, built-in scalability, and minimal operational requirements. In a recent survey of serverless use cases, we found a wide variety of applications that depend on these services, including implementing the core functionality at the backend of mobile applications, automating the DevOps tasks of complex distributed applications, real-time processing of IoT streaming data, and scientific applications. To properly support these applications, the platforms should be fast, self-managing, and provide support for diverse QoS requirements. As a result, novel improvements to serverless platforms are rapidly being proposed and adopted. Evaluating these solutions necessitates application-based, workload-aware benchmarking tools that the community can rely on. This talk addresses these challenges and our research efforts on tackling them, presenting a performance engineering perspective about the current state and future challenges of serverless computing research. I will describe our solutions in autonomic resource management for serverless platforms, focusing on solutions that improve performance or reduce costs via scheduling, caching, and right-sizing of resources, along with our ongoing efforts in developing an application-driven serverless benchmark.;;;2022 IEEE International Conference on Pervasive Computing and Communications Workshops and other Affiliated Events (PerCom Workshops);IEEE;
ieee;;IEEE Conferences;Seamless Integration of DevOps Tools for Provisioning Automation of the IoT Application on Multi-Infrastructures;"H. E. Solayman; R. P. Qasha";2023;10.1109/ICCT56969.2023.10075814;https://ieeexplore.ieee.org/stamp/stamp.jsp?arnumber=10075814;The Internet of Things contains smart devices and tools that collect and communicate sensing data, with different processing capabilities. Due to the heterogeneous nature of IoT ecosystems, an IoT application should be distributed, portable, reusable, and managed automatically in heterogeneous environments. The integration of automated provisioning and orchestration is needed to achieve these features effectively, in order to reduce the response time and enhance the system performance. In this research, we propose and develop a new system to automate the provisioning and orchestration of IoT system components at various infrastructures such as Edge and Cloud. To achieve our goals, we present a seamless integration of DevOps orchestration tools for provisioning and orchestrating a container-based IoT application, which requires achieving two key milestones. The first step is to build CI, or quick, dependable, and systematic integrations. The second is to enable CD, automate deployment, and make it simple to test new code in environments similar to production.;"Provisioning;Orchestration;DevOps;CI/CD;TOSCA;Cloud;Edge";;2023 3rd International Conference on Intelligent Communication and Computational Techniques (ICCT);IEEE;
ieee;;IEEE Conferences;Monitoring Approach and Framework Development for System Tracking in IoT Devices;"G. Aktaş; E. Konukoğlu; Y. Aydın";2023;10.1109/ELECO60389.2023.10416017;https://ieeexplore.ieee.org/stamp/stamp.jsp?arnumber=10416017;This study presents a solution for real-time monitoring of Internet of Things (IoT) devices, allowing early detection of issues through customizable alarms. The developed library enables the tracking of systemic metrics and their transmission to external systems via webhooks. Leveraging DevOps system monitoring methods, this project effectively fulfills the monitoring needs of IoT devices. The library's modular structure allows for the addition of diverse metrics, enhancing the flexibility of system monitoring. Through this project, the timely tracking of metrics and alarms in the IoT domain has been accomplished, paving the way for proactive intervention and increased awareness of system status.;;;2023 14th International Conference on Electrical and Electronics Engineering (ELECO);IEEE;
ieee;;IEEE Conferences;DevOps for Cyber-Physical Systems: Objectives, Results and Lessons Learned from the Adeptness H2020 Project;"A. Arrieta; G. Sagardui; A. Agirre; W. Afzal; S. Ali";2023;10.1109/DSD60849.2023.00035;https://ieeexplore.ieee.org/stamp/stamp.jsp?arnumber=10456864;While most large web-based software systems (e.g., Amazon, Google) release a new software version every almost a minute, in the context of Cyber-Physical Systems (CPSs), this is still far. However, the software of CPSs needs to evolve while these are in operation to fix bugs, add new functionalities, carry out refactoring activities and deal with unforeseen situations that were discovered while the CPS was operating. In the last three years, the Adeptness project has been developing in a solution to help speedup the software release of CPSs that are in operation while guaranteeing their reliability. In this paper, we summarize the objectives, results and lessons learned from this H2020 project.;"Cyber-Physical Systems;DevOps;Uncertainty";;2023 26th Euromicro Conference on Digital System Design (DSD);IEEE;
ieee;;IEEE Conferences;Overcoming New Technologies Challenges in IoT Security Labs: Strategies for Effective Adaptation;"D. Simopoulos; A. Wolf";2023;10.23919/IFIPNetworking57963.2023.10186388;https://ieeexplore.ieee.org/stamp/stamp.jsp?arnumber=10186388;With IoT technology being widely implemented in crucial domains such as personal activity and health tracking or monitoring of critical technical processes, awareness for security risks has risen. First solutions for DevSecOps in IoT have been introduced in the past to detect typical programming flaws and the vulnerabilities they impose. With the increasing power and cheap availability of unlimited cloud resources, high speed networks and AI, new and more complex attacks seem feasible. In this paper we highlight these new threats and elaborate whether known approaches to IoT security are still sufficient or new strategies to fight the threats have to be developed. Furthermore, we present our approach to use the new technological possibilities in order to increase the power of security assessment and security tests for IoT.;"Internet of Things;Artificial Intelligence;6G;DevSecOps;Cyber-Security;Threat Modeling;Security Testing";;2023 IFIP Networking Conference (IFIP Networking);IEEE;
ieee;;IEEE Conferences;Optimized Decision Trees to Detect IoT Malware;"A. Jones; M. Omar";2023;10.1109/CSCE60160.2023.00290;https://ieeexplore.ieee.org/stamp/stamp.jsp?arnumber=10487575;The proliferation of the Internet of Things (IoT) devices has led to an increased risk of cyberattacks and malicious activities, including the spread of malware. To mitigate these risks, it is crucial to develop effective approaches for detecting IoT malware. In this study, we propose a framework for detecting IoT malware using optimized decision trees with AdaBoost. We use two widely used datasets, NSL-KDD and CICIDS2017, to evaluate the performance of the proposed framework. The framework includes feature selection and hyperparameter tuning to enhance the performance of the model. Our results show that the proposed framework achieves high accuracy, precision, recall, F1 score, and AUC-ROC in detecting malware attacks. However, the study also has limitations, such as the focus on network-level features and the limited evaluation on specific datasets. Future research can address these limitations by testing the proposed framework on more diverse datasets and exploring different machine learning algorithms and techniques. Overall, our study provides a promising approach to detect IoT malware and can contribute to the development of more robust and effective approaches for network intrusion detection.;"Decision trees;IoT malware;deep learning;KDD;CICDS;cyber-attacks;optimization;AdaBoost";;2023 Congress in Computer Science, Computer Engineering, & Applied Computing (CSCE);IEEE;
ieee;;IEEE Conferences;Implementing DevOps Practices in CPPS Using Microservices and GitOps;"I. Koren; F. Rinker; K. Meixner; M. Kröger; M. Zeng";2023;10.1109/ETFA54631.2023.10275433;https://ieeexplore.ieee.org/stamp/stamp.jsp?arnumber=10275433;As digitalization shapes Industry 4.0, integrating software engineering practices into the manufacturing domain becomes a key focus. DevOps is such a practice and methodology that enhances collaboration and automates processes in software development and IT operations. In previous work, we discussed challenges and opportunities of applying the DevOps paradigm in Cyber-Physical Production Systems (CPPS) engineering, which are complex systems that integrate physical components with computer-controlled operations. This paper instantiates our DevOps4CPPS framework, spotlighting the application of GitOps and microservices in a CPPS environment. A real-world case study from laser ultra short pulse manufacturing illustrates how the approach effectively addresses the inherent challenges of CPPS, boosting agility and operational performance, while reducing downtime. The paper provides guidance to researchers and practitioners on applying DevOps practices to CPPS, and suggests future research directions.;"DevOps;Cyber-Physical Production Systems;Microservices;GitOps";;2023 IEEE 28th International Conference on Emerging Technologies and Factory Automation (ETFA);IEEE;
ieee;;IEEE Conferences;Development of Artificial Intelligence Supported Tool for Anomaly Detection in Cloud Computing Systems;"G. Aktas; B. Ipek; E. Ali Konukoglu; Y. Aydin";2023;10.1109/ICECCE61019.2023.10442490;https://ieeexplore.ieee.org/stamp/stamp.jsp?arnumber=10442490;In the rapidly evolving landscape of Internet of Things (IoT) and Cloud systems, the complexity and scale of these technologies demand innovative solutions for efficient error detection and management. This paper proposes a robust framework for anomaly detection in cloud computing systems, emphasizing the critical role of automation and artificial intelligence (AI). The approach integrates Continuous Integration, Continuous Deployment (CICD) principles with AI-driven anomaly detection techniques to enhance system reliability and minimize risks. The study introduces a novel method employing one-dimensional convolutional layers and Autoencoder architecture to preprocess and analyze system metrics, enabling the development of an adaptive and customized anomaly detection system. The proposed framework is implemented through a Python-based agent, utilizing specific libraries and Continuous Integration/Continuous Deployment (CI/CD) processes executed via Jenkins. The agent is tested and deployed on Kubernetes, demonstrating its effectiveness in dynamic and complex environments. The results highlight the significance of iterative optimization, emphasizing continuous monitoring and adaptation for ensuring the robustness and reliability of cloud computing systems. This research contributes valuable insights into enhancing the efficiency of anomaly detection in large-scale cloud systems, paving the way for further advancements in the field of IoT and cloud technologies.;"cloud;artificial intelligent;monitoring;devops";;2023 International Conference on Electrical, Communication and Computer Engineering (ICECCE);IEEE;
ieee;;IEEE Conferences;Insights into an Emerging Software Methodology:DevOps;"S. Avadhuta; Vanshita; N. Kundu";2023;10.1109/ICCUBEA58933.2023.10391992;https://ieeexplore.ieee.org/stamp/stamp.jsp?arnumber=10391992;DevOps is an approach would that not only eradicates the endless series of concurrent activities but also maintain an effective Life Cycle of Software Development (SDLC). DevOps is characterized by fewer errors, more efficiency, and remarkable coordination. The goal of this paper is to establish the base as to what DevOps is and its benefits for current industries, and in what sectors we predict it to be further used in the forthcoming future. While also taking one important aspect of DevOps into perspective- Continuous Integration and Continuous Deployment (CI/CD), this paper highlights pipeline principles and automation along with DevOps tools/ enablers and the workflow/ lifecycle of DevOps.;"DevOps;Pipeline;Continuous Integration;Continuous Deployment;DevOps Tools";;2023 7th International Conference On Computing, Communication, Control And Automation (ICCUBEA);IEEE;
ieee;;IEEE Conferences;Qualitative Analysis for Validating IEC 62443-4-2 Requirements in DevSecOps;"C. Göttel; M. Kabir-Querrec; D. Kozhaya; T. Sivanthi; O. Vuković";2023;10.1109/ETFA54631.2023.10275637;https://ieeexplore.ieee.org/stamp/stamp.jsp?arnumber=10275637;Validation of conformance to cybersecurity standards for industrial automation and control systems is an expensive and time consuming process which can delay the time to market. It is therefore crucial to introduce conformance validation stages into the continuous integration/continuous delivery pipeline of products. However, designing such conformance validation in an automated fashion is a highly non-trivial task that requires expert knowledge and depends upon available security tools, ease of integration into the DevOps pipeline, as well as support for IT and OT interfaces and protocols.This paper addresses the aforementioned problem focusing on the automated validation of ISA/IEC 62443-4-2 standard component requirements. We present an extensive qualitative analysis of the standard requirements and the current tooling landscape to perform validation. Our analysis demonstrates the coverage established by the currently available tools and sheds light on current gaps to achieve full automation and coverage. Furthermore, we showcase for every component requirement where in the CI/CD pipeline stage it is recommended to test it and the tools to do so.;"cybersecurity;IEC 62443;DevOps;security testing;CI/CD;continuous integration";;2023 IEEE 28th International Conference on Emerging Technologies and Factory Automation (ETFA);IEEE;
ieee;;IEEE Conferences;Experimental Survey Results on Azure.DevOps Application for Management Student’s Projects;"A. C. Bento; D. A. C. Delgado; S. Camacho-Leon";2023;10.1109/IEEECONF56852.2023.10104593;https://ieeexplore.ieee.org/stamp/stamp.jsp?arnumber=10104593;This material presents the results of experimental studies carried out with the Azure.DevOps application in classrooms for computing projects between the years 2021 and 2022, in which the Agile and Scrum process models were applied, according to the needs of the project, the variables used in this research represent an assessment of students’ opinion, as well as the presentation of results according to their disciplines, innovation is represented by the use of this tool in internal disciplines of Instituto Tecnológico de Monterrey, presenting excellent results and satisfaction of the students. The results of this study allowed us to conclude on the efficiency of using the Azure.DevOps application in classrooms, allowing an empirical analysis to make decisions, the results presented were positive, allowing its application in classes for the computing area in which they need a project management to control student activities.;"projects;Azure DevOps;class;computing;education";;2023 Future of Educational Innovation-Workshop Series Data in Action;IEEE;
ieee;;IEEE Conferences;A Systematic Literature Review on Asterisk: Teach More than VoIP Communication;"L. P. Oliveira; G. A. do Nascimento";2023;10.1109/ICT60153.2023.10374064;https://ieeexplore.ieee.org/stamp/stamp.jsp?arnumber=10374064;Asterisk is a free and open-source software for telecommunication scenarios. It was created in 1999 and used by organizations of various types and sizes worldwide. It is software that can serve as the business infrastructure for telephony with different phone systems. This paper examines the relevance of this tool for teaching electrical engineering, computer science, and other areas. The study investigated the evolution, technologies, the benefits of learning it for students, and its applicability in practical activities to teach new concepts. The methodology of this study is a systematic review of searches in electronic repositories until 2020. The results found 3,221 documents, selecting 179 to extract data. The study identified several scenarios in hands-on exercises to improve knowledge skills in security, artificial intelligence, network quality, measurement, and programming. Furthermore, this research suggests that teachers can use the tool to motivate and engage students in learning about the latest network concepts, such as Software Defined Networks (SDN), Virtualization, the Internet of Things (IoT), and Blockchain.;"Asterisk;review;education;telecommunication;open-source";;2023 29th International Conference on Telecommunications (ICT);IEEE;
ieee;;IEEE Conferences;A Cost-effective High-throughput Testbed for Supporting AI-enabled DevSecOps Services;"U. Khamdamov; M. Usman; J. Kim";2023;10.1109/FiCloud58648.2023.00022;https://ieeexplore.ieee.org/stamp/stamp.jsp?arnumber=10410811;OF@TEIN Playground is a multi-site cloud with distributed edge nodes, which, while offering reduced application latency by processing data at the edge of the network, also introduces new security challenges. To ensure the continuous and secure operation of these nodes, the SmartX Multi-View Visibility and SmartX MultiSec frameworks were introduced. However, these frameworks have limitations regarding AI-powered security mechanisms. The recent surge in data and AI technologies has amplified the need for AI-based and data-driven smart services that can process large amounts of real-time data and provide actionable insights to users. In particular, AI-inspired DevSecOps services can be highly effective in enhancing cybersecurity of the OF@TEIN Playground. However, developing and deploying these services at scale can be a challenge, due to the high costs associated with procuring and maintaining the necessary hardware and software resources. Therefore, this work aims to upgrade the OF@TEIN Playground to flexibly support cloud based AI-inspired DevSecOps services and to adequately meet the current and future demands of playground users. The results show that our effort has resulted in a more reliable, cost-effective, and flexible edge computing research and experimentation testbed.;"SmartX Playground;Artificial Intelligence (AI);DevSecOps;Edge Clouds;Testbed;GPU Utilization";;2023 10th International Conference on Future Internet of Things and Cloud (FiCloud);IEEE;
ieee;;IEEE Conferences;Cost-Optimized Microservice Deployment for IoT Application in Cloud-Edge Collaborative Environment;"X. Zhang; B. Tang; Q. Yang; W. Xu; F. Guo";2023;10.1109/CSCWD57460.2023.10152549;https://ieeexplore.ieee.org/stamp/stamp.jsp?arnumber=10152549;With the popularity of cloud native and DevOps, container technology is widely used and combined with microservices. The deployment of container-based microservices in distributed cloud-edge infrastructure requires suitable strategies to ensure the quality of service for users. However, the existing container orchestration tools cannot flexibly select the best deployment location according to the user’s cost budget, and are insufficient in personalized deployment solutions. From the perspective of application providers, this paper considers the location distribution of users, application dependencies, and server price differences, and proposes a genetic algorithm-based Internet-of-Things (IoT) application deployment strategy for personalized cost budgets. The application deployment problem is defined as an optimization problem that minimizes user service latency under cost constraints. This problem is an NP-hard problem, and genetic algorithm is introduced to solve the optimization problem effectively and improve the deployment efficiency. The proposed algorithm is compared with four baseline algorithms, Time-Greedy, Cost-Greedy, Random and PSO, using real datasets and some synthetic datasets. The results show that the proposed algorithm outperforms other competing baseline algorithms.;"Edge Computing;IoT Application;Microservice Deployment;Container;Genetic Algorithm";;2023 26th International Conference on Computer Supported Cooperative Work in Design (CSCWD);IEEE;
ieee;;IEEE Conferences;A Brief History of Liquid Software;C. Pautasso;2023;10.1109/EDGE60047.2023.00058;https://ieeexplore.ieee.org/stamp/stamp.jsp?arnumber=10234252;The concept of liquid software, i.e., software with flexible deployment, over the past two decades has appeared in the fields of edge computing, Internet of Things (IoT), Human-Computer Interaction, DevOps and Web engineering. In this paper, we survey, compare, and provide a comprehensive definition of liquid software by analyzing how the metaphor has been used in existing literature and identifying gaps and inconsistencies in the current vs. past understanding of the concept. Overall, liquid software can be seamlessly deployed and redeployed within a dynamic and distributed runtime environment in response to changes applied to the set of available devices and to the software itself. Liquid software has been introduced in the context of active networks and intelligent environments, it has been applied to describe the user interaction with multi and cross-device user interfaces, it has found a promising foundation in Web technology, continuous software delivery pipelines, as well as isomorphic software architectures running across the IoT, edge and Cloud continuum.;"Liquid Software;Software Deployment;Isomorphic Software Architecture;Continuum;Liquid User Experience;Multi-Device User Interface;Cross-Device User Interface";;2023 IEEE International Conference on Edge Computing and Communications (EDGE);IEEE;
ieee;;IEEE Conferences;Challenges and Opportunities of DevOps in Cyber-Physical Production Systems Engineering;"I. Koren; F. Rinker; K. Meixner; J. Matevska; J. Walter";2023;10.1109/ICPS58381.2023.10128073;https://ieeexplore.ieee.org/stamp/stamp.jsp?arnumber=10128073;DevOps is a set of practices that combines software development and operations to enable a continuous software product life cycle to improve the quality of software systems. Although DevOps is considered successful for typical software systems, it has not yet been widelyadopted in the area of - Physlcal Production Systems (CPPSs) that integrate physical components with computer-based control and communication systems. Related to industrial settings, many new challenges arise, like long-term investments, missing flexibility in asset-heavy production environments, and the inherent physicality of hardware. This paper examines the use of the DevOps methodology in the manufacturing domain. It identifies and discusses the unique challenges and describes first solution proposals to overcome those challenges, based on literature and experiences from the industry. The article provides useful guidance to researchers and practitioners on potential pitfalls and exciting opportunities.;"DevOps;Continuous Integration;Digital Transformation;Cyber-Physical Production Systems Engineering;Research Challenges";;2023 IEEE 6th International Conference on Industrial Cyber-Physical Systems (ICPS);IEEE;
ieee;;IEEE Conferences;Model-Based DevOps: Foundations and Challenges;"B. Combemale; J. -M. Jézéquel; Q. Perez; D. Vojtisek; N. Jansen; J. Michael; F. Rademacher; B. Rumpe; A. Wortmann; J. Zhang";2023;10.1109/MODELS-C59198.2023.00076;https://ieeexplore.ieee.org/stamp/stamp.jsp?arnumber=10350755;Time-to-market and continuous improvement are key success indicators to deliver for Industry 4.0 Cyber-Physical Systems (CPSs). There is thus a growing interest in adapting DevOps approaches coming from software systems to CPSs. However, CPSs are made not only of software but also of physical parts that need to be monitored at runtime. In this paper, we claim that Model-Driven Engineering can facilitate DevOps for CPSs by automatically connecting a CPS design model to its runtime monitoring, in the form of a digital twin.;"DevOps;digital twins;evolution of engineering models;models at runtime;self-adaptation;model-based software engineering";;2023 ACM/IEEE International Conference on Model Driven Engineering Languages and Systems Companion (MODELS-C);IEEE;
ieee;;IEEE Conferences;Design Concepts of the ASSIST-IoT Smart Orchestrator for Managing the Realization of NGIoT Systems;"A. Fornes-Leal; F. M. Biot; R. Vaño; R. R. Simón; P. Szmeja; I. Lacalle; C. E. Palau";2023;10.1109/WF-IoT58464.2023.10539440;https://ieeexplore.ieee.org/stamp/stamp.jsp?arnumber=10539440;This paper presents the design of the ASSIST-IoT's smart orchestrator. This solution aims at controlling the lifecycle of next-generation IoT enablers in distributed, multi-cluster environments, easing the communication of such enablers and increasing the overall network security. The presented high-level architecture is based on three main design concepts: cloud-nativeness, encapsulation, and automation. A preliminary realization of such architecture is described, along with some graphical interfaces specifically developed to manage it. Its practical use has served for validating its expected performance, allowing the instantiation and communication of enablers in Kubernetes-based distributed ecosystems, and has shown some potential areas of improvement: better support to broader number of use cases, optimization of installation procedures considering a unique packaging format, and enabling the integration of DevOps tools for both automated system and enablers' upgrading.;"orchestration;NGIoT;virtualization;Kubernetes";;2023 IEEE 9th World Forum on Internet of Things (WF-IoT);IEEE;
ieee;;IEEE Conferences;Osmotic Computing: A New Paradigm for Edge/Cloud Integration;M. Villari, M. Fazio, S. Dustdar, O. Rana and R. Ranjan;2016;10.1109/MCC.2016.124;https://ieeexplore.ieee.org/document/7802525;"Osmotic computing is a new paradigm to support the efficient execution of Internet of Things (IoT) services and applications at the network edge. This paradigm is founded on the need for a holistic distributed system abstraction enabling the deployment of lightweight microservices on resource-constrained IoT platforms at the network edge, coupled with more complex microservices running on large-scale datacenters. This paradigm is driven by the significant increase in resource capacity/capability at the network edge, along with support for data transfer protocols that enable such resources to interact more seamlessly with datacenter-based services. This installment of ""Blue Skies"" discusses osmotic computing features, challenges, and future directions.";;;;;
ieee;;IEEE Conferences;IntelligentMonitor: Empowering DevOps Environments with Advanced Monitoring and Observability;P. Thantharate;2023;10.1109/ICIT58056.2023.10226123;https://ieeexplore.ieee.org/stamp/stamp.jsp?arnumber=10226123;In the dynamic field of software development, De-vOps has become a critical tool for enhancing collaboration, streamlining processes, and accelerating delivery. However, monitoring and observability within DevOps environments pose significant challenges, often leading to delayed issue detection, inefficient troubleshooting, and compromised service quality. These issues stem from DevOps environments' complex and ever-changing nature, where traditional monitoring tools often fall short, creating blind spots that can conceal performance issues or system failures. This research addresses these challenges by proposing an innovative approach to improve monitoring and observability in DevOps environments. Our solution, Intelligent-Monitor, leverages realtime data collection, intelligent analytics, and automated anomaly detection powered by advanced tech-nologies such as machine learning and artificial intelligence. The experimental results demonstrate that IntelligentMonitor effectively manages data overload, reduces alert fatigue, and improves system visibility, thereby enhancing performance and reliability. For instance, the average CPU usage across all components showed a decrease of 9.10%, indicating improved CPU efficiency. Similarly, memory utilization and network traffic showed an average increase of 7.33% and 0.49%, respectively, suggesting more efficient use of resources. By providing deep insights into system performance and facilitating rapid issue resolution, this research contributes to the DevOps community by offering a comprehensive solution to one of its most pressing challenges. This fosters more efficient, reliable, and resilient software development and delivery processes.;"DevOps Monitoring;Intelligent Monitor;Observability in Distributed Systems;Intelligent Analytics;Anomaly Detection;Performance and Reliability Improvements";;2023 International Conference on Information Technology (ICIT);IEEE;
ieee;;IEEE Conferences;DevOps for Edge Computing: Challenges and Solutions;"S. i. Abbas; M. Singh";2023;10.1109/ICPCSN58827.2023.00213;https://ieeexplore.ieee.org/stamp/stamp.jsp?arnumber=10266227;This research work explores the challenges and solutions of implementing DevOps for Edge Computing. It provides an overview of DevOps principles and practices, as well as the characteristics of Edge Computing. The integration of DevOps and Edge Computing is discussed, highlighting the benefits and challenges. The study addresses the challenges of implementing DevOps for Edge Computing, including specialized skills, limited resources, and complex infrastructure. The research methodology section describes the design, approach, and data collection and analysis methods. Case studies and examples are included to illustrate the challenges and proposed solutions. The results and analysis section presents an overview of the collected data and findings, indicating that implementing DevOps for Edge Computing can improve development speed, efficiency, and reliability. The conclusion summarizes the research findings, their implications, limitations, and recommendations for future research. Overall, this research work provides valuable insights into the challenges and solutions associated with implementing DevOps for Edge Computing.;"DevOps;Edge Computing;Challenges;Solutions;Integration;Best Practices";;2023 3rd International Conference on Pervasive Computing and Social Networking (ICPCSN);IEEE;
ieee;;IEEE Conferences;A Triple-Tap Hybrid Load Balancing System (TTHLB) for Health Monitoring System;"S. Ponnapalli; R. R. Dornala; S. P. Vallabaneni";2023;10.1109/I-SMAC58438.2023.10290416;https://ieeexplore.ieee.org/stamp/stamp.jsp?arnumber=10290416;With the rapid development in innovation and a rising need for efficient healthcare services, innovative approaches to healthcare system design are required. In recent years, integrating cloud computing, edge computing, and fog computing has emerged as a promising solution to enhance the efficiency and effectiveness of healthcare systems. The paper proposes a triple-tap hybrid load balancing method (TTHLB) that leverages the capabilities of cloud computing, edge computing, and fog computing to provide seamless and efficient healthcare services. The TTHLB architecture comprises three layers: the cloud layer, the edge layer, and the fog layer. The cloud layer is the central repository for storing and processing large volumes of healthcare data. It provides on-demand access to computational resources and supports advanced data analytics techniques for decision-making and predictive analysis. The edge layer, consisting of edge devices such as wearable’s and sensors, collects real-time patient data and performs initial data processing. It enables real-time monitoring, early detection of health issues, and timely intervention. Between the cloud and edge layers, the fog layer acts as an intermediate data processing and storage layer. It reduces latency and bandwidth requirements by performing data processing closer to the edge devices. The TTHLB leverages the benefits of cloud computing, such as scalability, flexibility, and cost-effectiveness, by offloading resource-intensive tasks to the cloud layer. It also utilizes the capabilities of edge and fog computing to provide low-latency, real-time data processing and analysis, ensuring timely and personalized healthcare services. Integrating these computing paradigms enables seamless data exchange and collaboration among healthcare providers, patients, and other stakeholders, improving diagnosis, treatment, and patient outcomes. Finally, the TTHLB presented in this research work provides a comprehensive solution to traditional healthcare systems' challenges. It uses cloud, edge, and fog computing to deliver efficient, personalized, and timely healthcare services. The TTHLB can transform the healthcare industry and improve overall patient care quality.;"Fog computing;Cloud computing;Edge computing;A Triple-Tap Hybrid Load Balancing System (TTHLB)";;2023 7th International Conference on I-SMAC (IoT in Social, Mobile, Analytics and Cloud) (I-SMAC);IEEE;
ieee;;IEEE Conferences;CI-CD Workflow For Embedded System Design;"M. Talekar; V. K. Harpale";2023;10.1109/ICCUBEA58933.2023.10392168;https://ieeexplore.ieee.org/stamp/stamp.jsp?arnumber=10392168;Current hot topics in software development include continuous integration (CI) and continuous delivery (CD) [3]. As quality and stability are crucial components of embedded systems, several methodologies and tools are utilized to produce embedded software more quickly [4]. Developers receive feedback on their changes immediately after committing code when CI is effectively implemented, and issues are repaired more quickly. However, for many embedded systems, the use of CI is constrained by a lack of hardware and complexity. Using a virtual platform and simulation techniques, it is feasible to run code meant for even deeply embedded target systems on standard PCs and servers. This enables an effective CI solution that is both more versatile and less expensive than just depending on hardware[3]. By taking into account hardware dependencies and interface constraints, certain ways have been proposed, such as: Automating continuous integration to minimize build and test times, Static code analysis to examine the code's structure and find abnormalities that lead to actual bugs, Automated continuous deployment and Automate the deployment process to analyze drastically reduce the time and enable faster feedback [4].;"Continuous Integration;Continuous Delivery;Design Under Test;Hardware In Loop";;2023 7th International Conference On Computing, Communication, Control And Automation (ICCUBEA);IEEE;
ieee;;IEEE Conferences;Investigating the Impact of Containerization on the Deployment Process in DevOps;"M. Narasimhulu; D. V. Mounika; P. Varshini; A. K; T. R. K. Rao";2023;10.1109/ICECAA58104.2023.10212240;https://ieeexplore.ieee.org/stamp/stamp.jsp?arnumber=10212240;This research investigates the impact of containerization on the deployment process in DevOps. Containerization is a technology that enables developers to package their applications and dependencies into lightweight, portable containers that can run anywhere. This study aims to explore how containerization affects various aspects of the deployment process, such as speed, consistency, portability, scalability, and security. Through a comprehensive review of existing literature and case studies, the study identifies the benefits and challenges of using containers in DevOps and highlights best practices and security considerations for organizations adopting containerization. The research findings provide insights into how containerization can improve the deployment process in DevOps, enabling organizations to make informed decisions about incorporating containerization into their software development and deployment workflows.;"Containerization;DevOps;Deployment process;Orchestration;Scalability";;2023 2nd International Conference on Edge Computing and Applications (ICECAA);IEEE;
ieee;;IEEE Conferences;InSECTS Cloud Agnostic On-Orbit Processing for Satellite Development;"A. G. Obst; J. Eng; R. A. Decker; H. McNamara; A. Knuth; L. Becker";2023;10.1109/AERO55745.2023.10115658;https://ieeexplore.ieee.org/stamp/stamp.jsp?arnumber=10115658;Interplanetary Simulation Environment for Communication and Thermal Subsystems (InSECTS) is an environment designed to support rapid prototyping of spacecraft containerized software on-orbit. The InSECTS digital architecture was developed to support NASA/JHU-APL Dragonfly autonomous software development and proliferated space-based containerized processing at Johns Hopkins Whiting School of Engineering. Processing needs for deep space, scientific, and National Security spacecraft software are continually evolving to support exceedingly diverse mission requirements. As a result of this evolution, Spacecraft software engineers require a pathway for rapidly testing, updating, and deploying software to on-orbit cloud processing clusters in an economical and responsible way. InSECTS supports this need by providing a low-cost prototype of an on-orbit processing architecture affording developers the capability to test and deploy cloud-based software to operational spacecraft, while mitigating the risks involved with traditional space system development. The InSECTS digital architecture supports any open-source initiative compliant containerized application on a hardware agnostic distributed Commercial Off the Shelf (COTS) computing environment. Additionally, by utilizing preexisting container orchestration software the environment is inherently redundant across multiple independent processing suites. Finally, InSECTS design is configurable which allows it to function as a payload on a small satellite or as its own microsatellite. The InSECTS cloud-agnostic ground system is accessible with Internet of Things (IoT) devices and has a Development Operations (DEVOPS) pipeline that supports open-source software code development. This gives engineers and researchers building software the ability to write, integrate, and deploy software containers into the InSECTS environment using development tools broadly accessible across the industry. To verify these technical solutions, an InSECTS prototype was demonstrated at Johns Hopkins University by deploying an autonomy software cluster able to control a thermal control system model designed after the NASA/APL Dragonfly thermonuclear generator. As a result of this successful test, further InSECTS development at Johns Hopkins is planned and may include a functional small satellite for on-orbit testing. This satellite would provide a testbed for containerized processing in the space environment utilizing COTS hardware for cloud-agnostic software deployments capable of supporting the diverse processing requirements of future National Security and deep space systems.;;;2023 IEEE Aerospace Conference;IEEE;
ieee;;IEEE Conferences;Continuous Integration and Continuous Delivery with Microcontrollers Applications;"F. G. Tinetti; A. A. Santi; M. Méndez";2023;10.1109/CSCI62032.2023.00179;https://ieeexplore.ieee.org/stamp/stamp.jsp?arnumber=10590376;This paper presents an approach to streamline the software development process using microcontrollers via a popular practice of recent years: CI/CD (Continuous Integration/ Continuous Delivery or Deployment). Essentially, this practice involves automating different stages of the development process to save time, such as building, testing, and subsequent deployment. By doing so, a system is created to work smoothly and continuously, partially relieving developers of tasks that can be automated. Our approach involves the design and implementation of a compact server for interacting with various agents/tasks related to microcontrollers-based applications development. Thus, the created system is capable of automating at least a portion of the software development process, ultimately providing significant advantages for microcontrollers applications programmers.;"Microcontrollers;ESP32;CI/CD;Arduino;Over-The-Air (OTA) Updates;Distributed Systems;Real-Time Systems";;2023 International Conference on Computational Science and Computational Intelligence (CSCI);IEEE;
ieee;;IEEE Conferences;Weight based Load Balancing in Kubernetes using AWS;"S. B; K. T; N. R. G; N. S; J. Noronha";2023;10.1109/IDCIoT56793.2023.10053466;https://ieeexplore.ieee.org/stamp/stamp.jsp?arnumber=10053466;Kubernetes is a container orchestration system to automate software deployment,scaling and management of containers. Kubernetes offers Load Balancer service to distribute external traffic to the pods.Load balancing is the process of distributing network traffic across multiple servers and prevent a single server from being overloaded. This article has discussed about the existing load balancing algorithms and different performance met that affects the load balancing. Canary releases helps to deploy applications or services to a small percentage of users which minimizes the scope, impact, and risk associated with introducing new software assets into production.To implement a weight-based load balancer in Kubernetes using AWS, an healthy Kubernetes cluster is deployed in the AWS. An automated canary deployment approach is utilized, to distribute traffic based on weights assigned to the services. Linkerd and Flagger traffic split functionality helps to dynamically switch the traffic across services. Deployed sample applications, primary version and canary version in the cluster and configured weights of the application. The load balancer shifts the traffic from 10% ,100% with the step size of 10% to Canary version. All the target environment can be updated with small increments such as 10%, 25%, 75%, and 100% traffic load increments.;"Devops;Cloud Computing;Amazon Web services;Canary deployment;Kubernetes;LoadBalancer;Linkerd;Flagger";;2023 International Conference on Intelligent Data Communication Technologies and Internet of Things (IDCIoT);IEEE;
ieee;;IEEE Conferences;A Microservices Identification Method Based on Spectral Clustering for Industrial Legacy Systems;"T. Zhong; Y. Teng; S. Ma; J. Chen; S. Yu";2023;10.1109/GCWkshps58843.2023.10464508;https://ieeexplore.ieee.org/stamp/stamp.jsp?arnumber=10464508;The advent of Industrial Internet of Things (IIoT) has imposed more stringent requirements on industrial software in terms of communication delay, scalability, and maintainability. Microservice architecture (MSA), a novel software architecture that has emerged from cloud computing and DevOps, presents itself as the most promising solution due to its independently deployable and loosely coupled nature. Currently, practitioners are inclined to migrate industrial legacy systems to MSA, despite numerous challenges it presents. In this paper, we propose an automated microservice decomposition method for extracting microservice candidates based on spectral graph theory to address the problems associated with manual extraction, which is time-consuming, labor-intensive, and highly subjective, The method is divided into three steps. Firstly, static and dynamic analysis tools are employed to extract dependency information of the legacy system. Subsequently, information is transformed into a graph structure that captures inter-class structure and performance relationships in legacy systems. Finally, graph-based clustering algorithm is utilized to identify potential microservice candidates that conform to the principles of high cohesion and low coupling. Comparative experiments with state-of-the-art methods demonstrate the significant advantages of our proposed method in terms of performance metrics. Moreover, Practice show that our method can yield favorable results even without the involvement of domain experts.;"Industrial Networks;Microservice Architecture;Program Analysis;Spectral Clustering;Cloud Computing";;2023 IEEE Globecom Workshops (GC Wkshps);IEEE;
ieee;;IEEE Conferences;"""Unleashing the Potential of Grafana: A Comprehensive Study on Real-Time Monitoring and Visualization""";"A. Mehdi; M. K. Bali; S. I. Abbas; M. Singh";2023;10.1109/ICCCNT56998.2023.10306699;https://ieeexplore.ieee.org/stamp/stamp.jsp?arnumber=10306699;Grafana is a powerful and widely adopted open-source tool designed for real-time monitoring and visualization purposes. Its extensive features and functionalities empower organizations to create interactive and customizable dashboards, enabling them to monitor and analyze data from a multitude of sources in real-time. One of the key strengths of Grafana lies in its ability to integrate and visualize data from diverse systems. Whether it's servers, databases, IoT devices, or business applications, Grafana provides a unified platform for consolidating and visualizing data from these sources. This allows users to gain holistic insights into their infrastructure, applications, and business metrics. The user-friendly interface of Grafana makes it accessible to users with varying technical backgrounds. Its intuitive design enables users to easily configure and customize dashboards, selecting the most relevant visualizations and arranging them to suit their specific monitoring needs. This flexibility makes Grafana a versatile solution across multiple domains, including IT operations, DevOps, business intelligence, and IoT monitoring. Efficiency, performance optimizations, and scalability are key considerations in Grafana's design.;"Grafana;DevOps;Monitoring;Operations";;2023 14th International Conference on Computing Communication and Networking Technologies (ICCCNT);IEEE;
ieee;;IEEE Conferences;MLOps: Automatic, Zero-Touch and Reusable Machine Learning Training and Serving Pipelines;"D. Panchal; I. Baran; D. Musgrove; D. Lu";2023;10.1109/IoTaIS60147.2023.10346079;https://ieeexplore.ieee.org/stamp/stamp.jsp?arnumber=10346079;Due to increased interest in Machine Learning, Deep Learning and AI and easy availability of ML toolk-its/libraries/ frameworks as well as talent that has ML skillsets and know-how to use these ML tools, Machine learning model building has become easier and is now being employed to solve a variety of problems across different fields. But when the time comes to be able to take these ML/DL models to production i.e., integrate them with business applications, it is often a challenge. This is due to the many skillsets in software development, cloud, DevOps, system design, data engineering, that this requires. Furthermore, we see that ML engineers or data scientists and software developers often work in silos to make locally optimum decisions without thinking about how the model is going to be used in production, how it is going to be trained on fresh new incoming data and how and when it is going to be replaced with a new better model. In short, most of the time, there is no plan for how models will behave when in production nor any automatic pipelines to manage them. This leads to lots of difficulty in productionalizing the ML models and leads to wasted time and effort. We we will demonstrate how we can take an ML model to production very easily using components from the Acumos AI project and do much more by creating zero-touch i.e., automatic and reusable ML model training and ML model serving pipelines and reusable model infrastructures using Acumos and Nifi. We will create a Cloud Forensics ML model, productionalize it and show how it can be consumed in a business application.;"Acumos;Machine Learning;Deep Learning;MLOps;Platform;ML Pipelines;Microservices;Nifi;Reusable ML;Open Source;AI4EU";;2023 IEEE International Conference on Internet of Things and Intelligence Systems (IoTaIS);IEEE;
ieee;;IEEE Conferences;A Study on the Paradigm Shift in the Validation of Automated Vehicles;"T. Düser; D. Fischer; J. Freyer";2023;10.1109/IAVVC57316.2023.10328076;https://ieeexplore.ieee.org/stamp/stamp.jsp?arnumber=10328076;Due to the increasing level of automation in vehicles, the complexity of the interaction between the vehicle and its surrounding systems is increasing towards a system of systems (SoS). At the same time, the amount of software in the vehicle is expanding, which entails development paradigms for software development. Current validation strategies are no longer suitable for efficient and effective approval of these vehicles. Hence, this paper identifies important challenges in the context of validation and proposes initial solutions.;"validation;cyber-physical systems;credibility;autonomous driving;CI/CD";;2023 IEEE International Automated Vehicle Validation Conference (IAVVC);IEEE;
ieee;;IEEE Conferences;RobotKube: Orchestrating Large-Scale Cooperative Multi-Robot Systems with Kubernetes and ROS;"B. Lampe; L. Reiher; L. Zanger; T. Woopen; R. van Kempen; L. Eckstein";2023;10.1109/ITSC57777.2023.10422370;https://ieeexplore.ieee.org/stamp/stamp.jsp?arnumber=10422370;Modern cyber-physical systems (CPS) such as Cooperative Intelligent Transport Systems (C-ITS) are increasingly defined by the software which operates these systems. In practice, microservice architectures can be employed, which may consist of containerized microservices running in a cluster comprised of robots and supporting infrastructure. These microservices need to be orchestrated dynamically according to ever changing requirements posed at the system. Additionally, these systems are embedded in DevOps processes aiming at continually updating and upgrading both the capabilities of CPS components and of the system as a whole. In this paper, we present RobotKube, an approach to orchestrating containerized microservices for large-scale cooperative multi-robot CPS based on Kubernetes. We describe how to automate the orchestration of software across a CPS, and include the possibility to monitor and selectively store relevant accruing data. In this context, we present two main components of such a system: an event detector capable of, e.g., requesting the deployment of additional applications, and an application manager capable of automatically configuring the required changes in the Kubernetes cluster. By combining the widely adopted Kubernetes platform with the Robot Operating System (ROS), we enable the use of standard tools and practices for developing, deploying, scaling, and monitoring microservices in C-ITS. We demonstrate and evaluate RobotKube in an exemplary and reproducible use case that we make publicly available at github.com/ika-rwth-aachen/robotkube.;;;2023 IEEE 26th International Conference on Intelligent Transportation Systems (ITSC);IEEE;
ieee;;IEEE Conferences;Enhancing Intrusion Prevention with Explainable Convolutional Neural Networks: Recent Developments and Promising Applications;"A. Chitnis; P. Chandre; S. Pathan";2023;10.1109/ICCES57224.2023.10192764;https://ieeexplore.ieee.org/stamp/stamp.jsp?arnumber=10192764;The proliferation of cyberattacks in recent years has led to an increased demand for effective intrusion prevention systems (IPS). Convolutional Neural Networks (CNNs) have shown promise in improving the accuracy of IPS, but their lack of interpretability hinders their wider adoption. Explainable AI (XAI) techniques have emerged to address this issue, allowing users to understand the reasoning behind a model's predictions. This survey paper provides an overview of recent developments in enhancing IPS with XAI techniques in CNNs. This study reviews state-of-the-art research on integrating interpretability into CNN models, including methods such as attention mechanisms, saliency maps, and LIME. Also, this study discusses about the promising applications of CNN-based IPS with XAI, including network traffic analysis, malware detection, and anomaly detection. Finally, we highlight some of the challenges and opportunities for future research in this area, including the need for standardized evaluation metrics and the potential for combining XAI techniques with other AI methods such as reinforcement learning. Overall, this survey paper aims to provide a comprehensive understanding of the recent advances in using CNNs with XAI for enhancing IPS, and to identify promising directions for future research in this field.;"convolutional neural networks;intrusion prevention systems;XAI";;2023 8th International Conference on Communication and Electronics Systems (ICCES);IEEE;
ieee;;IEEE Conferences;Professional and 21st Century Skills for Data Driven Digital Economy;"Y. Demchenko; V. Degeler; A. Oprescu; S. Brewer";2023;10.1109/EDUCON54358.2023.10125263;https://ieeexplore.ieee.org/stamp/stamp.jsp?arnumber=10125263;Emerging data driven digital economy and Industry 4.0 transforms all sectors including industry, research and business. It requires new types of the general workforce and specialists that can effectively use digital and data technologies, variety of tools and global infrastructure services, and are capable for personal skills management and self-study. The paper provides an overview of the existing frameworks for competences, skills and qualifications that sets up a baseline for further research and definition of the skills for emerging data driven digital economy. The paper analyses the general profile of the modern agile data driven companies, their culture and required competences. The paper shares the experience of introducing professional and 21st Century skills in the bachelor and master courses. The project based learning model is proven to be effective in this cases combining the student initiative and self-organisation given the well defined course objectives and reporting requirements.;"21st Century Skills;Professional Skills: Agile Data Driven Enterprise;Technology Education;Software Engineering;Digital and Data Skills;DevOps;Design Thinking;Data Centric Thinking";;2023 IEEE Global Engineering Education Conference (EDUCON);IEEE;
ieee;;IEEE Conferences;Bolstering the Mobile Cloud: Addressing Emerging Threats and Strengthening Multi-Layered Defenses for Robust Mobile Security;S. V. Ilapakurthy;2023;10.1109/IOTSMS59855.2023.10325824;https://ieeexplore.ieee.org/stamp/stamp.jsp?arnumber=10325824;The proliferation of mobile devices as the primary computing platform for billions of users worldwide introduces escalating security threats, especially as mobile interactions with sensitive data and cloud services increase. This paper provides an analysis of emerging mobile security issues including malware stealing credentials and data from mobile cloud services, lower-level operating system and hardware vulnerabilities enabling exploits on mobile cloud confidentiality and integrity, weaknesses in mobile apps enabling attacks, and rising user privacy risks from excessive tracking. Current security limitations are also reviewed, including signature-based malware detection, coarse-grained access control, and fragmented visibility across the mobile ecosystem. An integrated cross-layer security strategy is proposed combining formal verification of critical mobile components, pervasive hardware-anchored security, intelligence-driven malware adaptation, robust devsecops processes, and coordinated defense visibility. As mobile continues dominating personal and enterprise computing, constructing resilient security foundations through research and awareness of mobile security issues and countermeasures is imperative for realizing the potential of mobile cloud computing.;"Mobile security;Mobile malware;Mobile vulnerabilities;Mobile exploits;Mobile cloud computing;Mobile hardware security;Advanced mobile defenses;Integrated security strategies";;2023 10th International Conference on Internet of Things: Systems, Management and Security (IOTSMS);IEEE;
ieee;;IEEE Conferences;Utilization of Kubeflow for Deploying Machine Learning Models Across Several Cloud Providers;"K. S. Gill; V. Anand; R. Chauhan; R. Rawat; P. -A. Hsiung";2023;10.1109/SMARTGENCON60755.2023.10442069;https://ieeexplore.ieee.org/stamp/stamp.jsp?arnumber=10442069;Kubeflow is a global machine learning platform that is open-source in nature. Its primary objective is to streamline the process of deploying, managing, and scaling machine learning (ML) and deep learning (DL) workflows. This platform is specifically built to operate on Kubernetes, which is a widely used container orchestration platform. Kubeflow offers a comprehensive platform for managing machine learning operations (MLOps), facilitating efficient collaboration across data scientists, ML engineers, and DevOps teams at every stage of the machine learning lifecycle. The use of Kubernetes' containerization capabilities facilitates the establishment of a portable and scalable environment specifically designed for innovative machine learning applications. The objective of this study is to investigate the procedure of installing Machine Learning models on Kubernetes by using Kubeflow, an open-source technology recognised as an end-to-end ML Stack orchestration toolkit. In this study, development of comprehensive Machine Learning models is done using Kubeflow in the form of pipelines. Then many aspects of the tool are analysed, including the simplicity of its setup, the deployment of models, their performance, restrictions, and features. This project aims to serve as a seminar or introduction report, providing assistance to vanilla cloud/Kubernetes users who possess no prior knowledge of Kubeflow. The objective is to guide them in using Kubeflow for the deployment of machine learning models. This research provides comprehensive information and analytics on the performance of Kubeflow, including many aspects such as the setup on multiple cloud platforms and the deployment of our trained model for serving over the internet.;"Data Science;Kubeflow;Kserve;Kubernetes;Docker;Machine Learning;Deep Learning;Artificial Intelligence";;2023 3rd International Conference on Smart Generation Computing, Communication and Networking (SMART GENCON);IEEE;
ieee;;IEEE Conferences;Exploring Solutions for Container Image Security;"F. Campo; H. Wang; J. Coffman";2023;10.1109/UEMCON59035.2023.10316032;https://ieeexplore.ieee.org/stamp/stamp.jsp?arnumber=10316032;Guided by NIST’s Application Container Security Guide, we explore workflows to address container image vulnerabilities that have known fixes. The approach stems from the idea that a DevOps team should always build container images that meet a specified security standard.We outline a blueprint that leverages a vulnerability scanner to establish a baseline of security issues and reduces that list via an automated patching process. We target popular images in common use: scanning each image identifies potential vulnerabilities and misconfigurations, and we compare the results of our automated pipeline against both the original image and a manually patched one. Through our work, we identified technical barriers to patching fixable vulnerabilities in off-the-shelf (OTS) images, a lack of accountability for badges used by popular container registries, and that responsibility for container security falls heavily on the shoulders of users.;"containers;images;container registry;vulnerability analysis;Docker;Trivy";;2023 IEEE 14th Annual Ubiquitous Computing, Electronics & Mobile Communication Conference (UEMCON);IEEE;
ieee;;IEEE Conferences;Evaluating the Performance of Containerized Webservers against web servers on Virtual Machines using Bombardment and Siege;"D. Ukene; H. Wimmer; J. Kim";2023;10.1109/SERA57763.2023.10197818;https://ieeexplore.ieee.org/stamp/stamp.jsp?arnumber=10197818;Containerization is becoming an increasingly common aspect of DevOps. Adding a container layer increases the complexity and could impact system performance. This study explores the performance differences of the Apache and Nginx web servers on Virtual Machines (VMs) and Docker Containers with official web server images from Docker Hub. A sandbox environment was created with both containerized and non-containerized versions of the web servers, and their performance was analyzed using line graphs. The results showed differences in performance between VMs and Docker Containers, with some variation from previous research due to the virtualization being done locally rather than on the cloud. This study would be advantageous for organizations with on-premises infrastructure due to security or governing regulations.;"Siege;Docker Container;Performance evaluation";;2023 IEEE/ACIS 21st International Conference on Software Engineering Research, Management and Applications (SERA);IEEE;
ieee;;IEEE Conferences;Continuous Safety Assessment of Updated Supervised Learning Models in Shadow Mode;"H. Guissouma; M. Zink; E. Sax";2023;10.1109/ICSA-C57050.2023.00069;https://ieeexplore.ieee.org/stamp/stamp.jsp?arnumber=10092729;Over-The-Air (OTA) updates play an essential role in the lifecycle management of modern Cyber Physical Systems (CPSs). They are deployed in short time periods to fix bugs and introduce new features. However, an important part of these updates affects safety-critical functions, and thus, requires thorough verification and validation. Particular care must be taken when using machine learning algorithms, for which it is more difficult to test all conceivable corner cases during the development process. To prevent potential unforeseen misbehavior after deployment, we introduce a method for runtime evaluation of updates in shadow mode using contract specifications. The method focuses on supervised learning models and is embedded in a workflow for iterative training. This enables carrying out reliable field testing and obtaining a realistic evaluation of the planned updates before release. Finally, we evaluate our approach on a prototype Electronic Control Unit (ECU) implementing an automotive Lane Keep Assist (LKA) system.;"DevOps;safety monitoring;OTA updates;contract-based design;supervised learning";;2023 IEEE 20th International Conference on Software Architecture Companion (ICSA-C);IEEE;
ieee;;IEEE Conferences;Ecosystem-Centric Approach to Intelligent Product Development: Paving the Way for Scalable and Adaptive Solutions;"A. Stanciu; L. C. Miclea";2023;10.1109/ICSTCC59206.2023.10308437;https://ieeexplore.ieee.org/stamp/stamp.jsp?arnumber=10308437;This paper explores the evolution from traditional to modern methodologies for the development of intelligent products. The traditional linear and sequential approach, often characterized by limited toolsets and hardware-centric programming, fails to address the complexities and dynamic requirements of today's digital ecosystems. To bridge this gap, we propose an ecosystem-centric approach to intelligent product development that emphasizes scalability, flexibility, and integration of advanced technologies. Our approach fosters the use of artificial intelligence, machine learning, and advanced data analytics techniques, providing a model for creating scalable and adaptive solutions. We also delve into the necessity of DevSecOps methodology, incorporating cloud-based solutions such as Integration PaaS services, and embracing IoT technologies. This paper contributes by highlighting the benefits of this approach, including improved functionality, reduced development lifecycle, enhanced supply strategy, and cost savings.;"intelligent products;integration;IoT;modern development;artificial intelligence;machine learning";;2023 27th International Conference on System Theory, Control and Computing (ICSTCC);IEEE;
ieee;;IEEE Conferences;Improving Voyage Efficiency in the Shipping 4.0 Decarbonization Era;"T. J. Varelas; D. Kaklis; I. Varlamis; A. Flori";2023;10.1109/SOSE58276.2023.00030;https://ieeexplore.ieee.org/stamp/stamp.jsp?arnumber=10254767;The objective of this work is to pave the way toward a carbon-neutral and efficient operational blueprint for the waterborne sector, through the lens of the Industry 4.0 era. In this direction, we demonstrate a cutting-edge integrated ecosystem (ARTeMIS) for operational efficiency and environmental compliance and focus on the respective building block comprising the envisaged platform. ARTeMIS incorporates an IoT suite responsible for data acquisition, as well as a multi-purpose processing pipeline for CI/CD (continuous integration/deployment) of simulation models concerning operational optimization. In the context of this work, the proposed framework was adapted accordingly to capture, analyze and continuously predict the Fuel Oil Consumption (FOC), Effective HorsePower (EHP), Speed, and pollutant concentrations, of the vessel. Utilizing this streamlined procedure we are able to assess the scrubbing efficiency, as well as the environmental footprint of the vessel (CII - Carbon Intensity Indicator) in order to further optimize the vessel operation. Furthermore, the paper argues on how generic models like STEAM (Ship Traffic Emissions Assessment Method) should be transformed radically with the utilization of shipping 4.0 driven frameworks like the one proposed in the context of this work. Finally, the unleashed highly accurate prediction potential of the proposed system concerning operational efficiency, anomaly detection, and environmental compliance is demonstrated. The onboard proof of concept and the assimilated results so far, are also depicted to illustrate the feasibility and potential of the proposed approach.;"IoT;multivariate-regression;ANN;MADM;digitalization;decarbonization";;2023 IEEE International Conference on Service-Oriented System Engineering (SOSE);IEEE;
ieee;;IEEE Conferences;Orchestration of Containerized Applications in the Cloud Continuum;"G. Di Modica; A. Galletta; L. Carnevale; A. Alkhansa; A. Costantini; D. Cesini; P. Bellavista; M. Villari";2023;10.1109/PerComWorkshops56833.2023.10150375;https://ieeexplore.ieee.org/stamp/stamp.jsp?arnumber=10150375;Cloud Service orchestration is a hot topic addressed by both the academia and the business world. The increasing diversification of the Cloud offer, coupled with the strong need of flexible and scalable applications demanded by customers, is calling up for efficient and agile mechanisms that streamline the devops practices. The novel opportunity of running software applications or just application portions on resources located on the Edge of the network poses an additional challenge to the already tough problem of flexibly and seamlessly provisioning services. Orchestrators must deal with a continuum of heterogeneous computing resources, contributed by both the Edge and the Cloud, that promises several benefits yet at a higher management cost. In this paper, we introduce a continuum-enabled orchestrator and discuss an application provisioning paradigm that helps the users to easily configure and deploy composite applications. Finally, we showcase the potential of the orchestrator in a simple yet practical smart-city scenario.;"Service orchestration;Computing Continuum;Cloud;Edge;IoT;Machine Learning;OCR";;2023 IEEE International Conference on Pervasive Computing and Communications Workshops and other Affiliated Events (PerCom Workshops);IEEE;
ieee;;IEEE Conferences;Challenges and Opportunities of DevOps for IoT Systems:DevOps-For-IoT;"W. Khalaifat; F. Abdulaziz";2024;10.1109/3ict64318.2024.10824302;https://ieeexplore.ieee.org/stamp/stamp.jsp?arnumber=10824302;DevOps has become a highly important trend in the global software industry due to its ability to improve productivity, quality, and customer satisfaction in the software development process. It is a collection of methods that integrate software development and operations, allowing for a continuous life cycle of software products. While DevOps has achieved success in traditional software systems, the adoption of DevOps remains relatively limited in the domain of Internet of Things (IoT), which integrates physical components, software, and communication systems. Managing and integrating the diverse elements of IoT including IoT applications, hardware platforms, operating systems, protocols, and security requirements, hinders the implementation of DevOps in IoT. This study investigates the use of the DevOps approach within the domain of the IoT. It explores and analyzes the obstacles associated with adopting DevOps in the IoT field. Also, it introduces DevOps-For-IoT, which is a modified DevOps approach for the IoT.;"Internet of Things;DevOps;Development;Operation;Automation;Software";;2024 International Conference on Innovation and Intelligence for Informatics, Computing, and Technologies (3ICT);IEEE;
ieee;;IEEE Journals;Ensuring the Integrity, Confidentiality, and Availability of IoT Data in Industry 5.0: A Systematic Mapping Study;"K. Boisrond; P. M. Tardif; F. Jaafar";2024;10.1109/ACCESS.2024.3434618;https://ieeexplore.ieee.org/stamp/stamp.jsp?arnumber=10613759;The significant success of the Internet of Things in facilitating connections among consumer devices has led to an evident inclination towards connecting devices within industrial environments, commonly known as the Industrial Internet of Things (IIoT). Meanwhile, the integration of DevOps and DevSecOps into Industry 5.0 is generating much interest in both industry and academia, and its adoption in practice is raising a lot of challenges. This study aims to organize the knowledge about the challenges encountered by the Industry and practitioners when adopting DevOps and DevSecOps in the Industry 5.0 environment, as well as suggested practices documented in the literature. We also identify the security challenges related to data integrity, confidentiality, and availability of Industrial IoT data. We conducted a Systematic Mapping Review of more than a thousand papers and focused on 57 peer-reviewed studies published between January 2019 and March 2024. We have identified challenges and benefits associated with adopting DevOps and DevSecOps in Industry 5.0. We have also identified specific security solutions, particularly in the Industrial Internet of Things (IIoT), as well as the correlation between these findings. The study results were classified into organizational, technical, and regulatory. The findings show that the most frequently reported challenges and solutions were related to technical. Although organizational factors were considered critical for successfully adopting DevOps and DevSecOps in Industry 5.0, they required more investigation. Our study offers a comprehensive analysis of the research to secure the industrial Internet of Things, discusses their applicability, and analyzes their security benefits by integrating DevOps and DevSecOps in Industry 5.0.;"DevOps;secure DevOps;DevSecOps;industry 5.0;Industrial Internet of Things (IIoT);Internet of Things (IoT);continuous integration;continuous deployment;continuous delivery;integrity;confidentiality;availability;artificial intelligence;cyber security";;IEEE Access;IEEE;
ieee;;IEEE Conferences;Agile AI and Firmware Management in IoT: DevOps for Low-Power Microcontroller-Based Platforms;"M. AlSelek; J. M. Alcaraz-Calero; Q. Wang";2024;10.23919/SpliTech61897.2024.10612585;https://ieeexplore.ieee.org/stamp/stamp.jsp?arnumber=10612585;In this paper, we introduce a Development and Operations (DevOps)-based IoT system tailored for the dynamic management of firmware and AI models across distributed IoT environments. The system offers scalability, resource efficiency, and cost-effectiveness for updating the AI model and firmware on the IoT devices without a need for human intervention. To accomplish this, we have developed a continuous integration and continuous deployment (CI/CD) pipelines that operate across multiple platforms, leveraging the capabilities of Kubernetes and GitLab-Runner. Moreover, the system is specifically designed for Microcontroller-based low-power devices capable of running tiny AI models. The new deployment is sent to the IoT devices despite their location to start interacting with the surrounding environment and perform predictions regarding its application. Through empirical experiments, we demonstrate the system effectiveness with promising results in terms of scalability, resource utilization, and deployment efficiency.;"IoT;AI;DevOps;Kubernetes;GitLab;Microservices;Microcontroller;Micropython";;2024 9th International Conference on Smart and Sustainable Technologies (SpliTech);IEEE;
ieee;;IEEE Conferences;Life Cycle Automation of IoT Services over Multiple Edge Clouds;"M. Vitumbiko; Y. Kim";2024;10.1109/ICOIN59985.2024.10572158;https://ieeexplore.ieee.org/stamp/stamp.jsp?arnumber=10572158;In the rapidly evolving landscape of edge computing for IoT service provisioning, the challenges of managing and deploying applications across a diverse array of edge devices in multi-edge setups are evident. Edge devices, often situated on users’ premises, exhibit heterogeneity in hardware and software requirements. Furthermore, manual cluster setup and software packaging for each edge site become impractical when trying to cater to the specific needs of each edge device. Developers are often required to set up an edge cluster, continuously create software packages tailored to individual edge devices and end-user requirements, all while managing multiple application versions and redeploying them across a fleet of edge devices. To address these challenges, this paper proposes an innovative solution that simplifies IoT microservice deployment across multiple edge sites, accommodating the intricacies of device diversity and different end user requirements.;"IoT;Multi-edge;Kubernetes;CI/CD";;2024 International Conference on Information Networking (ICOIN);IEEE;
ieee;;IEEE Conferences;Model-Based Systems Engineering for the Agile Life-Cycle Management of IIoT Based on DevOps;"A. Amiri; G. Steindl; W. Kastner";2024;10.1109/ETFA61755.2024.10711004;https://ieeexplore.ieee.org/stamp/stamp.jsp?arnumber=10711004;The domain of Industrial Internet of Things (IIoT) contains a vast variety of standards, protocols, tool suites, coding languages, etc. The Reference Architecture Model Industry (RAMI) 4.0 provides an abstraction of the different views involved in designing IIoT systems. However, the life-cycle model of the reference architecture suggests a progression from the development into production. This progression does not conform well with the best practices of software engineering, e.g., DevOps, where runtime data is given back to the design-time. In this paper, we suggest an agile life-cycle management of the IIoT systems, and propose an approach of Model-Based Systems Engineering (MBSE) based on the System Modeling Language (SysML) 2.0. We define metadata in the domain of event-driven IIoT systems. Architects can create tagged model instances, which are automatically validated against system requirements. The validated models are passed to an artifact generator to create code, test cases, or documentation. Our approach assists in the development and commissioning of system assets. We feed the runtime data to design-time to improve the quality of service.;"Industrial IoT;MBSE;DevOps Life Cycle";;2024 IEEE 29th International Conference on Emerging Technologies and Factory Automation (ETFA);IEEE;
ieee;;IEEE Conferences;Analysis of Revolutionizing IoT Solutions through Cloud Computing Integration;"S. I. Abbas; R. Walia";2024;10.1109/ICSADL61749.2024.00012;https://ieeexplore.ieee.org/stamp/stamp.jsp?arnumber=10601416;This research work investigates the significant potential for increasing productivity and promoting innovation in a range of sectors presented by the combination of DevOps, Cloud Computing, and Internet of Things IoT. The transformational influence of this convergence is presented quantitatively in this research. Our findings highlighted the efficiency improvements of the integrated strategy in the field of IoT deployment, showing a noteworthy 71.67% decrease in deployment time when compared to traditional techniques. Furthermore, the integration demonstrated its potential for cost reductions by enabling a 37.5% decrease in expenses through dynamic resource scaling. This connection enabled real-time data analysis, which led to an astounding 91.67% decrease in reaction time when compared to conventional data analysis techniques. This demonstrates how it may provide real-time insights that are essential for Internet of Things applications. This study offers strong quantitative proof that the confluence of IoT, cloud computing, and DevOps is a route to increased productivity and creativity that has the ability to transform sectors and propel advancement in the digital age.;"AWS;Azure;Cloud Computing;IoT;DevOps";;2024 3rd International Conference on Sentiment Analysis and Deep Learning (ICSADL);IEEE;
ieee;;IEEE Conferences;Industrial DevOps Soft: A New Framework for Enhancing Industry 4.0 Efficiency;"C. Benmhamed; M. Zemzami; F. Yalaoui; N. -Q. Nguyen; H. Reddad; M. A. El Gaamaze";2024;10.1109/CSDGAIS64098.2024.11064768;https://ieeexplore.ieee.org/stamp/stamp.jsp?arnumber=11064768;In the context of Industry 4.0, integrating IoT, AI, and big data introduces complexity in industrial systems, often worsened by a lack of focus on management aspects, resulting in operational silos and inefficient decision-making. This paper presents the ‘Industrial DevOps Soft’ framework, structured in layers, which exploits DevOps methodologies into industrial environments to enhance collaboration between IT infrastructure and production systems. By promoting continuous automation, data-driven processes, and effective project execution through CI/CD pipelines and low-code platforms, the framework aims to streamline operations and enhance strategic decision-making. Ultimately, it provides a structured approach for organizations to achieve operational excellence and adapt to future shifts, including Industry 5.0.;"Industrial DevOps;DevOps;Industry 4.0;Cyber-physical systems;Framework;Productivity enhancement;Real-time monitoring;Automation;Continuous improvement";;2024 International Conference on Smart-Digital-Green Technologies and Artificial Intelligence Sciences (CSDGAIS);IEEE;
ieee;;IEEE Conferences;Optimizing DevOps Methodologies with the Integration of Artificial Intelligence;"M. S. Ali; D. Puri";2024;10.1109/INOCON60754.2024.10511490;https://ieeexplore.ieee.org/stamp/stamp.jsp?arnumber=10511490;This research paper aims to explore the integration of artificial intelligence (AI) techniques in DevOps practices to enhance efficiency, automation, and decision-making capabilities. The paper provides a comprehensive review of existing literature on the subject and presents a case study illustrating the practical application of AI in a real-world DevOps environment. By analyzing the benefits, challenges, and potential ethical considerations, this study seeks to provide insights into how AI can be leveraged to optimize DevOps workflows. The paper provides a comprehensive review of existing literature on the subject and presents a case study illustrating the practical application of AI in a real-world DevOps environment. By analyzing the benefits, challenges, and potential ethical considerations, this study seeks to provide insights into how AI can be leveraged to optimize DevOps workflows.;"DevOps;Artificial Intelligence;Automation;AI-driven DevOps;CI/CD Pipelines;Infrastructure Provisioning";;2024 3rd International Conference for Innovation in Technology (INOCON);IEEE;
ieee;;IEEE Conferences;Empowering Kubernetes with Platform Engineering to Automate IoT Processing Workflows Orchestration at the Edge;"D. Tazzioli; A. Sabbioni; A. Bujari; L. Foschini";2024;10.1109/CAMAD62243.2024.10942956;https://ieeexplore.ieee.org/stamp/stamp.jsp?arnumber=10942956;The proliferation of IoT devices provides access to an unprecedented amount of data coming from sensors and smart devices, characterized by high volumes and strong locality. The Edge Computing paradigm, by providing low-latency, privacy-aware, resilient, and distributed computational resources is considered a fundamental enabler for the processing of the massive data volume incoming from IoT devices. However, the heterogeneous and decentralized edge resource poses a significant barrier to seamless device integration and management. In this paper, we propose a Platform Engineering architecture that extends the Kubernetes control plane to simplify the orchestration and management of the processing workflow that produces data incoming from IoT devices. The proposed platform integrates management capabilities that address the complexity of provisioning het-erogeneous network, storage, and compute resources, enabling smart management of edge services.;"Platform Engineering;Edge;DevOps;CI/CD";;2024 IEEE 29th International Workshop on Computer Aided Modeling and Design of Communication Links and Networks (CAMAD);IEEE;
ieee;;IEEE Conferences;CI/CD Pipelines Evolution and Restructuring: A Qualitative and Quantitative Study;F. Zampetti, S. Geremia, G. Bavota and M. Di Penta;2021;10.1109/ICSME52107.2021.00048;https://ieeexplore.ieee.org/document/9609201;Continuous Integration and Delivery (CI/CD) pipelines entail the build process automation on dedicated machines, and have been demonstrated to produce several advantages including early defect discovery, increased productivity, and faster release cycles. The effectiveness of CI/CD may depend on the extent to which such pipelines are properly maintained to cope with the system and its underlying technology evolution, as well as to limit bad practices. This paper reports the results of a study combining a qualitative and quantitative evaluation on CI/CD pipeline restructuring actions. First, by manually analyzing and coding 615 pipeline configuration change commits, we have crafted a taxonomy of 34 CI/CD pipeline restructuring actions, either improving extra-functional properties or changing the pipeline's behavior. Based on such actions, we have developed a metric extractor for Travis-CI pipelines, which extracts 16 indicators of how a pipeline evolves. The analysis of the pipeline evolution for 4,644 projects using Travis-CI and developed in 8 programming languages shows how some pipeline components, such as jobs and steps tend to change more often than others, but also the Docker adoption by the projects increases over time.;;;;;
ieee;;IEEE Conferences;Framework for Integrating Threat Modeling into a DevOps Pipeline for Enhanced Software Development;"L. Nikolov; A. Aleksieva-Petrova";2024;10.23919/SoftCOM62040.2024.10721871;https://ieeexplore.ieee.org/stamp/stamp.jsp?arnumber=10721871;In the realm of continuous integration and continuous deployment (CI/CD), safeguarding software systems is crucial. Integrating threat modeling into the DevOps pipeline ensures that security considerations are an integral part of the software development process, helping to prevent vulnerabilities from being introduced into production. This study outlines a detailed framework for embedding threat modeling into a Jenkins DevOps pipeline. The framework involves incorporating threat model results into a database and using this data to perform automated security scans. Three challenges are identified in integration of security in DevOps pipeline and discussed against the proposed framework.;"DevOps;DevSecOps;threat modeling;Jenkins;pipeline";;2024 International Conference on Software, Telecommunications and Computer Networks (SoftCOM);IEEE;
ieee;;IEEE Conferences;SE-DO: Navigating the 6G Frontier with Scalable and Efficient DevOps for Intelligent Agents Optimization;"P. M. Tshakwanda; H. Kumar; S. T. Arzo; M. Devetsikiotis";2024;10.1109/CCWC60891.2024.10427717;https://ieeexplore.ieee.org/stamp/stamp.jsp?arnumber=10427717;In the imminent era of 6G dominance and the expanding realm of interconnected IoT devices, ensuring seamless connectivity is vital. This paper introduces the Scalable and Efficient DevOps (SE-DO) methodology—a scalable multi-agent system designed for next-gen networks. SE-DO’s avant-garde architecture dynamically integrates new agents, mirroring evolving IoT ecosystems. Two sets of agents manage vast IoT data in urban matrices: extraction agents collect, and preprocessing agents refine for computational tasks. Anticipating 6G’s prowess, training agents optimize machine learning models for real-time traffic analytics. Augmented by predictor agents, SE-DO prioritizes accuracy, efficiency, and security, validated empirically. SE-DO’s adaptability ensures scalable proficiency amid IoT integrations, facilitating a smooth transition to the 6G era. Addressing IoT challenges, SE-DO, rooted in a robust multi-agent system, optimizes agent performance in resource-constrained environments. Real-world experiments highlight SE-DO’s high accuracy and efficiency, making it pivotal for future network optimization. Access SE-DO’s future on GitHub—where innovation meets accessibility. As next-gen networks demand reliable solutions, SE-DO emerges as an indispensable tool for navigating emergent network paradigms.;"Software-Defined Networking;Microservices;Intelligent Agent;Docker Container;DevOps;5G;6G";;2024 IEEE 14th Annual Computing and Communication Workshop and Conference (CCWC);IEEE;
ieee;;IEEE Conferences;An OAuth based authentication mechanism for IoT networks;S. Emerson, Y. -K. Choi, D. -Y. Hwang, K. -S. Kim and K. -H. Kim,;2016;10.1109/ICTC.2015.7354740;https://ieeexplore.ieee.org/document/7354740;Internet of things (IoT) has rapidly become one of the most familiar and perhaps most discussed topic on the research field. The attention for the Internet of Things is mainly due to the new connected products intended to bring greater efficiencies and simplicity to life. Variety of IoT applications lead to equally wide variety of security issues. In this paper, we propose an approach to provide secure authentication mechanism for an IoT network which consists of various kinds of constrained devices using a security manager. This proposed approach protects IoT network from unauthenticated users with security manager using OAuth 2.0 protocol. Moreover, this approach provides flexibility in managing IoT networks. The security manager provides authentication service for multiple IoT networks, which can also help to reduce the cost overhead to maintain secure database in IoT networks.;;;;;
ieee;;IEEE Conferences;Fast Choreography of Cross-DevOps Reconfiguration with Ballet: A Multi-Site OpenStack Case Study;"J. Philippe; A. Omond; H. Coullon; C. Prud'Homme; I. Raïs";2024;10.1109/SANER60148.2024.00007;https://ieeexplore.ieee.org/stamp/stamp.jsp?arnumber=10589806;In the context of Edge Computing or Cyber-Physical Systems, cross-functional, and cross-geographical DevOps teams are in charge of automating deployments, configuration, and management (i.e., reconfiguration) of complex, large-scale, highly dynamic, and geo-distributed service-oriented software systems. In this context, DevOps teams cannot reasonably manually coordinate their reconfiguration operations in a global manner. Furthermore, as disconnection is the norm in these paradigms, a central entity responsible for reconfiguration should be avoided, and the set of changes to apply should be as fast as possible. This paper presents Ballet, a fast tool to automate decentralized choreographies (i.e., coordination) of cross-DevOps reconfiguration. We show a gain of 42.6% for a deployment scenario and 24% for an update scenario on an OpenStack case study.;"DevOps;Infrastructure-as-Code;Decentralized Reconfiguration;Constraint Programming";;2024 IEEE International Conference on Software Analysis, Evolution and Reengineering (SANER);IEEE;
ieee;;IEEE Conferences;Automated and Orchestrated CI/CD Pipelines in Industrial Protocol Certification Testing;"O. Lone; T. Stasiak; H. D. Doran";2024;10.1109/WFCS60972.2024.10540983;https://ieeexplore.ieee.org/stamp/stamp.jsp?arnumber=10540983;The industrial automation industry is rapidly evolving, and with it, the way that industrial communication protocol certification testing is conducted. Protocol providers offer field device manufacturers conformance testing suites with integration interfaces, enabling them to embed these tests into their development cycle. However, there is a lack of clear instructions and readily available literature on how to build such integrated testing frameworks. This paper discusses the integration of two certification software suites, PROFINET and EthernetIP, into a regression test environment utilizing CI/CD pipelines and Azure DevOps cloud-based infrastructure. Automated orchestration facilitates the creation of a unit-to-validation test environment, accelerating time to market. Upon completion of this work, significant implications emerge regarding the traditional V-Model and the certification procedure. This paper details the work-achieved towards providing a complete verification and validation framework, presents performance characteristics to underline our arguments, and discusses the resulting impact on the traditional V-Model.;"CI/CD;pipelines;industrial protocol;certification;automated;cloud-based;PROFINET;Ethernet/IP;testing;orchestrated;regression";;2024 IEEE 20th International Conference on Factory Communication Systems (WFCS);IEEE;
ieee;;IEEE Journals;Sensing-to-Sky Intermittent Connectivity Realization for LTE-Enabled Drone Platforms: Embedded Design, Measurement Study, and Positioning Applications;"J. Kim; U. Jo; T. Kim; S. Jung; J. Kim";2024;10.1109/ACCESS.2024.3462942;https://ieeexplore.ieee.org/stamp/stamp.jsp?arnumber=10683694;This paper presents practical scenarios for drone-based networking systems, specifically focusing on LTE-capable sensor-to-drone intermittent transmission over cellular networks. The proposed scenarios consider power limitations and connectivity instability inherent in drone operations. To validate the usability of these scenarios and networking architectures, an embedded system design and implementation using Reverse secure shell (SSH) is considered and realized. Real-world prototyping and implementation of the embedded system are conducted, followed by measurement studies to assess the feasibility of the proposed sensing-to-sky connectivity system. Furthermore, one of major applications for the system is introduced for the validation, i.e., optimal drone placement and positioning. The performance evaluation results confirm the practicality and effectiveness of the proposed approach for achieving intermittent communications between drones and ground-based systems over LTE networks. The findings contribute to advancing the field of drone networking and provide valuable insights for developing reliable and efficient sensing-to-sky communication systems.;"Drone;unmanned aerial vehicle (UAV);connectivity;sensing;embedded system";;IEEE Access;IEEE;
ieee;;IEEE Conferences;DevOps Dynamics: Tools Driving Continuous Integration and Deployment;"P. G. Gowda; N. Stanley S A; J. Eskaline Joyce";2024;10.1109/ICITEICS61368.2024.10624986;https://ieeexplore.ieee.org/stamp/stamp.jsp?arnumber=10624986;In the ever-evolving landscape of software development, the integration of development and operations (DevOps) practices has become instrumental for achieving agility, collaboration, and rapid delivery. This paper provides an in-depth analysis and review of various DevOps tools that facilitate continuous integration, deployment, and collaboration within software development teams. The study explores the features, strengths, and limitations of prominent tools in the DevOps landscape. This paper delves into the dynamic realm of DevOps, with a specific focus on the tools that steer continuous integration and deployment (CI/CD) processes. Through an extensive examination of key DevOps tools, their functionalities, and real-world applications, this research aims to provide a comprehensive understanding of how these tools contribute to the seamless integration of code changes, automated testing, and continuous delivery. By exploring the nuances of popular DevOps tools, the paper aims to empower software practitioners, teams, and organizations with insights to make informed decisions about tooling choices, fostering a culture of efficiency, reliability, and innovation in the software development lifecycle.;"DevOps;CI/CD;Jenkins;Pipeline;Tools";;2024 IEEE International Conference on Information Technology, Electronics and Intelligent Communication Systems (ICITEICS);IEEE;
ieee;;IEEE Conferences;Impact of Integrating Lean, Agile, and DevOps with ITIL4 Framework for Modern IT Service Management;"Y. Al-Ashmoery; Y. Chaabi; K. Lekdioui; B. Al-Fuhaidi; K. Alwesabi; H. Haider; A. -M. Zaid";2024;10.1109/ICETI63946.2024.10777262;https://ieeexplore.ieee.org/stamp/stamp.jsp?arnumber=10777262;During the global pandemic, the phenomenon of digital transformation has turned into a necessity for organizations to facilitate either service delivery or operational efficiency. A big part of this attempt is ITIL v4, which is a holistic framework in IT service management. It helps you to link IT methodologies with business objectives as a whole.This allows them to follow an end-to-end service value framework to manage the full life cycle of services: strategy, design, deployment, and continual improvement. This framework is flexible and collaborative, and it fits well into more advanced technology, which may be utilized within the boundaries of automation, AI, etc., making modern service management possible.How is ITIL4 inspired by the Lean principles and brings an Agile/DevOps way of working into alignment to follow within enterprises to address the speed at which digital transformation happens? This integration will bake these practices into your stock ITSM. Organizations will be much better placed to adapt to new customer demands, speed up service delivery, and improve continuously.In this article, we explain how ITIL4 practices and elements can work with Lean and Agile/DevOps principles to provide readers with a solid understanding of the combined frameworks that help fuel digital transformation.;"ITIL4;Digital transformation;IT Service Management (ITSM);framework;Lean;Agile;DevOps";;2024 1st International Conference on Emerging Technologies for Dependable Internet of Things (ICETI);IEEE;
ieee;;IEEE Conferences;Early Prediction of Rainfall Using Automated Integrated Prediction Approach (AIPA);"M. V. D. N. S. Madhavi; D. Rajani; P. V. S. Sairam; S. Ponnapalli";2024;10.1109/ICoICI62503.2024.10696408;https://ieeexplore.ieee.org/stamp/stamp.jsp?arnumber=10696408;Agriculture is one of the significant fields in the world nowadays. It is essential to improve agricultural yield by using various advanced techniques. Rainfall prediction is the most challenging task for regular users, and it helps to improve crop yielding based on rainfall. Prediction of rainfall in the early stages provides accurate information to the farmers who need preventive measures. The proposed approach is an Automated Integrated Prediction Approach (AIPA) which is the combination of machine learning models, such as deep neural networks (DNNs), support vector machines (SVMs), and gradient boosting devices (GBMs), to accurately predict rainfall. Finally, the algorithm's versatility suits various geographical regions and climates, promoting sustainable agriculture and food security. Finally, merging DL and meteorological data analysis to develop a hybrid algorithm shows significant promise for increasing rainfall prediction accuracy. This research addresses climate change challenges while promoting agricultural sustainability and increased food production. Experimental results show that the proposed approach obtained high performance in terms of performance metrics.;"Rainfall;Machine Learning (ML);Deep Neural Networks (DNNs);Support Vector Machines (SVMs);Gradient Boosting Devices (GBMs)";;2024 Second International Conference on Intelligent Cyber Physical Systems and Internet of Things (ICoICI);IEEE;
ieee;;IEEE Conferences;Enhancing Autonomous Robotics Through Cloud Computing;"A. Subramaniam; D. H. Prajapati; K. Alremeithi; W. Sealy";2024;10.1109/IAICT62357.2024.10617458;https://ieeexplore.ieee.org/stamp/stamp.jsp?arnumber=10617458;This paper presents a comprehensive study on the integration of Cyber-Physical Systems (CPS) and the Industrial Internet of Things (IIoT), with a focus on cloud-based swarm robotics systems for virtual commissioning. Utilizing Pololu Romi robots equipped with Lidar sensors and leveraging advanced SLAM algorithms from ROS2, the research explores the enhancement of robotics autonomy and coordination through cloud computing. The study emphasizes the significance of digital twins in testing and refining swarm strategies, reducing operational risks and commissioning resources. The adoption of Docker and Portainer for efficient container orchestration and GitLab for a robust CI/CD framework underlines the application of cutting-edge methodologies in virtual commissioning. The paper highlights the practical implications of digital twins and containerization in industrial robotics, showcasing scalability and efficiency in swarm deployment. Moreover, it contributes to the discourse on cloud computing and IoT in advancing robotic autonomy. Through a systematic investigation, the paper outlines the technological architecture, virtual commissioning processes, and the operational effectiveness of the explored cloud-based swarm robotics system, marking a significant stride in the field of industrial automation and robotics.;"Cyber-Physical Systems (CPS);Industrial In-ternet of Things (IIoT);Swarm robotics;Cloud computing;Digital twins";;2024 IEEE International Conference on Industry 4.0, Artificial Intelligence, and Communications Technology (IAICT);IEEE;
ieee;;IEEE Conferences;Blockchain for Securing CI/CD Pipeline: A Review on Tools, Frameworks, and Challenges;"S. M. Saleh; N. Madhavji; J. Steinbacher";2024;10.1109/CIoT63799.2024.10757084;https://ieeexplore.ieee.org/stamp/stamp.jsp?arnumber=10757084;Cloud security is an essential concern in cloud environments. Several sectors (e.g., business, healthcare, government, etc.) have witnessed recent cyber-attacks (e.g., HEalthEquity Data Breach, Capital One, Midnight Blizzard on Microsoft, etc.) on their computing systems. Our research focuses on security issues and conducts a literature review to address the integration of blockchain technology into Continuous Integration and Deployment (CI/CD) in the cloud environment pipeline to enhance security. The key idea rests on separating entities such as code, data, design, change history, etc., as “blocks” in the blockchain technology through “separation of concern”. Such modularisation should help contain any threats locally in the block concerned without affecting other blocks. Our initial focus is conducting a comprehensive review of existing literature to analyse and synthesise tools and technologies for integrating blockchain into the CI/CD pipeline on cloud services. We also highlight the challenges associated with current solutions. Through this research, we aim to identify and address the existing research gaps in this critical area.;"Cloud;Security;Continuous Integration;Continuous Deployment;CI/CD;Blockchain;Literature Review";;2024 7th Conference on Cloud and Internet of Things (CIoT);IEEE;
ieee;;IEEE Conferences;Towards Automating Model-Based Systems Engineering in Industry - An Experience Report;"J. Cederbladh; L. Berardinelli; H. Bruneliere; A. Cicchetti; M. Dehghani; C. Di Sipio; J. Miranda; A. Rahimi; R. Rubei; J. Suryadevara";2024;10.1109/SysCon61195.2024.10553610;https://ieeexplore.ieee.org/stamp/stamp.jsp?arnumber=10553610;Designing modern Cyber-Physical Systems (CPSs) is posing new challenges to both industrial practitioners and academics. In this context, adopting cutting-edge paradigms, such as Model-Based Systems Engineering (MBSE), DevOps, and Artificial Intelligence (AI), can offer new opportunities for improving CPS design automation. While such paradigms are already jointly used in the research community to support system design activities, there is a need to fill the gap between academia and industrial practitioners. Indeed, system specification is still mainly performed manually in many industrial projects. In this paper, we present a collaboration between industrial and academic partners of the AIDOaRt European project towards a model-based approach for CPS engineering applied in one of the project use cases. We identify key challenges and corresponding solutions to enhance the automation of CPS design processes. Notably, we consider a combination of prescriptive modeling, model transformations, model views, modeling process mining, and AI-based modeling recommendations. As an initial evaluation, the proposed approach is applied to a practical industrial case study.;"Model-Based Systems Engineering;Artificial Intelligence;DevOps;Cyber-Physical Systems";;2024 IEEE International Systems Conference (SysCon);IEEE;
ieee;;IEEE Journals;Quantitative DevSecOps Metrics for Cloud-Based Web Microservices;"J. Y. Zhang; Y. Zhang";2024;10.1109/ACCESS.2024.3486314;https://ieeexplore.ieee.org/stamp/stamp.jsp?arnumber=10735195;The widespread adoption of Cloud-Based Web Microservices (CBWMs) and DevSecOps (Development, Security, and Operations) methodologies has significantly improved modern software development, particularly regarding scalability, agility, and security. However, the true success of these implementations hinges on the ability to measure their effectiveness accurately. Metrics serve as a critical tool in this process, providing quantifiable data on service performance, security, and operational efficiency. By leveraging these metrics, organizations can better assess the efficiency of their DevSecOps practices, making them invaluable for informed decision-making, trend analysis, process management, and continuous improvement. This paper introduces 12 key quantitative metrics specifically designed to evaluate the quality of CBWMs developed through DevSecOps practices. These metrics were identified using a Multi-Vocal Literature Review methodology, sourcing information from 92 relevant studies (2018-2023) on IEEE Xplore, Springer, and Google Scholar. The selected metrics are widely applicable across CBWMs and are easy to measure with existing tools, offering a comprehensive framework for thorough assessment.;"Cloud;DevSecOps;metrics;microservices;web";;IEEE Access;IEEE;
ieee;;IEEE Conferences;MicroMatic: Fully Automated Microservices Identification Approach from Monolithic Systems;"I. Trabelsi; B. Popa; J. Péreyrol; P. -O. Beaulieu; N. Moha";2024;10.1145/3643794.3648283;https://ieeexplore.ieee.org/stamp/stamp.jsp?arnumber=10647210;The Internet of Things (IoT) revolution is transforming system interactions and functionalities, necessitating more adaptable, scalable, and responsive systems architectures. These IoT systems build on recent advances in software architectures, particularly Microservices Architecture (MSA), enabling scalability, facilitating cloud deployment, and supporting seamless integration with DevOps practices. While new IoT applications can seamlessly integrate Microservices Architecture from their design, the migration of existing mono-lithic IoT systems to MSA is essential to leverage its benefits yet it remains a challenging and costly process. To facilitate this migration, we propose Micromatic, a tooled fully automated microser-vices identification approach that is based on static-relationship analyses between code elements as well as semantic analyses of the source code. Our approach relies on Machine Learning (ML) techniques and uses service types to guide the identification of microservices from IoT monolithic systems. We validate the effectiveness of our tool through a detailed case study, comparing our results with established ground truths. This process included a quantitative evaluation of the microservices generated, focusing on their business capabilities. Our findings demonstrate the efficiency of Micromatic in automating one of the most labour-intensive aspects of migrating legacy systems to a microservices framework, successfully identifying architecturally significant microservices with 62.5% precision and 45.5% recall.;"Migration;Microservices;Service Types;Machine learning;Semantic Analysis;Automation;Tool";;2024 IEEE/ACM 6th International Workshop on Software Engineering Research & Practices for the IoT (SERP4IoT);IEEE;
ieee;;IEEE Conferences;RainCloud: Decentralized Coordination and Communication in Heterogeneous IoT Swarms;"F. Loisel; G. Zeqo; A. Morichetta; A. Lackinger; S. Dustdar";2024;10.1109/PCDS61776.2024.10743766;https://ieeexplore.ieee.org/stamp/stamp.jsp?arnumber=10743766;The increasing volume and complexity of IoT systems demand a transition from the cloud-centric model to a decentralized IoT architecture in the so called Computing Continuum, with no or minimal reliance on central servers. This paradigm shift, however, raises novel research concerns for decentralized coordination, calling for accurate policies. However, building such strategies is not trivial. Our work aims to relieve the DevOps engineers from this concern and propose a solution for autonomous, decentralized task allocation at runtime for IoT systems. To this end, we present a semantic communication approach and an ad-hoc lightweight coordination strategy based on Ant Colony Optimization (ACO). We compare the ACO strategy with Random Search and Gossip protocol-based algorithms. We conduct accurate experiments with up to a hundred nodes in both a static and a dynamic environment, i.e., with device outages. We show that ACO finds a matching node with the smallest hops and messages sent. While the Gossip strategy can allocate the most tasks successfully, ACO scales better, thus being a promising candidate for decentralized task coordination in IoT clusters.;"Decentralized IoT;Ant-Colony Optimization;Decentralized Coordination;Communication;IoT Computing";;2024 International Symposium on Parallel Computing and Distributed Systems (PCDS);IEEE;
ieee;;IEEE Conferences;A 88.6%-Efficient Multi-Input Capacitive-Based Energy Combiner with Adaptive Path Control for WSN-IoT Applications;"T. I. V. Arboleda; K. L. P. Laure; M. M. C. Diangco; J. A. Hora; X. Zhu";2024;10.1109/APCCAS62602.2024.10808926;https://ieeexplore.ieee.org/stamp/stamp.jsp?arnumber=10808926;This work introduces the integration of an adaptive path control within a capacitive-based energy combiner for Wireless Sensor Nodes (WSN) in Internet-of-Things (IoT) applications. This scheme detects available input transducers and optimally routes energy to the combiner, addressing the reduced efficiency usually observed in conventional approaches. This scheme has been shown to remain effective even when one or two of the sources is/are weak or unavailable, resulting in highly consistent combining efficiency regardless of the number and placement of sources and minimizing power loss within the circuit. Simulation results showed an average PCE of 99.4% for single sources, 88.4% for dual sources, and 81.8% for triple sources. This work is implemented using $\mathbf{6 5 n m}$ process technology and occupies a total chip area of $0.077 \mathrm{~mm}^{2}$, integrating components such as comparators, voltage reference, frequency divider, clock generator, digital control unit, and the combiner core. Furthermore, this work achieves a peak output power ($\mathrm{P}_{\text {out }}$) of up to $260.7 \mu \mathrm{~W}$.;"path control;high efficiency;energy combiner;internet-of-things;wireless sensor nodes";;2024 IEEE Asia Pacific Conference on Circuits and Systems (APCCAS);IEEE;
ieee;;IEEE Conferences;Zero Loss Active Rectifier with Op-Amp for Piezoelectric Acoustic Energy Harvesting Applications in 22nm FDSOI Technology;"G. M. M. J. Ramos; J. A. Hora; X. Zhu";2024;10.1109/ISCIT63075.2024.10793666;https://ieeexplore.ieee.org/stamp/stamp.jsp?arnumber=10793666;Comparator-based active rectifier is often used in piezoelectric energy harvesting applications. However, it has mismatch problems and leakage current or oscillation that degrades its power conversation efficiency (PCE). This paper proposes a new active rectifier that is based on an Op-amp operational amplifier to address these issues. The proposed operational amplifier in the active rectifier for piezoelectric acoustic energy harvesting applications operates as a comparator but there is no oscillation or leakage current compared to the comparator as active diodes. The rectifier is designed in 22nm FDSOI technology. Simulation shows that the novel active rectifier attains a maximum power efficiency of 94.1% at 1.2V peak-to-peak AC input voltage amplitude and 300Ω loading resistor and an output voltage of 1.18V. The rectifier achieves full chip integration without the need for any external components.;"Operational amplifier as active-diode;Active Rectifiers;piezoelectric acoustic energy harvesting;22nm FD-SOI;AC-DC Converter";;2024 23rd International Symposium on Communications and Information Technologies (ISCIT);IEEE;
ieee;;IEEE Journals;Multi-Grained Trace Collection, Analysis, and Management of Diverse Container Images;"Z. Huang; Q. Zhang; H. Fan; S. Wu; C. Yu; H. Jin; J. Deng; J. Gu; Z. Tang";2024;10.1109/TC.2024.3383966;https://ieeexplore.ieee.org/stamp/stamp.jsp?arnumber=10494783;Container technology is getting popular in cloud environments due to its lightweight feature and convenient deployment. The container registry plays a critical role in container-based clouds, as many container startups involve downloading layer-structured container images from a container registry. However, the container registry is struggling to efficiently manage images (i.e., transfer and store) with the emergence of diverse services and new image formats. The reason is that the container registry manages images uniformly at layer granularity. On the one hand, such uniform layer-level management probably cannot fit the various requirements of different kinds of containerized services well. On the other hand, new image formats organizing data in blocks or files cannot benefit from such uniform layer-level image management. In this paper, we perform the first analysis of image traces at multiple granularities (i.e., image-, layer-, and file-level) for various services and provide an in-depth comparison of different image formats. The traces are collected from a production-level container registry, amounting to 24 million requests and involving more than 184 TB of transferred data. We provide a number of valuable insights, including request patterns of services, file-level access patterns, and bottlenecks associated with different image formats. Based on these insights, we also propose two optimizations to improve image transfer and application deployment.;"Container image;on-demand image;cache;prefetch";;IEEE Transactions on Computers;IEEE;
ieee;;IEEE Conferences;Real-Time Dashboarding using Big Data Tools;"S. R; D. Pulakhandam; V. Nirmalrani";2024;10.1109/ICICT60155.2024.10545021;https://ieeexplore.ieee.org/stamp/stamp.jsp?arnumber=10545021;Real-time dashboarding software empowers organizations to harness the burgeoning IoT data stream, transforming raw sensor readings into actionable insights through a secure and scalable architecture. Data from connected devices seamlessly flows via lightweight protocols like MQTT and is managed by a robust streaming platform like Kafka. Big data tools like Spark then extract meaning from this high-velocity data, preparing it for visualization on dynamic dashboards hosted by cloud platforms. These user-centric dashboards track key metrics, identify trends, and drive informed decision-making, but tackling challenges like scalability, security, and data quality is crucial to unlock the full potential of this transformative technology.;"Big Data;Real-time processing;Producer;Consumer;Apache Kafka;Amazon Web Services (AWS);Elastic cloud compute(EC2);Data Security;Data Visualization;Docker;Containerization;Continuous Integration and Continuous Deployment workflow(CI/CD);GitHub Actions";;2024 International Conference on Inventive Computation Technologies (ICICT);IEEE;
ieee;;IEEE Conferences;xSTART: xApp Simulated Evaluation Environment for Developers;"J. L. Herrera Gonzalez; S. Montebugnoli; D. Scotece; L. Foschini";2024;10.1109/MetroInd4.0IoT61288.2024.10584214;https://ieeexplore.ieee.org/stamp/stamp.jsp?arnumber=10584214;The advent of the Open Radio Access Network (Open RAN) in 5G, as delineated in the standards introduced by 3GPP and O-RAN Alliance, posed a pivotal shift in revolutionizing the telecommunications landscape. Central to this transformation is the Open RAN control-plane architecture. Control plane encompasses containerized network functions, operating as intelligent controllers for RAN nodes and resources with non-Real-Time and near-Real-Time constraints. These functions, called Near Real-Time RAN Intelligent Controller (Near-RT RIC) and Non Real-Time RAN Intelligent Controller (Non-RT RIC), include operators-defined applications, respectively named xApps and rApps, serving as common cloud-native applications controlling and optimizing Open RAN elements. Understanding the entire development process and runtime behaviour for these applications becomes an essential prerequisite for providing support for next-generation networks. However, the lack of ready-to-use tools that allow developers to test and evaluate their applications in simulated and real environments makes it difficult to study and experiment with xApps. In this work, we propose xSTART, a ready-to-deploy environment based on Docker technology that allows xApp developers to quickly deploy and incorporate their xApps in a simulated ns-3 environment to test and evaluate their functionalities. Then, we evaluate an IIoT Network use-case scenario showing a machine learning (ML)-based xApp applied to the O-RAN environment. The results compare the use of different ML techniques and show the correct behavior of the simulation. Finally, we make xSTART available to the community to ease the development and evaluation of future xApps.;"Open RAN;xApp;DevOps;Industrial IoT;5G";;2024 IEEE International Workshop on Metrology for Industry 4.0 & IoT (MetroInd4.0 & IoT);IEEE;
ieee;;IEEE Conferences;Enhancing DevSecOps Pipelines with AI-Driven Threat Detection and Response;"S. Yulianto; G. N. Cac Ngo";2024;10.1109/ICISS62896.2024.10751269;https://ieeexplore.ieee.org/stamp/stamp.jsp?arnumber=10751269;DevSecOps incorporates security into the software development lifecycle, enhancing application delivery. This study proposes an AI-driven framework to address traditional security limitations. Partnering with a crypto asset exchange, we tested our framework on 8,000 events, including 15% security incidents. Despite data preparation challenges, our machine learning models-convolutional neural networks, long short-term memory networks, and autoencoders-demonstrated high performance. The framework achieved an average F1-score of 0.92 and increased threat detection accuracy by 25% compared to rule-based methods. These results significantly improve the security posture of DevSecOps environments without compromising development speed. Our research offers a scalable, adaptable approach, laying the foundation for resilient software development practices. Future work will focus on model interpretability and broader security event coverage.;"DevSecOps;artificial intelligence;threat detection;software development lifecycle;security integration";;2024 International Conference on ICT for Smart Society (ICISS);IEEE;
ieee;;IEEE Conferences;On the Taxonomy of Developers’ Discussion Topics with ChatGPT;"E. Sagdic; A. Bayram; M. R. Islam";2024;;https://ieeexplore.ieee.org/stamp/stamp.jsp?arnumber=10555669;Large language models (LLMs) like ChatGPT can generate text for various prompts. With exceptional reasoning capabilities, ChatGPT (particularly the GPT-4 model) has achieved widespread adoption across many tasks - from creative writing to domain-specific inquiries, code generation, and more. This research analyzed the DevGPT dataset to determine common topics posed by developers interacting with ChatGPT. The DevGPT dataset comprises ChatGPT interactions from GitHub issues, pull requests and discussions. By employing a mixed-methods approach combining unsupervised semantic modeling and expert qualitative analysis we categorize the topics developers discuss when interacting with ChatGPT.Our approach reveals 17 topics within seven categories, with over 25% of prompts focused on advanced programming guidance. Additional areas of significant query volume include DevOps workflows, SQL, databases, and specialized domains, such as localization, streaming media, and image processing. This research effectively illuminates core topics and dependencies that motivate developers to leverage ChatGPT. The taxonomy classification further clarifies critical areas to better customize AI tools for aligning with workflows and needs within software engineering contexts.CCS CONCEPTS• Software and its engineering → Programming teams.;"DevGPT;ChatGPT;Software Engineering;Topic Taxonomy";;2024 IEEE/ACM 21st International Conference on Mining Software Repositories (MSR);IEEE;
ieee;;IEEE Journals;On Automating FPGA Design Build Flow Using GitLab CI;"C. Eguzo; B. Scherer; D. Keßel; I. Bekman; M. Streun; M. Schlosser; S. van Waasen";2024;10.1109/LES.2023.3314148;https://ieeexplore.ieee.org/stamp/stamp.jsp?arnumber=10247255;Building and testing software for embedded systems can be challenging with an impact on delivery time, design reproducibility, and collaboration among project contributors. To accelerate project development, presented here is an automated build flow that utilizes Xilinx PetaLinux, and field programmable gate array (FPGA) hardware description and integrates with the GitLab continuous integration and continuous deployment (CI/CD) framework for embedded targets. This build flow automates the complete process of FPGA implementation, PetaLinux configuration, and cross-compilation of software essentials for the target system-on-chip (SoC). The system has been successfully deployed in cross-compiling the control and command toolset for the Positron Emission Tomography scanner (PhenoPET) and the implementation of the message queuing telemetry transport (MQTT) service on a Xilinx Zynq Ultrascale MPSoC. This approach can be easily adapted to other projects with specific requirements.;"Automation;continuous integration and continuous deployment (CI/CD);cross-compilation;embedded Linux;field programmable gate array (FPGA);PetaLinux;software development";;IEEE Embedded Systems Letters;IEEE;
ieee;;IEEE Conferences;Multi-Domain Modeling for Change Management in Cyber-Physical Production Systems Engineering;"F. Rinker; K. Meixner; D. Vysoká; S. Biffl";2024;10.1109/ETFA61755.2024.10710656;https://ieeexplore.ieee.org/stamp/stamp.jsp?arnumber=10710656;"To develop Cyber-Physical Production Systems (CPPSs), engineers from various domains work together from their respective work environments. However, exchanging arti-facts between these domain-specific views is hard, if the representations of similar concepts differ. This paper introduces the Multi-Domain Modeling for CPPS (MDM-CPPS) method to facilitate (i) defining view-specific local concepts; (ii) negotiating a common concept view for collaborating domains and their dependencies; and (iii) for reviewing the impact of local property changes on related domain views, based on established GitOps practices and on semantic analysis. We evaluated MDM-CPPS with a tool chain prototype in a feasibility study on an industrial use case. The study results indicate MDM-CPPS to provide (i) effective means for common system understanding, (ii) efficient change coordination, and (iii) effective CPPS asset management.";"multi-domain modeling;change management;GitOps;DevOps;LSP;domain-specific languages;CPPS engi-neering;multi-disciplinary engineering";;2024 IEEE 29th International Conference on Emerging Technologies and Factory Automation (ETFA);IEEE;
ieee;;IEEE Conferences;1 μA Quiescent All-MOS Subthreshold Design Technique of Voltage Reference for Biomedical and IoT Device Applications;"J. M. A. Gorospe; J. A. Hora; X. Zhu";2024;10.1109/TENCON61640.2024.10902720;https://ieeexplore.ieee.org/stamp/stamp.jsp?arnumber=10902720;Novel low-voltage, low-power voltage reference circuit is introduced, capable of functioning down to 350m V with a power consumption of 6.2n W (with a quiescent current of 4.3nA) at room temperature. Implemented in a 65nm process node, the circuit utilizes a topology in the weak inversion region of transistors. Although weak inversion operation is sensitive to temperature and process variability, the circuit employs compensation techniques ensuring independence from process, voltage, and temperature variations. Simulation results using Monte Carlo Analysis shows that VTH dependence can be reduced to less than ± 1 % (3σ) and with minimum PSRR of 50.52 dB and 56.19 dB at 100Hz and 10MHz respectively. Furthermore since it is a resistor-less voltage reference, it only consumes a very small die area which is advantageous in biomedical and portable applications.;"65nm process;low voltage ultra-low power;process variation;sub-threshold";;TENCON 2024 - 2024 IEEE Region 10 Conference (TENCON);IEEE;
ieee;;IEEE Conferences;DeepRIoT: Continuous Integration and Deployment Of Robotic-IoT Applications;"M. Qu; J. He; Z. Tucaković; E. Bartocci; D. Ničković; H. Isaković; R. Grosu";2024;;https://ieeexplore.ieee.org/stamp/stamp.jsp?arnumber=11294334;We present DeepRIoT, a continuous integration and continuous deployment (CI/CD) based architecture that accelerates the learning and deployment of a Robotic-IoT system trained from deep reinforcement learning (RL). We adopted a multi-stage approach that agilely trains a multi-objective RL controller in the simulator. We then collected traces from the real robot to optimize its plant model, and used transfer learning to adapt the controller to the updated model. We automated our framework through CI/CD pipelines, and finally, with low cost, succeeded in deploying our controller in a real F1tenth car that is able to reach the goal and avoid collision from a virtual car through mixed reality.;"Deep Reinforcement Learning;Sim2Real;DevOps;CI/CD";;2024 61st ACM/IEEE Design Automation Conference (DAC);IEEE;
ieee;;IEEE Conferences;Enhancing Operational Efficiency and User Experience in Virtual Workspaces: A Comprehensive Analysis and Action Plan;"S. I. Abbas; M. Singh";2024;10.1109/ICSADL61749.2024.00014;https://ieeexplore.ieee.org/stamp/stamp.jsp?arnumber=10601402;The effectiveness and user experience of virtual collaboration technologies become critical as the distant work environment changes. The conclusions and recommendations drawn from a thorough examination of the “Virtual Workspace” feature—a crucial part of the cloud-based collaboration capabilities offered by a fictional SaaS company—are summarized in this abstract. Key operational obstacles were found by the investigation, including inconsistent user engagement, platform responsiveness, and connectivity problems. The diverse range of experiences had by prominent individuals like Elon Musk, Sundar Pichai, and others highlights the complexity of these issues. The remedies that are suggested take a comprehensive approach, addressing technical issues by means of network infrastructure upgrades, honing platform responsiveness through focused development sprints, and encouraging user participation by means of feature improvements. Establishing an ongoing feedback loop and monitoring system also guarantees proactive problem detection and fixing.;"IaC;AWS;Azure;Cloud Computing;IoT;DevOps";;2024 3rd International Conference on Sentiment Analysis and Deep Learning (ICSADL);IEEE;
ieee;;IEEE Conferences;Training Developers to Code Securely: Theory and Practice;"I. Ryan; U. Roedig; K. -J. Stol";2024;;https://ieeexplore.ieee.org/stamp/stamp.jsp?arnumber=10649741;"Software security is essential. Flaws in software design and coding produce vulnerabilities that can be exploited by hostile actors, resulting in ransomware, espionage and the hacking of critical infrastructure. Meanwhile, DevOps and continuous integration introduce speed imperatives, often bypassing traditional security gates. Software security responsibility is increasingly shifting to software developers. Industry insiders advise that this extra responsibility should be accompanied by developer training. But is it? Analysis of what constitutes good software security training is sparse, and there is little information on the amount and quality of training actually offered to developers in industry. We analyse recent literature to find the positive features of effective secure development training. We examine training information from a large developer survey (n=962) to assess how training in the field matches key positive features. We find that while some developers experience excellent secure-coding training, others receive inadequate training, and the majority receive none.CCS CONCEPTS• Security and privacy → Software and application security; Human and societal aspects of security and privacy.";"secure software development;security;secure coding training";;2024 IEEE/ACM 4th International Workshop on Engineering and Cybersecurity of Critical Systems and 2024 IEEE/ACM Second International Workshop on Software Vulnerability (EnCyCriS/SVM);IEEE;
ieee;;IEEE Conferences;Enhancing Cloud Security Through Topic Modelling;"S. M. Saleh; N. Madhavji; J. Steinbacher";2024;10.1109/SNPD-Winter67015.2024.00020;https://ieeexplore.ieee.org/stamp/stamp.jsp?arnumber=11481682;Protecting cloud applications is critical in an era where security threats are increasingly sophisticated and persistent. Continuous Integration and Continuous Deployment (CI/CD) pipelines are particularly vulnerable, making innovative security approaches essential. This research explores the application of Natural Language Processing (NLP) techniques, specifically Topic Modelling, to analyse security-related text data and anticipate potential threats. We focus on Latent Dirichlet Allocation (LDA) and Probabilistic Latent Semantic Analysis (PLSA) to extract meaningful patterns from data sources, including logs, reports, and deployment traces. Using the Gensim framework in Python, these methods categorise log entries into security-relevant topics (e.g., phishing, encryption failures). The identified topics are leveraged to highlight patterns indicative of security issues across CI/CD's continuous stages (build, test, deploy). This approach introduces a semantic layer that supports early vulnerability recognition and contextual understanding of runtime behaviours.;"Cloud;Security;Topic Modelling;Natural Language Processing;Continuous Integration (CI);Continuous Deployment (CD)";;2024 28th ACIS International Winter Conference on Software Engineering, Artificial Intelligence, Networking and Parallel/Distributed Computing (SNPD-Winter);IEEE;
ieee;;IEEE Conferences;Enhancing Autonomous Driving Systems through ROS2 and AWS Cloud: V2I Interaction and HPC Data Processing;"S. W. Lee; Y. G. Choi; J. W. Jeon";2024;10.1109/ISIE54533.2024.10595834;https://ieeexplore.ieee.org/stamp/stamp.jsp?arnumber=10595834;The automotive industry is undergoing a significant shift towards software-defined computing to meet the evolving demands of technology and the increasing complexity of software systems. This transition is giving rise to innovations such as Software Defined Vehicles (SDVs), which aim to enhance safety and convenience features, relying on technologies like Artificial Intelligence (AI), Advanced driver assistance systems (ADAS), and Robot Operating System2 (ROS2) for autonomous driving research. To effectively manage the growing amount of software in vehicles, strategies such as partitioned processing and infrastructure utilization are being proposed to optimize High-Performance Computing (HPC) usage and ensure reliable real-time data processing while minimizing resource consumption. In this paper, we propose a system that utilizes infrastructure to reduce the services to be handled by HPC to meet the SDV research trend and builds a pipeline to manage and deploy application Software. To demonstrate the proposed system, we utilized ROS2, Docker technology, and continuous integration and continuous delivery/continuous deployment (CI/CD) deployment for Over-The-Air (OTA).;"SDV;V2I;ROS2;Middleware;Docker";;2024 IEEE 33rd International Symposium on Industrial Electronics (ISIE);IEEE;
ieee;;IEEE Conferences;Research on the Technology Architecture of Full-stack Cloud-Native Hosted Cloud;"B. Sun; H. Zhou; G. Song; Q. Zhang";2024;10.1109/MiTA60795.2024.10751724;https://ieeexplore.ieee.org/stamp/stamp.jsp?arnumber=10751724;As cloud computing technology matures and becomes more widespread, internet-based businesses and applications of artificial intelligence become increasingly intricate. Enterprises are now more sensitive to factors such as data sensitivity, compliance requirements, and personalized needs. The surge in demand for extensive and diversified computing power is propelling the growth of the cloud hosting industry. Consequently, the expectations from cloud hosting now encompass requirements for comprehensive capabilities, security, and open compatibility. Enabling computing power, ensuring compatibility with the full-stack ecosystem, and optimizing security systems have emerged as inevitable trends in the evolution of cloud hosting services. This paper delves into the technical architecture and operational framework of full-stack cloud hosting, leveraging a range of cloud-native technologies including containers, micro-services, and DevOps. Additionally, a holistic approach to security system design is proposed to address the security challenges inherent in full-stack cloud hosting. Through tiered deployment and multi-level isolation, this approach aims to enhance the efficiency of cloud hosting business operations while providing robust security protection for cloud resources from various angles.;"cloud computing;cloud native;Full-stack Hosted Cloud;cloud security";;2024 11th International Conference on Machine Intelligence Theory and Applications (MiTA);IEEE;
ieee;;IET Conferences;Quantitative impact of artificial intelligence on smart cities: a comparative study using federated learning;"S. Banala; L. M. Gutta; N. R. Kanchepu; P. Bhattacharya; P. Dutta; P. Whig";2024;10.1049/icp.2025.0853;https://ieeexplore.ieee.org/stamp/stamp.jsp?arnumber=10949366;This comparative study investigates the quantitative impact of Artificial Intelligence (AI) on smart cities, with a specific focus on the implementation of federated learning in IoT-based energy management systems. Our research examines AI's effects on urban infrastructure, governance, and public services, while proposing a novel framework that leverages federated learning to enhance privacy, efficiency, and scalability in smart city ecosystems. The study analyzes data from diverse urban settings, revealing significant improvements in key metrics. AI-driven systems have reduced energy consumption by an average of 15% across studied cities, while AI-enhanced traffic management algorithms have decreased congestion by up to 25%. These results demonstrate the substantial operational efficiencies achieved through AI integration in urban environments. Our proposed framework introduces a federated learning approach to address privacy concerns and data silos in smart cities. This decentralized AI technique allows for model training across multiple IoT devices without centralizing sensitive data. The architecture consists of three main components: energy devices, energy edge servers, and energy cloud servers. Energy devices collect and generate data, edge servers process local data and host federated learning models, and cloud servers coordinate the overall learning process and provide additional computational resources when needed. The software model for this IoT-based energy management system includes four layers: sensing, network, cognition, and application. Federated learning is implemented primarily in the cognition layer, where edge servers perform local model updates based on device data, and the cloud server aggregates these updates to improve the global model without accessing raw data.;;;8th IET Smart Cities Symposium (SCS 2024);IET;
ieee;;IEEE Conferences;AI-Driven DevOps in Telecommunications: Bridging Predictive Analytics with Continuous Delivery for Network Agility;"S. K. Davuluri; V. Challagulla; V. Mudapaka; U. Konka";2025;10.1109/RTC66985.2025.11211551;https://ieeexplore.ieee.org/stamp/stamp.jsp?arnumber=11211551;The telecommunications industry is navigating a transformative era driven by the complexity of 5G, Internet of Things (IoT), edge computing, and software-defined networking. These technologies demand rapid, reliable, and scalable network operations to meet stringent performance, reliability, and regulatory requirements. This paper presents an in-depth study on integrating Artificial Intelligence (AI) into DevOps pipelines to address these challenges. By combining predictive analytics, machine learning (ML), and automation, our proposed AI-Driven DevOps model enhances network agility, optimizes resource allocation, minimizes service disruptions, and enables autonomous operations. We explore practical applications through a detailed case study, address implementation and scalability challenges, propose a conceptual pipeline with mathematical foundations, quantify hypothetical improvements with enhanced metrics, and discuss ethical considerations. The model bridges predictive insights with continuous delivery, fostering resilient, scalable, and intelligent telecom networks capable of adapting to dynamic demands.;"DevOps;Predictive Analytics;Telecommunications;CI/CD;Artificial Intelligence;AIOps;Continuous Delivery;5G;Machine Learning;Network Automation;Network Slicing;MLOps";;2025 IEEE International Conference and Expo on Real Time Communications at IIT (RTC);IEEE;
ieee;;IEEE Conferences;Development of Interoperability in Industrial Internet of Things (IIoT) Ecosystems: Integrating DevOps and Digital Twins to Platform Integration and Ensure Seamless Device;"V. S. Pandi; K. Ranjani; Z. Azzam; H. P. Thethi; M. Dinesh; E. Yuvabharathi";2025;10.1109/INCSST64791.2025.11210416;https://ieeexplore.ieee.org/stamp/stamp.jsp?arnumber=11210416;The Industrial Internet of Things (IIoT) is now an integral part of modern industrial systems, revolutionizing smart manufacturing, predictive maintenance, and optimizing supply chains. While the implementation of HoT is complex, one of the most critical aspects is in terms of achieving interoperability between different devices, platforms, and applications within IIoT ecosystems. It is not enough only to have strong communication protocols that plays well with all the components, but also continuous development, testing and deployment pipelines that can conform to those specific and growing needs in industrial environments. By integrating DevOps principles and Digital Twin technology, this work presents a unique approach that enables application-level interoperability by ensuring seamless device communication across heterogeneous IIoT ecosystems. DevOps, with its focus on automation, collaboration, and CI/CD, has emerged as a powerful way to tackle operational complexities in HoT ecosystems. Integrating DevOps into IIoT platform development, we focus on reducing the friction involved in connecting devices, sensors and applications so that any update or change can be deployed fast and reliably. At the same time, Digital Twin technology, as representations of physical assets, is key to providing monitoring in real time, simulation, and optimization of devices and systems within IIoT environments. The aim of this research is to investigate how the intersection of DevOps and Digital Twins can upend parallel processing with a framework for platform interoperability which enables real-time decision-making and predictive analytics whilst mitigating downtime and improving system efficiency. The framework for interoperability proposed in this paper aims to build a cohesive infrastructure that enables the seamless exchange of information between legacy systems, modern IoT devices, and cloud-based applications. Digital Twins are a key element in enabling a feedback loop between the physical HoT devices and the digital terrain they inhabit across the intrinsic and extrinsic domains of the IIoT. Additionally, by leveraging DevOps in the design, we guarantee that this platform can adapt to changing business needs or technological innovation without compromise to the operational integrity of the system.;"DevOps;Interoperability;Digital Twins;Seamless Device Communication;Platform Integration;RealTime Data Monitoring";;2025 International Conference on Smart & Sustainable Technology (INCSST);IEEE;
ieee;;IEEE Conferences;Design and Implementation of an IoT-Driven Full-stack Fleet Management System Leveraging a DevOps Approach;"H. Shidqi; B. R. Hermanto; Y. Bandung";2025;10.1109/ICAICTA67604.2025.11335146;https://ieeexplore.ieee.org/stamp/stamp.jsp?arnumber=11335146;The Indonesian B2B construction material distribution sector faces significant operational challenges due to inefficient route planning, particularly for heavy vehicles, inadequate tracking of inaccessible routes, lack of timely alerts for deviations and idles, also unreliable fuel consumption monitoring. This paper presents the design and implementation of an Internet of Things (IoT) driven full stack fleet management system (FMS) leveraging a DevOps approach to address these issues. The system delivers optimized route planning considering vehicle constraints, automated alerts, and enhanced fuel tracking and validation capabilities. Key results include the successful implementation and validation of all designed functionalities for its defined user roles (planner, manager, and driver) and demonstrated system stability under load and stress testing, achieving maximum response times of 215 ms with 28 concurrent virtual users and 2.82 s with 100 concurrent virtual users (handling mixed WebSocket and HTTP traffic), all with no errors. The successfully deployed and monitored FMS offers a cost-effective, scalable, and maintainable solution for medium-scale companies.;"Fleet Management System;Full Stack Development;DevOps;IoT Driven;CI/CD";;2025 12th International Conference on Advanced Informatics: Concept, Theory and Application (ICAICTA);IEEE;
ieee;;IEEE Conferences;Automated Compliance-Aware DevSecOps for AI-Driven IoT Data Streams Using Cloud-Native ML Across AWS, GCP, and Azure;"P. Sharma; N. Nellutla";2025;10.1109/iSAI-NLP66160.2025.11320492;https://ieeexplore.ieee.org/stamp/stamp.jsp?arnumber=11320492;The rapid proliferation of Internet of Things (IoT) devices has resulted in unprecedented volumes of heterogeneous data streams, creating new challenges for secure, compliant, and scalable data management. Traditional DevSecOps practices provide continuous integration and delivery pipelines, yet they are not inherently equipped to enforce dynamic compliance across multicloud ecosystems. This paper presents an automated complianceaware DevSecOps framework for AI-driven IoT data streams, integrating cloud-native machine learning services across Amazon Web Services (AWS), Google Cloud Platform (GCP), and Microsoft Azure. The framework introduces a compliance orchestration layer that continuously monitors regulatory requirements such as HIPAA, GDPR, and ISO 27001, embedding them directly into data ingestion, transformation, and analytics pipelines. Cloud-native ML models are deployed to detect anomalies, classify workloads, and adapt security policies in real time, while monitoring ensures interoperability and resilience across providers. Experimental evaluation demonstrates that the proposed framework achieves significant reductions in compliance drift, improves detection of misconfigurations, and maintains low-latency processing for high-velocity IoT data streams. By unifying DevSecOps automation with compliance-driven machine learning in multi-cloud environments, this work provides a resilient foundation for enterprises seeking to operationalize secure, regulation-aligned IoT analytics at scale.;"DevSecOps;Compliance-as-Code;Multi-Cloud;Cloud-Native Machine Learning;Internet of Things (IoT);AWS;Google Cloud Platform (GCP);Microsoft Azure;Security Automation;Regulatory Compliance";;2025 20th International Joint Symposium on Artificial Intelligence and Natural Language Processing (iSAI-NLP);IEEE;
ieee;;IEEE Conferences;Exploring Devops Practices for Lifecycle Management of Physical and Digital Twins in Cyber-Physical Systems;"M. Picone; P. Talasila; N. Bicocchi; P. G. Larsen";2025;10.1109/ICPS65515.2025.11087838;https://ieeexplore.ieee.org/stamp/stamp.jsp?arnumber=11087838;As industries increasingly adopt Digital Twins (DTs) as strategic tools for enhancing the intelligence, interoperability, and overall quality of cyber-physical systems, managing their development and lifecycle has become increasingly complex. Unlike traditional software systems, DTs necessitate the seamless integration of digital and physical components, introducing challenges in design, development, testing, and deployment. These challenges are compounded by the unique nature of Physical Twins (PTs), which are costly, time-intensive to modify, and often unavailable during critical phases of the development process. This paper explores how DevOps practices can be adapted to address these complexities and support the effective development of DT-enabled systems. Central to this adaptation is the use of PT mocks, which mitigate the challenges of PT unavailability by simulating realistic interaction scenarios. PT mocks enable iterative and scalable development by reducing dependencies on PTs and accelerating testing and deployment cycles. Furthermore, the paper introduces a shared software architecture that enhances modularity by allowing PT mocks and DTs to reuse common software components ensuring consistency between physical and digital elements, and fosters alignment throughout the system lifecycle.;"DevOps;Cyber-Physical System;Digital Twin";;2025 IEEE 8th International Conference on Industrial Cyber-Physical Systems (ICPS);IEEE;
ieee;;IEEE Conferences;Design of Low-Power Active Inductor-Based Digitally Controlled Oscillator for All-Digital Pll in Zero-Energy Iot Devices;"R. F. T. Sibala; X. Zhu; J. A. Hora; H. Mohammad";2025;10.1109/TENCON66050.2025.11375445;https://ieeexplore.ieee.org/stamp/stamp.jsp?arnumber=11375445;This paper presents the design and performance evaluation of a low-power, high-frequency Digitally Controlled Oscillator (DCO) incorporating an active inductor, implemented using 22 nm Fully Depleted Silicon-On-Insulator (FDSOI) technology. Tailored for energy-constrained Internet of Things (IoT) devices-particularly those relying on RF energy harvesting-the proposed DCO achieves a frequency tuning range from 44.78 GHz to 45.35 GHz, while maintaining a total power consumption of less than 12 mW. The integration of an active inductor replaces conventional bulky passive inductors, enabling significant area reduction and improved compatibility with standard CMOS processes. This makes the design highly suitable for compact and scalable on-chip RF systems. Although the design exhibits a moderate phase noise of $-78.96 \text{dBc} / \text{Hz}$ at 1 MHz offset, it offers a well-balanced trade-off between power efficiency, frequency performance, and spectral purity. Overall, the proposed DCO architecture demonstrates a viable solution for next-generation, low-power mmWave transceivers in dense IoT networks and other wireless sensor applications.;"Low Power;Dynamic Threshold Voltage;Digitally Controlled Oscillators;22 nm FDSOI;Power Consumption;CMOS";;TENCON 2025 - 2025 IEEE Region 10 Conference (TENCON);IEEE;
ieee;;IEEE Conferences;Trust-Aware Secure Communication Framework for IoT Networks: A Hybrid Approach Integrating Instantaneous Trust and Dynamic Key Management;"M. M. Malyala; S. Nalluri; K. Ramdass; H. Kandagiri; K. K. Kandagiri";2025;10.1109/ICCMSO67468.2025.00040;https://ieeexplore.ieee.org/stamp/stamp.jsp?arnumber=11096505;The increasing prevalence of cyber threats such as Man-in-the-Middle (MITM) attacks, data breaches, and unauthorized access in Internet of Things (IoT) networks necessitates the development of robust, adaptive security frameworks. Existing approaches to IoT security, including trust-based authentication, proxy re-encryption, and lightweight cryptographic mechanisms, have limitations in dynamic threat environments. This paper proposes the Trust-Aware Secure Communication Framework (TASCF-IoT), a novel hybrid approach that integrates instantaneous trust calculation using communication channel characteristics with a resource-aware dynamic key-sharing mechanism to ensure secure and resilient IoT communication. The framework introduces a Trust-Enhanced Proxy Re-Encryption (TE-PRE) scheme that dynamically adjusts encryption policies based on real-time trust assessment, mitigating security risks in IoT-fogcloud ecosystems. Additionally, a novel anomaly detection model leveraging Long Short-Term Memory (LSTM)-based delay prediction and Hidden Markov Models (HMMs) is incorporated to identify suspicious behaviors and mitigate active MITM attacks with high accuracy. This method is validated using both a simulated testbed and real-world IoT environments. The experimental results demonstrate that TASCF-IoT achieves an attack detection accuracy (ADA) of $\mathbf{9 9. 2 \%}$, outperforming conventional intrusion detection systems and trust evaluation models. Furthermore, the proposed framework significantly reduces computational overhead while maintaining robust security in constrained IoT devices. The findings highlight the effectiveness of instantaneous trust-aware key management and predictive security modeling, offering a scalable and adaptive solution for next-generation IoT networks.;"Trust-Based Security;Proxy Re-Encryption;Anomaly Detection;HMM;IoT Cybersecurity";;2025 4th International Conference on Computational Modelling, Simulation and Optimization (ICCMSO);IEEE;
ieee;;IEEE Conferences;Design of Low-Power Digitally Controlled Oscillator for All-Digital PLL Receiver in Zero-Energy IoT Devices;"J. A. M. Agito; X. Zhu; J. A. Hora; H. Mohammad";2025;10.1109/TENCON66050.2025.11375116;https://ieeexplore.ieee.org/stamp/stamp.jsp?arnumber=11375116;The proliferation of Internet of Things (IoT) devices in the era of sixth-generation (6G) wireless communication demands ultra-low power and high-frequency circuit solutions to support sustainable, near-zero energy operation. As IoT devices become more ubiquitous in applications such as smart environments, industrial automation, and wearable electronics, there is a growing need for compact and energy-efficient frequency generators capable of operating in the millimeter-wave spectrum. This study presents the design and analysis of a Digitally Controlled Oscillator (DCO) operating at 45 GHz, conforming to the IEEE 802.11aj standard, and implemented using GlobalFoundries 22-nm fully depleted Silicon-On-Insulator (FD-SOI) technology. The oscillator core adopts a complementary Colpitts topology, chosen for its efficiency and suitability at high frequencies. Frequency tuning is achieved through a digitally controlled switched capacitor array, implemented with lowleakage transmission gates. Operating at a low supply voltage of 0.8 V, the proposed DCO achieves a power consumption of only 5.959 mW and demonstrates excellent spectral purity, with a phase noise of −99.03 dBc/Hz at 1 MHz offset, making it ideal for ultra-low-power mmWave receivers in dense IoT networks.;"Low power;digitally controlled oscillator (DCO);22 nm FD-SOI;Colpitts Oscillator";;TENCON 2025 - 2025 IEEE Region 10 Conference (TENCON);IEEE;
ieee;;IEEE Conferences;MAGNET: An optimized DevOps framework for efficient software integration and orchestration in the IoT-Edge-Cloud Continuum;"E. Agorogiannis; K. Petrakis; G. Antonopoulos; T. Anagnostopoulos; N. Grigoropoulos; Z. Benomar";2025;10.1109/EEITE65381.2025.11166038;https://ieeexplore.ieee.org/stamp/stamp.jsp?arnumber=11166038;This paper introduces MAGNET, a DevOps framework comprising Continuous Integration/Continuous Deployment practices, alongside flexible development and integration infrastructures, as applied in COGNIFOG, an innovative computing ecosystem currently under development that uses decentralized decision making, machine learning, and distributed computing to enhance autonomy, adaptability, and scalability within the IoT-edge-cloud continuum. The proposed approach ensures efficient, reliable, and seamless framework integration, offering key insights into integration architecture, data flow management, and the adoption of advanced technologies. This work demonstrates the efficiency and adaptability of the COGNIFOG ecosystem through three real-world trials in smart cities, e-health, and smart manufacturing, along with the creation of a comprehensive QuickStart Guide for deployment, offering a robust solution for the complexities of next-generation computing environments.;"CI/CD;DevOps;IoT-edge-cloud continuum;service orchestration;cognitive connectivity;fog computing;edge computing;IoT";;2025 6th International Conference in Electronic Engineering & Information Technology (EEITE);IEEE;
ieee;;IEEE Conferences;A Machine Learning Framework for Detecting and Mitigation of Cyber Threats in IoT Environments;"K. M. R. Seetharaman; P. Yadav";2025;10.1109/ICICI65870.2025.11069697;https://ieeexplore.ieee.org/stamp/stamp.jsp?arnumber=11069697;"Artificial intelligence (AI) and machine learning are becoming more and more important in enhancing threat detection, response, and proactive defense as cybersecurity quickly changes. Two prominent solutions, leverage ML to solve Cybect Threat Intelligence (CTI) issues. A machine learningbased approach for identifying and reducing cyber threats in IoT settings is presented in this research, with an emphasis on the categorization of cyberattacks using the ResNet model. The framework is evaluated employing the CICDS 2019 dataset, and the ResNet model outperforms traditional machine learning models such as Feedforward Neural Network (FFNN), Support Vector Machine (SVM), and Gated Recurrent Unit (GRU), achieving an accuracy of 99.5% and an AUC of 93.3%. Although it achieved high accuracy, the discriminatory power of the ResNet model is less than optimum, as seen from the ROC plot; more work needs to be done. This paper has shown how DL can be applied effectively to IoT cyber threat detection and proposes research and development areas for enhancement, such as different data sets, tuning models of DL, and light models in the IoT environment.";"Internet of Things (IoT);Cyber Threats;Cybersecurity;Threat Detection;Security Framework;Machine Learning (ML);CICDS 2019 Dataset";;2025 3rd International Conference on Inventive Computing and Informatics (ICICI);IEEE;
ieee;;IEEE Conferences;Artificial Intelligence in Next Generation IoT Infrastructure: Challenges and Opportunities;"R. Arabelli; D. K. Chotaliya; R. T. Gadhave; B. Haritha; L. C. Kasireddy; M. Soni";2025;10.1109/CE2CT64011.2025.10939142;https://ieeexplore.ieee.org/stamp/stamp.jsp?arnumber=10939142;Numerous facets of the public realm could be revolutionised by the convergence of the Internet of Things (the Internet of Things) and Artificial Intelligence (AI). This project developed a based-on data predictive maintenance system for manufacturing production lines. One of these anticipated improvements that can be included into the factory's production system is “AI of Things (AIoT),” which refers to the use of the IoT to carry out intelligent tasks with the aid of AI integration. By using the information created by IoT sensors progressively, the system utilizes machine learning (ML), a part of AI, to recognize expected blunders preceding they happen. The viability of the innovation was surveyed utilizing IoT information from genuine assembling frameworks, and the results of the appraisal demonstrated that the prescient support structure was effective in distinguishing potential failure indicators and could assist with forestalling some production stops. Comparing the performance of ML techniques revealed that frameworks of the bagging ensemble technique Random Forest and the boosting technique XGBoost appeared to outperform each of the techniques in the assessment. The factory's production system now uses the best-performing ML techniques from the present research.;"Artificial intelligence;Machine learning;IoT;Predictive maintenance;Production";;2025 First International Conference on Advances in Computer Science, Electrical, Electronics, and Communication Technologies (CE2CT);IEEE;
ieee;;IEEE Conferences;Digital Twin-Driven Testing of IoT Systems: A Scalable Simulation-Based Approach;"G. Georgiev; R. Trifonov; D. Gotseva; G. Kotov";2025;10.1109/COMSCI67172.2025.11225248;https://ieeexplore.ieee.org/stamp/stamp.jsp?arnumber=11225248;Digital twins are emerging as a transformative approach for testing Internet of Things (IoT) systems, offering virtual replicas of physical environments to enhance test efficiency, scalability, and reliability. This paper presents a scalable simulation-based testing methodology driven by digital twin technology. We discuss how a digital twin of a smart home IoT system can be used to execute extensive test scenarios faster and more safely than on physical hardware. A hypothetical experimental evaluation is described in which a smart home digital twin is subjected to various sensor events, network conditions, and fault injections. Comparative analysis with traditional physical testing shows significant improvements: test coverage is broadened by simulating extreme and rare conditions, and testing time is greatly reduced through accelerated and parallelized virtual experiments. The results indicate that digital twin-driven testing can uncover 30% more faults prior to deployment and reduce testing duration by over 40% compared to conventional methods.;"Digital Twin;Internet of Things (IoT);Simulation;Software Testing;Smart Home;Scalability;Reliability;Security;Virtual Testing;DevOps";;2025 13th International Scientific Conference on Computer Science (COMSCI);IEEE;
ieee;;IEEE Conferences;Comparative Study of Clouds Services integrated with DevOps Practices;"P. Gupta; S. Bhatia";2025;10.1109/ICoICI65217.2025.11254217;https://ieeexplore.ieee.org/stamp/stamp.jsp?arnumber=11254217;In today’s world, where everything is revolving around cloud that provides in-demand services of any industry, corporates or Institutions. DevOps refers to the combination of the development as well as the operations in a shared and collaborative way for the work done by an organization’s application development and the IT operations teams. The significance of the paper includes comparative analysis of different industries where the cloud and DevOps can be integrated that helps to take the author’s research to the next level in the real-time environment. This paper presents comparative study on enhancing the clouds services by using DevOps practices that helps to save money, increases speed, security aspects and provides flexibility and scalability. With CloudOps, services are cost efficient, accessible and seamlessly integrated. Also the paper demonstrates the deployment of matrices based on DevOps, AWS and Azure Effectiveness that helps in understanding how well DevOps suit with various platforms.;"DEVOPS;Cloud;AWS;Google Cloud Platform";;2025 3rd International Conference on Intelligent Cyber Physical Systems and Internet of Things (ICoICI);IEEE;
ieee;;IEEE Conferences;Emerging IOT Cybersecurity Threats in Machine Learning;"V. R. Chintha; S. K. R. Akkemgari; V. N. R. K. Nizampatnam; R. Kaur; M. Sudagar";2025;10.1109/ICCAMS65118.2025.11234439;https://ieeexplore.ieee.org/stamp/stamp.jsp?arnumber=11234439;The development of Internet of Things (IOT) devices has led to new danger routes in our connected society in recent years. Meagre IoT security practices make all these devices interesting targets for attackers, even though they bring automation and real-time feedback. This work presents a comprehensive analysis of how to detect and mitigate cybersecurity threats in IoT, leveraging statistical anomaly detection with machine learning (ML) techniques. A combination of the RF (Random Forest) technique and packet size analysis to detect unusual behaviours and classify them as network intrusions was employed. Additionally, a CIAE risk matrix was applied to estimate the exposure degree of device-level vulnerabilities. That item stands for CIAE or confidentiality, integrity, availability and exploitability. On benchmark datasets, the recommended technique beat traditional models with 96.3% accuracy and 0.98 AUC. These results suggest combining strategies to improve IoT cybersecurity.;"Internet of Things;Cybersecurity;Machine Learning;CIAE;Random Forest";;2025 2nd International Conference on New Frontiers in Communication, Automation, Management and Security (ICCAMS);IEEE;
ieee;;IEEE Conferences;Prediction of DevOps readiness for software organization based on machine learning;"Z. N. Hasan; I. A. Saleh";2025;10.1109/AIBThings66987.2025.11296144;https://ieeexplore.ieee.org/stamp/stamp.jsp?arnumber=11296144;The term “DevOps predictions” is used in this paper only to refer to the ability to predict DevOps adoption maturity in software organizations. The paper presents a machine learning model for predicting the level of DevOps adoption maturity in software companies. This model assesses readiness based on three key dimensions: cultural alignment, technical infrastructure, and operational resilience. This method enables an organization’s overall ability to adequately deploy and maintain DevOps practices. This paper presents a machine learning-powered pipeline for predicting DevOps readiness in software companies, helping support strategic planning and digital transformation. The proposed method boasts high predictive power and reliability thanks to the application of several ensemble learning techniques and, most importantly, a voting regression model. The model’s $\mathbf{R}$-SQ coefficient was 0.99, and its error statistics were very low (MAE $=0.04$, RMSE $=0.04$), demonstrating the model’s high effectiveness in predicting organizational patterns and readiness indicators. The research combines technical performance analysis and an implementation-based tool to measure DevOps maturity. These findings suggest that machine learning can improve decision-making and guide organizations toward more successful DevOps adoption.;"machine learning;DevOps;prediction;boosting;stacking;voting;random forest";;2025 3rd International Conference on Artificial Intelligence, Blockchain, and Internet of Things (AIBThings);IEEE;
ieee;;IEEE Conferences;A Scalable DevOps Framework Using Kubernetes-Orchestrated Microservices for Cloud-Native Infrastructure;"S. S. Poojary; S. Kamble; G. S. Mamatha";2025;10.1109/CSITSS67709.2025.11294211;https://ieeexplore.ieee.org/stamp/stamp.jsp?arnumber=11294211;Think of a Formula 1 pit crew, swapping tires and tuning aerodynamics in seconds, guided by a race engineer's precise commands. That's the heart of our cloud-native DevOps framework, leveraging Kubernetes to orchestrate microservices for fast, reliable, and sustainable applications. This paper presents an innovative approach that empowers teams with automated CI/CD pipelines, infrastructure as code, observability, fault tolerance, security, AI-driven optimization, multi-cloud strategies, carbon-aware scheduling, regulatory compliance, cultural transformation, and a DevOps maturity model. By harnessing Kubernetes' pods, services, and autoscaling, we deliver scalability, resilience, and efficiency. Through clear architectural insights, real-world e-commerce and IoT case studies, and unique metrics, we tackle challenges like network performance, security, cost, sustainability, compliance, and team collaboration, providing a practical blueprint for modern DevOps practitioners.;"DevOps;Kubernetes;microservices;cloudnative;CI/CD;infrastructure as code;container orchestration;fault tolerance;scalability;security;AI optimization;multi-cloud;observability;carbon-aware scheduling;regulatory compliance;cultural transformation;DevOps maturity";;2025 9th International Conference on Computational System and Information Technology for Sustainable Solutions (CSITSS);IEEE;
ieee;;IEEE Conferences;AI-Augmented Compiler Optimization for Energyefficient Software Execution on Embedded Systems;"S. K. Malaraju; S. K. Madishetty";2025;10.1109/SMART66937.2025.11389313;https://ieeexplore.ieee.org/stamp/stamp.jsp?arnumber=11389313;The recent trend of the increased usage of embedded systems (such as IoT, autonomous devices, and edge computing) is associated with the increased demand to have energy-efficient software that does not impact performance. The traditional compiler optimization strategies, which are extremely useful in the case of generic workloads, are not likely to be able to respond to the dynamic energy and performance needs of a heterogeneous embedded system. The study examines AI-enhanced compiler optimization systems that use machine learning and reinforcement learning in improving the code generation, pass ordering, and runtime tuning with energy efficiency. The study shows that energy consumption can be drastically reduced without compromising the performance and accuracy of the systems based on multiple architectures through the combination of predictive cost models, reinforcement-based heuristics, and domain-specific auto-schedulers. Other areas of study that the research identifies that allow cross-layer co-optimization include compiler-guided dynamic voltage and frequency scaling (DVFS) and accuracy-conscious intermediate representations. The accuracy of the proposed approach is confirmed in the experimental results of benchmark suites like BEEBS and Embench, which demonstrate a steady increase in code quality and energy efficiency relative to traditional approaches based on heuristics. The work is useful to the intelligent compiler design that has been evolving as it provides a pathway in the direction of sustainable as well as adaptive and portable. optimization strategies of the nextgeneration embedded systems.;"Embedded systems;machine learning;reinforcement learning;cross-layer;Compilers";;2025 14th International Conference on System Modeling & Advancement in Research Trends (SMART);IEEE;
ieee;;IEEE Conferences;Comprehensive Study of Data Centric and DevOps Algorithms Based Cloud Security;"S. R. Goli; G. Deshpande; R. Konda; A. K. R. Goli";2025;10.1109/IACIS65746.2025.11211481;https://ieeexplore.ieee.org/stamp/stamp.jsp?arnumber=11211481;Cloud security is essential for safeguarding sensitive and critical data while ensuring reliable operation within a computing setup where tasks are distributed and processed by multiple interconnected nodes. It protects data, applications, and infrastructure associated with cloud computing and is designed to secure the cloud environment from cyberattacks, unauthorized access, and related threats. This study elaborates on two primary approaches to cloud security: data-centric and DevOps-based techniques. Data-centric strategies focus on securing the data itself through advanced encryption and secure key management. DevOps-based security integrates protection mechanisms into the software development lifecycle, promoting early detection of vulnerabilities. The paper explores various techniques such as dynamic AES, RSA, blockchain-based key management, and automated policy enforcement frameworks such as SARIK. Each method's advantages and limitations are analyzed, offering a comparative perspective. The overall study demonstrates that combining both approaches improves security effectiveness and addresses ongoing challenges in cloud environments.;"blockchain;cloud security;data-centric;devops;encryption;key management";;2025 2nd International Conference on Intelligent Algorithms for Computational Intelligence Systems (IACIS);IEEE;
ieee;;IEEE Conferences;AI-Powered CNC Digital Twin for Predictive Maintenance;"S. Singh; S. Sethi; R. Sharma; D. Vaibhavi; A. Tiwari";2025;10.1109/ICPC2T63847.2025.10958573;https://ieeexplore.ieee.org/stamp/stamp.jsp?arnumber=10958573;In today’s manufacturing landscape, maintaining the operational efficiency of CNC (Computer Numerical Control) machines is critical for minimizing downtime and maximizing productivity. This paper presents a novel framework that integrates artificial intelligence (AI) with digital twin technology for predictive maintenance in CNC operations. By leveraging IoT (Internet of Things) sensors, real-time data is collected from CNC machines, enabling the creation of a dynamic digital twin that accurately represents machine performance and behavior. Hereby, employing advanced machine learning techniques, specifically XGBoost, to analyze historical and real-time data, facilitating the early detection of potential failures and optimizing maintenance schedules. It not only enhances the accuracy of maintenance predictions but also significantly reduces the maintenance cost and unplanned machine downtimes. This research contributes to the ongoing development of smart manufacturing systems and underscores the importance of AI-driven solutions in enhancing predictive maintenance strategies within the industrial sector.;"CNC;AI;IoT;XGBoost;MQTT;HTTP/2;SSL/TLS;OPC-UA;NVIDIA;TLS;ERP;MES;TFX;CI/CD";;2025 Fourth International Conference on Power, Control and Computing Technologies (ICPC2T);IEEE;
ieee;;IEEE Conferences;Sok: Zero Trust as a Strategy to Address Devsecops Challenges;"A. Nair; S. Nicolazzo; A. Nocera; R. R. K. A.; V. P.";2025;10.1109/EuroSPW67616.2025.00069;https://ieeexplore.ieee.org/stamp/stamp.jsp?arnumber=11129578;Over recent years, Development, Security, and Operations (DevSecOps, hereafter) has evolved as a unique shift-left strategy that integrates security practices, early on in the Development and Operations (DevOps, for short) software development methodology. However, DevSecOps is not devoid of challenges. Insecure tools and insider attacks are some of the threats that can escape the security controls enforced in DevSecOps pipelines. In this paper, we analyze the possibility of embedding Zero Trust into the organization's developer workflow as a strategy to further secure DevSecOps by removing the implicit trust among the various components of the pipelines. Based on a systematic review of the present literature and for each phase of the DevSecOps life cycle, we evaluated the possible integration of current ZTA approaches.;"DevSecOps;CI/CD Pipeline security;Zero Trust Architecture;ZTA";;2025 IEEE European Symposium on Security and Privacy Workshops (EuroS&PW);IEEE;
ieee;;IEEE Conferences;Enhancing Interoperability and system performance through Automation and testing of IoT sensors;"R. J; A. P. Patil; R. Sankarasubramanian; S. P. Yelaka; M. J; K. B. C. R";2025;10.1109/ICNGCS64900.2025.11182974;https://ieeexplore.ieee.org/stamp/stamp.jsp?arnumber=11182974;Seamless interoperability and enhanced system performance for real-time monitoring and efficient operation in smart environments are achieved through improved IoT sensor integration and automated testing and validation of backend APIs. By automating the processes of sensor data collection and API validation, the proposed method improves system efficiency, accuracy, and scalability within IoT environments. The central goal is to design a unified platform simplifying sensor deployment and ensuring consistent, reliable communication with backend systems. The proposed solution introduces a middleware layer that facilitates IoT sensor integration by unifying data formats and communication standards. It includes a backend API testing framework, leveraging tools like Cypress to verify API responses for accuracy, performance, and error resilience. Key components of this system include real-time simulation of sensor data, automated generation of test cases, and seamless integration with CI/CD pipelines for ongoing validation. Technologies such as Node.js, Python, and RESTful APIs are used to maintain scalability and system compatibility.The developed system offers a streamlined and automated approach to managing IoT sensors and verifying API interactions. Users can set up sensors, simulate their output, and validate backend responses without manual input. This level of automation reduces the time required for deployment, decreases the likelihood of errors, and ensures consistent performance of backend services. The proposed methodology demonstrates significant improvements in the efficiency and dependability of IoT-based systems.;"component;formatting;style;styling;insert";;2025 International Conference on Next Generation Computing Systems (ICNGCS);IEEE;
ieee;;IEEE Journals;A Comprehensive Review on Scaling Machine Learning Workflows Using Cloud Technologies and DevOps;"G. Ramesh; T. V. Pai; R. Birau; K. K. Poojary; Abhay; A. R. Shingad; N. Sowjanya; V. Popescu; A. T. Mitroi; R. M. Nioata Chireac; K. M. K. Raj";2025;10.1109/ACCESS.2025.3599281;https://ieeexplore.ieee.org/stamp/stamp.jsp?arnumber=11126113;Scaling Machine Learning (ML) workflows in cloud environments presents critical challenges in ensuring reproducibility, low-latency inference, infrastructure reliability, and regulatory compliance. This review addresses the lack of a comprehensive synthesis of how integrated DevOps practices and cloud-native technologies enable scalable, production-grade ML systems. We analyze the convergence of MLOps with tools such as Kubernetes, Jenkins, and Terraform, detailing their role in automating CI/CD pipelines, infrastructure provisioning, and model lifecycle management. The main highlights strategies for optimizing resource utilization, minimizing inference latency, and managing data versioning across hybrid and multi-cloud architectures (AWS, Azure, GCP). We also examine serverless computing, container orchestration, and monitoring practices to enhance scalability and governance. By categorizing challenges chronologically and evaluating emerging practices such as federated learning and security-by-design, this work bridges a key gap in existing literature. It offers a unified perspective on building reliable, reproducible, and compliant ML workflows, thereby advancing the state of scalable AI system engineering.;"Machine learning (ML) workflows;cloud computing;DevOps;MLOps;scalability;Kubernetes;automation";;IEEE Access;IEEE;
ieee;;IEEE Conferences;Integrating Artificial Intelligence and Context-Aware Modeling Protocols for Improved Patient-Centric Healthcare Systems;"M. Meshram; A. J. Rangari; S. Madhukar Nagrare";2025;10.1109/ICoICI65217.2025.11252589;https://ieeexplore.ieee.org/stamp/stamp.jsp?arnumber=11252589;The given paper proposes an innovative approach embedding the concept of Artificial Intelligence (AI) with that of context-aware modeling protocols as a means of facilitating patient-centric healthcare systems. The approach involves machine learning such as deep and reinforcement learning, augmented by real-time context data provided by IoMT sensors to perform intelligent, dynamically customized patient care. The framework enables predictive diagnostics, uninterrupted monitoring, and responsive treatment planning by adjusting healthcare responses to the context of specific patient based on factors such as physiological, environmental, and behavioral factors. Main research findings show that it achieved significant advances in accuracy, soundness and reaction times regarding conventional methods. Integrated system has a great potential of minimizing the number of clinical errors, enhancing good judgment, and eventually delivering smarter real time care to patients. Testings with artificial and actual health data sets validate the possibility of the system to stimulate compelling intelligent and patient-centered healthcare services.;"Artificial Intelligence;Context-Aware Systems;Patient-Centric Healthcare;Predictive Modeling;Real-Time Monitoring";;2025 3rd International Conference on Intelligent Cyber Physical Systems and Internet of Things (ICoICI);IEEE;
ieee;;IEEE Conferences;Advanced Securing Cloud Environments using Quantum Convolutional Neural Network-based Multi-Channel Cryptographic;"K. K. T. M; C. Mavani; H. Mistry; C. Thacker; R. M. Shirish; M.SivaramKrishnan";2025;10.1109/ICECA66444.2025.11383295;https://ieeexplore.ieee.org/stamp/stamp.jsp?arnumber=11383295;The rapid proliferation of Internet of Things (IoT) devices has led to an unprecedented aggregation of sensitive information within cloud infrastructures, consequently accentuating vulnerabilities associated with confidentiality, data integrity, and infrastructural resilience. Furthermore, extant privacy frameworks not only face imminent threat from forthcoming quantum decryption capabilities but also exhibit inherent weaknesses attributable to centralized data architectures. In order to confront this intricate and evolving risk landscape, we present a multi-layered security architecture that integrates heuristic anomaly detection, countermeasures against inference-based and anomaly attacks, post-quantum encryption, and a distributed ledger architecture—thereby establishing a coherent and uniform defensive paradigm. Suspicious transaction detection at the initial screening stage relies upon the identification of multi-canonical anomalous transactions, applied through a Multi-Channel Quantum Convolution Neural Network. This core mechanism is synergistically enhanced by a Walk-Spread search algorithm, which prioritises the identification of anomalous transaction patterns across temporal scales mediated by quantum temporal frameworks, effectively strengthening detection capabilities. Recorded transaction payloads within the proposed system are secured through the McEliece post-quantum encryption scheme, thereby constructing a formidable cryptographic bulwark against a wide array of adversarial efforts, including those mounted by both classical and quantum computational means. Building upon this foundation, a streamlined adaptation of Practical Byzantine Fault Tolerance (PBFT) is engineered, realising a declarative and resource-efficient blockchain architecture that retains key attributes of consensus, immutability, cryptographic tamper-resistance, and thoroughly decentralised ledger operation while maintaining a and of very modest persistent computational cost. Evaluation against realistically emulative workload parameters demonstrates an anomaly detection accuracy exceeding 99%, with both precision and F1-score metrics achieving consensus at the operational maximum, collectively corroborating the system's resilience and effective adherence to operational metrics across contend time horizon.;"Cloud Computing;Security;Multi-Channel Quantum Convolutional Neural Network;McEliece Post-Quantum Cryptosystem;Walk-Spread Algorithm";;2025 9th International Conference on Electronics, Communication and Aerospace Technology (ICECA);IEEE;
ieee;;IEEE Journals;Cybersecurity in DevOps Environments: A Systematic Literature Review;"R. Carlos Bautista Ramos; S. G. Yoo";2025;10.1109/ACCESS.2025.3582892;https://ieeexplore.ieee.org/stamp/stamp.jsp?arnumber=11050425;This systematic literature review provides a comprehensive analysis of the most critical cybersecurity challenges in DevOps environments. Through a rigorous examination of 62 peer-reviewed articles published between 2016 and 2025, we identified recurring threats, active attack vectors, structural vulnerabilities, mitigation strategies, and their technical impact on system performance and operational resilience. The analysis revealed that the most significant threats are related to uncontrolled automation, exposure of sensitive secrets in CI/CD pipelines, lack of mutual authentication between distributed services, supply chain attacks, and the use of unauthorized tools (Shadow IT). These threats simultaneously compromise core security principles, including integrity, confidentiality, and traceability. The most frequent attack vectors include code injection in CI/CD pipelines, unrestricted access to public repositories, remote execution via default configurations, and lateral movement in flat architectures. We identified 27 recurrent vulnerabilities throughout the DevOps lifecycle. The most critical include the absence of automated security testing, poor management of secrets, and reliance on unverified third-party components. More than 30 technical and organizational countermeasures were documented, such as SAST/DAST/IAST scans, infrastructure-as-code validation, secure credential storage via vaults, and integrated practices like DevSecOps and compliance-as-code. When properly implemented, these strategies do not degrade system performance and may even enhance resilience and stability. Nonetheless, a lack of comparative empirical validation in most reviewed studies limits the generalizability of proposed solutions. These findings establish a foundation for future research in emerging domains, such as the Internet of Things, where continuous, adaptive, and verifiable security is paramount for automated and dynamic environments.;"DevOps;cybersecurity;threats;vulnerabilities;attack vectors;mitigation;systematic literature review";;IEEE Access;IEEE;
ieee;;IEEE Conferences;Telcoformrix: An AI-Augmented Framework for Declarative and Scalable Provisioning of Real-Time Communication Infrastructure (Work in Progress);"S. K. Davuluri; V. Challagulla; V. Mudapaka; U. Konka";2025;10.1109/RTC66985.2025.11211725;https://ieeexplore.ieee.org/stamp/stamp.jsp?arnumber=11211725;The growing demand for real-time communication (RTC) services necessitates more efficient and reliable infrastructure provisioning methods. This work-inprogress paper introduces Telcoformrix, an AI-native Infrastructure-as-Code (IaC) framework designed to simplify the deployment of RTC infrastructure. By leveraging a fine-tuned large language model (LLM), Telcoformrix translates high-level YAML declarations into Terraform JSON configurations, abstracting the complexities of cloud and edge network setup. Integrated with GitOps workflows, the framework aims to automate validation and deployment via CI/CD pipelines. This paper outlines the motivation, design, and planned evaluation of Telcoformrix, positioning it as a promising approach to reducing cognitive load and configuration errors in RTC infrastructure management.;"Infrastructure-as-Code;DevOps;AIOps;RealTime Communication;WebRTC;IoT;Terraform";;2025 IEEE International Conference and Expo on Real Time Communications at IIT (RTC);IEEE;
ieee;;IEEE Conferences;Applying Monolithic to Microservices Strategy for Elastic Container Deployment for AI Applications;"A. H. P. A; A. O; B. A. Jose; A. Harikrishnan; K. Elengickal";2025;10.1109/AIIoT65859.2025.11105358;https://ieeexplore.ieee.org/stamp/stamp.jsp?arnumber=11105358;As applications adopt Artificial Intelligence (AI), cloud deployment of AI models becomes a challenge due to size, cost and latency. This paper presents a study on adopting a monolithic AI application to a microservices-based AI architecture for cloud. The study involves containerizing services using Docker, deploying them via AWS ECS with both Fargate and EC2 backends and evaluating the performance of the application based on latency and cost. Experimental results demonstrate that, while serverless containers via Fargate offer cost benefits and ease of deployment, GPU-intensive services significantly benefit from ECS with EC2 instances. The microservices approach, combined with strategic deployment choices, improves scalability, maintainability, and system reliability for AI workloads in cloud-native environments.;"DevOps;machine learning;MLOps;Performance analysis;Microservices;Distributed Computing;Software Architecture";;2025 IEEE World AI IoT Congress (AIIoT);IEEE;
ieee;;IEEE Conferences;Cloud-Native Hybrid Deployment Technology Under Narrowband Communication Conditions;"L. Wang; Z. Yang; C. Zhong; W. Zhang";2025;10.1109/ICNC-FSKD67701.2025.11198011;https://ieeexplore.ieee.org/stamp/stamp.jsp?arnumber=11198011;Edge computing extends cloud capabilities to the network periphery to reduce latency and bandwidth usage, but implementing cloud-native technologies in these environments poses unique challenges. This paper surveys cloud-native hybrid deployment strategies under narrowband communication conditions, as encountered in IoT and remote edge scenarios. We review the state of the art in general-purpose edge computing, focusing on containerization and orchestration frameworks that bridge cloud and edge deployments despite constrained network bandwidth. Key platforms and tools are examined in depth, including Kubernetes for container orchestration, lightweight Kubernetes variants like K3s and edge-specific frameworks like KubeEdge, package management with Helm, GitOps continuous delivery via Argo CD, event-driven scaling with KEDA, and the integration of security through DevSecOps practices. We describe architectural approaches for hybrid cloud-edge orchestration, evaluate each solution's design, and discuss how they accommodate intermittent connectivity and low data rates. Through careful analysis of existing literature and industry practices, we highlight how cloud-native paradigms can be adapted to bandwidth-constrained edge environments, identify open challenges in managing deployments over narrowband links, and outline future research directions in optimizing cloud-edge synergy under network limitations.;"edge computing;cloud-native;Kubernetes;narrowband IoT;hybrid cloud;DevSecOps;orchestration";;2025 21st International Conference on Natural Computation, Fuzzy Systems and Knowledge Discovery (ICNC-FSKD);IEEE;
ieee;;IEEE Conferences;Secure Deployment of 5G/B5G Core Network;"A. Landa-Arrue; M. Barceló; I. Garitano; A. Urbieta";2025;10.1109/MECO66322.2025.11049157;https://ieeexplore.ieee.org/stamp/stamp.jsp?arnumber=11049157;The deployment of secure and resilient FithGeneration (5G) core networks in industrial environments necessitates adopting methodologies that integrate security seamlessly into the entire development lifecycle. This paper presents a Development, Security, and Operations-based (DevSecOps) Continuous Integration/Continuous Deployment (CI/CD) pipeline designed to enhance the security of distributed 5G core networks. The proposed pipeline systematically analyzes Docker images and Kubernetes templates, detecting and mitigating vulnerabilities early in the deployment process. Automated tools such as Trivy, Checkov, Kubelinter, and Kube-bench are employed to significantly reduce security risks associated with outdated dependencies, misconfigurations, and network vulnerabilities. Additionally, integrating Lamassu IoT, a specialized PKI, enables automated digital certificate management. Results demonstrate substantial improvements in security practices, showing a marked reduction in vulnerabilities and enhanced compliance with industry standards.;"5G;DevSecOps;CI/CD;pipeline;PKI";;2025 14th Mediterranean Conference on Embedded Computing (MECO);IEEE;
ieee;;IEEE Conferences;DevDocOps: Automated Documentation in DevOps Through Infrastructure as Code Using the CALMS Framework;"A. Ali; M. A. Zia; F. Mehmood; M. A. Nawaz; A. Basit; M. A. Naeem";2025;10.1109/ICECT66235.2025.11381694;https://ieeexplore.ieee.org/stamp/stamp.jsp?arnumber=11381694;Integrating DevOps into software development has transformed workflows by emphasizing automation and seamless communication. However, challenges in software documentation, such as ensuring security, integrity, dependability, and timely delivery, continue to hinder development and support processes. To address these problems, an innovative approach called DevDocOps has emerged, boosting the software documentation process and accelerating development activities. This research highlights DevDocOps as an enhancement of DevOps, leveraging automation to improve documentation accuracy and decrease delivery time while bridging the gap between customers and support teams. A key component of this study is implementing the iDoc tool, which mechanizes software documentation, improves process reliability, and reduces the time required for documentation tasks. The procedure centers on approving the CALMS (Culture, Automation, Lean, Measurement, and Sharing) framework, prioritizing efficient service delivery, client procedures, and an ethos of rapid reaction loops. The study also unites DevSecOps principles to support security throughout the software development lifecycle to integrate Site Reliability Engineering (SRE) practices, encouraged by Google’s approach to merging software engineering with IT operations. By joining these methodologies, the suggested approach delivers a robust, adjustable, and secure documentation process that aligns with modern DevOps prototypes. Results determine that adopting DevDocOps expressively improves the productivity and consistency of software documentation, decreases manual effort, and confirms alignment with future technological changes.;"DevOps;Continuous Transfer;Records;software engineering;DevDocOps";;2025 International Conference on Engineering & Computing Technologies (ICECT);IEEE;
ieee;;IEEE Conferences;Leveraging AI and MLOps for IoT-Edge-Cloud Industrial Digital Twins: a Practical Case Study;"M. A. Farooq; P. Bellavista; A. Bujari; A. Sita";2025;10.1109/CSCN67557.2025.11230711;https://ieeexplore.ieee.org/stamp/stamp.jsp?arnumber=11230711;Artificial Intelligence (AI) and Machine Learning Operations (MLOps) are crucial for the practical application of Digital Twins (DT) in industrial environments. DT facilitate enhanced modelling, forecasting, and optimisation of assets and processes, while MLOps ensure resilient, reliable, and continuously updated models. This paper proposes an industrial-grade DT example for the manufacturing industry, utilising cloud/edge-based AI technologies from the Microsoft Azure ecosystem. Data handling and ML model training are performed at the cloud layer, while models are deployed and maintained at the edge. To enhance interoperability and portability, trained ML models are converted into lightweight and portable models using the Open Neural Network Exchange format (ONNX) standard. Continuous Integration and Continuous Deployment (CI/CD) are performed on an industrial edge device using GitHub Actions. REST APIs are implemented using standard HTTP methods to manage the IoT Central edge manifest. In-the-field experimental results demonstrate the effectiveness of our DT prototype in a specific industrial use case.;"Digital Twin;AutoML;Industry 4.0;IoT-edge-cloud Continuum;MLOps;CI/CD;ONNX;ML";;2025 IEEE Conference on Standards for Communications and Networking (CSCN);IEEE;
ieee;;IEEE Conferences;AI-Driven Predictive Patient Monitoring System Using Kubeflow and CI/CD Enabled MLOps Framework;D. Sundaram;2025;10.1109/ICCA66035.2025.11430793;https://ieeexplore.ieee.org/stamp/stamp.jsp?arnumber=11430793;Continuous and intelligent patient monitoring is essential for improving clinical outcomes and preventing avoidable deterioration in hospitals and remote care environments. Traditional systems rely on static thresholds and manual review, often missing subtle changes in patient status and contributing to alarm fatigue. This paper presents an AI-driven predictive monitoring system that integrates real-time physiological data streams with a Kubeflow-based MLOps pipeline and a fully automated CI/CD workflow. The system continuously learns from patient-specific baselines and adapts to evolving clinical patterns through automated retraining, validation, and deployment. By combining personalized risk modeling, scalable cloud-native architecture, and explainable AI, the proposed solution enhances early-warning capabilities and supports timely decision-making across ICU, chronic-care, and remote-monitoring scenarios.;"Predictive monitoring;patient deterioration;Kubeflow;MLOps;CI/CD;real-time analytics;deep learning;explainable AI;IoT healthcare;clinical decision support";;2025 International Conference on Computer and Applications (ICCA);IEEE;
ieee;;IEEE Conferences;Design and Comparison of Enhanced P&O and FOCV-Based MPPT for Indoor Light Energy Harvesting in 65 NM CMOS Process;"R. M. Sabarillo; Q. P. S. Patulin; L. M. M. Mamburao; W. K. V. Pitogo";2025;10.1109/TENCON66050.2025.11375001;https://ieeexplore.ieee.org/stamp/stamp.jsp?arnumber=11375001;This paper presents a comparative study of two maximum power point tracking (MPPT) algorithms-Enhanced Perturb and Observe (P&O) and Fractional Open-Circuit Voltage (FOCV)-targeted for indoor photovoltaic (PV) energy harvesting applications. Both designs were implemented using the 65 nm CMOS process in Cadence Virtuoso and integrated with a boost converter to ensure efficient energy transfer under low-light conditions. The evaluation focuses on key performance metrics including output voltage, settling time, ripple voltage, boost accuracy, and power consumption. Simulation results show that both algorithms achieve comparable performance in terms of output voltage stability and ripple control, with post-simulation ripple voltages of 0.622 % for Enhanced $\mathrm{P} \& \mathrm{O}$ and 0.641 % for FOCV, and boost accuracies above 99 % for both. However, Enhanced P&O clearly outperforms FOCV in terms of settling time, achieving $370 \mu ~\mathrm{s}$ compared to $810 \mu ~\mathrm{s}$, making it more suitable for applications requiring dynamic adaptation and fasttracking response. On the other hand, while FOCV demonstrates slightly higher power consumption and slower response, it offers lower circuit complexity and simplified control implementation due to the absence of current sensing and a feedback loop. These trade-offs highlight the strengths of each technique depending on application-specific constraints.;"MPPT;energy harvesting systems;fractional open-circuit voltage;perturb and observe;PV cells";;TENCON 2025 - 2025 IEEE Region 10 Conference (TENCON);IEEE;
ieee;;IEEE Conferences;Applying Artificial Intelligence to DevOps: A Study on AI-Driven Anomaly Detection and Predictive Maintenance in Cloud Environments;"A. Patel; R. Laudya; H. Ragothaman; P. Pandey";2025;10.1109/SATC65530.2025.11137316;https://ieeexplore.ieee.org/stamp/stamp.jsp?arnumber=11137316;This research focuses on adopting AI as an innovative technology in the DevOps framework for detecting anomalies and implementing predictive maintenance in compute clouds. The use of DevOps in cloud computing has become popular due to the new complexities that need to be effectively dealt with by prior forms of DevOps. AI’s automated way can detect anomalies, explore the possibility of System Failure, and prevent them from happening with the help of such technology. This research aims to analyze the main options for enhancing DevOps employing AI and consider the effectiveness of AI solutions in cloud environments. In some areas, such as anomaly detection and predictive maintenance, ensuring the key aims are defined and quantifiable in the evaluation metric data will be essential. The major measures are accuracy, the measure of precision, and the measure of recall and F1 measure.;"DevOps;Anomaly Detection;AI Integration;Workflow Automation;Artificial Intelligence";;2025 1st International Conference on Secure IoT, Assured and Trusted Computing (SATC);IEEE;
ieee;;IEEE Conferences;Continuous Integration for Electronic Products–Enabled by Digital Twins;"C. Wolff; P. Schulz; J. Rettkowski; N. Sleibi; S. Trimech; C. Hensen";2025;10.1109/IDAACS68557.2025.11322082;https://ieeexplore.ieee.org/stamp/stamp.jsp?arnumber=11322082;The need for frequent new features, bug fixes and updates has led to the development of the continuous integration/continuous deployment (CI/CD) paradigm in software production. For embedded systems, this transformation is inhibited mainly by the constraints of electronics manufacturing, both in prototyping and in production and delivery of the final product. Nevertheless, the agile transformation of the embedded systems market requires a more flexible and continuous integration of new features while the growing complexity leads to more frequent bug fixes. The main inhibiting factor is the high effort and turn-around time (TAT) for changes of the hardware of the product or the production systems. This contribution presents the concept of a CI engineering chain and design flow for electronic products based on the adaptation of the concept of the digital twin. This concept connects the model-based systems engineering (MBSE) approaches used in the frontend of the engineering chain (development, verification) with the established concept of the digital twin in the backend of the chain (production, product test, logistics, deployment) by enhancing the structural system descriptions contained in “classical” digital twins with the functional models used in MBSE. The concept is illustrated by mapping it to the case of an electronics manufacturing service (EMS) provider.;"CI/CD;DevOps;Electronic Manufacturing;Digital Twin";;2025 IEEE 13th International Conference on Intelligent Data Acquisition and Advanced Computing Systems: Technology and Applications (IDAACS);IEEE;
ieee;;IEEE Conferences;Security-Integrated DevOps Pipeline System with Context-Aware Hybrid Stimulation Engine for Continuous Software Assurance;"S. Kurapati; V. R; A. K. Bhardwaj; S. R K; P. Anugula";2025;10.1109/SSITCON66133.2025.11342186;https://ieeexplore.ieee.org/stamp/stamp.jsp?arnumber=11342186;"Recently, DevOps pipelines have allowed continuous delivery, but treat security as a late-stage checklist by leaving a blind spot for stealthy supply chains that are activated only in specific environments. However, the existing dynamic analysis fails to detect stealthy malicious behaviors. Hence, this study proposes a Context-Aware Hybrid Stimulation Engine (CAHSE) to address this issue by creating realistic conditions that trick hidden malicious code into execution. Initially, the static probe extracts seeds and hotspots using Abstract Syntax Tree (AST)-based scanning and produces a stimulation plan for targeted testing. Then, an environment emulation and sandbox setup recreate realistic external contexts through a per-package Docker sandbox; thus, environmentgated logic runs. Subsequently, guided fuzzing with lightweight concolic exploration synthesizes realistic parameters to unlock the hidden branches and produce execution traces. Furthermore, Reinforcement Learning (RL)-based steering prioritizes promising environmental strategies to focus on computing high-yield tests and provides a shortlist of suspicious runs. Finally, behavioral differential analysis and heuristic rule matching compare the baseline and stimulated runs to generate an explainable detection report. The proposed CAHSE achieved better results than the existing Open-Source Software Supply Chain Attack Robust Detection (OSCAR) in terms of recall $\boldsymbol{(} 0.93$) and $\mathbf{F 1}$-score (0.92) respectively.";"abstract syntax tree-based scanning;behavioural differential analysis;context-aware hybrid stimulation engine;reinforcement learning;security-integrated devops pipeline system";;2025 2nd International Conference on Software, Systems and Information Technology (SSITCON);IEEE;
ieee;;IEEE Conferences;Dynamic Integration and Full-Process Automation of Agile R&D Toolchain for Software Factories;"L. Zheng; X. Xie; B. Hou; D. Zhang";2025;10.1109/IoTAAI66837.2025.11213096;https://ieeexplore.ieee.org/stamp/stamp.jsp?arnumber=11213096;As software development methodologies evolve toward Agile and DevOps practices, the demands for automation and efficient collaboration in product development and delivery processes have become increasingly stringent. Traditional R&D toolchains suffer from insufficient integration and severe data silos, which constrain delivery efficiency and quality control in software factories. Against the backdrop of enterprise digital transformation, this paper designs and implements a research and development toolchain integration solution tailored to actual software development scenarios, covering product automated delivery, automated testing, and continuous integration/continuous deployment (CI/CD). Through interface integration, RPA-based automated operations, containerized deployment, and digital model-driven approaches, the solution enables end-to-end connectivity of development data, automated generation of deliverables, closed-loop regression testing, and full-process automation of CI/CD pipelines. Practical applications demonstrate that this solution significantly improves delivery efficiency, traceability of quality issues, and observability of development processes, verifying the engineering application value of R&D toolchain integration.;"Toolchain Integration;Automated Delivery;Automated Testing;Continuous Integration;Continuous Deployment";;2025 7th International Conference on Internet of Things, Automation and Artificial Intelligence (IoTAAI);IEEE;
ieee;;IEEE Conferences;A Blockchain Integrated DevSecOps Framework for Secure and Transparent Pipelines;"J. J; H. S; N. N";2025;10.1109/ICICNIS66685.2025.11315771;https://ieeexplore.ieee.org/stamp/stamp.jsp?arnumber=11315771;DevSecOps pipelines are increasingly adopted to automate software integration, testing, security analysis, and deployment. However, centralized mechanisms for access control and logging remain vulnerable to unauthorized access, log tampering, and insider threats. To address these issues, this work proposes a blockchain-enabled DevSecOps framework that enhances security, transparency, and auditability. Smart contracts implement Role-Based Access Control (RBAC), ensuring that sensitive operations such as deployments or access to critical security data are performed only by authorized users. Security events, vulnerability reports, and deployment records are immutably stored on the blockchain, creating a verifiable and tamper-resistant audit trail. The framework integrates standard DevSecOps practices with a decentralized trust layer to reduce risks of manipulation and compliance failures. By combining blockchain with CI/CD automation, security scanning, and monitoring, the proposed system strengthens resilience against cyber threats and insider risks while providing a scalable, trustworthy approach for securing modern software delivery pipelines.;"DevSecOps;Blockchain;Smart Contract;Role-based access control;Continuous Integration and Deployment";;2025 6th International Conference on IoT Based Control Networks and Intelligent Systems (ICICNIS);IEEE;
ieee;;IEEE Conferences;Architecting Observability for AI-Driven Microservices at Scale;M. K. Gaddam;2025;10.1109/ICoICI65217.2025.11252857;https://ieeexplore.ieee.org/stamp/stamp.jsp?arnumber=11252857;The increasing adoption of AI-driven microservices in large-scale distributed systems has amplified the complexity of system monitoring, performance tuning, and failure resolution. This paper presents a scalable observability architecture tailored specifically for AI-driven microservices, addressing the inherent opacity and dynamism of AI workloads. By integrating fine-grained telemetry, trace correlation, anomaly detection, and model-centric metrics, the proposed framework enables enhanced visibility across the entire AI pipeline—from data ingestion to model inference. Our approach demonstrates improved root cause analysis, reduced system downtime, and increased transparency in model performance behavior. The architecture is validated through a real-world deployment on a Kubernetes-based AI platform, showing minimal performance overhead while maintaining high fidelity in observability signals. This work contributes a blueprint for building resilient, transparent, and scalable AI-driven systems, critical for operations in production environments.;"Observability;Microservices;Artificial Intelligence;Distributed Systems;Telemetry;Anomaly Detection;Kubernetes;DevOps;AI-Ops;Monitoring";;2025 3rd International Conference on Intelligent Cyber Physical Systems and Internet of Things (ICoICI);IEEE;
ieee;;IEEE Conferences;Edge-Cloud Architectures for Distributed, Real-Time Systems in Mission-Critical Domains;S. Telalwar;2025;10.1109/ICCIT68739.2025.11491302;https://ieeexplore.ieee.org/stamp/stamp.jsp?arnumber=11491302;Real-time systems deployed in mission-critical domains such as autonomous transportation, industrial control, and emergency response demand stringent latency, availability, and fault tolerance guarantees. Traditional cloud-centric solutions, while scalable, suffer from high latency and centralized failure risks, whereas isolated edge deployments lack global context and resilience. Despite substantial advances in distributed architectures, a consistent and unified approach balancing edge-cloud orchestration for real-time responsiveness remains a pressing gap. This paper introduces a novel edge-cloud architectural framework that leverages event-driven microservices and real-time stream processing across a multi-tier deployment. Our architecture integrates resilient fault-containment algorithms, DevSecOps pipelines, and a latency-aware scheduling model tailored to deterministic deadlines. Extensive evaluation demonstrates an average 37.2% reduction in response latency under load, a 29.5% faster recovery time after simulated failures, and a 46.8% improvement in availability compared to leading monolithic cloud deployments. These results substantiate the viability of our framework in time-sensitive, failure-intolerant scenarios. The proposed solution offers a modular foundation for future intelligent systems operating in edge-cloud environments.;"Edge computing;cloud computing;real-time systems;microservices;stream processing;mission-critical;distributed systems;fault tolerance";;2025 28th International Conference on Computer and Information Technology (ICCIT);IEEE;
ieee;;IEEE Conferences;An Open-Source Approach for Emulating Complex Embedded Systems: Enhancing Software Verification with Radiation-Induced Fault Injection;M. De Clercq;2025;;https://ieeexplore.ieee.org/stamp/stamp.jsp?arnumber=11325927;The growing complexity of embedded systems in safety-critical domains such as automotive, aerospace, and New Space demands verification methods that are both comprehensive and scalable. Traditional hardware-based testing, while indispensable for final certification, is time-consuming and costly to adapt for early-stage development and continuous integration pipelines. This paper introduces a novel open-source approach that integrates two powerful emulation platforms, Renode and QEMU, for software-centric correctness testing. The proposed approach supports complex multi-node configurations, enabling the emulation of both low-power microcontrollers and high-performance systems-on-chip (SoCs). A key feature is the ability to perform advanced fault injection — including simulation of radiation-induced SEUs and transient faults — which are notoriously difficult to replicate on physical hardware. We present a proof-of-concept case study featuring an emulated Raspberry Pi Pico (Cortex-M0+) and a Linux-class ARM SoC node (QEMU AArch64 virt, approximating a Raspberry Pi 5–class system) communicating through CAN and UART. Experimental results show that our proposed approach provides broad fault coverage, flexible integration into CI/CD pipelines, and a reduction in testing overhead compared to traditional methods in our experiments.;"Software Verification;Simulation;Emulation;Open-Source;Renode;QEMU;Embedded Systems;CI/CD";;2025 European Data Handling & Data Processing Conference (EDHPC);IEEE;
ieee;;IEEE Conferences;Identifying and Architecting Microservices for Edge Computing;U. Vora;2025;10.1109/ICSA-C65153.2025.00032;https://ieeexplore.ieee.org/stamp/stamp.jsp?arnumber=11015071;Microservices architecture (MSA) paradigm extends Service Oriented Architecture (SOA) to focus on specific aspects such as design of small lightweight services as independent cohesive components, development and service management using agile and DevOps methodologies and service delivery based on distributed data management and decentralized service governance and more. MSA thus has become a widely used architectural style for designing modern applications due to advantages like granular scalability and maintainability, especially in today's world of ‘system of systems’. Edge computing facilitates segregation of computing responsibilities between edge devices and cloud infrastructure to process and analyze data acquired by edge devices. The number of IoT devices is increasing at such a high rate that the need for Edge AI is expected to reach the value of investment to USD 72.6 billion by 2030. The edge analytics bring correlated research challenges from the areas of cyber and physical security, data privacy, maintenance support, access, latency, reliability, power consumption and remoteness into the scope and require innovation at architecture level as does the improvement in all systems' quality related attributes. In this tutorial we discuss how microservices paradigm can be used effectively for edge computing-based systems resulting in a sustainable architecture with lower dependency on the data-center / cloud architecture.;"Microservices architecture;Edge Computing;Process Decomposition;Activities;Precepts;Quality of Service";;2025 IEEE 22nd International Conference on Software Architecture Companion (ICSA-C);IEEE;
ieee;;IEEE Conferences;MLCAE: A Multi-Layered Configuration for Architectural Elements in Large-Scale Software Applications;H. Hristov;2025;10.1109/CIEES66347.2025.11300077;https://ieeexplore.ieee.org/stamp/stamp.jsp?arnumber=11300077;The increasing complexity of large-scale software applications, such as ERP, CRM and DMS, requires advanced approaches for organizing and managing architectural elements (AEs) including architectures, architectural patterns, technologies, frameworks, standards, methodologies, etc. This paper introduces MLCAE (Multi-Layered Configuration for Architectural Elements), a novel model for architectural modeling that provides a structured, flexible and scalable way of positioning AEs across multiple layers. MLCAE defines a set of standard layers (Core, Communication, Deployment) and allows for the dynamic creation of non-standard layers (Security, Monitoring, DevOps pipelines, Integration, etc.), depending on project-specific requirements. The model supports role-based placement of AEs (Primary Layer Placement, Secondary Layer Presence, Interface Anchors, Deployment Bindings), indexing mechanisms for managing overlapping AEs across multiple systems and categorization to differentiate between architectural types. Furthermore, MLCAE introduces layer priorities for conflict resolution and architectural packages to group cross-layer AEs. A case study with ERP, CRM, DMS, PLM and SCM demonstrates the practical applicability of MLCAE in enterprise environments, showing improvements in coverage, conflict resolution and integration compared to traditional architectural modeling. The results indicate that MLCAE can serve as a strategic tool for enterprise architecture management and future research directions include AI-assisted classification of AEs and automated visualization dashboards.;"software architecture;architectural elements;multi-layered configuration;architectural modeling";;2025 6th International Conference on Communications, Information, Electronic and Energy Systems (CIEES);IEEE;
ieee;;IEEE Conferences;Deployment and Design of AI-Powered Edge Systems for Wildlife Monitoring: A Survey;"M. Martinský; J. Papán; S. Tatarka";2025;10.1109/ICETA67772.2025.11280041;https://ieeexplore.ieee.org/stamp/stamp.jsp?arnumber=11280041;Wildlife monitoring increasingly employs artificial intelligence (AI) for automated detection, classification, and tracking in natural habitats. While cloud-based approaches provide strong computational resources, they face latency, connectivity, and energy limitations in remote areas. Edge computing addresses these constraints by enabling local inference on distributed devices, reducing bandwidth demand and supporting real-time analytics. This survey reviews deployment and design strategies for AI-powered edge systems in wildlife monitoring, with focus on standalone, edge–cloud and federated architectures. We further examine containerization, orchestration frameworks, and continuous integration/continuous deployment (CI/CD) practices in distributed environments. Specific attention is given to device heterogeneity, energy management, and long-term reliability under field conditions. Finally, we outline open challenges and research directions toward scalable, sustainable and autonomous wildlife monitoring with edge AI.;"Edge AI;Edge Computing;IoT;Deployment;Wildlife Monitoring";;2025 International Conference on Emerging eLearning Technologies and Applications (ICETA);IEEE;
ieee;;IEEE Conferences;On-Demand Cardiac Digital Twins: A Case Study on DevOps workflows for Digital Twin Platforms;"P. Yelkotwar; R. Raj; A. Pingle; P. Talasila; N. Goveas";2025;10.1109/MODELS-C68889.2025.00041;https://ieeexplore.ieee.org/stamp/stamp.jsp?arnumber=11273305;Digital Twins (DTs), when integrated with physical systems and their virtual representations, can support real-time analysis, simulations, and decision-making. A major barrier to creating DTs is the effort required to put together the techniques and technologies developed by subject experts. The Digital Twin as a Service (DTaaS) is a DT platform that helps in DT development by creating collaborative environments in which users can develop, use, and share DTs. While experts can create and customize DTs to their needs, non-expert users benefit from automated solutions for on-demand deployment and execution of DTs. Modern software engineering practices such as Development and Operations (DevOps) have produced architectural solutions for a scalable deployment of software products. In this work, we present our contribution to the integration of DevOps workflows with the DTaaS platform. We develop a cardiac DT for ECGbased preventive diagnostics of the human heart. The same DT is used to demonstrate an implementation of DevOps workflows on the DTaaS platform. We find that our proposed solution is suitable for time-sensitive applications and flexible enough to be used with other DT platforms.;"Digital Twins;ECG;IoT Systems;Continuous Integration;Cloud Deployment;DTaaS;3D Simulation";;2025 ACM/IEEE 28th International Conference on Model Driven Engineering Languages and Systems Companion (MODELS-C);IEEE;
ieee;;IEEE Conferences;Model Drift Detection and Automated Retraining in Production ML System;"V. Srinivasan; J. R; A. R; Chethan";2025;10.1109/ICOSEC67334.2025.11459598;https://ieeexplore.ieee.org/stamp/stamp.jsp?arnumber=11459598;This paper presents DRIFT-ACT (Drift-Aware Continuous Training), a practical and modular framework designed to tackle the persistent challenge of model performance degradation in real-world AI systems. DRIFT-ACT combines real-time drift detection using lightweight statistical monitoring techniques with automated retraining pipelines powered by MLOps tools. Instead of modifying the core model architecture, DRIFT-ACT operates as a thin, flexible layer on top of existing systems monitoring, detecting, and adapting to shifts in data or concept distributions without human intervention. Tested across synthetic and real-world production scenarios, DRIFT-ACT significantly improves model robustness over time, reduces manual maintenance effort, and ensures sustained performance consistency. Beyond the technical solution, this work serves as a practical blueprint for deploying resilient ML systems in dynamic, high-impact environments.;"Model Drift;Concept Drift;Data Drift;Automated Retraining;MLOps;Monitoring;CI/CD;MLflow;Evidently AI (key words)";;2025 6th International Conference on Smart Electronics and Communication (ICOSEC);IEEE;
ieee;;IEEE Conferences;Beyond Container CVE Analysis: A GitOps-Based Attestation and Sandbox Framework for Container Supply Chains;"E. Syrmos; P. Radoglou-Grammatikis; E. Katsaros; J. S. Banerjee; A. Kazakli; K. Panitsidis; V. Vitsas; P. Sarigiannidis";2025;10.1109/SEEDA-CECNSM68644.2025.11329724;https://ieeexplore.ieee.org/stamp/stamp.jsp?arnumber=11329724;As software supply chain accelerate through DevOps automation and continuous delivery, container images have become the primary vector for both application development and security compromise. While static vulnerability scanners can detect known CVEs, they are unable to uncover zero-day malware or runtime threats- particularly in container images sourced from public registries, which are maintained by individual contributors of varying intent and trustworthiness. In this paper, we introduce a GitOps-drive sandboxing framework for proactive and tamper-resistant container image attestation, addressing the urgent need for deeper analysis before deployment. Our approach combines static vulnerability detection with dynamic behavioral inspection using gVisor-based sandboxing. Through filesystem analysis, system call tracing, and network activity monitoring, the framework identifies malicious patterns and anomalies. Adopting this framework will empower developers and security teams to enforce stronger trust guarantees even in the absence of SBOMs or SLSA levels. This framework lays the foundations for a resilient, trustworthy software delivery at scale in compliance with NIST SP 800-218 and ISO/IEC 27001 standards.;"docker;oci;docker containers;devops;cybersecurity;malware detection;tracing;cloud native security";;2025 10th South-East Europe Design Automation, Computer Engineering, Computer Networks and Social Media Conference (SEEDA-CECNSM);IEEE;
ieee;;IEEE Conferences;Impedance Matching Technique for Dual-Band Radio Frequency Energy Harvesting Unit utilizing 900MHz (UHF) and 2.45GHz (Wi-Fi) Frequency Band;"M. A. T. S. Teleron; A. M. M. Vergara; F. X. Zhu; J. A. Hora";2025;10.1109/TENCON66050.2025.11375430;https://ieeexplore.ieee.org/stamp/stamp.jsp?arnumber=11375430;This study presents a dual-band impedance matching technique designed for wireless power transfer (WPT) applications operating at 900 MHz (UHF/GSM) and 2.45 GHz (Wi-Fi/ISM) frequencies. The proposed method employs a bridged-T coil (BTC) network integrated with a single-stub tuning approach to simultaneously match the input impedance at both frequency bands, ensuring efficient power delivery. Fabricated using 65nm CMOS technology, the rectifier circuit demonstrates promising performance metrics. At an input power of −15dBm, the power conversion efficiency (PCE) reaches 58.01 percent at 900 MHz and 50.52 percent at 2.45 GHz. Under higher input power of −3 dBm, the peak PCE improves to 68.57 and 57.44 percent for 900 MHz and 2.45 GHz, respectively. The design also achieves a dynamic range of 19.04 dB at 2.45 GHz, indicating robust performance across varying input levels. Furthermore, excellent return loss (S11) values are observed, with −34.48 dB and −13.27 dB at 900 MHz, and −11.28 dB and −16.27 dB at 2.45 GHz for GSM and Wi-Fi bands, respectively.;"Energy Harvesting;Dual Band;Bridged T-Coil (BTC);Radio Frequency (RF);Impedance Matching Network (IMN)";;TENCON 2025 - 2025 IEEE Region 10 Conference (TENCON);IEEE;
ieee;;IEEE Conferences;Streamlining Kubernetes Deployments through GitOps Methodologies;"S. Kurrewar; S. Dhomane; A. Dahake; R. K. Yadav; N. Wyawahare; N. C. Morris";2025;10.1109/SCEECS64059.2025.10941164;https://ieeexplore.ieee.org/stamp/stamp.jsp?arnumber=10941164;A clear process for automating the deployment of apps on Kubernetes using GitOps concepts is shown, with an emphasis on tools like Helm and Argo CD. The method demonstrates how to improve the effectiveness and reliability of application delivery by utilizing techniques like infrastructure- as-code, YAML configuration files, and CI/CD pipelines through GitHub Actions. The entities can accomplish reliable and repeatable deployments while developing teamwork among development teams by considering Git as the primary source of information. Applications remain in their original state with the support of Argo CD's continuous delivery, and monitoring tools provide data that is insightful on resource use and performance. By optimizing the management of cloud-native apps, our research helps people remain effective in the face of rapidly evolving technology. All things considered, the results demonstrate how applying GitOps techniques can streamline deployment procedures and improve application management in Kubernetes systems.;"Kubernetes;GitOps;Infrastructure as code (IAC);Helm;Argo CD;GitHub Actions;CI/CD (continuous integration / continuous delivery) pipeline;Kubernetes manifest files;YAML configuration;Cloud-native applications;multi-cluster management";;2025 IEEE International Students' Conference on Electrical, Electronics and Computer Science (SCEECS);IEEE;
ieee;;IEEE Conferences;The Science of Threat Modeling in Complex Industrial Systems;"S. Singh; P. Desai; S. Amilkanthwar";2025;10.1109/CARS67163.2025.11337795;https://ieeexplore.ieee.org/stamp/stamp.jsp?arnumber=11337795;As modern computing environments evolve into intricate, distributed ecosystems that span native cloud architectures, microservices, IoT networks, and multi-cloud infrastructures, the need for robust, scalable, and adaptive threat modeling has never been more urgent. Traditional methodologies such as STRIDE and PASTA, while foundational, fall short in addressing the dynamic nature, scale, and interdependencies of complex systems. This paper dives into a comprehensive analysis of the limitations of classical approaches and highlights emerging advances designed to meet contemporary security challenges that are immediately applicable to complex systems that are typical in the industry. We synthesize the recent literature across multiple domains to evaluate adaptive methodologies that incorporate automation, graph based modeling, DevSecOps pipeline integration, infrastructure-as-code (IaC) scanning, and AI assisted threat analysis. The paper also introduces a comparative framework to assess traditional and modern techniques across representative system architectures, including IoT, microservices, and native cloud deployments. We identify open research challenges, such as continuous threat modeling, collaborative usability, and integration of run time telemetry, and offer actionable recommendations for building context aware, scalable, and living threat models. By uniting classical rigor with modern agility, this work aims to guide industry practitioners and researchers toward the next generation of threat modeling solutions for complex and rapidly evolving environments.;"Threat Modeling;Complex systems;IoT;Microservices;DevSecOps;Cloud;Multi-Cloud";;2025 Cyber Awareness and Research Symposium (CARS);IEEE;
ieee;;IEEE Journals;GATEKEEPER Platform: Secure Processing Environment for European Health Data Space;"E. Gaeta; M. Salman Haleem; L. Lopez-Perez; M. Manea; M. Fernanda Cabrera Umpierrez; M. Teresa Arredondo Waldmeyer; L. Pecchia; G. Fico";2025;10.1109/ACCESS.2025.3539559;https://ieeexplore.ieee.org/stamp/stamp.jsp?arnumber=10883983;The European Health Data Space (EHDS) is a significant initiative within the European Union aimed at improving healthcare through better use of health data and collaboration. This involves sharing and utilization of health data in a secure and interoperable manner across EU member states. With the advent of modern technology, different types of health data are being acquired ranging from traditional electronic health records to real-time wearable signals for improved healthcare delivery and management. However, there are certain challenges associated with compliance to EHDS, such as secure continuous integration (CI) and continuous delivery (CD), scalability and adaptability towards new technologies and applications, tolerance against IoT cyber-attacks, requirement of advanced data storage methods, processing power, interoperability solutions for data analysis and connectivity. In order to address these, a flagship project of the European Commission, GATEKEEPER, represents a pioneering effort designed to transform healthcare delivery through the utilization of sophisticated digital technologies. The architecture of the GATEKEEPER platform has been meticulously crafted, in compliance with the EHDS, to integrate a multitude of data sources, deploying advanced analytical tools to enable the development of novel solutions for the effective prediction, detection, and management of chronic health conditions. GATEKEEPER addresses the aforementioned challenges by integrating collaborative tools for data management and consistency, machine learning modelling and management tool, activity feeds and issue tracking tools with developers authentication, CI/CD tools allowing, among others scalability in multiple formats, tools for assessing security, vulnerability and dependency for third party packages.;"CI/CD;data scalability;data security;European health data space;healthcare platform;SecDevOps";;IEEE Access;IEEE;
ieee;;IEEE Conferences;Continuous Delivery Platform Development in the Cloud-Native Era;"Z. G. Yang; A. S. Alon; L. L. Alejandro; J. Paguigan; C. H. Benito";2025;10.1109/DASA68193.2025.11498845;https://ieeexplore.ieee.org/stamp/stamp.jsp?arnumber=11498845;"With the rapid development of cloud computing technologies and the widespread adoption of microservices architecture, traditional software development and deployment models can no longer meet the strict requirements of modern enterprises for rapid delivery, high availability, and security. This paper proposes and implements an enterprise-level cloud-native continuous delivery platform that adopts a Flask server-side rendering architecture and integrates core technological innovations including service-level fine-grained permission isolation, unified management of massive Kubernetes service configurations, and production environment stability enhancement. Through innovative production environment stability control mechanisms, the platform implements key functions such as core service mandatory waiting mechanisms, monitoring screenshot upload verification, release process pause/resume control, rapid rollback mechanisms, release time window control, automated security scanning, and release notification closed-loop management. Deeply integrated with mainstream CI/CD toolchains such as Jenkins, it supports end-to-end automated delivery from code commit to production, covering advanced deployment strategies such as canary releases and blue-green deployments. According to the evaluation strategy indicators, compared to the traditional ""cloud-based virtual machines + Jenkins"" model, the new platform has improved deployment efficiency, rollback time, resource utilization, and fault recovery capability by 85.7%, 85.5%, 52.1%, and 69.6% respectively, providing strong technical support for enterprise digital transformation and meeting ISO 25010 software quality standards and security compliance requirements for enterprise applications.";"Continuous Delivery;Cloud-native;Kubernetes;DevOps;Microservices;Jenkins";;2025 International Conference on Decision Aid Sciences and Applications (DASA);IEEE;
ieee;;IEEE Conferences;An Intelligent Hybrid Intrusion Detection and Prevention System for Threat Mitigation in High Bandwidth 5G/6G Network;"K. Mavale; A. Ingle; K. P. Kshirsagar; C. M. Reddy; P. D. Honawadajkar; V. M. Marathe";2025;10.1109/ICSCDS65426.2025.11167585;https://ieeexplore.ieee.org/stamp/stamp.jsp?arnumber=11167585;Fifth Generation (5G) and the impending Sixth Generation (6G) wireless communications revolutionize modern wireless communication with their record-breaking data speeds, low latency, and wide-ranging device connections. Standard Intrusion Detection and Prevention Systems are ineffective in toxic security situations, which are brought on by current developments. In addition to anomaly-detection and signature-matching systems, this presents a new IDS and IPS system that leverages deep learning artificial intelligence to maximize high-speed network protection. The suggested approach is built on Software-Defined Networking, which enables dynamic security policy enforcement and quick threat responses. According to evaluation criteria of processing speed and detection accuracy with low false positive occurrence rates, the integrated solution performs optimally for securing next-generation mobile networks.;"IDS;IPS;CNN;SVM;Random Forest;Hybrid Detection Model;Cyber Threat Detection;Feature Extraction;Anomaly Detection;Signature Based Detection;Network Traffic Analysis;Machine Learning in Cybersecurity;Software-Defined Networking (SDN);Kaggle dataset;CICD 2017";;2025 3rd International Conference on Sustainable Computing and Data Communication Systems (ICSCDS);IEEE;
ieee;;IEEE Conferences;Industry Practice of LLM-Assisted Protocol Fuzzing for Commercial Communication Modules;"Q. Fu; C. Liu; Y. Ding; C. Fan; Y. Fu; Y. Chen; Y. Fu; R. Shi; F. Ma; H. Shi";2025;10.1109/ASE63991.2025.00260;https://ieeexplore.ieee.org/stamp/stamp.jsp?arnumber=11334423;Fuzzing is widely used for software robustness testing. However, its application in commercial communication modules remains limited due to several key challenges, including labor-intensive template generation, lack of coverage collection support, limited testing performance, and inconsistencies between practical hardware and software CI/CD processes. In collaboration with China Mobile IoT, we present FuzzCM, a comprehensive protocol fuzzing framework tailored for commercial communication modules. FuzzCM employs a Retrieval-Augmented Generation (RAG)-enhanced large language model (LLM) to automate template generation and utilizes GPIO-based instrumentation for efficient runtime coverage data collection. Additionally, it leverages a knowledge base constructed from prior tests to guide hybrid mutation strategies and integrates CI/CD across both software and hardware layers, enabling continuous and environment-aware testing. We conducted an industrial practice with FuzzCM on five LTE Cat.1 bis modules, identifying 21 previously unknown bugs, 15 of which have been fixed. The results demonstrate that FuzzCM outperforms both manual methods and the Peach* approach, achieving average coverage improvements of 51% and 29%, respectively, with overall coverage reaching 85%.;"Protocol Fuzzing;Communication Module;Large Language Model";;2025 40th IEEE/ACM International Conference on Automated Software Engineering (ASE);IEEE;
ieee;;IEEE Conferences;Framework For Scalable Serverless Architecture Integrating Remote Sensing Image Classification;"A. Shrivastava; L. Hussein; V. Mittal; R. Kumar; S. Jain; M. K. Nigam";2025;10.1109/ICCETM66557.2025.11557780;https://ieeexplore.ieee.org/stamp/stamp.jsp?arnumber=11557780;In the evolving landscape of web development, modern digital platforms demand scalability, agility, and seamless user experiences across devices. Traditional monolithic content management systems (CMS) often fall short in meeting these requirements due to their tightly coupled structures and limited flexibility. This paper proposes a scalable architecture that integrates serverless computing with headless CMS to decouple content delivery from backend logic. The architecture enables automatic scaling, faster deployment, improved performance, and cost efficiency. Through simulated experiments comparing four architectures—Monolithic CMS, Traditional CMS with Cloud, Headless CMS Only, and Serverless + Headless CMS—the study evaluates performance based on deployment time, scalability, operational cost, and page load time. Statistical analysis using ANOVA confirms that the serverless + headless CMS model consistently outperforms traditional approaches. Component-level analysis further demonstrates high reliability, maintainability, and cost-efficiency across key infrastructural layers. This architecture supports omnichannel content delivery, streamlines development workflows, and positions itself as a future-ready solution for building content-rich web applications.;"Serverless Architecture;Headless CMS;Web Application Development;Scalability;Cloud Computing;CI/CD;API-Driven Development;Omnichannel Delivery;ANOVA;Performance Metrics";;2025 International Conference on Computational Engineering, Sensing Technology and Management (ICCETM);IEEE;
ieee;;IEEE Conferences;AI-Driven Signal Processing: Improving Communication Systems with Machine Learning-Based Noise Reduction;"T. R. Singasani; M. S. Shaik; C. Gangajaliya; S. S. Ogety; V. A. B. Nallam; S. K. R. Katta";2025;10.1109/RFCoN62306.2025.11085381;https://ieeexplore.ieee.org/stamp/stamp.jsp?arnumber=11085381;Signal processing plays an important role for transforming and analysing real-world signals like audio Important to process the signal efficiently and precisely. An AI approach to noise reduction using machine learning techniques are investigated in this work. We then use modern techniques such as Fourier Transform, Principal Component Analysis (PCA) and de-noising autoencoders in order to remove noise while retaining important signal features. Method One proposed to employ machine learning models to adaptively eliminate the noise according to communication system, thus to improve the performance of communication systems. The experimental results suggest that using the artificial intelligence models to suppress the noise can suppress the noising efficiency and restore the signal nearly completely. These results illustrate the tremendous potential of AI as applied to signal processing in background noise. The AI models have also proved that, because they are trained to adapt to the kind of noise in the moment that it happens, they deliver a much better-quality signal than traditional methods. These characteristics are essential for the future communication systems which are required very high robustness and clearness.;"Artificial intelligence;Machine Learning;Noise Reduction";;2025 1st International Conference on Radio Frequency Communication and Networks (RFCoN);IEEE;
ieee;;IEEE Conferences;AI Assisted Cloud Resources Allocation for Edge Computing;S. K. Khanday;2025;10.1109/MPSecICETA64837.2025.11118808;https://ieeexplore.ieee.org/stamp/stamp.jsp?arnumber=11118808;The growing adoption of edge-cloud computing has underscored the need for intelligent resource allocation frameworks capable of managing dynamic and heterogeneous workloads. This paper proposes a novel hybrid AI-driven framework that integrates convolutional neural networks (CNNs) and transformers to address the complexities of spatial and temporal data in edge-cloud environments. The framework leverages spatial-temporal attention mechanisms to capture critical workload patterns, cross-attention fusion to dynamically integrate spatial and temporal features, and adaptive filters to optimize resource allocation. Extensive experiments on a realworld edge computing dataset demonstrate that the proposed framework outperforms state-of-the-art methods in terms of workload prediction accuracy, energy efficiency, and latency reduction. Specifically, the model achieves a 20.7% reduction in latency and an 18% improvement in energy efficiency compared to the best-performing baseline. Furthermore, scalability analysis highlights the robustness of the framework under increasing workloads, making it suitable for real-world deployment. This study contributes to the advancement of intelligent and adaptive resource management in edge-cloud computing systems, addressing key challenges such as heterogeneity, scalability, and real-time performance optimization.;"Edge-cloud computing;resource allocation;spatial-temporal attention;convolutional neural networks;transformers;dynamic fusion;adaptive filters;workload prediction";;2025 IEEE International Conference on Emerging Technologies and Applications (MPSec ICETA);IEEE;
ieee;;IEEE Conferences;MLCOps: a Platform to Support Cloud Continuum Machine Learning Operations;"A. Sabbioni; L. Serfilippi; S. Montebugnoli; A. Bujari; A. Corradi";2025;10.1109/ISCC65549.2025.11326358;https://ieeexplore.ieee.org/stamp/stamp.jsp?arnumber=11326358;The increasing reliance on Machine Learning (ML) to extract insights and value from data is driving researchers and businesses to seamlessly integrate it throughout the entire Cloud Continuum (CC), spanning from large-scale cloud infrastructures to edge computing and end devices. However, traditional service orchestration frameworks are fine-tuned to manage single-site general-purpose applications, struggling with the complexity of CC ML deployments, which seek customized strategies for enhanced performance and resiliency. To this end, we propose Machine Learning cloud Continuum Operations (MLCOps), an overlay solution that supports ML applications in CC deployments. MLCOps implements an innovative multisite orchestration layer and provides a new service runtime support, allowing one to react quickly to changing conditions. MLCOps advocates a layered approach to carry out specialized strategies, implementing global and local actions on infrastructure and environment to ensure the performance and availability of the deployed ML services. Without loss of generality, we show how the framework could be instantiated to support an anomaly detection task. In this context, we assess various (re)configuration strategies that can take place in actual deployments, assessing the ability of MLCOps to preserve the reliability of CC ML application deployments under dynamic workload conditions.;"Cloud Continuum;Cloud;Edge;Machine Learning;MLOPS;DevOps;Operator;Orchestration";;2025 IEEE Symposium on Computers and Communications (ISCC);IEEE;
ieee;;IEEE Conferences;A Framework for Generative AI-Driven Application Modernization: Strategies and Case Studies;A. Wairagade;2025;10.1109/ICECET63943.2025.11472176;https://ieeexplore.ieee.org/stamp/stamp.jsp?arnumber=11472176;The dynamism in technology makes it essential for organizations to update their old applications to newer ones. This paper explores how Generative AI (Gen AI) can transform the application modernization through automation of key tasks such as code refactoring, system refactoring and security integration. In the case of Gen AI, the applicability of various modern tools and methodologies such as cloud migration, microservices architecture, and automation frameworks, including DevOps, and emerging players in DevSecOps. This paper demonstrates how Gen AI as an organizational change supports continuous delivery, security integration, and operation resilience. In addition, the research examines cloud computing, microservices architecture, and DevOps for application modernization. It also addresses how Generative AI improves modernization enablers to optimize productivity, velocity, and project success. Through insights from case study, the work indicates GenAI produces 40-70 percent improvement in modernization cost, speed and accuracy. Finally, a structured framework is also proposed to help the organizations in adoption of GenAI for efficient and sustainable modernization.;"Artificial Intelligence (AI);Modernization Methods;Generative AI;Agile;Data Driven;Microservices;Machine Learning";;2025 5th International Conference on Electrical, Computer and Energy Technologies (ICECET);IEEE;
ieee;;IEEE Conferences;Best Practices for Cloud, IT and Digital Infrastructure Programs Across Government Agencies;"J. A. Shah; N. Ramesh Iyer";2025;10.1109/AIIoT65859.2025.11105321;https://ieeexplore.ieee.org/stamp/stamp.jsp?arnumber=11105321;Federal governments globally are evolving from a cloud-first policy to cloud-smart. This shift in approach allowed organizations to mature in their cloud journey, which increased the importance and need for the centralized IT cloud infrastructure program. A centralized cloud IT infrastructure program is a common operating model in federal public sector agencies and their service provides agencies and departments with crucial services in the broader cloud adoption and cloud operating journey. Serving agencies and departments as a technology partner is key from an infrastructure perspective, but there is a continued opportunity to serve as a business partner through the advisory lens. When measuring cloud IT infrastructure services, performance indicators and measures should be leveraged and monitored on an ongoing basis. The excellent or poor performance of a cloud IT infrastructure service directly impacts agencies and departments. Such cloud programs in the public sector position governments to be early adopters of innovations like AI, IoT, edge computing, and advanced data analytics. These innovations are almost always tied to clouds, data centers and AI foundational pillars as part of an organization’s digital business technology platform. As agencies embrace digital technologies and increase connectivity, both internally and externally, new vulnerabilities arise, exposing them to cyber threats. To mitigate these risks, cloud IT infrastructure programs must evolve alongside cloud adoption, implementing advanced security measures to stay ahead of emerging threats.;"Cloud Computing;Infrastructure;Technology;Cyber Security;Cloud Adoption;Artificial Intelligence;Government Agencies";;2025 IEEE World AI IoT Congress (AIIoT);IEEE;
ieee;;IEEE Conferences;Design and Evaluation of a Continuous Testing Framework for Automated Front-End Validation in Student Attendance Systems;"N. S. Nugraha; N. A. Suwastika; I. Mulia Insan; Q. Qonita";2025;10.1109/ICoABCD67551.2025.11470776;https://ieeexplore.ieee.org/stamp/stamp.jsp?arnumber=11470776;The development of school attendance systems faces increasing challenges due to frequent updates and rapid deployment cycles, where maintaining consistent, error-resistant, and delay-free testing without affecting the production environment remains a critical issue. Addressing this problem, this paper presents the design and evaluation of an Automated Continuous Testing Framework (ACTF) for validating front-end functionalities in student attendance systems within a Continuous Integration/Continuous Deployment (CI/CD) environment. The framework integrates Cypress for end-to-end (E2E) automation and GitHub Actions for continuous execution, enabling traceable, reproducible, and scalable testing workflows. Following the Design Science Research (DSR) methodology, the study was conducted through five iterative stages: problem identification, framework design, implementation, demonstration, and evaluation. Functional requirements (FRs) were analyzed and translated into automated test scenarios using equivalence partitioning and boundary value techniques, while a Requirements Traceability Matrix (RTM) was used to ensure comprehensive coverage between test cases and system requirements. A total of 48 automated test cases were executed across both local and cloud environments. The evaluation results demonstrated 100 % execution consistency, 100 % requirement coverage, and significantly reduced testing time compared to manual testing approaches. Furthermore, the integration of Cypress and GitHub Actions ensured continuous validation across code updates, minimizing human error and accelerating defect detection during the development process. These results confirm that the proposed framework effectively improves testing reliability, scalability, and traceability, providing a replicable model for integrating automated testing within CI/CD pipelines.;"attendance system;automated testing;cypress;end-to-end testing;github actions";;2025 International Conference on Artificial Intelligence, Blockchain, Cloud Computing, and Data Analytics (ICoABCD);IEEE;
ieee;;IEEE Conferences;The Information System Factory – Return to Simplicity;"W. Koch; R. Ortiz; O. Benda; A. K. Mishra";2025;10.1109/ICECCME64568.2025.11277453;https://ieeexplore.ieee.org/stamp/stamp.jsp?arnumber=11277453;"This paper presents the concept of a tool (Information System Factory) which uses a Fourth Generation Language ($\mathbf{4 G L}$) environment for the production of Information Systems in an agile Software Development Style (RAD: Rapid Application Development). The production process follows the principle of a factory, which assembles the final product by reusing already developed components and adding new components either by in house development or by acquiring external components (Component Based Development). The final system follows a three layer architecture (MVC: Model View Control) separating Data Base (Model) Management, User Interaction (View), and Programming (Control). Modern Micro Computers can be used to execute this “4GL-RAD-Tool” locally on user’s premises or in the field (powered by a battery) without the need of accessing facilities in a global network (cloud). The power of a low cost, energy saving Single Board Computer (SBC) is enough e.g. for developing and running business information systems using this tool. SBCs are frequently used in embedded Systems, which interact with sensors and actuators to control physical processes. Since SBCs can be equipped with large storage devices, there is no need in many cases to use programs in the cloud for the further on processing of big data. A realization of this 4GL-RAD Tool is based on an INFORMIX-4GL compatible system, which is available as an open source productivity tool. The System provides a menu driven IDE, which supports a standard System Development Life Cycle (SDLC) as linear or iterative model. The different phases of the SDLC are delivering various artifacts like User Requirement Documents, Code, and Software User Manuals, which can be enhanced by using Artificial Intelligence (AI). Restricting the system development to classes like Business Administration, Cultural Heritage, IoT-Computing to name a few, can support the development process by introducing “domain ontologies” in the “DevOps""-Environment. The development of a Sensor Network provides a practical example in the field of Mechatronic Engineering.";"rapid application development;fourth generation language;INFORMIX-4GL;single board computer;model view control;system development life cycle;information system factory";;2025 5th International Conference on Electrical, Computer, Communications and Mechatronics Engineering (ICECCME);IEEE;
ieee;;IEEE Conferences;Self Evolving AI Systems for Proactive Multi Cloud Compatibility, Resilience and Autonomous Optimization;S. K. Khanday;2025;10.1109/InC465408.2025.11256234;https://ieeexplore.ieee.org/stamp/stamp.jsp?arnumber=11256234;The increasing adoption of multi-cloud architectures has introduced significant challenges in ensuring compatibility, resilience, and optimization across diverse cloud platforms. Traditional static and reactive approaches have proven inadequate for addressing the dynamic nature of multi-cloud ecosystems. This paper presents a novel self-evolving AI framework designed to proactively manage multi-cloud environments by leveraging advanced predictive models, fault-tolerant mechanisms, and optimization algorithms. The proposed framework integrates three core components: Compatibility Analyzer, Resilience Manager, and Optimization Agent, which work in tandem through an orchestration layer to ensure seamless operations. Experimental evaluations demonstrate the framework’s efficacy in achieving a $99 \%$ compatibility success rate, reducing downtime by over $65 \%$, and improving resource utilization efficiency by approximately $12 \%$ compared to baseline methods. Scalability analysis highlights the framework’s adaptability to increasing workloads, while a real-world case study validates its practical applicability. This work contributes a robust and adaptive solution for modern multi-cloud management, with potential extensions into edge computing, quantum cloud systems, and IoT-centric environments.;"Multi-cloud computing;self-evolving AI;proactive compatibility;fault tolerance;resource optimization;scalability;resilience;hybrid cloud management";;2025 IEEE International Conference on Contemporary Computing and Communications (InC4);IEEE;
ieee;;IEEE Conferences;Recent Advancements in Automated Penetration Testing Tools for Web Application Security;"P. C. Bandhapaday; M. J. Islam; M. Saifuddin; L. Ismail; H. Salarian; S. S. Chaeikar";2025;10.1109/PCDS68697.2025.11415292;https://ieeexplore.ieee.org/stamp/stamp.jsp?arnumber=11415292;This paper provides a survey on the latest developments of tools for Web application security with a comprehensive assessment of eight published studies from 2020 to 2025 – insight into their efficiency, how much they are integrated into artificial intelligence (AI), and regulations such as PCI DSS/GDPR. Improvements in the detection of well-known flaws are evident, as demonstrated by Burp Suite reaching 70%+ coverage of OWASP Top 10 risks and OWASP ZAP with the best cost-effective scanning at this post from a set of tools including AI-driven frameworks such as the Intelligent Automated Penetration Testing System (IAPTS). The MDDQN (relational) algorithm shows promising results in few-shot adversarial robustness via acceleration of attack path planning from reinforcement learning and deep neural networks for efficiency. Still, some are quite challenging, e.g., high computational costs, misidentifications, and inability to detect zero-days necessitate the motivations for hybrid approaches combining automated and manual testing. Reviewed studies stress the critical need for evolving threats tackled by multi-tool strategies and integrations in continues integration/continuous delivery (CI/CD) pipelines for ongoing testing. Regulatory compliance is important, so tools to allow the regular upgrades of compliance will be useful. Investigation directions should focus on establishing benchmarks, lowering the barriers to implementation of AI, and improving detection of advanced attacks. Through synthesis of technical developments and practitioner experiences, this research aimed to improve the comprehension of automated penetration testing capabilities in securing web apps from evolving cyberattacks as of 2025.;"automated penetration testing;web application security;ethical hacking;AI-driven testing;vulnerability assessment;compliance";;2025 2nd International Symposium on Parallel Computing and Distributed Systems (PCDS);IEEE;
ieee;;IEEE Conferences;How Do Developers Use ChatGPT for Software Test Generation? Usage Patterns, Satisfaction, and Code Adoption Analysis;"S. He; W. Zhan; J. Wang; J. Dai; H. Chen; C. Tan; F. Li";2025;10.1109/APSEC66846.2025.00067;https://ieeexplore.ieee.org/stamp/stamp.jsp?arnumber=11396489;Large Language Models (LLMs) such as ChatGPT are increasingly used by developers to generate test code, yet little is known about their real-world usage patterns, developer satisfaction, and the extent to which generated code is integrated into software projects. This paper presents an empirical study of 407 user-ChatGPT conversations related to test generation from GitHub, including 152 that contain both test and corresponding source code. We systematically categorize the primary use cases of ChatGPT in test generation, employ sentiment analysis to assess developer satisfaction across different testing scenarios, and analyze the adoption between ChatGPT-generated test code and existing project code using PMD’s Copy-Paste Detector (CPD) tool. Our analysis identifies six ChatGPT usage scenarios in test generation: test case creation, framework demonstration, test enhancement, debugging, CI/CD integration, and mocking solution. Among these, test case creation and framework demonstration emerge as the most frequent. Sentiment analysis reveals that, except for framework demonstration, all other scenarios exhibit a higher proportion of negative feedback than positive. Moreover, adoption analysis indicates that only 25.7% of conversations show evidence of code reuse, suggesting developers are generally cautious when integrating LLM-generated test code. Based on these findings, we propose several practical implications for enhancing the effectiveness of LLM-assisted test generation.;"ChatGPT;test generation;sentiment analysis;empirical study;clone detection";;2025 32nd Asia-Pacific Software Engineering Conference (APSEC);IEEE;
ieee;;IEEE Conferences;AutoDrift: A Forecast-Aware Concept Drift Detection and Retraining Pipeline in MLOps with CMAPSS;"R. K. Myakala; P. K. Nagata; S. Lavudya; S. K. Pedhapally; V. R. Podduturi";2025;10.1109/BigDataService65758.2025.00019;https://ieeexplore.ieee.org/stamp/stamp.jsp?arnumber=11129558;Concept drift poses a critical challenge to deploying reliable machine learning models in real-world production environments, particularly in time series forecasting and predictive maintenance systems. We present AutoDrift, a modular, forecast-aware framework to detect concept drift and trigger the automated retraining of models within modern MLOps pipelines. This approach integrates Facebook Prophet for time series prediction, statistical drift detection techniques such as the Kolmogorov-Smirnov test, and Apache Airflow to orchestrate retraining and deployment tasks in response to detected drift. Using the widely bench marked NASA CMAPSS dataset, we simulate real-world engine degradation and sensor drift conditions to evaluate AutoDrift's effectiveness in predictive maintenance scenarios. The results demonstrate that AutoDrift maintains high forecasting accuracy (91 % precision) while reducing retraining latency by 37 % compared to static retraining schedules. The framework supports model versioning via MLflow and is cloud-agnostic, enabling seamless deployment across Kubernetes, AWS, and on-premises environments. AutoDrift offers a practical solution to one of the most pressing MLOps challenges such as maintaining the adaptability of deployed models to changing data distributions, by unifying drift detection, retraining logic, and orchestration in a single, extensible pipeline. The system is designed to be interpretable, scalable, and easy to integrate into existing machine learning operations, making it suitable for industrial applications in aviation, IoT, and large-scale telemetry monitoring.;"Concept Drift;Forecasting;MLOps;Time Series;Predictive Maintenance;Model Retraining;Apache Airflow;CMAPSS;Anomaly Detection;CI/CD Automation";;2025 IEEE 11th International Conference on Big Data Computing Service and Machine Learning Applications (BigDataService);IEEE;
ieee;;IEEE Conferences;CyberHeraclius: Cyber Defence Evaluation Methodology;"G. Hatzivasilis; S. Ioannidis";2025;10.1109/CSR64739.2025.11130048;https://ieeexplore.ieee.org/stamp/stamp.jsp?arnumber=11130048;Security evaluation remains a critical challenge in cybersecurity, especially with the growing complexity of systems like cloud and IoT environments. This paper introduces CyberHeraclius, a novel methodology for evaluating the security of modern computer networks. The process begins with automated asset mapping and the collection of public Cyber Threat Intelligence (CTI) from MITRE’s CVE, CWE, and CAPEC repositories, as well as Metasploit. To address CTI limitations, such as false positives and coverage gaps, automated penetration testing is used to verify actual vulnerabilities. The validated results feed into a Medieval Castle-based security model, which assesses system resilience based on component composition. CTI risk metrics are then integrated with the model’s aggregation formulas to quantify overall system risk. CyberHeraclius is part of the SecOPERA Platform, which supports secure continuous integration and deployment (CI/CD) pipelines for system developers.;"security assessment;penetration testing;CPE;resilience;risk management";;2025 IEEE International Conference on Cyber Security and Resilience (CSR);IEEE;
ieee;;IEEE Conferences;Applying DevOps and DaaS in the Smart Laboratory of Internet of Things;"I. Izotov; N. Papulovskaya";2026;10.1109/Inforino68543.2026.11556658;https://ieeexplore.ieee.org/stamp/stamp.jsp?arnumber=11556658;This paper presents the results of developing a Smart Laboratory. The Smart Laboratory is a platform for remotely developing embedded system software. It enables remote access to physical hardware for software development, testing, and deployment on microcontroller-based devices. The creation of the online laboratory involved several key tasks: designing a network infrastructure to integrate laboratory equipment into a unified system, developing a web application for remote interaction with microcontrollers, implementing a digital twin of the test module for flexible configuration and management, and conducting testing and validation. During development, a hypothesis emerged that the combination of DevOps and Device as a Service (DaaS) opens new possibilities for automated IoT device management. The DaaS concept enables on-demand remote access to physical devices, while the DevOps methodology facilitated the automation of user software deployment. A compilation and delivery pipeline for firmware updates was implemented to support this process. Ansible was utilized to automate software updates on Raspberry Pi testbed computers. Prometheus was employed for metric collection, and Grafana was used for data visualization, ensuring system performance monitoring. The platform was tested and validated at the Institute of Radio Electronics and Information Technologies - RTF (UrFU). The invention has been patented.;"cyber-physical systems;embedded systems;Internet of Things;DevOps;digital twin;remote laboratory;microcontroller programming";;2026 8th International Conference on Information Technologies in Engineering Education (Inforino);IEEE;
ieee;;IEEE Conferences;IoT-Enabled Water Quality Monitoring with Auto-Scalable Cloud DevOps Pipelines;"T. B; R. G. K.A; R. G";2026;10.1109/I3CTCON68242.2026.11508076;https://ieeexplore.ieee.org/stamp/stamp.jsp?arnumber=11508076;IoT-Enabled Water Quality Monitoring with Auto-Scalable Cloud DevOps Pipelines introduces AquaGuardian, a distributed Internet of Things (IoT) and cloud-integrated platform designed for ongoing assessment of important water quality parameters, including pH, temperature, turbidity, and Total Dissolved Solids (TDS). The system uses ESP32 microcontrollers connected to environmental sensors to capture real-time measurements and send them securely to AWS IoT Core with the MQTT protocol. The incoming data is stored in cloud services like Amazon DynamoDB and Amazon S3, where it is further examined to spot anomalies in water quality. When the system detects abnormal readings, it automatically sends user notifications through AWS Simple Notification Service (SNS) via SMS or email. To support scalable, reliable, and automated deployment, AquaGuardian incorporates a CAI/CD DevOps pipeline using GitHub, AWS CodePipeline, and AWS Lambda. This setup allows for continuous updates and operational efficiency. The solution offers real-time insights, high reliability, and less need for human intervention, making it ideal for large-scale smart water monitoring applications.;"IoT;Water Quality Monitoring;AquaGuardian;ESP32;MQTT;AWS IoT Core;Cloud Computing;DynamoDB;S3;Anomaly Detection;AWS SNS;CI/CD Pipeline;DevOps;AWS CodePipeline;AWS Lambda;Real-Time Monitoring;Auto-Scalability";;2026 IEEE International Conference for Convergence in Computing Technology (I3CTCON);IEEE;
ieee;;IEEE Conferences;Forging Industry 5.0 DevOps: Towards Secure and Scalable OT Orchestration Powered by Kubernetes;"N. Giulianelli; A. Sabbioni; S. Montebugnoli; A. Bujari; A. Corradi";2026;10.1109/CCNC65079.2026.11366408;https://ieeexplore.ieee.org/stamp/stamp.jsp?arnumber=11366408;The ongoing digitization of Operational Technology (OT) and the integration of Industrial Internet of Things (IIoT) devices are fundamentally transforming modern industrial systems. However, the heterogeneity of hardware and software ecosystems amplifies the complexity of this transformation, making orchestration and lifecycle management especially challenging. To address these challenges, modern DevOps practices—such as Continuous Integration and Continuous Deployment (CI/CD), runtime observability, and fine-grained access control—are essential. These practices help accelerate time-to-market, maintain service quality, manage operational complexity, and uphold security standards. Advancing toward seamless integration of OT within cloud-native environments, we introduce a prototype Orchestrator based on the Kubernetes plarform, aimed at providing a comprehensive lifecycle management for OT devices in industrial contexts. Our proposal bridges the traditional divide between IT and OT by seamlessly integrating with existing CI/CD pipelines and implementing Role-Based Access Control (RBAC) tailored to device-level permissions. Through a unified abstraction layer, it simplifies the management of heterogeneous, multi-vendor hardware, enabling scalable, secure, and efficient operations across diverse industrial deployments.;"Smart manufacturing;Industry 5.0;IT/OT;Orchestration;Observability;PLC";;2026 IEEE 23rd Consumer Communications & Networking Conference (CCNC);IEEE;
ieee;;IEEE Journals;Current Challenges and Future Perspectives in Testing IoT Systems: A Comprehensive Review;"B. Lima; R. Pinto";2026;10.1109/SR.2025.3628264;https://ieeexplore.ieee.org/stamp/stamp.jsp?arnumber=11224440;The widespread adoption of Internet of Things (IoT) systems in domains like healthcare, manufacturing, and smart cities has brought new challenges for software and systems testing. This survey systematically reviews studies published from 2012, identifying key testing types, methods, and tools across the IoT stack. Our analysis highlights sensor-specific challenges—including timing jitter, calibration drift, and environmental coupling—that remain underexplored in prior surveys. We propose a multidimensional conceptual framework that cross-correlates architectural layers, testing objectives, and technology targets, enabling structured comparison of testing strategies. The framework is empirically validated through an industrial case study, which reveals critical gaps, such as a lack of cross-layer coverage, limited tool support for real-time constraints, and inadequate mechanisms for sensor fault resilience. We conclude by outlining future research directions, including digital twin-based validation, unified IoT testing pipelines, and lightweight security testing for constrained devices. This work provides researchers and practitioners with a sensor-aware, empirically grounded roadmap for advancing IoT testing.;"AI-based testing;cloud testing;continuous integration;DevOps;digital twins (DTs);edge computing;embedded systems;emulation;Internet of Things (IoT);interoperability;machine learning;real-time systems;regulatory compliance;security testing;simulation;software testing;test automation;testbeds";;IEEE Sensors Reviews;IEEE;
ieee;;IEEE Conferences;ISM Analysis to Identify DevSecOps Metrics to Improve the Quality for a Software Product;"S. K. Saurabh; D. Kumar; V. Bali";2026;10.1109/AKGEC68790.2026.11485634;https://ieeexplore.ieee.org/stamp/stamp.jsp?arnumber=11485634;In any organization if development, security and operation team works together called as DevSecOps. DevSecOps is mixed responsibility which includes culture, IT lifecycle, platform design, security and automation. DevSecOps is adopted by IT firms for easier maintenance in stead of doing it with traditional SDLC. It is not straightforward for an organization to decide best DevSecOps metrics and sometime it becomes very difficult. In any organization to deliver quality software product, it is essential to find key metrices which organization generally follows. In the proposed study, the authors suggested to use Multivocal literature review which identifies performance metrices for DevSecOps. Several research papers are rereferred by authors to find DevSecOps metrices. ISM techniques are applied to decide best metrics for DevSecOps which can be critical for any organization to measure the success or failure of a software organization the proposed study a detailed analysis has been conducted to show inner relationship of metrices for DevSecOps. This will ensure that any IT firms can find best metrics for DevSecOps to measure success for an organization.;"DevOps;ISM;Performance matrix;Software Quality;MICMAC;DevSecOps";;2026 3rd International Conference on Advancements and Key Challenges in Green Energy and Computing (AKGEC);IEEE;
ieee;;IEEE Conferences;Optimization of Code Review Process Using Devsecops;"S. K. Saurabh; D. Kumar; V. Bali";2026;10.1109/IC3ECSBHI67834.2026.11469106;https://ieeexplore.ieee.org/stamp/stamp.jsp?arnumber=11469106;IT organization, nowadays, are following manual process for doing code review process, Developers submits the pull request or merge request in tool. After that reviewer has to do the whole process manually and put comment on pull request manually. Further the PR gets assign back to the developer. This whole process is very time consuming. Devops talks about automation to the extent it is possible and so does DevSecOps. We proposed a machine learning model to automate the code review process using a pull request in Azure devops. The author(s) has proposed an optimized process ensures the conducting the review of code and automatically and add comment on each pull request in azure devops. The optimized LLM model uses large historical dataset to find the appropriate comment from the dataset. This will help organization to implement better process and reduce bug which might be possible in doing manual review. As a result, we observed the new optimized process is quite helpful to reduce the review effort and further reducing the overall budget for the final software product.;"DevSecOps;DevOps;Machine Learning;Software Quality;Python;pull request;Collab. LLM";;2026 2nd International Conference on Cognitive Computing in Engineering, Communications, Sciences and Biomedical Health Informatics (IC3ECSBHI);IEEE;
ieee;;IEEE Conferences;Integrating Security into CI/CD Pipelines: A DevOps Approach to Application Deployment;"S. N. V; R. S. B; J. Sathiamoorthy";2026;10.1109/ICISCoIS62701.2026.11447658;https://ieeexplore.ieee.org/stamp/stamp.jsp?arnumber=11447658;The recent blistering shift in the direction of the DevOps practices and Continuous Integration / Continuous Deployment pipelines has changed the process of software delivery and development. However, these dynamic approaches have also resulted in the creation of new attack surfaces and security threats. The dynamic and time sensitive aspect of the modern software delivery cannot fit in the perimeter centered security models. The following paper will present my DevOps-powered security integration platform or, to be more specific, DevSecOps which is the composite of security control and vulnerability scanning alongside confirmation that CI/CD pipelines meet the standards. This may enable development teams to identify and address vulnerabilities earlier in the software life cycle and mitigate their exposure to risk as well as enable them to release their software more quickly by shifting security to the left. The architecture contained in our proposed scheme presents an architecture that is tool independent and converts the benefits, both performance and security, to a real life deployment scenario.;"DevSecOps;Infrastructure as Code (IaC);Application Security;Continuous Integration;Continuous Deployment;Secure Software Development;Vulnerability Scanning";;2026 Second International Conference on Intelligent Systems for Communication, IoT and Security (ICISCoIS);IEEE;
ieee;;IEEE Conferences;Implementation of CI/CD in Industrial Automation;"V. S. Oleynikov; E. V. Zhdamirova; O. S. Aleksandrova";2026;10.1109/ElCon-EE69794.2026.11453271;https://ieeexplore.ieee.org/stamp/stamp.jsp?arnumber=11453271;This paper presents an approach to implementing CI/CD (Continuous Integration/Continuous Deployment) methodology in industrial automation, based on the O-PAS (Open Process Automation Standard) for ensuring compatibility, scalability, and security of control systems. A practical architecture is proposed for automated software deployment on a well pad using virtual PLCs, SCADA systems, and a centralized decision-making center. The study analyzes potential benefits, challenges, and risks associated with such an implementation, focusing on cybersecurity, network resilience, and the use of open-source virtualized components. The proposed solution can significantly reduce deployment time, improve system maintainability, and simplify scaling of automated industrial facilities.;"CI/CD;O-PAS;Industrial Automation;Virtual PLC;OPC-UA;Pipeline;Software Deployment;Cybersecurity";;2026 ElCon Conference of Young Researchers in Electrical Engineering, Automation & Control Systems (ElCon-EE);IEEE;
ieee;;IEEE Conferences;Optimizing Cloud Cost and Compliance in Azure DevOps Pipelines for Industrial Applications;S. N. Donthi;2026;10.1109/IC3ET64989.2026.11467383;https://ieeexplore.ieee.org/stamp/stamp.jsp?arnumber=11467383;More and more, manufacturers are using Cloud DevOps pipelines for integration and deployment. When pipelines are imperfect, they can cause a high cloud cost. And it can also lead to compliance violations. This is especially true in regulated industries. Our framework aims to optimize Azure DevOps pipeline (cost and compliance). Resource scheduling is one of the techniques. The self-hosted agents, Infrastructure as Code policies and automatic compliance checks are also features of it. According to an industrial IoT application case study, the suggested approach reduces the cloud costs from $12,500 /month to $8,750/month (30 % Reduction). The number of regulatory breaches has dropped from 100 to 50 per day. Construction time has also dropped from 25 to 23 minutes. By complying with the rules and regulations of DevOps activities, the proposed plan can help industries in saving monetary values.;"Cloud DevOps;Azure;IoT and manufacturers";;2026 International Conference on Communication, Computing and Emerging Technologies (IC3ET);IEEE;
ieee;;IEEE Conferences;AI for DevSecOps Optimization: Investigating the Role of AI/ML in Predictive Vulnerability Detection During CI/CD Pipeline Stages;T. Kalwani;2026;10.1109/ISDFS69419.2026.11458957;https://ieeexplore.ieee.org/stamp/stamp.jsp?arnumber=11458957;In this paper, the focus is placed on the integration of Artificial Intelligence and Machine Learning into the CI/CD pipelines of DevSecOps for predictive vulnerability detection. A specially selected dataset of 416 past code commits and vulnerability reports was used for the model building of the Random Forest and Recurrent Neural Network models. The designed AI-based system was seen to reach a detection accuracy of up to 93.8%, greatly outperforming the results yielded by conventional static code analysis solutions yet achieving a latency decrease of over 83%, as measured across repeated CI/CD build cycles in the associated security scan. With predictive models directly integrated into the CI/CD pipeline, the system allows for real-time and context-aware security reviews and the decrease of false positives, ultimately boosting the productivity of developers and the deployment time.;"DevSecOps;Predictive Modelling;Vulnerability Detection;CI/CD Pipelines;Artificial Intelligence";;2026 14th International Symposium on Digital Forensics and Security (ISDFS);IEEE;