Export Source,entry_type,entry_key,author,title,year,isbn,publisher,url,doi,abstract,booktitle,pages,numpages,keywords,location,series,articleno,address,issue_date,volume,number,issn,journal
acm-20260429,inproceedings,10.1109/ASE51524.2021.9678918,"Cordeiro, Marcello and Silva, Denini and Teixeira, Leopoldo and Miranda, Breno and d'Amorim, Marcelo",Shaker: a tool for detecting more flaky tests faster,2022,9781665403375,IEEE Press,https://doi.org/10.1109/ASE51524.2021.9678918,10.1109/ASE51524.2021.9678918,"A test case that intermittently passes or fails when performed under the same version of source code and test code is said to be flaky. The presence of flaky tests wastes testing time and effort. The most popular approach in industry to detect flakiness is ReRun. The idea behind ReRun is very simple: failing test cases are re-executed many times looking for inconsistencies in the output. Despite its simplicity, the ReRun strategy is very expensive both in terms of time and in terms of computational resources. This is particularly true for contexts where thousands of test cases are performed on a daily basis. Reducing the rerunning overhead is, thus, of utmost importance. This paper presents Shaker, an open-source tool for detecting flakiness in time-constrained tests by adding noise in the execution environment. The main idea behind Shaker is to add stressing tasks that compete with the test execution for the use of resources (CPU or memory). Shaker is available as a GitHub Actions workflow that can be seamlessly integrated with any GitHub project. Alternatively, Shaker can also be used via its provided Command Line Interface. In our evaluation, Shaker was able to discover more flaky tests than ReRun and in a faster way (less re-executions); besides, our approach revealed tens of new flaky tests that went undetected by ReRun even after 50 re-executions. Thanks to its flexibility and ease of use, we believe that Shaker can be useful for both practitioners and researchers.Demo video: https://youtu.be/7-aiQwOb4rAShaker website: https://star-rg.github.io/shaker",Proceedings of the 36th IEEE/ACM International Conference on Automated Software Engineering,1281–1285,5,"software testing, regression testing, continuous integration","Melbourne, Australia",ASE '21,,,,,,,
acm-20260429,inproceedings,10.1109/ASE56229.2023.00154,"Birchler, Christian and Rohrbach, Cyrill and Kim, Hyeongkyun and Gambi, Alessio and Liu, Tianhai and Horneber, Jens and Kehrer, Timo and Panichella, Sebastiano",TEASER: Simulation-based CAN Bus Regression Testing for Self-driving Cars Software,2024,9798350329964,IEEE Press,https://doi.org/10.1109/ASE56229.2023.00154,10.1109/ASE56229.2023.00154,"Safety-critical systems such as self-driving cars (SDCs) must be rigorously tested. Especially electronic control units (ECUs) of SDCs should be tested with realistic input data. In this context, a communication protocol called Controller Area Network (CAN) is typically used to transfer sensor data to the SDC control units. A challenge for SDC maintainers and testers is the need to manually define the CAN inputs that realistically represent the state of the SDC in the real world. To address this challenge, we developed TEASER; a tool that generates realistic CAN signals for SDCs obtained from sensors from state-of-the-art car simulators. We evaluated TEASER based on its integration capability into a DevOps pipeline of aicas GmbH, a company in the automotive sector. Concretely, we integrated TEASER in a Continous Integration (CI) pipeline configured with Jenkins. The pipeline executes the test cases in simulation environments and sends the sensor data over the CAN bus to a physical CAN device, the test subject. Our evaluation shows the ability of TEASER to generate and execute CI test cases that expose simulation-based faults (using regression strategies); the tool produces CAN inputs that realistically represent the state of the SDC in the real world. This result is critically important for increasing the automation and effectiveness of simulation-based CAN bus regression testing for SDCs.Tool: https://doi.org/10.5281/zenodo.7964890GitHub: https://github.com/christianbirchler-org/sdc-scissor/releases/tag/v2.2.0-rc.1Documentation: https://sdc-scissor.readthedocs.io",Proceedings of the 38th IEEE/ACM International Conference on Automated Software Engineering,2058–2061,4,"autonomous systems, regression testing, simulation environment, CAN bus","Echternach, Luxembourg",ASE '23,,,,,,,
acm-20260429,inproceedings,10.1109/CCGRID.2018.00076,"Wang, Ping and Xu, Jingmin and Ma, Meng and Lin, Weilan and Pan, Disheng and Wang, Yuan and Chen, Pengfei",CloudRanger: root cause identification for cloud native systems,2018,9781538658154,IEEE Press,https://doi.org/10.1109/CCGRID.2018.00076,10.1109/CCGRID.2018.00076,"As more and more systems are migrating to cloud environment, the cloud native system becomes a trend. This paper presents the challenges and implications when diagnosing root causes for cloud native systems by analyzing some real incidents occurred in IBM Bluemix (a large commercial cloud). To tackle these challenges, we propose CloudRanger, a novel system dedicated for cloud native systems. To make our system more general, we propose a dynamic causal relationship analysis approach to construct impact graphs amongst applications without given the topology. A heuristic investigation algorithm based on second-order random walk is proposed to identify the culprit services which are responsible for cloud incidents. Experimental results in both simulation environment and IBM Bluemix platform show that CloudRanger outperforms some state-of-the-art approaches with a 10\% improvement in accuracy. It offers a fast identification of culprit services when an anomaly occurs. Moreover, this system can be deployed rapidly and easily in multiple kinds of cloud native systems without any predefined knowledge.","Proceedings of the 18th IEEE/ACM International Symposium on Cluster, Cloud and Grid Computing",492–502,11,"anomaly detection, causality, cloud native systems, micro-service architecture, root cause analysis","Washington, District of Columbia",CCGrid '18,,,,,,,
acm-20260429,inproceedings,10.1109/DS-RT52167.2021.9576132,"Gowtham, Varun and Keil, Oliver and Yeole, Aniket and Schreiner, Florian and Tsch\""{o}ke, Simon and Willner, Alexander",Determining edge node real-time capabilities,2022,9781665433266,IEEE Press,https://doi.org/10.1109/DS-RT52167.2021.9576132,10.1109/DS-RT52167.2021.9576132,"The distributed Cloud Computing paradigm is continuously being adopted within the industrial automation domain. The most distinguishing feature of these Edge Clouds relates to their ability to provide low-latency and even hard realtime services. As infrastructure deployments can be rather heterogeneous in their nature, service providers require precise means for estimating end-to-end application latency behavior, in order to know performance boundaries that can be met for defining certain Service Level Agreements (SLAs). Although network performance tools exist for many years, mechanisms for assessing hard real-time performance of applications in distributed Edge Cloud environments have not been considered extensively yet. Therefore, we use a built-in feature of the Linux Kernel, the extended Berkeley Packet Filter (eBPF), to measure delays between targeted endpoints in the kernel stack, that enable the user to gain deeper and more accurate measurements of events as compared to generalized approaches (as accurate as eBPF / the time-stamping facility from the kernel). As a result, the real-time behavior of particular Edge Cloud deployments, including its hosted applications, can be profiled in detail by end-users as well as service-providers. Within our evaluation we have monitored a cyclic transmission of packets with a scheduled delay of under 190 μs and measured a round trip time under 2 ms. Future work include profiling the real-time behavior of potentially hosted time-critical applications, such as virtual Programmable Logic Controllers (vPLCs), over real-time networks, such Time Sensitive Networking (TSN); the extension towards dynamically configured real-time networks; and finally its application to future organic, self-optimizing Ultra-Reliable Low-Latency Communication 6G core networks.",Proceedings of the 2021 IEEE/ACM 25th International Symposium on Distributed Simulation and Real Time Applications,,9,"vPLC, edge computing, eBPF, TSN, PLC, NFV, IoT, Industry 4.0, IIoT","Valencia, Spain",DS-RT '21,21,,,,,,
acm-20260429,inproceedings,10.1109/ESEM.2017.18,"Shahin, Mojtaba and Babar, Muhammad Ali and Zahedi, Mansooreh and Zhu, Liming",Beyond continuous delivery: an empirical investigation of continuous deployment challenges,2017,9781509040391,IEEE Press,https://doi.org/10.1109/ESEM.2017.18,10.1109/ESEM.2017.18,"Context: A growing number of software organizations have been adopting Continuous DElivery (CDE) and Continuous Deployment (CD) practices. Researchers have started investing significant efforts in studying different aspects of CDE and CD. Many studies refer to CDE (i.e., where an application is potentially capable of being deployed) and CD (i.e., where an application is automatically deployed to production on every update) as synonyms and do not distinguish them from each other. Despite CDE being successfully adopted by a large number of organizations, it is not empirically known why organizations still are unable or demotivated to have automatic and continuous deployment (i.e., CD practice). Goal: This study aims at empirically investigating and classifying the factors that may impact on adopting and implementing CD practice. Method: We conducted a mixed-method empirical study consisting of interviewing 21 software practitioners, followed by a survey with 98 respondents. Results: Our study reveals 11 confounding factors that limit or demotivate software organizations to push changes automatically and continuously to production. The most important ones are ""lack of automated (user) acceptance test"", ""manual quality check"", ""deployment as business decision"", ""insufficient level of automated test coverage"", and ""highly bureaucratic deployment process"". Conclusion: Our findings highlight several areas for future research and provide suggestions for practitioners to streamline deployment process.",Proceedings of the 11th ACM/IEEE International Symposium on Empirical Software Engineering and Measurement,111–120,10,"empirical study, continuous deployment, continuous delivery, DevOps","Markham, Ontario, Canada",ESEM '17,,,,,,,
acm-20260429,inproceedings,10.1109/ICGSE.2019.00036,"Florea, Raluca and Stray, Viktoria",A global view on the hard skills and testing tools in software testing,2019,,IEEE Press,https://doi.org/10.1109/ICGSE.2019.00036,10.1109/ICGSE.2019.00036,"Developing software with high quality is challenging in distributed software development. The purpose of the current study is to investigate the testing skills and tools required in the ever-changing world of global software engineering, according to industrial needs. We analysed 500 job ads from 33 countries. The results show that a quarter of the testers and a fifth of developers are asked to work in distributed projects. The testers are asked to be highly skilled in a variety of test activities and tools, while the testing-skills demand for developers is low and somewhat vague. The profile of testers has a strong technical component in addition to the managerial one. Our findings show that employers need most that testers are competent in automated testing. Furthermore, the industry does not cover all aspects of testing with the demand for testers and developers. Surprisingly, neither role is asked to test the implementation of the general data protection requirements. Our study bridges the industrial needs and the practitioners' skill development process. Therefore, software testers can use our study as a reference point to enhance their skills. Employers should use our results to check their testing-skill coverage within the development teams. Tertiary education providers are encouraged to use our findings, to update the curriculum in the software development area.",Proceedings of the 14th International Conference on Global Software Engineering,133–141,9,"GDPR, automated testing, global software engineering, manual testing, software testing skills, software testing tools, unit testing","Montreal, Quebec, Canada",ICGSE '19,,,,,,,
acm-20260429,inproceedings,10.1109/ICSE43902.2021.00015,"Park, Jihyeok and An, Seungmin and Youn, Dongjun and Kim, Gyeongwon and Ryu, Sukyoung",JEST: N+1-version Differential Testing of Both JavaScript Engines and Specification,2021,9781450390859,IEEE Press,https://doi.org/10.1109/ICSE43902.2021.00015,10.1109/ICSE43902.2021.00015,"Modern programming follows the continuous integration (CI) and continuous deployment (CD) approach rather than the traditional waterfall model. Even the development of modern programming languages uses the CI/CD approach to swiftly provide new language features and to adapt to new development environments. Unlike in the conventional approach, in the modern CI/CD approach, a language specification is no more the oracle of the language semantics because both the specification and its implementations (interpreters or compilers) can co-evolve. In this setting, both the specification and implementations may have bugs, and guaranteeing their correctness is non-trivial.In this paper, we propose a novel N+1-version differential testing to resolve the problem. Unlike the traditional differential testing, our approach consists of three steps: 1) to automatically synthesize programs guided by the syntax and semantics from a given language specification, 2) to generate conformance tests by injecting assertions to the synthesized programs to check their final program states, 3) to detect bugs in the specification and implementations via executing the conformance tests on multiple implementations, and 4) to localize bugs on the specification using statistical information. We actualize our approach for the JavaScript programming language via JEST, which performs N+1-version differential testing for modern JavaScript engines and ECMAScript, the language specification describing the syntax and semantics of JavaScript in a natural language. We evaluated JEST with four JavaScript engines that support all modern JavaScript language features and the latest version of ECMAScript (ES11, 2020). JEST automatically synthesized 1,700 programs that covered 97.78\% of syntax and 87.70\% of semantics from ES11. Using the assertion-injected JavaScript programs, it detected 44 engine bugs in four different engines and 27 specification bugs in ES11.",Proceedings of the 43rd International Conference on Software Engineering,13–24,12,"mechanized specification, differential testing, conformance test generation, JavaScript","Madrid, Spain",ICSE '21,,,,,,,
acm-20260429,inproceedings,10.1109/ICSE48619.2023.00024,"Guan, Hao and Xiao, Ying and Li, Jiaying and Liu, Yepang and Bai, Guangdong",A Comprehensive Study of Real-World Bugs in Machine Learning Model Optimization,2023,9781665457019,IEEE Press,https://doi.org/10.1109/ICSE48619.2023.00024,10.1109/ICSE48619.2023.00024,"Due to the great advance in machine learning (ML) techniques, numerous ML models are expanding their application domains in recent years. To adapt for resource-constrained platforms such as mobile and Internet of Things (IoT) devices, pre-trained models are often processed to enhance their efficiency and compactness, using optimization techniques such as pruning and quantization. Similar to the optimization process in other complex systems, e.g., program compilers and databases, optimizations for ML models can contain bugs, leading to severe consequences such as system crashes and financial loss. While bugs in training, compiling and deployment stages have been extensively studied, there is still a lack of systematic understanding and characterization of model optimization bugs (MOBs).In this work, we conduct the first empirical study to identify and characterize MOBs. We collect a comprehensive dataset containing 371 MOBs from TensorFlow and PyTorch, the most extensively used open-source ML frameworks, covering the entire development time span of their optimizers (May 2019 to August 2022). We then investigate the collected bugs from various perspectives, including their symptoms, root causes, life cycles, detection and fixes. Our work unveils the status quo of MOBs in the wild, and reveals their features on which future detection techniques can be based. Our findings also serve as a warning to the developers and the users of ML frameworks, and an appeal to our research community to enact dedicated countermeasures.",Proceedings of the 45th International Conference on Software Engineering,147–158,12,"bugs, model optimization, machine learning","Melbourne, Victoria, Australia",ICSE '23,,,,,,,
acm-20260429,inproceedings,10.1109/ICSE55347.2025.00184,"Hermann, Kevin and Peldszus, Sven and Stegh\""{o}fer, Jan-Philipp and Berger, Thorsten",An Exploratory Study on the Engineering of Security Features,2025,9798331505691,IEEE Press,https://doi.org/10.1109/ICSE55347.2025.00184,10.1109/ICSE55347.2025.00184,"Software security is of utmost importance for most software systems. Developers must systematically select, plan, design, implement, and especially, maintain and evolve security features—functionalities to mitigate attacks or protect personal data such as cryptography or access control—to ensure the security of their software. Although security features are usually available in libraries, integrating security features requires writing and maintaining additional security-critical code. While there have been studies on the use of such libraries, surprisingly little is known about how developers engineer security features, how they select what security features to implement and which ones may require custom implementation, and the implications for maintenance. As a result, we currently rely on assumptions that are largely based on common sense or individual examples. However, to provide them with effective solutions, researchers need hard empirical data to understand what practitioners need and how they view security—data that we currently lack. To fill this gap, we contribute an exploratory study with 26 knowledgeable industrial participants. We study how security features of software systems are selected and engineered in practice, what their code-level characteristics are, and what challenges practitioners face. Based on the empirical data gathered, we provide insights into engineering practices and validate four common assumptions.",Proceedings of the IEEE/ACM 47th International Conference on Software Engineering,2470–2482,13,"security feature, software security, secure software development, security by design, developer study","Ottawa, Ontario, Canada",ICSE '25,,,,,,,
acm-20260429,inproceedings,10.1109/ICSE-C.2017.135,"V\""{o}st, Sebastian and Wagner, Stefan",Keeping continuous deliveries safe,2017,9781538615898,IEEE Press,https://doi.org/10.1109/ICSE-C.2017.135,10.1109/ICSE-C.2017.135,"Allowing swift release cycles, Continuous Delivery has become popular in application software development and is starting to be applied in safety-critical domains such as the automotive industry.These domains require thorough analysis regarding safety constraints, which can be achieved by the execution of safety tests resulting from a safety analysis on the product. With continuous delivery in place, such tests need to be executed with every build to ensure the latest software still fulfills all safety requirements. Even more though, the safety analysis has to be updated with every change to ensure the safety test suite is still up-to-date.We thus propose that a safety analysis should be treated no differently from other deliverables such as source-code and dependencies, propose guidelines to adopt this and formulate implications for the development process.",Proceedings of the 39th International Conference on Software Engineering Companion,259–261,3,"embedded software, software quality, software safety","Buenos Aires, Argentina",ICSE-C '17,,,,,,,
acm-20260429,inproceedings,10.1109/ICSE-C.2017.156,"Ferreira, Gabriel",Software certification in practice: how are standards being applied?,2017,9781538615898,IEEE Press,https://doi.org/10.1109/ICSE-C.2017.156,10.1109/ICSE-C.2017.156,"Certification schemes exist to regulate software systems and prevent them from being deployed before they are judged fit to use. However, practitioners are often unsatisfied with the efficiency of certification standards and processes. In this study, we analyzed two certification standards, Common Criteria and DO-178C, and collected insights from literature and from interviews with subject-matter experts to identify concepts affecting the efficiency of certification processes. Our results show that evaluation time, reusability of evaluation artifacts, and composition of systems and certified artifacts are barriers to achieve efficient certification.",Proceedings of the 39th International Conference on Software Engineering Companion,100–102,3,,"Buenos Aires, Argentina",ICSE-C '17,,,,,,,
acm-20260429,inproceedings,10.1109/ICSE-Companion52605.2021.00062,"Gartziandia, Aitor",Microservice-based performance problem detection in cyber-physical system software updates,2021,,IEEE Press,https://doi.org/10.1109/ICSE-Companion52605.2021.00062,10.1109/ICSE-Companion52605.2021.00062,"Software embedded in Cyber-Physical Systems (CPSs) usually has a large life-cycle and is continuously evolving. The increasing expansion of IoT and CPSs has highlighted the need for additional mechanisms for remote deployment and updating of this software, to ensure its correct behaviour. Performance problems require special attention, as they may appear in operation due to limitations in lab testing and environmental conditions.In this context, we propose a microservice-based method to detect performance problems in CPSs. These microservices will be deployed in installation to detect performance problems in run-time when new software versions are deployed. The problem detection is based on Machine Learning algorithms, which predict the performance of a new software release based on knowledge from previous releases. This permits taking corrective actions so that system reliability is guaranteed.",Proceedings of the 43rd International Conference on Software Engineering: Companion Proceedings,147–149,3,"performance bugs, microservices, machine learning, cyber-physical systems","Virtual Event, Spain",ICSE '21,,,,,,,
acm-20260429,inproceedings,10.1109/ICSE-NIER.2017.20,"Laukkarinen, Teemu and Kuusinen, Kati and Mikkonen, Tommi",DevOps in regulated software development: case medical devices,2017,9781538626757,IEEE Press,https://doi.org/10.1109/ICSE-NIER.2017.20,10.1109/ICSE-NIER.2017.20,"DevOps and continuous development are getting popular in the software industry. Adopting these modern approaches in regulatory environments, such as medical device software, is not straightforward because of the demand for regulatory compliance. While DevOps relies on continuous deployment and integration, regulated environments require strict audits and approvals before releases. Therefore, the use of modern development approaches in regulatory environments is rare, as is the research on the topic. However, as software is more and more predominant in medical devices, modern software development approaches become attractive. This paper discusses the fit of DevOps for regulated medical device software development. We examine two related standards, IEC 62304 and IEC 82304-1, for obstacles and benefits of using DevOps for medical device software development. We found these standards to set obstacles for continuous delivery and integration. Respectively, development tools can help fulfilling the requirements of traceability and documentation of these standards.",Proceedings of the 39th International Conference on Software Engineering: New Ideas and Emerging Results Track,15–18,4,"DevOps, agile development, medical software development standards, regulated software","Buenos Aires, Argentina",ICSE-NIER '17,,,,,,,
acm-20260429,inproceedings,10.1109/ICSE-NIER52604.2021.00028,"Vierhauser, Michael and Marah, Hussein and Garmendia, Antonio and Cleland-Huang, Jane and Wimmer, Manuel",Towards a model-integrated runtime monitoring infrastructure for cyber-physical systems,2021,9780738133249,IEEE Press,https://doi.org/10.1109/ICSE-NIER52604.2021.00028,10.1109/ICSE-NIER52604.2021.00028,"Runtime monitoring is essential for ensuring the safe operation and enabling self-adaptive behavior of Cyber-Physical Systems (CPS). It requires the creation of system monitors, instrumentation for data collection, and the definition of constraints. All of these aspects need to evolve to accommodate changes in the system. However, most existing approaches lack support for the automated generation and setup of monitors and constraints for diverse technologies and do not provide adequate support for evolving the monitoring infrastructure. Without this support, constraints and monitors can become stale and become less effective in long-running, rapidly changing CPS. In this ""new and emerging results"" paper we propose a novel framework for model-integrated runtime monitoring. We combine model-driven techniques and runtime monitoring to automatically generate large parts of the monitoring framework and to reduce the maintenance effort necessary when parts of the monitored system change. We build a prototype and evaluate our approach against a system for controlling the flights of unmanned aerial vehicles.",Proceedings of the 43rd International Conference on Software Engineering: New Ideas and Emerging Results,96–100,5,"cyber-physical systems, evolution, model-driven engineering, runtime monitoring","Virtual Event, Spain",ICSE-NIER '21,,,,,,,
acm-20260429,inproceedings,10.1109/ICSE-SEET.2019.00009,"Kuhrmann, Marco and Nakatumba-Nabende, Joyce and Pfeiffer, Rolf-Helge and Tell, Paolo and Kl\""{u}nder, Jil and Conte, Tayana and MacDonell, Stephen G. and Hebig, Regina",Walking through the method zoo: does higher education really meet software industry demands?,2019,,IEEE Press,https://doi.org/10.1109/ICSE-SEET.2019.00009,10.1109/ICSE-SEET.2019.00009,"Software engineering educators are continually challenged by rapidly evolving concepts, technologies, and industry demands. Due to the omnipresence of software in a digitalized society, higher education institutions (HEIs) have to educate the students such that they learn how to learn, and that they are equipped with a profound basic knowledge and with latest knowledge about modern software and system development. Since industry demands change constantly, HEIs are challenged in meeting such current and future demands in a timely manner. This paper analyzes the current state of practice in software engineering education. Specifically, we want to compare contemporary education with industrial practice to understand if frameworks, methods and practices for software and system development taught at HEIs reflect industrial practice. For this, we conducted an online survey and collected information about 67 software engineering courses. Our findings show that development approaches taught at HEIs quite closely reflect industrial practice. We also found that the choice of what process to teach is sometimes driven by the wish to make a course successful. Especially when this happens for project courses, it could be beneficial to put more emphasis on building learning sequences with other courses.",Proceedings of the 41st International Conference on Software Engineering: Software Engineering Education and Training,1–11,11,"education, hybrid methods, software development, software process, survey research","Montreal, Quebec, Canada",ICSE-SEET '19,,,,,,,
acm-20260429,inproceedings,10.1109/ICSE-SEET58685.2023.00037,"He, Hao and Zhou, Minghui and Wang, Qingye and Li, Jingyue",Open Source Software Onboarding as a University Course: An Experience Report,2023,9798350322590,IEEE Press,https://doi.org/10.1109/ICSE-SEET58685.2023.00037,10.1109/ICSE-SEET58685.2023.00037,"Without newcomers, open source software (OSS) projects are hardly sustainable. Yet, newcomers face a steep learning curve during OSS onboarding in which they must overcome a multitude of technical, social, and knowledge barriers. To ease the onboarding process, OSS communities are utilizing mentoring, task recommendation (e.g., ""good first issues""), and engagement programs (e.g., Google Summer of Code). However, newcomers must first cultivate their motivation for OSS contribution and learn the necessary preliminaries before they can take advantage of these mechanisms. We believe this gap can be filled by a dedicated, practice-oriented OSS onboarding course. In this paper, we present our experience of teaching an OSS onboarding course at Peking University. The course contains a series of lectures, labs, and invited talks to prepare students with the required skills and motivate them to contribute to OSS. In addition, students are required to complete a semester-long course project in which they plan and make actual contributions to OSS projects. They can either contribute to some recommended OSS projects with dedicated mentors, or contribute to any OSS project they prefer. Finally, 16 out of the 19 enrolled students have successfully contributed to OSS projects, and five have retained. However, the onboarding trajectories, final contributions, and retention outcomes differ vastly between the two groups of students with different course project choices, yielding lessons for software engineering education.",Proceedings of the 45th International Conference on Software Engineering: Software Engineering Education and Training,324–336,13,"open source software, open source onboarding, software engineering education","Melbourne, Australia",ICSE-SEET '23,,,,,,,
acm-20260429,inproceedings,10.1109/ICSE-SEIP.2019.00045,"Tsuda, Naohiko and Washizaki, Hironori and Honda, Kiyoshi and Nakai, Hidenori and Fukazawa, Yoshiaki and Azuma, Motoei and Komiyama, Toshihiro and Nakano, Tadashi and Suzuki, Hirotsugu and Morita, Sumie and Kojima, Katsue and Hando, Akiyoshi",WSQF: comprehensive software quality evaluation framework and benchmark based on SQuaRE,2019,,IEEE Press,https://doi.org/10.1109/ICSE-SEIP.2019.00045,10.1109/ICSE-SEIP.2019.00045,"Conventional quality evaluations of software concentrate on specific quality characteristics. Moreover, the measurement data are limited to specific products and organizations. Consequently, the present state of product quality and quality-in-use characteristics are not fully understood, preventing effective decision-making for software stakeholders. To alleviate this problem, ISO/IEC defined international standards called the SQuaRE (Systems and software Quality Requirements an Evaluation) series for comprehensive quality measurement and evaluation. However, these standards remain rather general and abstract, making them difficult to apply. In this paper, we establish a SQuaRE-based comprehensive software quality evaluation framework, Waseda Software Quality Framework (WSQF), which concretizes many product quality and quality-in-use measurement methods originally defined in the SQuaRE series. By applying the WSQF to 21 commercial ready-to-use software products, we revealed the status of software product quality. A resulted comprehensive benchmark includes trends of the quality measurement values, relationships among quality characteristics, relationship between quality-in-use and product quality, and relationship between the quality characteristics and product contexts within the limits of an application.",Proceedings of the 41st International Conference on Software Engineering: Software Engineering in Practice,312–321,10,"quality assurance, software quality management, square series","Montreal, Quebec, Canada",ICSE-SEIP '19,,,,,,,
acm-20260429,inproceedings,10.1109/ICSE-SEIP52600.2021.00009,"Lim, Geunsik and Ham, MyungJoo and Moon, Jijoong and Song, Wook",LightSys: lightweight and efficient CI system for improving integration speed of software,2021,9780738146690,IEEE Press,https://doi.org/10.1109/ICSE-SEIP52600.2021.00009,10.1109/ICSE-SEIP52600.2021.00009,"The complexity and size increase of software has extended the delay for developers as they wait for code analysis and code merge. With the larger and more complex software, more developers nowadays are developing software with large source code repositories. The tendency for software platforms to immediately update software packages with feature updates and bug-fixes is a significant obstacle. Continuous integration systems may help prevent software flaws during the active development of software packages, even when they are deployed and updated frequently. Herein, we present a portable and modular code review automation system that inspects incoming code changes such as code format and style, performance regression, static analysis, build and deployment tests, and dynamic analysis before merging and changing code. The proposed mechanisms are sufficiently lightweight to be hosted on a regular desktop computer even for numerous developers. The resulting reduced costs allow developers to apply the proposed mechanism to many source code repositories. Experimental results demonstrate that the proposed mechanism drastically reduces overheads and improves usability compared with conventional mechanisms: execution time (6x faster), CPU usage (40\% lower), memory consumption (1/180), and no out-of-memory occurrence.",Proceedings of the 43rd International Conference on Software Engineering: Software Engineering in Practice,1–10,10,"software update, software regression, continuous test, continuous integration, code review automation","Virtual Event, Spain",ICSE-SEIP '21,,,,,,,
acm-20260429,inproceedings,10.1109/ICSE-SEIP52600.2021.00011,"Weir, Charles and Becker, Ingolf and Blair, Lynne",A passion for security: intervening to help software developers,2021,9780738146690,IEEE Press,https://doi.org/10.1109/ICSE-SEIP52600.2021.00011,10.1109/ICSE-SEIP52600.2021.00011,"While the techniques to achieve secure, privacy-preserving software are now well understood, evidence shows that many software development teams do not use them: they lack the 'security maturity' to assess security needs and decide on appropriate tools and processes; and they lack the ability to negotiate with product management for the required resources. This paper describes a measuring approach to assess twelve aspects of this security maturity; its use to assess the impact of a lightweight package of workshops designed to increase security maturity; and a novel approach within that package to support developers in resource negotiation. Based on trials in eight organizations, involving over 80 developers, this paper demonstrates that (1) development teams can notably improve their security maturity even in the absence of security specialists; and (2) suitably guided, developers can find effective ways to promote security to product management. Empowering developers to make their own decisions and promote security in this way offers a powerful grassroots approach to improving the security of software worldwide.",Proceedings of the 43rd International Conference on Software Engineering: Software Engineering in Practice,21–30,10,"design based research, developer centered security, intervention, software developer, software security","Virtual Event, Spain",ICSE-SEIP '21,,,,,,,
acm-20260429,inproceedings,10.1109/ICSE-SEIP52600.2021.00024,"Islam, Mohammad S. and Pourmajidi, William and Zhang, Lei and Steinbacher, John and Erwin, Tony and Miranskyy, Andriy",Anomaly detection in a large-scale cloud platform,2021,9780738146690,IEEE Press,https://doi.org/10.1109/ICSE-SEIP52600.2021.00024,10.1109/ICSE-SEIP52600.2021.00024,"Cloud computing is ubiquitous: more and more companies are moving the workloads into the Cloud. However, this rise in popularity challenges Cloud service providers, as they need to monitor the quality of their ever-growing offerings effectively. To address the challenge, we designed and implemented an automated monitoring system for the IBM Cloud Platform. This monitoring system utilizes deep learning neural networks to detect anomalies in near-real-time in multiple Platform components simultaneously.After running the system for a year, we observed that the proposed solution frees the DevOps team's time and human resources from manually monitoring thousands of Cloud components. Moreover, it increases customer satisfaction by reducing the risk of Cloud outages.In this paper, we share our solutions' architecture, implementation notes, and best practices that emerged while evolving the monitoring system. They can be leveraged by other researchers and practitioners to build anomaly detectors for complex systems.",Proceedings of the 43rd International Conference on Software Engineering: Software Engineering in Practice,150–159,10,,"Virtual Event, Spain",ICSE-SEIP '21,,,,,,,
acm-20260429,inproceedings,10.1109/ICSE-SEIP52600.2021.00029,"Ham, MyungJoo and Moon, Jijoong and Lim, Geunsik and Jung, Jaeyun and Ahn, Hyoungjoo and Song, Wook and Woo, Sangjung and Kapoor, Parichay and Chae, Dongju and Jang, Gichan and Ahn, Yongjoo and Lee, Jihoon",NNStreamer: efficient and Agile† development of on-device AI systems,2021,9780738146690,IEEE Press,https://doi.org/10.1109/ICSE-SEIP52600.2021.00029,10.1109/ICSE-SEIP52600.2021.00029,"We propose NNStreamer, a software system that handles neural networks as filters of stream pipelines, applying the stream processing paradigm to deep neural network applications. A new trend with the wide-spread of deep neural network applications is on-device AI. It is to process neural networks on mobile devices or edge/IoT devices instead of cloud servers. Emerging privacy issues, data transmission costs, and operational costs signify the need for on-device AI, especially if we deploy a massive number of devices. NNStreamer efficiently handles neural networks with complex data stream pipelines on devices, significantly improving the overall performance with minimal effort. Besides, NNStreamer simplifies implementations and allows reusing off-the-shelf media filters directly, which reduces developmental costs significantly. We are already deploying NNStreamer for a wide range of products and platforms, including the Galaxy series and various consumer electronic devices. The experimental results suggest a reduction in developmental costs and enhanced performance of pipeline architectures and NNStreamer. It is an open-source project incubated by Linux Foundation AI \&amp; Data, available to the public and applicable to various hardware and software platforms.",Proceedings of the 43rd International Conference on Software Engineering: Software Engineering in Practice,198–207,10,"neural network, on-device AI, open source software, pipe and filter architecture, stream processing","Virtual Event, Spain",ICSE-SEIP '21,,,,,,,
acm-20260429,inproceedings,10.1109/ICSE-SEIP58684.2023.00017,"Barry, Mariam and Bifet, Albert and Billy, Jean-Luc",StreamAI: Dealing with Challenges of Continual Learning Systems for Serving AI in Production,2023,9798350300376,IEEE Press,https://doi.org/10.1109/ICSE-SEIP58684.2023.00017,10.1109/ICSE-SEIP58684.2023.00017,"How to build, deploy, update \&amp; maintain dynamic models which continuously learn from streaming data? This paper covers the industrialization aspects of these questions in production systems. In today's fast-changing environments, organizations are faced with the crucial challenge of predictive analytics in online fashion from big data and deploying Artificial Intelligence models at scale. Applications include cyber-security, cloud infrastructure, social networks and financial markets. Online learning models that learn continuously and adapt to the potentially evolving data distributions have demonstrated efficiency for big data stream learning. However, the challenges of deploying and maintaining such models in production (serving) have stalled their adoption. In this paper, we first categorize key challenges faced by the R&amp;D, MLOps and governance teams for deploying automated and self-training AI models in production. Next, we highlight the challenges related to stream-based online machine-learning systems. Finally, we propose StreamAI, a technology-agnostic architecture to deal with the MLOps journey (learning, serving, maintenance) of online models in production. We conclude with open research questions for AI, MLOps and software engineering to bridge the gaps between industry needs and research-oriented development.",Proceedings of the 45th International Conference on Software Engineering: Software Engineering in Practice,134–137,4,"StreamAI, AI, challenges, production, serving, online learning, MLOps, streaming data, industry, banking","Melbourne, Australia",ICSE-SEIP '23,,,,,,,
acm-20260429,inproceedings,10.1109/ICSE-SEIS52602.2021.00011,"Fritzsch, Jonas and Wyrich, Marvin and Bogner, Justus and Wagner, Stefan",R\'{e}sum\'{e}-driven development: a definition and empirical characterization,2021,9780738133225,IEEE Press,https://doi.org/10.1109/ICSE-SEIS52602.2021.00011,10.1109/ICSE-SEIS52602.2021.00011,"Technologies play an important role in the hiring process for software professionals. Within this process, several studies revealed misconceptions and bad practices which lead to suboptimal recruitment experiences. In the same context, grey literature anecdotally coined the term R\'{e}sum\'{e}-Driven Development (RDD), a phenomenon describing the overemphasis of trending technologies in both job offerings and resumes as an interaction between employers and applicants. While RDD has been sporadically mentioned in books and online discussions, there are so far no scientific studies on the topic, despite its potential negative consequences. We therefore empirically investigated this phenomenon by surveying 591 software professionals in both hiring (130) and technical (558) roles and identified RDD facets in substantial parts of our sample: 60\% of our hiring professionals agreed that trends influence their job offerings, while 82\% of our software professionals believed that using trending technologies in their daily work makes them more attractive for prospective employers. Grounded in the survey results, we conceptualize a theory to frame and explain Resume-Driven Development. Finally, we discuss influencing factors and consequences and propose a definition of the term. Our contribution provides a foundation for future research and raises awareness for a potentially systemic trend that may broadly affect the software industry.",Proceedings of the 43rd International Conference on Software Engineering: Software Engineering in Society,19–28,10,"technology, survey, software development, hiring, career development","Virtual Event, Spain",ICSE-SEIS '21,,,,,,,
acm-20260429,inproceedings,10.1109/MODELS-C.2019.00089,"Bordeleau, Francis and Bruel, Jean-Michel and Cabot, Jordi and Dingel, Juergen and Mosser, S\'{e}bastien",1st workshop on DevOps@MODELS,2021,9781728151250,IEEE Press,https://doi.org/10.1109/MODELS-C.2019.00089,10.1109/MODELS-C.2019.00089,"The first edition of the International Workshop DevOps@MODELS, specifically devoted to DevOps and Model Driven Engineering, was held on September 17, 2019 in Munich, Germany, as part of the satellite events of the ACM/IEEE 22nd International Conference on Model Driven Engineering Languages and Systems (MODELS 2019). The motivation, objectives, organization, and program of the workshop are summarized.",Proceedings of the 22nd International Conference on Model Driven Engineering Languages and Systems Companion,587–588,2,"DevOps, development process, model-driven engineering, modeling","Munich, Germany",MODELS '19 Companion,,,,,,,
acm-20260429,inproceedings,10.1109/MODELS-C.2019.00091,"Nehls, Holger and Ratiu, Daniel",Towards continuous delivery for domain experts: using MDE to integrate non-programmers into a software delivery pipeline,2021,9781728151250,IEEE Press,https://doi.org/10.1109/MODELS-C.2019.00091,10.1109/MODELS-C.2019.00091,"Modern computed tomography (CT) scanners are complex, software-intensive systems whose correct functioning is governed by over 100 parameters which depend on the concrete hardware configurations and on the addressed clinical use-cases. To tame the intrinsic complexity of the parameters configurations, over the last four years, Siemens Healthineers (SHS) have been developing and deploying a set of domain specific languages and tooling based on Jetbrains' Meta-Programming System.In this paper, we report on the challenges and experiences we made while building two delivery pipelines. At meta-level, we built a continuous delivery pipeline such that new versions of our domain specific modeling tool can be deployed continuously based on the feedback of domain experts. At model-level we have integrated the developed domain-specific tool in the continuous delivery pipeline for the computed tomography software and thereby bring the Continuous Delivery mind-set with advantages and challenges to domain experts who are working traditionally ""outside"" of the software development.",Proceedings of the 22nd International Conference on Model Driven Engineering Languages and Systems Companion,598–604,7,"continuous delivery, model-driven engineering","Munich, Germany",MODELS '19 Companion,,,,,,,
acm-20260429,inproceedings,10.1109/MODELS-C.2019.00093,"Ferry, Nicolas and Nguyen, Phu H.",Towards model-based continuous deployment of secure IoT systems,2021,9781728151250,IEEE Press,https://doi.org/10.1109/MODELS-C.2019.00093,10.1109/MODELS-C.2019.00093,"Software development and delivery of IoT systems would greatly benefit from DevOps as their requirements for reliability, quality, security and privacy are paramount. The ability to continuously evolve these systems to adapt to their environment is decisive to ensure and increase their trustworthiness (including security and privacy) and quality. In particular, there is a need for supporting the continuous deployment of secure IoT systems over IoT, Edge, and Cloud infrastructures. However, our recent survey shows a lack of specific support for deploying security and privacy mechanisms as part of the system. This position paper reports on an on-going extension of the modelling language and models@runtime implementation of the Generation and Deployment of Smart IoT Systems (GeneSIS) tool for supporting continuous deployment of IoT security and privacy mechanisms on the Edge. In particular, we present our early design of the extended version of GeneSIS with the new concepts of port, security capability, and privacy capability.",Proceedings of the 22nd International Conference on Model Driven Engineering Languages and Systems Companion,613–618,6,"DevOps, IoT, deployment, model-driven engineering, model@runtime","Munich, Germany",MODELS '19 Companion,,,,,,,
acm-20260429,inproceedings,10.1109/SCW63240.2024.00112,"Costello, Tom and Buraglio, Nick and Fleming, Andy and Tasker, Ben and Siegel, Brandon",Improving transition to IPv6-only via RFC8925 and IPv4 DNS Interventions: A case study in implementing an IPv6-only testbed which informs IPv4-only clients why internet access is unavailable,2025,9798350355543,IEEE Press,https://doi.org/10.1109/SCW63240.2024.00112,10.1109/SCW63240.2024.00112,"Nine years have passed since the American Registry for Internet Numbers exhausted its allocation of Internet Protocol version 4 (IPv4) addresses, and four years have passed since the United States Government mandated federal agencies to complete the transition to Internet Protocol version 6 (IPv6). Despite the IPv4 address shortage and IPv6 mandate, Federally Funded Research and Development Centers (FFRDCs) are still struggling to sunset IPv4. As demonstrated on SC23's SC23v6 wireless network, newer tooling such as RFC8925 allows clients to disable their IPv4 protocol stack while retaining legacy IP connectivity via the RFC6145 translation algorithm. However, SC23v6 wireless clients without RFC8925 support or a disabled IPv6 stack would continue to receive internet access via legacy IPv4. This paper introduces a method of using poisoned IPv4 Domain Name System (DNS) records to gracefully inform IPv4-only clients at SC24's SC24v6 wireless network about their inability to use the current version of internet protocol, with a goal of minimal impact to RFC8925 and dual-stack clients. When implemented as designed, this method may improve supportability and user experience of IPv6-only deployments at FFRDCs.","Proceedings of the SC '24 Workshops of the International Conference on High Performance Computing, Network, Storage, and Analysis",785–792,8,"IPv6, Network Architecture, Network Protocol Migration, Network Traffic Engineering","Atlanta, GA, USA",SC-W '24,,,,,,,
acm-20260429,inproceedings,10.1145/2889160.2889207,"Staples, Mark and Zhu, Liming and Grundy, John",Continuous validation for data analytics systems,2016,9781450342056,Association for Computing Machinery,https://doi.org/10.1145/2889160.2889207,10.1145/2889160.2889207,"From a future history of 2025: Continuous development is common for build/test (continuous integration) and operations (devOps). This trend continues through the lifecycle, into what we call 'devUsage': continuous usage validation. In addition to ensuring systems meet user needs, organisations continuously validate their legal and ethical use. The rise of end-user programming and multi-sided platforms exacerbate validation challenges. A separate trend is the specialisation of software engineering for technical domains, including data analytics. This domain has specific validation challenges. We must validate the accuracy of statistical models, but also whether they have illegal or unethical biases. Usage needs addressed by machine learning are sometimes not specifiable in the traditional sense, and statistical models are often 'black boxes'. We describe future research to investigate solutions to these devUsage challenges for data analytics systems. We will adapt risk management and governance frameworks previously used for software product qualities, use social network communities for input from aligned stakeholder groups, and perform cross-validation using autonomic experimentation, cyber-physical data streams, and online discursive feedback.",Proceedings of the 38th International Conference on Software Engineering Companion,769–772,4,"continuous development, data analytics, devOps, ethics, governance, machine learning, software validation","Austin, Texas",ICSE '16,,"New York, NY, USA",,,,,
acm-20260429,inproceedings,10.1145/2889160.2889213,"Zave, Pamela",Theories of everything,2016,9781450342056,Association for Computing Machinery,https://doi.org/10.1145/2889160.2889213,10.1145/2889160.2889213,"In 2025 semantic tools for software engineering will be mature, and their frequency of use in software development will still be disappointing. This proposal explains how research directed at building theories of everything (or, at least, important software domains) can consolidate progress and bring semantic tools into the mainstream of software practice.",Proceedings of the 38th International Conference on Software Engineering Companion,793–796,4,,"Austin, Texas",ICSE '16,,"New York, NY, USA",,,,,
acm-20260429,inproceedings,10.1145/2897045.2897049,"Metzger, Andreas and Bayer, Andreas and Doyle, Daniel and Sharifloo, Amir Molzam and Pohl, Klaus and Wessling, Florian",Coordinated run-time adaptation of variability-intensive systems: an application in cloud computing,2016,9781450341769,Association for Computing Machinery,https://doi.org/10.1145/2897045.2897049,10.1145/2897045.2897049,"Distributed systems, such as cloud systems or cyber-physical systems, involve the orchestration of different variability-intensive, adaptive sub-systems. Each of these sub-systems may perform adaptations simultaneously and independently from each other. Yet, if dependencies between the adaptations of the sub-systems are not considered, this may lead to conflicting adaptations or untapped synergies among adaptations.This paper introduces FCORE, a model-based approach, which facilitates coordinating adaptations among variability-intensive systems. The permissible run-time reconfigurations of each system is specified by an FCORE model, which combines feature models used in Dynamic Software Product Lines with goal models. FCORE models are mapped to constraint satisfaction problems to determine conflicts and synergies among the adaptations of the systems during execution. We demonstrate the FCORE approach by using a cloud system as a typical exemplar for a distributed system. The cloud system is part of an industrial use case concerned with offering value-added cloud services.",Proceedings of the 1st International Workshop on Variability and Complexity in Software Design,5–11,7,"adaptive systems, cloud, dynamic software product lines, variability","Austin, Texas",VACE '16,,"New York, NY, USA",,,,,
acm-20260429,inproceedings,10.1145/2933267.2933270,"Muthusamy, Vinod and Slominski, Aleksander and Ishakian, Vatche and Khalaf, Rania and Reason, Johnathan and Rozsnyai, Szabolcs",Lessons learned using a process mining approach to analyze events from distributed applications,2016,9781450340212,Association for Computing Machinery,https://doi.org/10.1145/2933267.2933270,10.1145/2933267.2933270,"The execution of distributed applications are captured by the events generated by the individual components. However, understanding the behavior of these applications from their event logs can be a complex and error prone task, compounded by the fact that applications continuously change rendering any knowledge obsolete.We describe our experiences applying a suite of process-aware analytic tools to a number of real world scenarios, and distill our lessons learned. For example, we have seen that these tools are used iteratively, where insights gained at one stage inform the configuration decisions made at an earlier stage. As well, we have observed that data onboarding, where the raw data is cleaned and transformed, is the most critical stage in the pipeline and requires the most manual effort and domain knowledge. In particular, missing, inconsistent, and low-resolution event time stamps are recurring problems that require better solutions. The experiences and insights presented here will assist practitioners applying process analytic tools to real scenarios, and reveal to researchers some of the more pressing challenges in this space.",Proceedings of the 10th ACM International Conference on Distributed and Event-Based Systems,199–204,6,"event-driven process discovery, process mining, process-aware analytics","Irvine, California",DEBS '16,,"New York, NY, USA",,,,,
acm-20260429,inproceedings,10.1145/2945408.2945412,"G\'{o}mez, Abel and Merseguer, Jos\'{e} and Di Nitto, Elisabetta and Tamburri, Damian A.",Towards a UML profile for data intensive applications,2016,9781450344111,Association for Computing Machinery,https://doi.org/10.1145/2945408.2945412,10.1145/2945408.2945412,"Data intensive applications that leverage Big Data technologies are rapidly gaining market trend. However, their design and quality assurance are far from satisfying software engineers needs. In fact, a CapGemini research shows that only 13\% of organizations have achieved full-scale production for their Big Data implementations. We aim at addressing an early design and a quality evaluation of data intensive applications,being our goal to help software engineers on assessing quality metrics, such as the response time of theapplication. We address this goal by means of a quality analysis tool-chain.At the core of the tool, we are developing a Profile that converts the Unified Modeling Language into a domain specific modeling language for quality evaluation of data intensive applications.",Proceedings of the 2nd International Workshop on Quality-Aware DevOps,18–23,6,"Data-Intensive Applications, Model-Driven Engineering (MDE), UML Profiles, Unified Modeling Language (UML)","Saarbr\""{u}cken, Germany",QUDOS 2016,,"New York, NY, USA",,,,,
acm-20260429,inproceedings,10.1145/2967413.2967420,"Olti, Em\H{o}ke and Verbeke, Thomas and Braeckman, Geert and Dadarlat, Vasile Teodor and Munteanu, Adrian",Robot tracking in low-power visual sensor networks,2016,9781450347860,Association for Computing Machinery,https://doi.org/10.1145/2967413.2967420,10.1145/2967413.2967420,"The paper addresses the problem of visual tracking in low-power visual sensor networks. Accurate real-time localization and energy efficiency are key issues in such applications. A novel approach for tracking and identification of robots using 1D barcodes is proposed. The nodes in the network perform visual processing and export processed information in form of robot codes and motion vectors. The central server can turn on/off processing on either node based on the received information. Furthermore, a novel LoRa-based low-power communication protocol is designed to provide the necessary bandwidth. The proposed system yields optimized node energy consumption, which we model mathematically and compare against the energy consumption of a system of independent cameras. The experimental results prove the correctness of the formulated model and demonstrate the advantages of the proposed approach. The performance of the system is practically demonstrated on LoRa-enabled Raspberry Pi cameras.",Proceedings of the 10th International Conference on Distributed Smart Camera,19–24,6,"LoRa networks, Robot tracking, Visual sensor networks","Paris, France",ICDSC '16,,"New York, NY, USA",,,,,
acm-20260429,inproceedings,10.1145/2976767.2976812,"Harrand, Nicolas and Fleurey, Franck and Morin, Brice and Husa, Knut Eilif",ThingML: a language and code generation framework for heterogeneous targets,2016,9781450343213,Association for Computing Machinery,https://doi.org/10.1145/2976767.2976812,10.1145/2976767.2976812,"One of the selling points of Model-Driven Software Engineering (MDSE) is the increase in productivity offered by automatically generating code from models. However, the practical adoption of code generation remains relatively slow and limited to niche applications. Tooling issues are often pointed out but more fundamentally, experience shows that: (i) models and modeling languages used for other purposes are not necessarily well suited for code generation and (ii) code generators are often seen as black-boxes which are not easy to trust and produce sub-optimal code. This paper presents and discusses our experiences applying the ThingML approach to different domains. ThingML includes a modeling language and tool designed for supporting code generation and a highly customizable multi-platform code generation framework. The approach is implemented in an open-source tool providing a family of code generators targeting heterogeneous platforms. It has been evaluated through several case studies and is being used for in the development of a commercial ambient assisted living system.",Proceedings of the ACM/IEEE 19th International Conference on Model Driven Engineering Languages and Systems,125–135,11,"DSML, MDE, code generation, customization, heterogeneous","Saint-malo, France",MODELS '16,,"New York, NY, USA",,,,,
acm-20260429,inproceedings,10.1145/2986012.2986029,"Ingalls, Daniel and Felgentreff, Tim and Hirschfeld, Robert and Krahn, Robert and Lincke, Jens and R\""{o}der, Marko and Taivalsaari, Antero and Mikkonen, Tommi",A world of active objects for work and play: the first ten years of lively,2016,9781450340762,Association for Computing Machinery,https://doi.org/10.1145/2986012.2986029,10.1145/2986012.2986029,"The Lively Kernel and the Lively Web represent a continuing effort to realize a creative computing environment in the context of the World Wide Web. We refer to that evolving system simply as ""Lively"". Lively is a live object computing environment implemented using JavaScript and other techniques available inside the browser. When first built in 2006, it was a grand accomplishment to have created such a system that would run in any web browser. Since that time we have learned a lot about the goals we had, the challenges and opportunities that come with life in the browser, and the exciting possibilities that still lie ahead.","Proceedings of the 2016 ACM International Symposium on New Ideas, New Paradigms, and Reflections on Programming and Software",238–249,12,"JavaScript, Live Object System, Lively, Lively Kernel, Lively Web, Morphic, Software as a Service, Web programming","Amsterdam, Netherlands",Onward! 2016,,"New York, NY, USA",,,,,
acm-20260429,inproceedings,10.1145/3008167.3008169,"Thoelen, Klaas and Small, Nicolas and Michiels, Sam and Joosen, Wouter and Hughes, Danny",Component-based Orchestration of Dynamic IaaS Applications,2016,9781450346627,Association for Computing Machinery,https://doi.org/10.1145/3008167.3008169,10.1145/3008167.3008169,"Orchestration tools for Infrastructure-as-a-Service (IaaS) environments facilitate the deployment and management of cloud-based applications by automating the instantiation of virtual resources and configuration of software packages. While contemporary tools support the deployment of predefined applications, they lack internal support for taking care of changes in application designs. Dealing with this application dynamism in a timely manner requires new development and management techniques. This paper proposes a component-based approach that captures the entire design and runtime management cycle of IaaS applications. First, a component model is introduced that represents virtual computational resources as components and externalises control over their application logic. This model is then applied in a component framework that enables the rapid design of verified applications, and features additional support for the pre-provisioning of generic infrastructure and late configuration of application components. To showcase the capabilities of this approach, it is applied to an elastic media distribution use case.",Proceedings of the 15th International Workshop on Adaptive and Reflective Middleware,,6,,"Trento, Italy",ARM 2016,2,"New York, NY, USA",,,,,
acm-20260429,inproceedings,10.1145/3018896.3018961,"Lehmann, Martin and Sandnes, Frode Eika",A framework for evaluating continuous microservice delivery strategies,2017,9781450347747,Association for Computing Machinery,https://doi.org/10.1145/3018896.3018961,10.1145/3018896.3018961,"The emergence of service-oriented computing, and in particular microservice architecture, has introduced a new layer of complexity to the already challenging task of continuously delivering changes to the end users. Cloud computing has turned scalable hardware into a commodity, but also imposes some requirements on the software development process. Yet, the literature mainly focuses on quantifiable metrics such as number of manual steps and lines of code required to make a change. The industry, on the other hand, appears to focus more on qualitative metrics such as increasing the productivity of their developers. These are common goals, but must be measured using different approaches. Therefore, based on interviews of industry stakeholders a framework for evaluating and comparing approaches to continuous microservice delivery is proposed. We show that it is possible to efficiently evaluate and compare strategies for continuously delivering microservices.","Proceedings of the Second International Conference on Internet of Things, Data and Cloud Computing",,9,"cloud computing, continuous deployment, deployment strategy, evaluation framework, microservice architectures, microservices","Cambridge, United Kingdom",ICC '17,64,"New York, NY, USA",,,,,
acm-20260429,inproceedings,10.1145/3084100.3084104,"Kuhrmann, Marco and Diebold, Philipp and M\""{u}nch, J\""{u}rgen and Tell, Paolo and Garousi, Vahid and Felderer, Michael and Trektere, Kitija and McCaffery, Fergal and Linssen, Oliver and Hanser, Eckhart and Prause, Christian R.","Hybrid software and system development in practice: waterfall, scrum, and beyond",2017,9781450352703,Association for Computing Machinery,https://doi.org/10.1145/3084100.3084104,10.1145/3084100.3084104,"Software and system development faces numerous challenges of rapidly changing markets. To address such challenges, companies and projects design and adopt specific development approaches by combining well-structured comprehensive methods and flexible agile practices. Yet, the number of methods and practices is large, and available studies argue that the actual process composition is carried out in a fairly ad-hoc manner. The present paper reports on a survey on hybrid software development approaches. We study which approaches are used in practice, how different approaches are combined, and what contextual factors influence the use and combination of hybrid software development approaches. Our results from 69 study participants show a variety of development approaches used and combined in practice. We show that most combinations follow a pattern in which a traditional process model serves as framework in which several fine-grained (agile) practices are plugged in. We further show that hybrid software development approaches are independent from the company size and external triggers. We conclude that such approaches are the results of a natural process evolution, which is mainly driven by experience, learning, and pragmatism.",Proceedings of the 2017 International Conference on Software and System Process,30–39,10,"Agile software development, hybrid development approaches, software process, survey","Paris, France",ICSSP '17,,"New York, NY, USA",,,,,
acm-20260429,inproceedings,10.1145/3084226.3084255,"Abukwaik, Hadil and Rombach, Dieter",Software Interoperability Analysis in Practice: A Survey,2017,9781450348041,Association for Computing Machinery,https://doi.org/10.1145/3084226.3084255,10.1145/3084226.3084255,"Software interoperability property plays a vital role in enabling interoperation in todayfis system-of-systems, cyber-physical systems, ecosystems, etc. Despite the critical role of interoperability analysis in enabling a successful and meaningful software interoperation, it is still facing challenges that impede performing it effectively and efficiently. We performed an online survey of software engineers with software integration experiences to identify the main difficulties of performing interoperability analysis. The results confirm that the state of available practical support and current input artifacts used during the analysis are significantly perceived as important difficulties. Respondents claim a lack of guidelines and best practices for applying interoperability analysis and claim insufficiency of shared information about interoperable software units. This indicates the need for providing directive and rigorous guidelines for practitioners to follow and to enrich the content of shared documents about interoperable software units.",Proceedings of the 21st International Conference on Evaluation and Assessment in Software Engineering,12–20,9,"survey, interoperability analysis, Conceptual interoperability","Karlskrona, Sweden",EASE '17,,"New York, NY, USA",,,,,
acm-20260429,inproceedings,10.1145/3084226.3084262,"Silva, Ana and Ara\'{u}jo, Thalles and Nunes, Jo\~{a}o and Perkusich, Mirko and Dilorenzo, Ednaldo and Almeida, Hyggo and Perkusich, Angelo",A systematic review on the use of Definition of Done on agile software development projects,2017,9781450348041,Association for Computing Machinery,https://doi.org/10.1145/3084226.3084262,10.1145/3084226.3084262,"Background: Definition of Done (DoD) is a Scrum practice that consists of a simple list of criteria that adds verifiable or demonstrable value to the product. It is one of the most popular agile practices and assures a balance between short-term delivery of features and long-term product quality, but little is known of its actual use in Agile teams.Objective: To identify possible gaps in the literature and define a starting point to define DoD for practitioners through the identification and synthesis of the DoD criteria used in agile projects as presented in the scientific literature.Method: We applied a Systematic Literature Review of studies published up to (and including) 2016 through database search and backward and forward snowballing.Results: In total, we evaluated 2326 papers, of which 8 included DoD criteria used in agile projects. We identified that some studies presented up to 4 levels of DoD, which include story, sprint, release or project. We identified 62 done criteria, which are related to software verification and validation, deploy, code inspection, test process quality, regulatory compliance, software architecture design, process management, configuration management and non-functional requirements.Conclusion: The main implication for research is a need for more and better empirical studies documenting and evaluating the use of the DoD in agile software development. For the industry, the review provides a map of how DoD is currently being used in the industry and can be used as a starting point to define or compare with their own DoD definition.",Proceedings of the 21st International Conference on Evaluation and Assessment in Software Engineering,364–373,10,"Agile Software Development, Definition of Done, Systematic Literature Review","Karlskrona, Sweden",EASE '17,,"New York, NY, USA",,,,,
acm-20260429,inproceedings,10.1145/3098954.3104060,"Schork, Sebastian Thomas and Schwichtenberg, Antonia and Alexakis, Spiros and Moldovan, George",Application of the holistic Data Privacy and Security Framework PaaSword: A focus on the integration in industrial Pilots,2017,9781450352574,Association for Computing Machinery,https://doi.org/10.1145/3098954.3104060,10.1145/3098954.3104060,"Even though the adoption of cloud computing is accelerating, enterprises are still reluctant to use cloud-based services for processing sensible data, due to security and privacy concerns. The PaaSword framework provides functionalities for encrypted and distributed storage and context-aware access control, leveraging security and trust of cloud infrastructures and services and ensuring the protection, privacy and integrity of the data stored in the cloud. For proving its applicability, usability, effectiveness and value, the PaaSword consortium is currently developing and evaluating five pilot integration projects, which consist of typical scenarios specific to the particular user communities of which the pilot partners are part of, including PaaS providers, governmental institutions, logistics industry and providers of business applications. After a short overview of the framework, we present in detail expectations and integration experiences for two of the pilots: ""Protection of personal data in a multi-tenant CRM environment"" and ""Secure sensors data fusion and analytics"".","Proceedings of the 12th International Conference on Availability, Reliability and Security",,10,"Cloud Security, Context Awareness, Context Security, Cryptography, Data Privacy, PaaS, Pilot Integration, Policy Engine, SaaS","Reggio Calabria, Italy",ARES '17,94,"New York, NY, USA",,,,,
acm-20260429,inproceedings,10.1145/3106195.3106203,"Seidl, Christoph and Berger, Thorsten and Elsner, Christoph and Schultis, Klaus-Benedikt",Challenges and Solutions for Opening Small and Medium-Scale Industrial Software Platforms,2017,9781450352215,Association for Computing Machinery,https://doi.org/10.1145/3106195.3106203,10.1145/3106195.3106203,"Establishing open software platforms is becoming increasingly important. Many vendors of large and well-known open platforms, such as Android or iOS, have successfully established huge ecosystems of platform extensions (apps). While such platforms are important role models, the practices and technologies employed by their vendors are often not applicable for smaller platform vendors, who have different goals and carry substantial legacy, such as an existing closed platform. Yet, many vendors start to open their platforms---for instance, when they alone cannot realize all incoming requirements anymore. Unfortunately, very few best practices exist to guide this opening process, especially for small and medium-scale industrial platforms with their specific solutions. We present a study of industrial organizations that successfully opened closed platforms. Using a survey, we identified 18 opened platforms, providing a broad picture, which is complemented with in-depth, qualitative insights from a case study of three organizations. We elicited the platforms' core characteristics, the organizations' opening strategies, as well as challenges and solutions. We believe that our results support practitioners seeking to open platforms, and researchers striving to build better methods and tools.",Proceedings of the 21st International Systems and Software Product Line Conference - Volume A,153–162,10,,"Sevilla, Spain",SPLC '17,,"New York, NY, USA",,,,,
acm-20260429,inproceedings,10.1145/3129676.3129682,"Cerny, Tomas and Donahoo, Michael J. and Pechanec, Jiri","Disambiguation and Comparison of SOA, Microservices and Self-Contained Systems",2017,9781450350273,Association for Computing Machinery,https://doi.org/10.1145/3129676.3129682,10.1145/3129676.3129682,"There is an industrial shift from Service-Oriented Architectures (SOA) into Microservices; however, a quick review of online resources on these topics reveals a range of different understandings of these two architectures. Individuals often mix terms, grant false advantages or expect different quality attributes and properties. The purpose of this paper is to provide readers a solid understanding of the differences between these two architectures and their features. We provide both research and industry perspectives to point out strengths and weaknesses of both architectural directions, and we point out many shortcomings in both approaches that are not addressed by the architecture. Finally, based on this we propose challenges for future research.",Proceedings of the International Conference on Research in Adaptive and Convergent Systems,228–235,8,"Architectures, Microservices, SOA, Self-contained Systems","Krakow, Poland",RACS '17,,"New York, NY, USA",,,,,
acm-20260429,inproceedings,10.1145/3132747.3132758,"Agrawal, Nitin and Vulimiri, Ashish",Low-Latency Analytics on Colossal Data Streams with SummaryStore,2017,9781450350853,Association for Computing Machinery,https://doi.org/10.1145/3132747.3132758,10.1145/3132747.3132758,"SummaryStore is an approximate time-series store, designed for analytics, capable of storing large volumes of time-series data (~1 petabyte) on a single node; it preserves high degrees of query accuracy and enables near real-time querying at unprecedented cost savings. SummaryStore contributes time-decayed summaries, a novel abstraction for summarizing data streams, along with an ingest algorithm to continually merge the summaries for efficient range queries; in conjunction, it returns reliable error estimates alongside the approximate answers, supporting a range of machine learning and analytical workloads. We successfully evaluated SummaryStore using real-world applications for forecasting, outlier detection, and Internet traffic monitoring; it can summarize aggressively with low median errors, 0.1 to 10\%, for different workloads. Under range-query microbenchmarks, it stored 1PB synthetic stream data (10241TB streams), on a single node, using roughly 10 TB (100x compaction) with 95\%-ile error below 5\% and median cold-cache query latency of 1.3s (worst case latency under 70s).",Proceedings of the 26th Symposium on Operating Systems Principles,647–664,18,,"Shanghai, China",SOSP '17,,"New York, NY, USA",,,,,
acm-20260429,inproceedings,10.1145/3147213.3147229,"Torkura, Kennedy A. and Sukmana, Muhammad I.H. and Meinel, Christoph",Integrating Continuous Security Assessments in Microservices and Cloud Native Applications,2017,9781450351492,Association for Computing Machinery,https://doi.org/10.1145/3147213.3147229,10.1145/3147213.3147229,"Cloud Native Applications (CNA) consists of multiple collaborating microservice instances working together towards common goals. These microservices leverage the underlying cloud infrastructure to enable several properties such as scalability and resiliency. CNA are complex distributed applications, vulnerable to several security issues affecting microservices and traditional cloud-based applications. For example, each microservice instance could be developed with different technologies e.g. programming languages and databases. This diversity of technologies increases the chances for security vulnerabilities in microservices. Moreover, the fast-paced development cycles of (CNA) increases the probability of insufficient security tests in the development pipelines, and consequent deployment of vulnerable microservices. Furthermore, cloud native environments are ephemeral, microservices are dynamically launched and de-registered, this factor creates a discoverability challenge for traditional security assessment techniques. Hence, security assessments in such environments require new approaches which are specifically adapted and integrated to CNA. In fact, such techniques are to be cloud native i.e. well integrated into the cloud's fabric. In this paper, we tackle the above-mentioned challenges through the introduction of a novel Security Control concept - the Security Gateway. To support the Security Gateway concept, two other concepts are proposed: dynamic document store and security health endpoints. We have implemented these concepts using cloud-native design patterns and integrated them into the CNA workflow. Our experimental evaluations validate the efficiency of our proposals, the time overhead due to the security gateway is minimal and the vulnerability detection rate surpasses that of traditional security assessment approaches. Our proposal can therefore be employed to secure CNA and microservice-based implementations.",Proceedings of the 10th IEEE/ACM International Conference on Utility and Cloud Computing,171–180,10,"cloud native applications, microservices, security assessment, vulnerability detection","Austin, Texas, USA",UCC '17,,"New York, NY, USA",,,,,
acm-20260429,inproceedings,10.1145/3147234.3148100,"Toffetti, Giovanni and L\""{o}tscher, Tobias and Kenzhegulov, Saken and Spillner, Josef and Bohnert, Thomas Michael",Cloud Robotics: SLAM and Autonomous Exploration on PaaS,2017,9781450351959,Association for Computing Machinery,https://doi.org/10.1145/3147234.3148100,10.1145/3147234.3148100,"Robots are moving out of factories, service robotics is bringing them to our homes, work environments, cities, and outdoors. While the Robot Operating System (ROS) is promising to open the world of robotics to developers, a proper platform and ecosystem supporting robotic applications development is still missing. This work presents an example of cloud robotics application in which cloud computing is not just complementing limited robot capabilities, but is leveraged to provide a development and operations environment supporting the complete life-cycle of a robotics-enabled application. We relate on our experience building cloud robotics applications spanning heterogeneous hardware (i.e., robots and cloud servers) through a use case scenario.",Proceedings of the 10th IEEE/ACM International Conference on Utility and Cloud Computing Companion,65–70,6,"cloud computing, cloud native applications, cloud robotics, kubernetes, micro-services, paas","Austin, Texas, USA",UCC '17 Companion,,"New York, NY, USA",,,,,
acm-20260429,inproceedings,10.1145/3147704.3147720,"Sousa, Tiago Boldt and Ferreira, Hugo Sereno and Correia, Filipe Figueiredo and Aguiar, Ademar",Engineering Software for the Cloud: Messaging Systems and Logging,2017,9781450348485,Association for Computing Machinery,https://doi.org/10.1145/3147704.3147720,10.1145/3147704.3147720,"Software business continues to expand globally, highly motivated by the reachability of the Internet and possibilities of Cloud Computing. While widely adopted, development for the cloud has some intrinsic properties to it, making it complex to any newcomer. This research is capturing those intricacies using a pattern catalog, with this paper contributing with three of those patterns: Messaging System, a message bus for abstracting service placement in a cluster and orchestrating messages between multiple services; Preemptive Logging, a design principle where services and servers continuously output relevant information to log files, making them available for later debugging failures; and Log Aggregation, a technique to aggregate logs from multiple services and servers in a centralized location, which indexes and provides them in a queryable, user friendly format. These patterns are useful for anyone designing software for the cloud, either to guide or validate their design decisions.",Proceedings of the 22nd European Conference on Pattern Languages of Programs,,14,"Cloud Computing, Design Patterns, Software Engineering","Irsee, Germany",EuroPLoP '17,14,"New York, NY, USA",,,,,
acm-20260429,inproceedings,10.1145/3149572.3149583,"Hewage, Pradeep and Anderson, Mark and Fang, Hui",An Agile Farm Management Information System Framework for Precision Agriculture,2017,9781450353373,Association for Computing Machinery,https://doi.org/10.1145/3149572.3149583,10.1145/3149572.3149583,"Early Farm Management Information Systems (FMIS) implementations were focused on data entry and report generation within a farm. The growth in areas such as Precision Agriculture (PA) is changing the landscape and approach taken to develop such systems. The lack of standardised data formats to support the transfer of data between systems is one of the major concerns that have been raised relating to the development of FMIS. The modern FMIS based on the distributed systems which inherently supports the sharing of resources and data. Service-oriented architectures are more flexible in relation to the delivery of software packages; for example, cloud computing can be utilized to offer Software-as-a-Service (SaaS) to agriculturalists. In general, these systems are monolithic, which is built as a single unit of software. These monolithic systems have several challenges, especially scalability, rebuild, retesting and deployment issues. The modern microservice approach can be recognised as the solution for these issues. Microservice approach is organised a distributed application as a collection of services, where each service design, implement and run independently. The basic microservice concept is based on virtual machines and the Application Program Interface (API). The next level of container based microservice systems has less runtime overhead compared to virtual machine basic microsevices. This technology is also more efficient as many containers can be run in a single virtual machine. The container based system also comes with key features and tooling around to addressing microservice challenges. The researchers conclude the paper by recommending a container based microservice architecture for agile FMIS in precision agriculture.",Proceedings of the 9th International Conference on Information Management and Engineering,75–80,6,"Container-based microservices, Farm Management Information Systems, Microservice Architecture, Microservices","Barcelona, Spain",ICIME 2017,,"New York, NY, USA",,,,,
acm-20260429,inproceedings,10.1145/3171533.3171539,"Pieczul, Olgierd and Foley, Simon and Zurko, Mary Ellen",Developer-centered security and the symmetry of ignorance,2017,9781450363846,Association for Computing Machinery,https://doi.org/10.1145/3171533.3171539,10.1145/3171533.3171539,"In contemporary software development anybody can become a developer, sharing, building and interacting with software components and services in a virtual free for all. In this environment, it is not feasible to expect these developers to be expert in every security detail of the software they use, and we discuss how difficult it can be to build secure software. In this respect, the practical challenges of the emerging paradigm of developer-centered security are explored, where developers would be required to consider security from the perspective of those other developers who use their software. We question whether current user-centered security techniques are adequate for this task and suggest that new thinking will be required. Two directions---symmetry of ignorance and security archaeology-are offered as a new way to consider this challenge.",Proceedings of the 2017 New Security Paradigms Workshop,46–56,11,,"Santa Cruz, CA, USA",NSPW '17,,"New York, NY, USA",,,,,
acm-20260429,inproceedings,10.1145/3175731.3176176,"Cuesta, Carlos E. and Navarro, Elena and Zdun, Uwe",Synergies of system-of-systems and microservices architectures,2016,9781450363990,Association for Computing Machinery,https://doi.org/10.1145/3175731.3176176,10.1145/3175731.3176176,"Systems-of-Systems (SoS) are being widely embraced by both practitioners and researchers. They share properties such as distribution, evolutionary development (i.e., openness), operational and managerial independence, and emergent behavior. Those properties imply that any element (system) in an SoS is able to operate independently. Similarly, microservices are suggested as a system architecture with a strong emphasis on independence, as containers provide the required degree of isolation, and their infrastructure automation frameworks provide the means to deploy them as needed. In a microservices architecture, even data is independently managed; every service maintains its own datastore, and transaction-less interaction is emphasized. Our hypothesis in this work is that while the two approaches have been treated separately in the literature so far, they share many common characteristics, and it would be fruitful to investigate their synergies. In this paper, we analyze to what extent microservices architectures can be understood as a kind of system-of-systems, explaining some of the success of the microservices approach a consequence of their SoS properties. In addition, the best practices proposed for microservices can enable a conscious, controlled, and manageable introduction of SoS concepts into system architectures, if they are needed.",Proceedings of the International Colloquium on Software-Intensive Systems-of-Systems at 10th European Conference on Software Architecture,,7,"IoT, container, emergent behavior, microservices architecture, scalability, self-adaptation, system-of-systems","Copenhagen, Denmark",SiSoS@ECSA '16,1,"New York, NY, USA",,,,,
acm-20260429,inproceedings,10.1145/3185768.3186308,"van Eyk, Erwin and Iosup, Alexandru and Abad, Cristina L. and Grohmann, Johannes and Eismann, Simon",A SPEC RG Cloud Group's Vision on the Performance Challenges of FaaS Cloud Architectures,2018,9781450356299,Association for Computing Machinery,https://doi.org/10.1145/3185768.3186308,10.1145/3185768.3186308,"As a key part of the serverless computing paradigm, Function-as-a-Service (FaaS) platforms enable users to run arbitrary functions without being concerned about operational issues. However, there are several performance-related issues surrounding the state-of-the-art FaaS platforms that can deter widespread adoption of FaaS, including sizeable overheads, unreliable performance, and new forms of the cost-performance trade-off. In this work we, the SPEC RG Cloud Group, identify six performance-related challenges that arise specifically in this FaaS model, and present our roadmap to tackle these problems in the near future. This paper aims at motivating the community to solve these challenges together.",Companion of the 2018 ACM/SPEC International Conference on Performance Engineering,21–24,4,"serverless computing, reference architecture, performance evaluation, function-as-a-service, benchmarking, FaaS","Berlin, Germany",ICPE '18,,"New York, NY, USA",,,,,
acm-20260429,inproceedings,10.1145/3185768.3186406,"Kub\'{a}t, Petr and Bulej, Lubom\'{\i}r and Bureundefined, Tom\'{a}undefined and Hork\'{y}, Vojtech and Tuma, Petr",Adaptive Dispatch: A Pattern for Performance-Aware Software Self-Adaptation,2018,9781450356299,Association for Computing Machinery,https://doi.org/10.1145/3185768.3186406,10.1145/3185768.3186406,"Modern software systems often employ dynamic adaptation to runtime conditions in some parts of their functionality -- well known examples range from autotuning of computing kernels through adaptive battery saving strategies of mobile applications to dynamic load balancing and failover functionality in computing clouds. Typically, the implementation of these features is problem-specific -- a particular autotuner, a particular load balancer, and so on -- and enjoys little support from the implementation environment beyond standard programming constructs. In this work, we propose Adaptive Dispatch as a generic coding pattern for implementing dynamic adaptation. We believe that such pattern can make the implementation of dynamic adaptation features better in multiple aspects -- an explicit adaptation construct makes the presence of adaptation easily visible to programmers, lends itself to manipulation with development tools, and facilitates coordination of adaptation behavior at runtime. We present an implementation of the Adaptive Dispatch pattern as an internal DSL in Scala.",Companion of the 2018 ACM/SPEC International Conference on Performance Engineering,195–198,4,"Scala, performance adaptation, performance awareness","Berlin, Germany",ICPE '18,,"New York, NY, USA",,,,,
acm-20260429,inproceedings,10.1145/3219104.3219129,"Dooley, Rion and Brandt, Steven R. and Fonner, John","The Agave Platform: An Open, Science-as-a-Service Platform for Digital Science",2018,9781450364461,Association for Computing Machinery,https://doi.org/10.1145/3219104.3219129,10.1145/3219104.3219129,"The Agave Platform first appeared in 2011 as a pilot project for the iPlant Collaborative [11]. In its first two years, Foundation saw over 40\% growth per month, supporting 1000+ clients, 600+ applications, 4 HPC systems at 3 centers across the US. It also gained users outside of plant biology. To better serve the needs of the general open science community, we rewrote Foundation as a scalable, cloud native application and named it the Agave Platform. In this paper we present the Agave Platform, a Science-as-a-Service (ScaaS) platform for reproducible science. We provide a brief history and technical overview of the project, and highlight three case studies leveraging the platform to create synergistic value for their users.",Proceedings of the Practice and Experience on Advanced Research Computing: Seamless Creativity,,8,"API, Agave, Docker, HPC, HTC, REST, Science-as-a-Service, Singularity, big data, cloud, cloud service, container, data management, data science, devops, job submission, microservice, paas, platform, platform-as-a-service, saas, science gateway, software-as-a-service, web application, web service","Pittsburgh, PA, USA",PEARC '18,28,"New York, NY, USA",,,,,
acm-20260429,inproceedings,10.1145/3230833.3232854,"Syed, Madiha H. and Fernandez, Eduardo B.",A reference architecture for the container ecosystem,2018,9781450364485,Association for Computing Machinery,https://doi.org/10.1145/3230833.3232854,10.1145/3230833.3232854,"Containers have gained immense popularity as a portable and lightweight virtualization solution. They facilitate application development, deployment and distribution across computing environments. Their success is also attributed to the support they offer for DevOps teams and for applications developed using a microservices architecture style. Containers are not the only components in the environment but work closely with other components for managing and supporting them, forming an ecosystem. Architectural modeling can be used as a powerful tool to represent ecosystems which helps understand, build and secure such complex systems. We describe in this paper several models we have created for container ecosystem components. These models are abstract, and they help generalize the systems to handle complexity and heterogeneity; they provide a common vocabulary and build holistic and unified views of the systems. The use of UML for modeling improves precision. This can lead to better implementations with respect to reliability, security and interoperability compared to ad hoc methods. A reference architecture will not just facilitate the work of developers and security engineers but also of anyone who aims to ensure compliance, privacy, safety, reliability and/or governance for container ecosystems and we show how to build one. We also describe relationships between container, cloud and IoT ecosystems. This paper is part of our work on developing a security reference architecture for container ecosystems.","Proceedings of the 13th International Conference on Availability, Reliability and Security",,6,"container manager, container ecosystem, Containers","Hamburg, Germany",ARES '18,31,"New York, NY, USA",,,,,
acm-20260429,inproceedings,10.1145/3241403.3241429,"M\'{a}rquez, Gast\'{o}n and Villegas, M\'{o}nica M. and Astudillo, Hern\'{a}n",A pattern language for scalable microservices-based systems,2018,9781450364836,Association for Computing Machinery,https://doi.org/10.1145/3241403.3241429,10.1145/3241403.3241429,"Microservices are an emerging distributed architectural style to build highly scalable Web systems. Many design patterns have been proposed for microservices, and some of them for scalability, but this growing corpus has not yet been organized as a coherent, easy-to-use pattern language. This article builds on previous work that identified existing patterns for microservice-based systems, selects those related to scalability, and organizes them in three categories (load-balancing, decomposition, and grouping) corresponding to the three well-known scalability dimensions (also called X-, Y- and Z-axis). The pattern language use is illustrated with a case study of documenting the architecture of a real-time bus position capturing application. This principled pattern language yields a solid basis for organizing current and future patterns that address scalability of microservice-based systems.",Proceedings of the 12th European Conference on Software Architecture: Companion Proceedings,,7,"microservices, pattern language, scalability, software architecture","Madrid, Spain",ECSA '18,24,"New York, NY, USA",,,,,
"acm-14022025, acm-20260429",inproceedings,10.1145/3276945.3276952,"Marron, Mark",Log++ logging for a cloud-native world,2018,9781450360302,Association for Computing Machinery,https://doi.org/10.1145/3276945.3276952,10.1145/3276945.3276952,"Logging is a fundamental part of the software development and deployment lifecycle but logging support is often provided as an afterthought via limited library APIs or third-party modules. Given the critical nature of logging in modern cloud, mobile, and IoT development workflows, the unique needs of the APIs involved, and the opportunities for optimization using semantic knowledge, we argue logging should be included as a central part of the language and runtime designs. This paper presents a rethinking of the logger for modern cloud-native workflows.  Based on a set of design principles for modern logging we build a logging system, that supports near zero-cost for disabled log statements, low cost lazy-copying for enabled log statements, selective persistence of logging output, unified control of logging output across different libraries, and DevOps integration for use with modern cloud-based deployments. To evaluate these concepts we implemented the Log++ logger for Node.js hosted JavaScript applications.",Proceedings of the 14th ACM SIGPLAN International Symposium on Dynamic Languages,25–36,12,"JavaScript, Logging, Runtime Monitoring","Boston, MA, USA",DLS 2018,,"New York, NY, USA",,,,,
"acm-14022025, acm-20260429",article,10.1145/3393673.3276952,"Marron, Mark",Log++ logging for a cloud-native world,2020,,Association for Computing Machinery,https://doi.org/10.1145/3393673.3276952,10.1145/3393673.3276952,"Logging is a fundamental part of the software development and deployment lifecycle but logging support is often provided as an afterthought via limited library APIs or third-party modules. Given the critical nature of logging in modern cloud, mobile, and IoT development workflows, the unique needs of the APIs involved, and the opportunities for optimization using semantic knowledge, we argue logging should be included as a central part of the language and runtime designs. This paper presents a rethinking of the logger for modern cloud-native workflows.  Based on a set of design principles for modern logging we build a logging system, that supports near zero-cost for disabled log statements, low cost lazy-copying for enabled log statements, selective persistence of logging output, unified control of logging output across different libraries, and DevOps integration for use with modern cloud-based deployments. To evaluate these concepts we implemented the Log++ logger for Node.js hosted JavaScript applications.",,25–36,12,"JavaScript, Logging, Runtime Monitoring",,,,"New York, NY, USA",August 2018,53,8,0362-1340,SIGPLAN Not.
acm-20260429,inproceedings,10.1145/3277593.3277602,"Nguyen, Phu H. and Phung, Phu H. and Truong, Hong-Linh",A security policy enforcement framework for controlling IoT tenant applications in the edge,2018,9781450365642,Association for Computing Machinery,https://doi.org/10.1145/3277593.3277602,10.1145/3277593.3277602,"In the context of edge computing, IoT-as-a-Service (IoTaaS) with IoT data hubs and execution services allow IoT tenant applications (apps) to be executed next to IoT devices, enabling edge analytics and controls. However, this brings up new security challenges on controlling tenant apps in IoTaaS, whilst the great potential of IoTaaS can only be realized by flexible security mechanisms to govern such applications. In this paper, we propose a Model-Driven Security policy enforcement framework, named MDSIoT, for IoT tenant apps deployed in edge servers. This framework allows execution policies specified at the model level and then transformed into the code that can be deployed for policy enforcement at runtime. Moreover, our approach supports for the interoperability of IoT tenant apps when deployed in the edge to access IoTaaS services. The interoperability is enabled by an intermediate proxy layer (gatekeeper) that abstracts underlying communication protocols to the different IoTaaS services from IoT tenant apps. Therefore, our approach supports different IoT tenant apps to be deployed and controlled automatically, independently from their technologies, e.g. programming languages. We have developed a proof-of-concept of the proposed gatekeepers based on ThingML, derived from execution policies. Thanks to the ThingML tool, we can generate platform-specific code of gatekeepers that can be deployed in the edge for controlling IoT tenant apps based on the execution policies.",Proceedings of the 8th International Conference on the Internet of Things,,8,"services computing, model-driven security, edge computing, access control, ThingML, IoT","Santa Barbara, California, USA",IOT '18,4,"New York, NY, USA",,,,,
acm-20260429,inproceedings,10.1145/3282308.3282320,"Dobaj, J\""{u}rgen and Iber, Johannes and Krisper, Michael and Kreiner, Christian",A Microservice Architecture for the Industrial Internet-Of-Things,2018,9781450363877,Association for Computing Machinery,https://doi.org/10.1145/3282308.3282320,10.1145/3282308.3282320,"With the introduction of Internet-of-Things (IoT) and cyber-physical system (CPS) concepts the industrial automation sector is undergoing enormous change towards highly interconnected and globally distributed automation systems. Following this trend the industry is facing interoperability challenges between devices and systems, which origin in the market and technology fragmentation of the past years. However, established integration techniques from the IoT domain cannot be fully adapted in industrial Internet-of-Things (IIoT) environments due to stricter dependability and real time constraints.Since design patterns offer a practical means to gain a deeper understanding of the problem domain, patterns are applied in this paper to develop a software architecture that is suitable for the deployment in the upcoming IIoT environments. The resulting software architecture combines ideas from the IoT world, industrial automation systems, as well as modern information technology (IT) and cloud architectures. Its lightweight and flexible design, along with the support of state-of-the-art development approaches (containerization, continuous integration (CI), continuous deployment (CD)) make the architecture equally suitable for the deployment on cloud, fog and edge devices. All in all, these features facilitate the deployment of services and communication protocols on device level, to enable the transparent and automatic integration of heterogenous devices and protocols, on demand.",Proceedings of the 23rd European Conference on Pattern Languages of Programs,,15,"CPS, IIoT, Industrial Automation, Industry 4.0, IoT, Microservice, Patterns, SoA, Software Architecture","Irsee, Germany",EuroPLoP '18,11,"New York, NY, USA",,,,,
acm-20260429,inproceedings,10.1145/3285002.3285013,"Vescent, Heather and Blakley, Bob",Shifting Paradigms: Using Strategic Foresight to Plan for Security Evolution,2018,9781450365970,Association for Computing Machinery,https://doi.org/10.1145/3285002.3285013,10.1145/3285002.3285013,"Everyone wants to know the future. Exploring the future is not to make predictions, but to anticipate which futures might happen, so we may make better decisions today. The foresight process is a tool which enables researchers to become more attuned to the future; the foresight process is designed to help anticipate emerging trends, rather than be surprised by dramatic change. This paper identifies possible futures in two ways: extrapolating from the present into the future, and starting from future states to reconstruct how they might be arrived at from the current state. The result is 12 fresh scenarios and 13 new paradigms.",Proceedings of the New Security Paradigms Workshop,28–40,13,"Future, Information Security, Paradigms, Scenarios, Strategic Foresight","Windsor, United Kingdom",NSPW '18,,"New York, NY, USA",,,,,
acm-20260429,inproceedings,10.1145/3287324.3287433,"Connolly, Randy",Facing Backwards While Stumbling Forwards: The Future of Teaching Web Development,2019,9781450358903,Association for Computing Machinery,https://doi.org/10.1145/3287324.3287433,10.1145/3287324.3287433,"Web development continues to grow as an essential skill and knowledge area for employed computer science graduates. Yet within the ACM CS2013 curriculum recommendation and within computing education research in general, web development has been shrinking or even disappearing all together. This paper uses an informal systematic literature review methodology to answer three research questions: what approaches are being advocated in existing web development education research, what are current trends in industry practice, and how should web development be taught in light of these current trends. Results showed a significant mismatch between the type of web development typically taught in higher education settings in comparison to web development in industry practice. Consequences for the pedagogy of web development courses, computer science curriculum in general, and for computing education research are also discussed",Proceedings of the 50th ACM Technical Symposium on Computer Science Education,518–523,6,"cloud computing, cs education, web development","Minneapolis, MN, USA",SIGCSE '19,,"New York, NY, USA",,,,,
acm-20260429,inproceedings,10.1145/3293881.3295781,"Foster, Derek and White, Laurie and Adams, Joshua and Erdil, D. Cenk and Hyman, Harvey and Kurkovsky, Stan and Sakr, Majd and Stott, Lee",Cloud computing: developing contemporary computer science curriculum for a cloud-first future,2018,9781450362238,Association for Computing Machinery,https://doi.org/10.1145/3293881.3295781,10.1145/3293881.3295781,"Cloud Computing adoption has seen significant growth over the last five years. It offers a diverse range of scalable and redundant service deployment models, including Infrastructure-as-a-Service (IaaS), Platform-as-a-Service (PaaS), Software-as-a-Service (SaaS), and Containers-as-a-Service (CaaS). These models are applied to areas such as IoT, Cyber-Physical Systems, Social Media, Data Science, Media Streaming, Ecommerce, and Health Informatics. The growth in cloud presents challenges for companies to source cloud expertise to support their business, particularly small and medium-sized enterprises with limited resources. The UK Government recently published the Digital Skills Crisis report, identifying skill-set challenges facing industry, with a shortage in cloud skills negatively impacting business. While cloud technologies have evolved at significant pace, the development of Computer Science curriculum in the further and higher education sector has lagged behind. The challenges faced in the sector includes the training of educators, institutional gaps (software and hardware policies), regulatory constraints, and access to cloud platforms. By embedding fundamental cloud skills throughout the educator and student journey, both stakeholders will be better positioned to understand and practically apply the use of appropriate cloud services, and produce graduates to support the needs of industry. This working group has carried out work to: i) assess current cloud computing curricula in CS and similar programs, ii) document industry needs for in-demand cloud skills, iii) identify issues and gaps around cloud curriculum uptake, and iv) develop solutions to meet the skill demands on core Cloud Computing topics, technical skills exercises, and modules for integration with contemporary Computer Science curricula.",Proceedings Companion of the 23rd Annual ACM Conference on Innovation and Technology in Computer Science Education,130–147,18,"Cloud Computing, Computer Science, Curriculum Development, Distributed Computing, Education","Larnaca, Cyprus",ITiCSE 2018 Companion,,"New York, NY, USA",,,,,
acm-20260429,inproceedings,10.1145/3297280.3297401,"Ibrahim, Amjad and Bozhinoski, Stevica and Pretschner, Alexander",Attack graph generation for microservice architecture,2019,9781450359337,Association for Computing Machinery,https://doi.org/10.1145/3297280.3297401,10.1145/3297280.3297401,"Microservices, which are typically technologically heterogenous and can be deployed automatically, are increasingly dominating service systems. However, with increased utilization of third-party components distributed as images, the potential vulnerabilities in microservice-based systems increase. Based on component dependency, such vulnerabilities can lead to exposing a system's critical assets. Similar problems have been addressed by the computer networks community. In this paper, we propose utilizing attack graphs in the continuous delivery infrastructure of microservices-based systems. To that end, we relate microservices to network nodes and automatically generate attack graphs that help practitioners identify, analyze, and prevent plausible attack paths in their microservice-based container networks. We present a complete solution that can be easily embedded in continuous delivery systems and demonstrate its efficiency and scalability based on real-world use cases.",Proceedings of the 34th ACM/SIGAPP Symposium on Applied Computing,1235–1242,8,"attack graph generation, containers, microservices","Limassol, Cyprus",SAC '19,,"New York, NY, USA",,,,,
acm-20260429,inproceedings,10.1145/3297280.3297458,"M\""{a}kinen, Simo and Lehtonen, Timo and Kilamo, Terhi and Puonti, Mikko and Mikkonen, Tommi and M\""{a}nnist\""{o}, Tomi",Revisiting continuous deployment maturity: a two-year perspective,2019,9781450359337,Association for Computing Machinery,https://doi.org/10.1145/3297280.3297458,10.1145/3297280.3297458,"Background: Achieving a steady stream of small releases and employing practices such as continuous deployment requires maturity in company processes. Maturity models provide one approach for companies to pinpoint areas of improvement by providing a position and hints to reflect on. Incorporating maturity models with agile software development and continuous deployment has its challenges, though. Aims: The focus of the study is in understanding the evolution of software processes towards continuous deployment in an industry organization over time when a maturity model is used as a yardstick in evaluation. Method: An embedded case study by design, the study utilizes and replicates a survey on the state of software projects in a large Finnish software company, Solita. The survey was initially conducted in 2015 with responses from 35 projects and now replicated in 2017 with responses from 43 projects. Both quantitative and qualitative approaches for survey responses are used in the analysis. Results: Maturity of software processes in the case company show improvement in deployment and in monitoring, albeit short of statistical significance. Technological advances in the application of cloud computing have likely spurred development in these areas. Capability in processes related to test automation and quality has not changed much in two years. Conclusions: Maintaining maturity in software processes requires constant attention as impressions on process quality can gradually diminish. Projects which are built on a compatible technology stack have a greater chance in achieving continuous deployment and thus being more mature. Customer preferences also make a difference in the ability to reach certain maturity levels.",Proceedings of the 34th ACM/SIGAPP Symposium on Applied Computing,1810–1817,8,,"Limassol, Cyprus",SAC '19,,"New York, NY, USA",,,,,
acm-20260429,inproceedings,10.1145/3297858.3304016,"Shen, Zhiming and Sun, Zhen and Sela, Gur-Eyal and Bagdasaryan, Eugene and Delimitrou, Christina and Van Renesse, Robbert and Weatherspoon, Hakim",X-Containers: Breaking Down Barriers to Improve Performance and Isolation of Cloud-Native Containers,2019,9781450362405,Association for Computing Machinery,https://doi.org/10.1145/3297858.3304016,10.1145/3297858.3304016,"""Cloud-native"" container platforms, such as Kubernetes, have become an integral part of production cloud environments. One of the principles in designing cloud-native applications is called Single Concern Principle, which suggests that each container should handle a single responsibility well. In this paper, we propose X-Containers as a new security paradigm for isolating single-concerned cloud-native containers. Each container is run with a Library OS (LibOS) that supports multi-processing for concurrency and compatibility. A minimal exokernel ensures strong isolation with small kernel attack surface. We show an implementation of the X-Containers architecture that leverages Xen paravirtualization (PV) to turn Linux kernel into a LibOS. Doing so results in a highly efficient LibOS platform that does not require hardware-assisted virtualization, improves inter-container isolation, and supports binary compatibility and multi-processing. By eliminating some security barriers such as seccomp and Meltdown patch, X-Containers have up to 27X higher raw system call throughput compared to Docker containers, while also achieving competitive or superior performance on various benchmarks compared to recent container platforms such as Google's gVisor and Intel's Clear Containers.",Proceedings of the Twenty-Fourth International Conference on Architectural Support for Programming Languages and Operating Systems,121–135,15,"cloud-native, containers, exokernel, library os, x-containers","Providence, RI, USA",ASPLOS '19,,"New York, NY, USA",,,,,
acm-20260429,inproceedings,10.1145/3299869.3320247,"Eichmann, Philipp and Solleza, Franco and Tatbul, Nesime and Zdonik, Stan",Visual Exploration of Time Series Anomalies with Metro-Viz,2019,9781450356435,Association for Computing Machinery,https://doi.org/10.1145/3299869.3320247,10.1145/3299869.3320247,"This demo presents a novel data visualization solution for exploring the results of time series anomaly detection systems. When anomalies are reported, there is a need to reason about the results. We introduce Metro-Viz -- a visual tool to assist data scientists in performing this analysis. Metro-Viz offers a rich set of interaction features (e.g., comparative analysis, what-if testing) backed by data management strategies specifically tailored to the workload. We show our tool in action via multiple time series datasets and anomaly detectors.",Proceedings of the 2019 International Conference on Management of Data,1901–1904,4,"visual analysis, time series, anomaly detection","Amsterdam, Netherlands",SIGMOD '19,,"New York, NY, USA",,,,,
acm-20260429,inproceedings,10.1145/3308560.3316509,"W. Collier, Rem and O'Neill, Eoin and Lillis, David and O'Hare, Gregory",MAMS: Multi-Agent MicroServices✱,2019,9781450366755,Association for Computing Machinery,https://doi.org/10.1145/3308560.3316509,10.1145/3308560.3316509,"This paper explores the intersection between microservices and Multi-Agent Systems (MAS), introducing the notion of a new approach to building MAS known as Multi-Agent MicroServices (MAMS). Our approach is illustrated through a worked example of a Vickrey Auction implemented as a microservice.",Companion Proceedings of The 2019 World Wide Web Conference,655–662,8,"text tagging, ACM proceedings","San Francisco, USA",WWW '19,,"New York, NY, USA",,,,,
acm-20260429,inproceedings,10.1145/3308560.3317049,"H. Money, William and Cohen, Stephen",Leveraging AI and Sensor Fabrics to Evolve Smart City Solution Designs,2019,9781450366755,Association for Computing Machinery,https://doi.org/10.1145/3308560.3317049,10.1145/3308560.3317049,"Cities have entered the age of the sensor and located sensors everywhere over and under cities. The sensors monitor a host of factors that assess City operations and life such as air quality, noise, city services and traffic. Further, the sensors have “gone mobile” with announcements of situation aware mobile sensor platforms designed for city-level security and public safety. These wearable sensor platforms combine video, audio, and location data with Internet of Things (IoT) capabilities. However, the many sensors and functional platforms have not yet made the cities employing these many diverse sensors truly Smart. We are analyzing why the success toward the Smart city is limited, or late in coming. The explanations for the constrained effectiveness are assigned to many factors, but one of significance can be teased from a long-accepted explanation that associates data, information, and knowledge. Smart Cities need to effectively use the sensor data and the information assembled from these interpreted and organized data to create knowledge that serves the city and its people by answering and resolving key problems and questions. But the systems and analytic models needed to associate these data from many sensors have yet to be designed, constructed, and proven in the complex cities of today. Thus, the data (and information from the diverse sensors) lacks crucial integration and coordination for decisions and sense-making. While these sensor-based systems were, and in many cases are meeting some intended functionally discrete goals, they appear to be better described as data collection tools feeding centralized analytical engines. They are point solutions with specialized or targeted sensors feeding specialized solutions. This is a significant limiting factor in a city's drive to improve the quality of life and the efficiency of the services a city provides to its stakeholders. In this paper we present current trends in Smart City development, emerging issues with data and complexity growth, and proposes a mean to leverage the advancing technologies to address the integration problem.",Companion Proceedings of The 2019 World Wide Web Conference,117–122,6,"Artificial Intelligence, Sensor Fabric, Sensors, Smart City","San Francisco, USA",WWW '19,,"New York, NY, USA",,,,,
acm-20260429,inproceedings,10.1145/3316615.3316636,"Samea, Fatima and Azam, Farooque and Anwar, Muhammad Waseem and Khan, Mehreen and Rashid, Muhammad",A UML Profile for Multi-Cloud Service Configuration (UMLPMSC) in Event-driven Serverless Applications,2019,9781450365734,Association for Computing Machinery,https://doi.org/10.1145/3316615.3316636,10.1145/3316615.3316636,"The rapid evolution in cloud computing leads to a rising elegance of serverless cloud-based software architectures which primarily focuses on providing the software developers a great potential for executing different arbitrary functions having minor overhead in server management as FaaS (Function-as-a-service). These FaaS applications are a set of stateless functions that are triggered by events defined by the cloud provider. However, the service configuration of such event-driven serverless applications is a complex process. Particularly, the changing configuration requirements on multiple clouds create low-level implementation challenges. Therefore, this article introduces UMLPMSC (UML Profile for Multi-Cloud Service Configuration) for event driven serverless applications to model the service configuration design requirements at high abstraction level. This leads to transform the high-level source UMLPMSC models into low level serverless framework implementations for the service configuration. The applicability of the profile has been validated through two case studies for AWS and Azure serverless function providers. It has been concluded that UMLPMSC significantly simplifies the multi-cloud service configuration process for event-driven serverless applications.",Proceedings of the 2019 8th International Conference on Software and Computer Applications,431–435,5,"MDA, Serverless computing, Service Configuration, UMLPMSC","Penang, Malaysia",ICSCA '19,,"New York, NY, USA",,,,,
acm-20260429,inproceedings,10.1145/3322790.3330596,"David, Andrea and Souppe, Mariette and Jimenez, Ivo and Obraczka, Katia and Mansfield, Sam and Veenstra, Kerry and Maltzahn, Carlos",Reproducible Computer Network Experiments: A Case Study Using Popper,2019,9781450367561,Association for Computing Machinery,https://doi.org/10.1145/3322790.3330596,10.1145/3322790.3330596,"Computer network research experiments can be broadly grouped in three categories: simulated, controlled, and real-world experiments. Simulation frameworks, experiment testbeds and measurement tools, respectively, are commonly used as the platforms for carrying out network experiments. In many cases, given the nature of computer network experiments, properly configuring these platforms is a complex and time-consuming task, which makes replicating and validating research results quite challenging. This complexity can be reduced by leveraging tools that enable experiment reproducibility. In this paper, we show how a recently proposed reproducibility tool called Popper facilitates the reproduction of networking experiments. In particular, we detail the steps taken to reproduce results in two published articles that rely on simulations. The outcome of this exercise is a generic workflow for carrying out network simulation experiments. In addition, we briefly present two additional Popper workflows for running experiments on controlled testbeds, as well as studies that gather real-world metrics (all code is publicly available on Github). We close by providing a list of lessons we learned throughout this process.",Proceedings of the 2nd International Workshop on Practical Reproducible Evaluation of Computer Systems,29–34,6,"network experiment simulation, popper, reproducible network experiments, software automation","Phoenix, AZ, USA",P-RECS '19,,"New York, NY, USA",,,,,
acm-20260429,inproceedings,10.1145/3336294.3336315,"Wolschke, Christian and Becker, Martin and Schneickert, S\""{o}ren and Adler, Rasmus and MacGregor, John",Industrial Perspective on Reuse of Safety Artifacts in Software Product Lines,2019,9781450371384,Association for Computing Machinery,https://doi.org/10.1145/3336294.3336315,10.1145/3336294.3336315,"In the future, safety-critical industrial products will have to be maintained and variants will have to be produced. In order to do this economically, the safety artifacts of the components should also be reused. At present, however, it is still unclear how this reuse could take place. Moreover this reuse is complicated, by the different situations in the various industries involved and by the corresponding standards applied.Current industrial practice for certification processes relies on a component-based view of reuse. We investigate the possibilities of product lines with managed processes for reuse also across multiple domains.In order to identify the challenges and possible solutions, we conducted interviews with industry partners from the domains of ICT, Rail, Automotive, and Industrial Automation, and from small- and medium-sized enterprises to large organizations. The semi-structured interviews identified the characteristics of current safety engineering processes, the handling of general variety and reuse, the approach followed for safety artifacts, and the need for improvement.In addition, a detailed literature survey summarizes existing approaches. We investigate which modularity concepts exist for dealing with safety, how variability concepts integrate safety, by which means process models can consider safety, and how safety cases are evolved while maintenance takes place. An overview of similar research projects complements the analysis.The identified challenges and potential solution proposals show how safety is related to Software Product Lines.",Proceedings of the 23rd International Systems and Software Product Line Conference - Volume A,143–154,12,"modular safety, open source certification, product line certification, safety reuse, safety standards","Paris, France",SPLC '19,,"New York, NY, USA",,,,,
acm-20260429,inproceedings,10.1145/3339252.3341481,"Leander, Bj\""{o}rn and \v{C}au\v{s}evi\'{c}, Aida and Hansson, Hans",Applicability of the IEC 62443 standard in Industry 4.0 / IIoT,2019,9781450371643,Association for Computing Machinery,https://doi.org/10.1145/3339252.3341481,10.1145/3339252.3341481,"Today's industrial automation systems are undergoing a digital transformation that implies a shift towards the Internet of Things (IoT), leading to the Industrial Internet of Things (IIoT) paradigm. Existing Industrial Automated Control Systems (IACS), enriched with a potentially large number of IoT devices are expected to make systems more efficient, flexible, provide intelligence, and ultimately enable autonomous control. In general, the majority of such systems come with high level of criticality that calls for well-established methods and approaches when achieving cybersecurity, preferably prescribed by a standard.IEC 62443 is an industrial standard that provides procedures to manage risks related to cybersecurity threats in IACS. Given the new IIoT paradigm, it is likely that existing standards are not sufficiently aligned with the challenges related to developing and maintaining cybersecurity in such systems. In this paper we review the applicability of the IEC 62443 standard in IIoT contexts and discuss potential challenges the process owners might encounter.Our analysis underlines that some areas within the standard could prove difficult to reach compliance with. In particular, handling of cross zone communication and software updates require additional guidance.","Proceedings of the 14th International Conference on Availability, Reliability and Security",,8,,"Canterbury, CA, United Kingdom",ARES '19,101,"New York, NY, USA",,,,,
acm-20260429,inproceedings,10.1145/3340481.3342730,"Petrik, Dimitri and Herzwurm, Georg",iIoT ecosystem development through boundary resources: a Siemens MindSphere case study,2019,9781450368544,Association for Computing Machinery,https://doi.org/10.1145/3340481.3342730,10.1145/3340481.3342730,"Emerging Industrial Internet of Things (iIoT) platforms generate cross-company added value, providing functionalities and technologies for a variety of digital services in the industrial engineering. iIoT platforms integrate various stakeholders, such as end customers and complementors and build iIoT ecosystems. Earlier research has recognized boundary resources as an emergence and governance mechanism for software ecosystems. In this study we apply the boundary resources for iIoT by exploring the longitudinal case study of the Siemens MindSphere ecosystem. The goal of this exploratory paper is to show which boundary resources are currently used in iIoT ecosystems and how do they impact the development of iIoT ecosystems.","Proceedings of the 2nd ACM SIGSOFT International Workshop on Software-Intensive Business: Start-Ups, Platforms, and Ecosystems",1–6,6,"Boundary Resources, Industrial IoT, Platform Emergence, iIoT Ecosystem, iIoT Platform","Tallinn, Estonia",IWSiB 2019,,"New York, NY, USA",,,,,
acm-20260429,inproceedings,10.1145/3344341.3368803,"Yussupov, Vladimir and Breitenb\""{u}cher, Uwe and Leymann, Frank and Wurster, Michael",A Systematic Mapping Study on Engineering Function-as-a-Service Platforms and Tools,2019,9781450368940,Association for Computing Machinery,https://doi.org/10.1145/3344341.3368803,10.1145/3344341.3368803,"Function-as-a-Service (FaaS) is a novel cloud service model allowing to develop fine-grained, provider-managed cloud applications. In this work, we investigate which challenges motivate researchers to introduce or enhance FaaS platforms and tools. We use a systematic mapping study method to collect and analyze the relevant scientific literature, which helps us answering the three clearly-defined research questions. We design our study using well-established guidelines and systematically apply it to 62 selected publications. The collected and synthesized data provides useful insights into the main challenges that motivate researchers to work on this topic and can be helpful in identifying research gaps for future research.",Proceedings of the 12th IEEE/ACM International Conference on Utility and Cloud Computing,229–240,12,"faas, function-as-a-service, serverless, systematic mapping study","Auckland, New Zealand",UCC'19,,"New York, NY, USA",,,,,
acm-20260429,inproceedings,10.1145/3344341.3368813,"Yussupov, Vladimir and Breitenb\""{u}cher, Uwe and Leymann, Frank and M\""{u}ller, Christian","Facing the Unplanned Migration of Serverless Applications: A Study on Portability Problems, Solutions, and Dead Ends",2019,9781450368940,Association for Computing Machinery,https://doi.org/10.1145/3344341.3368813,10.1145/3344341.3368813,"Serverless computing focuses on developing cloud applications that comprise components fully managed by providers. Function-as-a-Service (FaaS) service model is often associated with the term serverless as it allows developing entire applications by composing provider-managed, event-driven code snippets. However, such reduced control over the infrastructure and tight-coupling with provider's services amplify the various lock-in problems. In this work, we explore the challenges of migrating serverless, FaaS-based applications across cloud providers. To achieve this, we conduct an experiment in which we implement four prevalent yet intentionally simple serverless use cases and manually migrate them across three popular commercial cloud providers. The results show that even when migrating simple use cases, developers encounter multiple aspects of a lock-in problem. Moreover, we present a categorization of the problems and discuss the feasibility of possible solutions.",Proceedings of the 12th IEEE/ACM International Conference on Utility and Cloud Computing,273–283,11,"faas, function-as-a-service, migration, portability, serverless","Auckland, New Zealand",UCC'19,,"New York, NY, USA",,,,,
acm-20260429,inproceedings,10.1145/3344429.3372506,"Foster, Derek and White, Laurie and Erdil, D. Cenk and Adams, Joshua and Arg\""{u}elles, Amadeo and Hainey, Brian and Hyman, Harvey and Lewis, Gareth and Nazir, Sajid and Nguyen, Van and Sakr, Majd and Stott, Lee",Toward a Cloud Computing Learning Community,2019,9781450375672,Association for Computing Machinery,https://doi.org/10.1145/3344429.3372506,10.1145/3344429.3372506,"Cloud computing continues to be an important technology in higher education. This domain is a rapidly evolving space, and continues to gain momentum as a primary infrastructure topology for technological advances across emergent industries. The on-the-cloud paradigm provides numerous affordances and new methods of working in industry, and also for end users within recent fields of study, such as machine learning and artificial intelligence. As we move into the Industry 4.0 era with technology pillars such as the internet of things and cybersecurity, the importance of skillsets for cloud-based services will be an essential attribute for the majority of technology-related professions. Many higher education institutions have focused on offering training opportunities and programs for cloud computing, however, a lack of high-quality, contextualized to industry, curricula materials continues to be a challenge for educators. The purpose of this paper is to report on analyses conducted to categorize cloud computing courses currently taught in the higher education sector and to determine the possibility of moving towards the goal of a model curriculum. Additionally, the paper aims to provide guidance to educators about cloud computing skill-sets sought in the job market, and to report on a community platform designed to host cloud learning resources.",Proceedings of the Working Group Reports on Innovation and Technology in Computer Science Education,143–155,13,"cloud computing, computer science, curriculum development, education","Aberdeen, Scotland Uk",ITiCSE-WGR '19,,"New York, NY, USA",,,,,
acm-20260429,inproceedings,10.1145/3345252.3345270,"Sabev, Peter and Grigorova, Katalina",A Survey on State of Software Quality Assurance in Bulgaria,2019,9781450371490,Association for Computing Machinery,https://doi.org/10.1145/3345252.3345270,10.1145/3345252.3345270,"This paper provides results of two surveys conducted in 2014 and 2018 among the participants in one of the biggest conferences about software testing and quality assurance in Bulgaria called QA: Challenge Accepted. The survey results reveal important and interesting findings about software testing practices and software quality assurance (SQA) community related to the demographics of the SQA professionals, their education, certifications, technologies being tested, software development methodologies, programming languages and test automation tools used, as well as knowledge gaps identified. Whenever possible, the results for Bulgaria are compared to other similar studies worldwide. The main goal of the survey is to provide a state of art for the SQA community and identify potential issues that need to be addressed by industry and researchers.",Proceedings of the 20th International Conference on Computer Systems and Technologies,124–130,7,"software development process, software quality assurance, software technologies, software testing, test automation tools","Ruse, Bulgaria",CompSysTech '19,,"New York, NY, USA",,,,,
acm-20260429,inproceedings,10.1145/3355738.3355750,"Keahey, Kate and Anderson, Jason and Ruth, Paul and Colleran, Jacob and Hammock, Cody and Stubbs, Joe and Zhen, Zhuo",Operational Lessons from Chameleon,2019,9781450372794,Association for Computing Machinery,https://doi.org/10.1145/3355738.3355750,10.1145/3355738.3355750,"Chameleon is a large-scale, deeply reconfigurable testbed built to support Computer Science experimentation. Unlike traditional systems of this kind, Chameleon has been configured using an adaptation of a mainstream open source infrastructure cloud system called OpenStack. In this paper, we discuss operational challenges for experimental testbeds and explain what impact they have on the profile of the operating team. We then discuss methods we developed to alleviate the operational burden and show how they can be used in practice. We conclude with a discussion of our interaction with the user community and describe how experimental platforms create a high potential for community involvement.",Proceedings of the Humans in the Loop: Enabling and Facilitating Research on Cloud Computing,,7,"DevOps, cloud computing, cloud operations","Chicago, IL, USA",HARC '19,5,"New York, NY, USA",,,,,
acm-20260429,inproceedings,10.1145/3359591.3359737,"Kleppmann, Martin and Wiggins, Adam and van Hardenberg, Peter and McGranaghan, Mark","Local-first software: you own your data, in spite of the cloud",2019,9781450369954,Association for Computing Machinery,https://doi.org/10.1145/3359591.3359737,10.1145/3359591.3359737,"Cloud apps like Google Docs and Trello are popular because they enable real-time collaboration with colleagues, and they make it easy for us to access our work from all of our devices. However, by centralizing data storage on servers, cloud apps also take away ownership and agency from users. If a service shuts down, the software stops functioning, and data created with that software is lost. In this article we propose local-first software, a set of principles for software that enables both collaboration and ownership for users. Local-first ideals include the ability to work offline and collaborate across multiple devices, while also improving the security, privacy, long-term preservation, and user control of data. We survey existing approaches to data storage and sharing, ranging from email attachments to web apps to Firebase-backed mobile apps, and we examine the trade-offs of each. We look at Conflict-free Replicated Data Types (CRDTs): data structures that are multi-user from the ground up while also being fundamentally local and private. CRDTs have the potential to be a foundational technology for realizing local-first software. We share some of our findings from developing local-first software prototypes at the Ink \&amp; Switch research lab over the course of several years. These experiments test the viability of CRDTs in practice, and explore the user interface challenges for this new data model. Lastly, we suggest some next steps for moving towards local-first software: for researchers, for app developers, and a startup opportunity for entrepreneurs.","Proceedings of the 2019 ACM SIGPLAN International Symposium on New Ideas, New Paradigms, and Reflections on Programming and Software",154–178,25,"peer-to-peer communication, mobile computing, data ownership, collaboration software, CRDTs","Athens, Greece",Onward! 2019,,"New York, NY, USA",,,,,
acm-20260429,inproceedings,10.1145/3361149.3361165,"Dias, Jo\~{a}o Pedro and Ferreira, Hugo Sereno and Sousa, Tiago Boldt",Testing and deployment patterns for the internet-of-things,2019,9781450362061,Association for Computing Machinery,https://doi.org/10.1145/3361149.3361165,10.1145/3361149.3361165,"As with every software, Internet-of-Things (IoT) systems have their own life-cycle, from conception to construction, deployment, and operation. However, the testing requirements from these systems are slightly different due to their inherent coupling with hardware and human factors. Hence, the procedure of delivering new software versions in a continuous integration/delivery fashion must be adopted. Based on existent solutions (and inspired in other closely-related domains), we describe two common strategies that developers can use for testing IoT systems, (1) Testbed and (2) Simulation-based Testing, as well as one recurrent solution for its deployment (3) Middleman Update.",Proceedings of the 24th European Conference on Pattern Languages of Programs,,8,"deployment, internet-of-things, orchestration, testing","Irsee, Germany",EuroPLop '19,16,"New York, NY, USA",,,,,
acm-20260429,inproceedings,10.1145/3361149.3361174,"Dobaj, J\""{u}rgen and Schuss, Markus and Krisper, Michael and Boano, Carlo Alberto and Macher, Georg",Dependable mesh networking patterns,2019,9781450362061,Association for Computing Machinery,https://doi.org/10.1145/3361149.3361174,10.1145/3361149.3361174,"In our daily life, we are increasingly relying on connected systems ranging from smart health care devices to industrial and intelligent transportation systems, as well as smart homes and cities. The unavailability or malfunctioning of these systems could threaten human life, cause environmental damage, and significant financial loss. To prevent such large scale and mission-critical systems from malfunctioning, it is of utmost importance to establish and guaranty reliable connections to attain a dependable networked system. Generally, mesh networking technologies are used for building such systems since mesh networks provide the best performance characteristics regarding fault-tolerance, throughput, resource usage, and service level flexibility.In this paper, we summarize the major challenges in dependable network design, to subsequently present three patterns that approach redundancy on the hardware level, software-defined networking, and cross-cutting concerns like monitoring and service discovery within distributed networked systems. These three patterns should help designers and engineers in choosing the appropriate technologies for building dependable networked systems at all scales. Since dependable network engineering requires a holistic system-wide design and engineering approach, we also present a pattern map guiding to complementary and closely related patterns. System architects and system engineers responsible for building mixed-criticality systems, internet-of-things (IoT), and industrial Internet-of-Things (IIoT) systems are the target audience of the patterns presented in this paper.",Proceedings of the 24th European Conference on Pattern Languages of Programs,,14,"service-oriented architecture, service mesh pattern, physical mesh pattern, network design, network architecture, microservices, logical mesh pattern, infrastructure-as-a-service, industry 4.0, dependability, cloud architecture, SoA, IoT, IaaS, IIoT","Irsee, Germany",EuroPLop '19,25,"New York, NY, USA",,,,,
acm-20260429,inproceedings,10.1145/3361525.3361553,"Stafman, Logan and Or, Andrew and Freedman, Michael J.",ReLAQS: Reducing Latency for Multi-Tenant Approximate Queries via Scheduling,2019,9781450370097,Association for Computing Machinery,https://doi.org/10.1145/3361525.3361553,10.1145/3361525.3361553,"Approximate Query Processing has become increasingly popular as larger data sizes have increased query latency in distributed query processing systems. To provide such approximate results, systems return intermediate results and iteratively update these approximations as they process more data. In shared clusters, however, these systems waste resources by directing resources to queries that are no longer improving the results given to users.We describe ReLAQS, a cluster scheduling system for online aggregation queries that aims to reduce latency by assigning resources to queries with the most potential for improvement. ReLAQS utilizes the approximate results each query returns to periodically estimate how much progress each concurrent query is currently making. It then uses this information to predict how much progress each query is expected to make in the near future and redistributes resources in real-time to maximize the overall quality of the answers returned across the cluster. Experiments show that ReLAQS achieves a reduction in latency of up to 47\% compared to traditional fair schedulers.",Proceedings of the 20th International Middleware Conference,280–292,13,"approximate computing, scheduling, utility-aware scheduling","Davis, CA, USA",Middleware '19,,"New York, NY, USA",,,,,
acm-20260429,inproceedings,10.1145/3365438.3410951,"Song, Hui and Dautov, Rustem and Ferry, Nicolas and Solberg, Arnor and Fleurey, Franck",Model-based fleet deployment of edge computing applications,2020,9781450370196,Association for Computing Machinery,https://doi.org/10.1145/3365438.3410951,10.1145/3365438.3410951,"Edge computing brings software in close proximity to end users and IoT devices. Given the increasing number of distributed Edge devices with various contexts, as well as the widely adopted continuous delivery practices, software developers need to maintain multiple application versions and frequently (re-)deploy them to a fleet of many devices with respect to their contexts. Doing this correctly and efficiently goes beyond manual capabilities and requires employing an intelligent and reliable automated approach. Accordingly this paper describes a joint research with a Smart Healthcare application provider on a model-based approach to automatically assigning multiple software deployments to hundreds of Edge gateways. From a Platform-Specific Model obtained from the existing Edge computing platform, we extract a Platform-Independent Model that describes a list of target devices and a pool of available deployments. Next, we use constraint solving to automatically assign deployments to devices at once, given their specific contexts. The resulting solution is transformed back to the PSM as to proceed with software deployment accordingly. We validate the approach with a Fleet Deployment prototype integrated into the DevOps toolchain currently used by the application provider. Initial experiments demonstrate the viability of the approach and its usefulness in supporting DevOps in Edge computing applications.",Proceedings of the 23rd ACM/IEEE International Conference on Model Driven Engineering Languages and Systems,132–142,11,"DevOps, IoT, device fleet, model-based software engineering, software deployment","Virtual Event, Canada",MODELS '20,,"New York, NY, USA",,,,,
acm-20260429,inproceedings,10.1145/3368089.3409675,"Siegmund, Norbert and Ruckel, Nicolai and Siegmund, Janet",Dimensions of software configuration: on the configuration context in modern software development,2020,9781450370431,Association for Computing Machinery,https://doi.org/10.1145/3368089.3409675,10.1145/3368089.3409675,"With the rise of containerization, cloud development, and continuous integration and delivery, configuration has become an essential aspect not only to tailor software to user requirements, but also to configure a software system’s environment and infrastructure. This heterogeneity of activities, domains, and processes blurs the term configuration, as it is not clear anymore what tasks, artifacts, or stakeholders are involved and intertwined. However, each re- search study and each paper involving configuration places their contributions and findings in a certain context without making the context explicit. This makes it difficult to compare findings, translate them to practice, and to generalize the results. Thus, we set out to evaluate whether these different views on configuration are really distinct or can be summarized under a common umbrella. By interviewing practitioners from different domains and in different roles about the aspects of configuration and by analyzing two qualitative studies in similar areas, we derive a model of configuration that provides terminology and context for research studies, identifies new research opportunities, and allows practitioners to spot possible challenges in their current tasks. Although our interviewees have a clear view about configuration, it substantially differs due to their personal experience and role. This indicates that the term configuration might be overloaded. However, when taking a closer look, we see the interconnections and dependencies among all views, arriving at the conclusion that we need to start considering the entire spectrum of dimensions of configuration.",Proceedings of the 28th ACM Joint Meeting on European Software Engineering Conference and Symposium on the Foundations of Software Engineering,338–349,12,"variability, developer study, configuration management and life cycle, Dimensions of software configuration","Virtual Event, USA",ESEC/FSE 2020,,"New York, NY, USA",,,,,
acm-20260429,inproceedings,10.1145/3368089.3417068,"Zhang, He and Huang, Huang and Shao, Dong and Huang, Xin",Fireteam: a small-team development practice in industry,2020,9781450370431,Association for Computing Machinery,https://doi.org/10.1145/3368089.3417068,10.1145/3368089.3417068,"Software development is a collective undertaking, and the team’s efficiency is critical in development. In order to reduce project management overheads and improve productivity, a global information and communication technology enterprise institutionalizes an organization wide small-team practice, called fireteams, to tackle the problems arising from human and social aspects, such as amicability, talent, skill, and communications. This paper reports a mixed-method research, which combines archive analysis, interviews and survey, to empirically investigate the characteristics and impacts of fireteam in this industrial setting. We identify three categories of fireteam in terms of its demonstrated characteristics: ordinary agile team with extensions, single-function team, and entire life-cycle team; elaborate four key activities of fireteam, i.e. team formation, maintenance, communication, and meeting. Less communication and management overheads, higher agility \&amp; concurrency, and improved personal ability are the three important contributors that increase the productivity of fireteams. Whereas management \&amp; leadership effort, divergent understanding of fireteam, and self-organized team are discovered as the three major problems associated with fireteams. Although the benefits of fireteam can be observed from its adoption, this practice does not achieve the enterprise’s anticipations very well. Some considerations and recommendations are also discussed to improve this small-team practice.",Proceedings of the 28th ACM Joint Meeting on European Software Engineering Conference and Symposium on the Foundations of Software Engineering,1365–1375,11,"Fireteam, agile methods, interview, software project management, survey, teamwork","Virtual Event, USA",ESEC/FSE 2020,,"New York, NY, USA",,,,,
acm-20260429,inproceedings,10.1145/3368235.3368838,"Harsh, Piyush and Ribera Laszkowski, Juan Francisco and Edmonds, Andy and Quang Thanh, Tran and Pauls, Michael and Vlaskovski, Radoslav and Avila-Garc\'{\i}a, Orlando and Pages, Enric and Gort\'{a}zar Bellas, Francisco and Gallego Carrillo, Micael",Cloud Enablers For Testing Large-Scale Distributed Applications,2019,9781450370448,Association for Computing Machinery,https://doi.org/10.1145/3368235.3368838,10.1145/3368235.3368838,"Testing large-scale distributed systems (also known as testing in the large) is a challenge that spreads across different technical domains and areas of expertise. Current methods and tools provide some minimal guarantees in relation to the correctness of their functional properties and have serious limitations when evaluating their extra-functional properties in realistic conditions, such as scalability, availability and performance efficiency. Cloud Testing and more specifically ""testing in the cloud'' has arisen to tackle those challenges. In this new paradigm, cloud-based environment and infrastructure are used to run realistic end-to-end and/or system-level tests, collect test data and analyse them. In this paper we present a set of cloud-native services to take from the tester the responsibility of managing the resources and complementary services required to simulate realistic operational conditions and production environments. Specifically, they provide cloud testing capabilities such as logs and measurements collection from both testing jobs and system under test; test data analytics and visualization; provisioning and operation of additional services and processes to replicate realistic production ecosystems; support to scalability and diversity of underlying testing infrastructure; and replication of the operational conditions of the software under test through its instrumentation. We present the architecture of the cloud testing solution and the detailed design of each of the services; we also evaluate their relative contribution to satisfy different needs in the context of test execution.",Proceedings of the 12th IEEE/ACM International Conference on Utility and Cloud Computing Companion,35–42,8,"cloud testing, continuous integration, continuous testing, large-scale distributed systems, reliability, scalability, testing","Auckland, New Zealand",UCC '19 Companion,,"New York, NY, USA",,,,,
acm-20260429,inproceedings,10.1145/3373376.3378470,"Williams-King, David and Kobayashi, Hidenori and Williams-King, Kent and Patterson, Graham and Spano, Frank and Wu, Yu Jian and Yang, Junfeng and Kemerlis, Vasileios P.",Egalito: Layout-Agnostic Binary Recompilation,2020,9781450371025,Association for Computing Machinery,https://doi.org/10.1145/3373376.3378470,10.1145/3373376.3378470,"For comprehensive analysis of all executable code, and fast turn-around time for transformations, it is essential to operate directly on binaries to enable profiling, security hardening, and architectural adaptation. Disassembling binaries is difficult, and prior work relies on a process virtual machine to translate references on the fly or inefficient binary code patching. Our Egalito recompiler leverages metadata present in current stripped x86_64 and ARM64 binaries to generate a complete disassembly, and allows arbitrary modifications that may affect program layout without any constraints from the original binary. We utilize our own layout-agnostic intermediate representation, which is low-level enough to make the regeneration of output code predictable, yet supports a dual high-level representation for sophisticated analysis. We demonstrate nine binary tools including a novel continuous code randomization technique where Egalito transforms itself, and software emulation of the control-flow integrity in upcoming hardware. We evaluated Egalito on a large set of Debian packages, completely analyzing 99.9\% of a selection of 867 executables and libraries; a majority of 149 applicable Debian packages pass all tests under Egalito. On SPEC CPU 2006, thanks to our binary optimizations, Egalito actually observes a 1.7\% performance speedup.",Proceedings of the Twenty-Fifth International Conference on Architectural Support for Programming Languages and Operating Systems,133–147,15,"application security, binary analysis, binary rewriting, recompilation, software hardening","Lausanne, Switzerland",ASPLOS '20,,"New York, NY, USA",,,,,
acm-20260429,inproceedings,10.1145/3377811.3380336,"Zhang, He and Zhou, Xin and Huang, Xin and Huang, Huang and Babar, Muhammad Ali",An evidence-based inquiry into the use of grey literature in software engineering,2020,9781450371216,Association for Computing Machinery,https://doi.org/10.1145/3377811.3380336,10.1145/3377811.3380336,"Context: Following on other scientific disciplines, such as health sciences, the use of Grey Literature (GL) has become widespread in Software Engineering (SE) research. Whilst the number of papers incorporating GL in SE is increasing, there is little empirically known about different aspects of the use of GL in SE research.Method: We used a mixed-methods approach for this research. We carried out a Systematic Literature Review (SLR) of the use of GL in SE, and surveyed the authors of the selected papers included in the SLR (as GL users) and the invited experts in SE community on the use of GL in SE research. Results: We systematically selected and reviewed 102 SE secondary studies that incorporate GL in SE research, from which we identified two groups based on their reporting: 1) 76 reviews only claim their use of GL; 2) 26 reviews report the results by including GL. We also obtained 20 replies from the GL users and 24 replies from the invited SE experts. Conclusion: There is no common understanding of the meaning of GL in SE. Researchers define the scopes and the definitions of GL in a variety of ways. We found five main reasons of using GL in SE research. The findings have enabled us to propose a conceptual model for how GL works in SE research lifecycle. There is an apparent need for research to develop guidelines for using GL in SE and for assessing quality of GL. The current work can provide a panorama of the state-of-the-art of using GL in SE for the follow-up research, as to determine the important position of GL in SE research.",Proceedings of the ACM/IEEE 42nd International Conference on Software Engineering,1422–1434,13,"empirical software engineering, evidence-based software engineering, grey literature, survey, systematic (literature) review","Seoul, South Korea",ICSE '20,,"New York, NY, USA",,,,,
acm-20260429,inproceedings,10.1145/3378891.3378899,"Ismail, Bukhary Ikhwan and Khalid, Mohammad Fairus and Kandan, Rajendar and Hoe, Ong Hong",On-Premise AI Platform: From DC to Edge,2020,9781450365130,Association for Computing Machinery,https://doi.org/10.1145/3378891.3378899,10.1145/3378891.3378899,"Artificial Intelligence (AI) is powering everything from devices, applications and services. Machine learning a branch of AI requires powerful infrastructure platform to do training and to serve the AI model. In this paper, we share our blueprint to build and host internal on-premise AI platform. We make use of our existing services such as private cloud, distributed storage, unified authentication platform, and build the AI platform on top of it. We discuss the requirements gathered from user, the technologies to make it possible, implementation and lesson learned from hosting it internally. Based on our evaluation, based on specific need, it is economical and viable option to host on-premise AI Platform.",Proceedings of the 2019 2nd International Conference on Robot Systems and Applications,40–45,6,"machine learning, edge computing, distributed computing, artificial intelligence, Kubernetes, AI","Moscow, Russian Federation",ICRSA '19,,"New York, NY, USA",,,,,
acm-20260429,inproceedings,10.1145/3382494.3410679,"Lie, Martin Forsberg and S\'{a}nchez-Gord\'{o}n, Mary and Colomo-Palacios, Ricardo",DevOps in an ISO 13485 Regulated Environment: A Multivocal Literature Review,2020,9781450375801,Association for Computing Machinery,https://doi.org/10.1145/3382494.3410679,10.1145/3382494.3410679,"Background: Medical device development projects must follow proper directives and regulations to be able to market and sell the end-product in their respective territories. The regulations describe requirements that seem to be opposite to efficient software development and short time-to-market. As agile approaches, like DevOps, are becoming more and more popular in software industry, a discrepancy between these modern methods and traditional regulated development has been reported. Although examples of successful adoption in this context exist, the research is sparse. Aims: The objective of this study is twofold: to review the current state of DevOps adoption in regulated medical device environment; and to propose a checklist based on that review for introducing DevOps in that context. Method: A multivocal literature review is performed and evidence is synthesized from sources published between 2015 to March of 2020 to capture the opinions of experts and community in this field. Results: Our findings reveal that adoption of DevOps in a regulated medical device environment such as ISO 13485 has its challenges, but potential benefits may outweigh those in areas such as regulatory, compliance, security, organizational and technical. Conclusion: DevOps for regulated medical device environments is a highly appealing approach as compared to traditional methods and could be particularly suited for regulated medical development. However, an organization must properly anchor a transition to DevOps in top-level management and be supportive in the initial phase utilizing professional coaching and space for iterative learning; as such an initiative is a complex organizational and technical task.",Proceedings of the 14th ACM / IEEE International Symposium on Empirical Software Engineering and Measurement (ESEM),,11,"DevOps, ISO 13485, Medical device software development, Multivocal Literature Review","Bari, Italy",ESEM '20,9,"New York, NY, USA",,,,,
acm-20260429,inproceedings,10.1145/3383219.3383245,"Behutiye, Woubshet and Sepp\""{a}nen, Pertti and Rodr\'{\i}guez, Pilar and Oivo, Markku",Documentation of Quality Requirements in Agile Software Development,2020,9781450377317,Association for Computing Machinery,https://doi.org/10.1145/3383219.3383245,10.1145/3383219.3383245,"Context: Quality requirements (QRs) have a significant role in the success of software projects. In agile software development (ASD), where working software is valued over comprehensive documentation, QRs are often under-specified or not documented. Consequently, they may be handled improperly and result in degraded software quality and increased maintenance costs. Investigating the documentation of QRs in ASD, would provide evidence on existing practices, tools and aspects considered in ASD that other practitioners might utilize to improve documentation and management of QRs in ASD. Although there are some studies examining documentation in ASD, those that specifically investigate the documentation of QRs in depth are lacking.Method: we conducted a multiple case study by interviewing 15 practitioners of four ASD cases, to provide empirical evidence on documentation of QRs in ASD. We also run workshops with two of the cases, to identify important aspects that ASD practitioners consider when documenting QRs in requirements management repositories.Result and conclusions: ASD companies approach documentation of QRs to fit the needs of their context. They used tools, backlogs, iterative prototypes, and artifacts such as epic, and stories to document QRs, or utilized face-face communication without documenting QRs. We observed that documentation of QRs in ASD is affected by factors such as context (e.g. product domain, and size) and the experience of practitioners. Some tools used to document QRs also enhanced customer collaboration, enabling customers report and document QRs. Aspects such as levels of abstraction, the traceability of QRs, optimal details of information of QRs and verification and validation are deemed important when documenting QRs in ASD requirements management repositories.",Proceedings of the 24th International Conference on Evaluation and Assessment in Software Engineering,250–259,10,"Quality requirement, agile software development, documentation, non-functional requirements","Trondheim, Norway",EASE '20,,"New York, NY, USA",,,,,
acm-20260429,inproceedings,10.1145/3383219.3383276,"Li, Shanshan and Xu, Qianwen and Hou, Peiyu and Chen, Xiudi and Wang, Yanze and Zhang, He and Rong, Guoping",Exploring the Challenges of Developing and Operating Consortium Blockchains: A Case Study,2020,9781450377317,Association for Computing Machinery,https://doi.org/10.1145/3383219.3383276,10.1145/3383219.3383276,"Blockchain and smart contracts are being embraced by more and more industrial practitioners in multiple domains including agriculture, manufacturing, and healthcare. As a distributed, immutable, and partly public ledger, the consortium blockchain demonstrates its potential to enable trustworthy interoperability and collaboration between organizations. However, the mismatch between the unruled software engineering practices and the increased interest of the consortium blockchain technology may pose threats to the quality of systems implemented. To mitigate the possible threats, this study takes the angle of software engineering to systematically understand the challenges and possible solutions in terms of developing and operating a consortium blockchain-based system. For this purpose, we conducted a case study on a typical consortium blockchain-based system and exhaustively collected the data by two rounds in-depth interviews on practitioners of different roles in the case project. Based on the data analysis, eight pairs of challenges and potential solutions were identified, which cover the phases of the development and operation of consortium blockchains. Moreover, we also captured two implications after further analysis of the findings, which worth the special attention of researchers in the near future, i.e. DevOps and microservices for blockchain or smart contracts.",Proceedings of the 24th International Conference on Evaluation and Assessment in Software Engineering,398–404,7,"Consortium blockchain, DevOps, microservices, smart contracts","Trondheim, Norway",EASE '20,,"New York, NY, USA",,,,,
acm-20260429,inproceedings,10.1145/3383219.3383292,"Alenezi, Mamdouh and Basit, Hamid Abdul and Khan, Faraz Idris and Beg, Maham Anwar",A Comparison Study of Available Sofware Security Ontologies,2020,9781450377317,Association for Computing Machinery,https://doi.org/10.1145/3383219.3383292,10.1145/3383219.3383292,"A rising number of software and services malfunctioning due to security flaws has increased the importance of software security and resulted in numerous knowledge sources of the domain. Building secure software systems require the understanding and extraction of the available knowledge, and a standard knowledge management platform is needed. Ontologies form an integral part of knowledge management platforms as they capture and structure the given knowledge. Various software security ontologies have been proposed previously, either stand-alone or as part of some bigger ontology like a computer or information security. However, these ontologies do not cover the entire domain and cannot be used as a standard ontology for software security in its current form. In this paper, we have identified and evaluated the existing ontologies that specifically capture software security knowledge, both qualitatively and quantitatively with the help of ontology evaluation tools, in order to select the best ontology that can be extended to prepare the standard ontology for the software security domain.",Proceedings of the 24th International Conference on Evaluation and Assessment in Software Engineering,499–504,6,"Software Security Knowledge Management, Software Security, Software Quality Management, Software Quality Assurance, Security Ontology","Trondheim, Norway",EASE '20,,"New York, NY, USA",,,,,
acm-20260429,inproceedings,10.1145/3387940.3391455,"Leite, Leonardo and Kon, Fabio and Pinto, Gustavo and Meirelles, Paulo",Platform Teams: An Organizational Structure for Continuous Delivery,2020,9781450379632,Association for Computing Machinery,https://doi.org/10.1145/3387940.3391455,10.1145/3387940.3391455,"Software-producing organizations are seeking to release faster and more efficiently new versions of their products to their customers to remain competitive in the fierce software market. Continuous delivery practices arise as a potential solution since every commit to the repository could result in a production-candidate version of a product, accelerating time to market, and improving customer satisfaction. In this work, we employed Grounded Theory to investigate how organizations pursuing continuous delivery should organize their development and operations teams. We collected data from 27 IT professionals. After a careful analysis, we started the elaboration of a taxonomy with four patterns of organizational structures: (1) siloed departments, (2) classical DevOps, (3) cross-functional teams, and (4) platform teams. We observed that the platform team structure is the most distinctive classification of our taxonomy, and it has promising results regarding delivery performance. Some relevant aspects we found out about platform teams include: infrastructure specialists need coding skills; product teams have to operate their business services; and much of the non-functional concerns are handled by the platform, alleviating product teams.",Proceedings of the IEEE/ACM 42nd International Conference on Software Engineering Workshops,505–511,7,"Continuous Delivery, DevOps, Release Process, Software Teams","Seoul, Republic of Korea",ICSEW'20,,"New York, NY, USA",,,,,
acm-20260429,inproceedings,10.1145/3388984.3390649,"Babenko, V V and Golchevskiy, Yu V and Yermolenko, A V",The strategy of development of educational programs connected with IT in the regional educational institutions,2020,9781450375306,Association for Computing Machinery,https://doi.org/10.1145/3388984.3390649,10.1145/3388984.3390649,"The development of the digital economy is closely related to the training of IT specialists. The paper presents the views of the authors, who are the heads of IT educational programs, on some features of the educational process development: emphasis on analytical work, orientation on skills demanded by the digital economy, vectors of education. On the basis of the presented SWOT analysis, the main provisions of the development strategy for the regional IT institutions were formulated. These includes enhancing their role in the life of the region, active interaction with professional associations of employers or participation in their organization in the region, usage of individual training programs, focusing on national and international professional standards, strengthening of skills related to the economy, management, networking with other universities.",Proceedings of the III International Scientific and Practical Conference,,4,,"Saint Petersburg, Russia",DEFIN '20,38,"New York, NY, USA",,,,,
acm-20260429,inproceedings,10.1145/3404555.3404565,"Lee, Chun-Hsiang and Li, Zhaofeng and Lu, Xu and Chen, Tiyun and Yang, Saisai and Wu, Chao",Multi-Tenant Machine Learning Platform Based on Kubernetes,2020,9781450377089,Association for Computing Machinery,https://doi.org/10.1145/3404555.3404565,10.1145/3404555.3404565,"In this paper, we propose a flexible and scalable machine learning architecture based on Kubernetes that can support simultaneous use by huge numbers of users. Its utilization of computing resources is superior to virtual-machine-based architectures because of its container-level resource isolation and highperformance orchestration mechanism. We also describe the implementation of several important features that are designed to simplify the entire modeling lifecycle for machine learning developers. Real case studies for machine learning model development are presented that demonstrates the effectiveness of the platform in reducing the barriers to machine learning.",Proceedings of the 2020 6th International Conference on Computing and Artificial Intelligence,5–12,8,"Cloud-native, kubernetes, machine learning platform","Tianjin, China",ICCAI '20,,"New York, NY, USA",,,,,
acm-20260429,inproceedings,10.1145/3404983.3405587,"Krout, Kelly and Carrascal, Juan Pablo and Lowdermilk, Travis",Lean UX research at scale: a case study,2020,9781450375405,Association for Computing Machinery,https://doi.org/10.1145/3404983.3405587,10.1145/3404983.3405587,"In recent years, as technology engineering production and release cycles have sped up, user experience (UX) research practices have correspondingly become more Lean to best match those cycles. On top of that, the increasing interest in incorporating user feedback into product development keeps pushing the limit of resources that UX research teams can allocate. Is this seemingly unstoppable appetite for user insights sustainable? How can UX researchers properly support their product teams' growing needs? We argue that, to be successful at scaling up Lean UX research, product teams need to become active actors in the process, while researchers need to use their expertise to provide guidance and training as required. As an example of this approach, we describe our experience organizing ""Developer Day"", a yearly event aimed at scaling up the Lean UX research practices of Microsoft's Developer Division. Developer Day has also extended the reach of the division's UX Research team for impacting decisions about the company's software developer tools and services.",Proceedings of Mensch Und Computer 2020,53–59,7,"user research, usability, lean UX, large scale, UX research","Magdeburg, Germany",MuC '20,,"New York, NY, USA",,,,,
acm-20260429,inproceedings,10.1145/3407023.3409228,"Protopsaltis, Antonis and Sarigiannidis, Panagiotis and Margounakis, Dimitrios and Lytos, Anastasios","Data visualization in internet of things: tools, methodologies, and challenges",2020,9781450388337,Association for Computing Machinery,https://doi.org/10.1145/3407023.3409228,10.1145/3407023.3409228,"As the Internet of Things (IoT) grows rapidly, huge amounts of wireless sensor networks emerged monitoring a wide range of infrastructure, in various domains such as healthcare, energy, transportation, smart city, building automation, agriculture, and industry producing continuously streamlines of data. Big Data technologies play a significant role within IoT processes, as visual analytics tools, generating valuable knowledge in real-time in order to support critical decision making. This paper provides a comprehensive survey of visualization methods, tools, and techniques for the IoT. We position data visualization inside the visual analytics process by reviewing the visual analytics pipeline. We provide a study of various chart types available for data visualization and analyze rules for employing each one of them, taking into account the special conditions of the particular use case. We further examine some of the most promising visualization tools. Since each IoT domain is isolated in terms of Big Data approaches, we investigate visualization issues in each domain. Additionally, we review visualization methods oriented to anomaly detection. Finally, we provide an overview of the major challenges in IoT visualizations.","Proceedings of the 15th International Conference on Availability, Reliability and Security",,11,"Internet of Things (IoT), anomaly detection, big data, data visualization","Virtual Event, Ireland",ARES '20,110,"New York, NY, USA",,,,,
acm-20260429,inproceedings,10.1145/3412841.3441894,"Gartziandia, Aitor and Arrieta, Aitor and Agirre, Aitor and Sagardui, Goiuria and Arratibel, Maite",Using regression learners to predict performance problems on software updates: a case study on elevators dispatching algorithms,2021,9781450381048,Association for Computing Machinery,https://doi.org/10.1145/3412841.3441894,10.1145/3412841.3441894,"Remote software deployment and updating has long been commonplace in many different fields, but now, the increasing expansion of IoT and CPSoS (Cyber-Physcal System of Systems) has highlighted the need for additional mechanisms in these systems, to ensure the correct behaviour of the deployed software version after deployment. In this sense, this paper investigates the use of Machine Learning algorithms to predict acceptable behaviour in system performance of a new software release. By monitoring the real performance, eventual unexpected problems can be identified. Based on previous knowledge and actual run-time information, the proposed approach predicts the response time that can be considered acceptable for the new software release, and this information is used to identify problematic releases. The mechanism has been applied to the post-deployment monitoring of traffic algorithms in elevator systems. To evaluate the approach, we have used performance mutation testing, obtaining good results. This paper makes two contributions. First, it proposes several regression learners that have been trained with different types of traffic profiles to efficiently predict response time of the traffic dispatching algorithm. This prediction is then compared with the actual response time of the new algorithm release, and provides a verdict about its performance. Secondly, a comparison of the different learners is performed.",Proceedings of the 36th Annual ACM Symposium on Applied Computing,135–144,10,"cyber-physical systems, machine learning, performance bugs","Virtual Event, Republic of Korea",SAC '21,,"New York, NY, USA",,,,,
acm-20260429,inproceedings,10.1145/3417990.3420194,"Piedade, Bruno and Dias, Jo\~{a}o Pedro and Correia, Filipe F.",An empirical study on visual programming docker compose configurations,2020,9781450381352,Association for Computing Machinery,https://doi.org/10.1145/3417990.3420194,10.1145/3417990.3420194,"Infrastructure-as-Code tools, such as Docker and Docker Compose, play a crucial role in the development and orchestration of cloud-native and at-scale software. However, as IaC relies mostly on the development of text-only specifications, these are prone to misconfigurations and hard to debug. Several works suggest the use of models as a way to abstract their complexity, and some point to the use of visual metaphors. Yet, few empirical studies exist in this domain. We propose a visual programming notation and environment for specifying Docker Compose configurations and proceed to empirically validate its merits when compared with the standard text-only specification. The goal of this work is to produce evidence of the impact that visual approaches may have on the development of IaC. We observe that the use of our solution reduced the development time and error proneness, primarily for configurations definition activities. We also observed a preference for the approach in terms of ease of use, a positive sentiment of its usefulness and intention to use.",Proceedings of the 23rd ACM/IEEE International Conference on Model Driven Engineering Languages and Systems: Companion Proceedings,,10,"docker, docker compose, orchestration, visual programming","Virtual Event, Canada",MODELS '20,60,"New York, NY, USA",,,,,
acm-20260429,inproceedings,10.1145/3417990.3420204,"Khorram, Faezeh and Mottu, Jean-Marie and Suny\'{e}, Gerson",Challenges \&amp; opportunities in low-code testing,2020,9781450381352,Association for Computing Machinery,https://doi.org/10.1145/3417990.3420204,10.1145/3417990.3420204,"Low-code is a growing development approach supported by many platforms. It fills the gap between business and IT by supporting the active involvement of non-technical domain experts, named Citizen Developer, in the application development lifecycle.Low-code introduces new concepts and characteristics. However, it is not investigated yet in academic research to point out the existing challenges and opportunities when testing low-code software. This shortage of resources motivates this research to provide an explicit definition to this area that we call it Low-Code Testing.In this paper, we initially conduct an analysis of the testing components of five commercial Low-Code Development Platforms (LCDP) to present low-code testing advancements from a business point of view. Based on the low-code principles as well as the result of our analysis, we propose a feature list for low-code testing along with possible values for them. This feature list can be used as a baseline for comparing low-code testing components and as a guideline for building new ones. Accordingly, we specify the status of the testing components of investigated LCDPs based on the proposed features. Finally, the challenges of low-code testing are introduced considering three concerns: the role of citizen developer in testing, the need for high-level test automation, and cloud testing. We provide references to the state-of-the-art to specify the difficulties and opportunities from an academic perspective. The results of this research can be used as a starting point for future research in low-code testing area.",Proceedings of the 23rd ACM/IEEE International Conference on Model Driven Engineering Languages and Systems: Companion Proceedings,,10,"citizen developer, low-code, low-code development platform, testing","Virtual Event, Canada",MODELS '20,70,"New York, NY, USA",,,,,
acm-20260429,inproceedings,10.1145/3417990.3421446,"Hugues, Jerome and Hristosov, Anton and Hudak, John J. and Yankel, Joe",TwinOps - DevOps meets model-based engineering and digital twins for the engineering of CPS,2020,9781450381352,Association for Computing Machinery,https://doi.org/10.1145/3417990.3421446,10.1145/3417990.3421446,"The engineering of Cyber-Physical Systems (CPS) requires a large set of expertise to capture the system requirements and to derive a correct solution. Model-based Engineering and DevOps aim to efficiently deliver software with increased quality. Model-based Engineering relies on models as first-class artifacts to analyze, simulate, and ultimately generate parts of a system. DevOps focuses on software engineering activities, from early development to integration, and then improvement through the monitoring of the system at run-time. We claim these can be efficiently combined to improve the engineering process of CPS.In this paper, we present TwinOps, a process that unifies Model-based Engineering, Digital Twins, and DevOps practice in a uniform workflow. TwinOps illustrates how to leverage several best practices in MBE and DevOps for the engineering Cyber-Physical systems. We illustrate our contribution using a Digital Twins case study to illustrate TwinOps benefits, combining AADL and Modelica models, and an IoT platform.",Proceedings of the 23rd ACM/IEEE International Conference on Model Driven Engineering Languages and Systems: Companion Proceedings,,5,,"Virtual Event, Canada",MODELS '20,94,"New York, NY, USA",,,,,
acm-20260429,inproceedings,10.1145/3418094.3418102,"Br\r{u}ha, Petr and Mou\v{c}ek, Roman and Volf, P. and \v{S}ime\v{c}kov\'{a}, L. and \v{S}\v{t}\'{a}va, O.",On Architecture of BodyInNumbers Exercise and Wellness Health Strategy Framework,2020,9781450377768,Association for Computing Machinery,https://doi.org/10.1145/3418094.3418102,10.1145/3418094.3418102,"They are many risk factors decreasing overall human physical and cognitive performance and increasing incidence of chronic diseases. It is very beneficial for any society to map, discuss and cope with these factors. This can be supported and evaluated by designing, developing, testing and using suitable self-management health systems. One of these systems is the BodyInNumbers exercise and wellness health strategy framework that allows experimenters to collect various heterogeneous health related data in a highly organized and efficient way. Thanks to its success and daily use, new requirements related to better security, scalability and maintainability of its architecture have emerged. The aim of this work is to present advances and changes in the architecture of the BodyInNumbers health strategy framework mainly focusing on new definition of user roles, optimization of the system deployment, and orchestration of the system components. As a proof of concept, a Kubernetes cluster prototype has been used to demonstrate the improved architectural solution.",Proceedings of the 4th International Conference on Medical and Health Informatics,145–149,5,"body in numbers software system, brain data, cognitive performance, data security, health information systems, health related data, physical performance, software architecture","Kamakura City, Japan",ICMHI '20,,"New York, NY, USA",,,,,
acm-20260429,inproceedings,10.1145/3421537.3421539,"Sharif, Muddsair and Janto, Skowronek and Lueckemeyer, Gero",COaaS: Continuous Integration and Delivery framework for HPC using Gitlab-Runner,2020,9781450375504,Association for Computing Machinery,https://doi.org/10.1145/3421537.3421539,10.1145/3421537.3421539,"To quickly and securely deploy the latest version of hardware and software resources, DevOps communities use continuous delivery, continuous integration, and continuous deployment framework. This paper presents the methodology adopted by the m41ab team of the University of Applied Sciences to use the CI/CD framework in the development of workflows and shows the benefits that can be achieved using the CI/CD framework. Using High-Performance Computing (HPC) along with GitLab runners, we show that the use of Continuous Integration and Delivery framework can efficiently overcome software management challenges even without knowing much about HPC. We present our CI/CD infrastructure deployed for the transfer portal for m41ab, and explain how Gitlab-Runner allows end-user to adapt the environment to use HPC for computation diligently. The research, by use-case, shows the way forward to use the m41ab transfer portal for developing and maintaining the computing resources. Similarly traditional software, HPC software management is a complicated process that shares a number of objectives with enterprise-scale software development which obliges trustworthy updates and validation on a hard deadline.",Proceedings of the 2020 4th International Conference on Big Data and Internet of Things,54–58,5,"software builds, software automation, simstadt, continuous integration (CI), continuous deployment (CD), continuous delivery (CD), containers, Message Passing Interface (MPI), M4LAB, High Performance Computing (HPC)","Singapore, Singapore",BDIOT '20,,"New York, NY, USA",,,,,
acm-20260429,inproceedings,10.1145/3425269.3425277,"Costa, Diego Ivo Campos and Filho, Eduardo Pereira e Silva and Silva, Reginaldo Florencio da and de C. Quaresma Gama, Thiago Dias and Cort\'{e}s, Mariela I.",Microservice Architecture: A Tertiary Study,2020,9781450387545,Association for Computing Machinery,https://doi.org/10.1145/3425269.3425277,10.1145/3425269.3425277,"Context. The large-scale use of microservices and their increasing adoption in the industry in recent years has motivated researches on the most diverse aspects related to microservice-based development. However, as it is a relatively new topic, there is still no consolidated body of knowledge in the area. Objective. The present work intends to investigate the current state of research on microservices based on the formulation of six research questions covering fundamental aspects, such as: main interest topics and adopted standards, techniques and tools have been used and application areas. Method. From four digital libraries, 22 secondary studies were selected as a data source, which were analyzed and synthesized in the present study following the proposed research protocol. Results. Among the main topics of interest addressed, we highlight researches related to the applicability of microservice architecture, both by industry and academia. Results indicated that standards focus on challenges related to communication have been the most commonly considered by researchers of the area. Finally, the predominance in the use of the Docker container and the presence of DevOps practices in the automation of operations are noteworthy. Conclusions. The present mapping study points to some directions of research based on the identified gaps, such as modeling and testing of microservice applications, and addressing security aspects. Another promising point to be explored involves the combined use of microservice architecture with other related concepts such as IoT, smart cities, FOG computing and reactive systems, in order to reinforce the use of microservices, as well as creating new solutions and challenges to be researched.","Proceedings of the 14th Brazilian Symposium on Software Components, Architectures, and Reuse",61–70,10,"Academia, Arquitetura de software, Industria, Mapeamento sistem\'{a}tico, Microsservi\c{c}os, Padr\~{o}es de arquitetura","Natal, Brazil",SBCARS '20,,"New York, NY, USA",,,,,
acm-20260429,inproceedings,10.1145/3427921.3450235,"Rouf, Yar and Mukherjee, Joydeep and Litoiu, Marin and Wigglesworth, Joe and Mateescu, Radu",A Framework for Developing DevOps Operation Automation in Clouds using Components-off-the-Shelf,2021,9781450381949,Association for Computing Machinery,https://doi.org/10.1145/3427921.3450235,10.1145/3427921.3450235,"DevOps is an emerging paradigm that integrates the development and operations teams to enable fast and efficient continuous delivery of software. Applications and services deployed on cloud platforms can benefit from implementing the DevOps practice. This involves using different tools for enabling end-to-end automation to ensure continuous deployment and maintain good Quality-of-Service. Self-Adaptive systems can support the DevOps process by automating service deployment and maintenance without manual intervention by employing a MAPE-K (Monitoring, Analysis, Planning, Execution- Knowledge) framework. While industrial MAPE-K tools are robust and built for production environments, they lack the flexibility to adapt large applications on multi-cloud environments. Academic models are more flexible and can be used to perform sophisticated self-adaption, but can lack the robustness to be used in production environments. In this paper, we present a MAPE-K framework that is built with existing Components-off-the-Shelf (COTS) that interacts with each other to perform self-adaptive actions on multi-cloud environments. By integrating existing COTS, we are able to deploy a MAPE-K framework efficiently to support DevOps for applications running on a multi-cloud environment. We validate our framework with a prototype implementation and demonstrate its practical feasibility by a detailed case study done on a real industrial platform.",Proceedings of the ACM/SPEC International Conference on Performance Engineering,265–276,12,"self-adaptive, multicloud, hybrid cloud, components-off-the-shelf, cloud, autonomous systems, DevOps","Virtual Event, France",ICPE '21,,"New York, NY, USA",,,,,
acm-20260429,inproceedings,10.1145/3427921.3450246,"Avritzer, Alberto and Britto, Ricardo and Trubiani, Catia and Russo, Barbara and Janes, Andrea and Camilli, Matteo and van Hoorn, Andr\'{e} and Heinrich, Robert and Rapp, Martina and Hen\ss{}, J\""{o}rg",A Multivariate Characterization and Detection of Software Performance Antipatterns,2021,9781450381949,Association for Computing Machinery,https://doi.org/10.1145/3427921.3450246,10.1145/3427921.3450246,"Context. Software Performance Antipatterns (SPAs) research has focused on algorithms for the characterization, detection, and solution of antipatterns. However, existing algorithms are based on the analysis of runtime behavior to detect trends on several monitored variables (e.g., response time, CPU utilization, and number of threads) using pre-defined thresholds. Objective. In this paper, we introduce a new approach for SPA characterization and detection designed to support continuous integration/delivery/deployment (CI/CDD) pipelines, with the goal of addressing the lack of computationally efficient algorithms.Method. Our approach includes SPA statistical characterization using a multivariate analysis approach of load testing experimental results to identify the services that have the largest impact on system scalability.More specifically, we introduce a layered decomposition approach that implements statistical analysis based on response time to characterize load testing experimental results. A distance function is used to match experimental results to SPAs.Results. We have instantiated the introduced methodology by applying it to a large complex telecom system. We were able to automatically identify the top five services that are scalability choke points. In addition, we were able to automatically identify one SPA. We have validated the engineering aspects of our methodology and the expected benefits by means of a domain experts' survey.Conclusion. We contribute to the state-of-the-art by introducing a novel approach to support computationally efficient SPA characterization and detection in large complex systems using performance testing results. We have compared the computational efficiency of the proposed approach with state-of-the-art heuristics. We have found that the approach introduced in this paper grows linearly, which is a significant improvement over existing techniques.",Proceedings of the ACM/SPEC International Conference on Performance Engineering,61–72,12,"software performance antipattern detection, software performance antipattern characterization, multivariate analysis","Virtual Event, France",ICPE '21,,"New York, NY, USA",,,,,
acm-20260429,inproceedings,10.1145/3430665.3456330,"Silvis-Cividjian, Natalia and Went, Marc and Jansma, Robert and Bonev, Viktor and Apostolov, Emil",Good Bug Hunting: Inspiring and Motivating Software Testing Novices,2021,9781450382144,Association for Computing Machinery,https://doi.org/10.1145/3430665.3456330,10.1145/3430665.3456330,"Although software testing is crucial in safeguarding our rapidly digitizing society against accidental and malefic threats, students often perceive it as an unattractive activity when compared to design or coding. A more abundant exposure to bugs and their impact can improve the situation. To test this radically new hypothesis, we developed VU-BugZoo, an interactive software testing learning platform. Built upon a repository of fault-seeded executables, the platform engages students and teachers in a dynamic bug-hunting experience. What counts the most in this game is the quality of the test strategy and fault diagnosis, rather than just the quantity of devised test cases. In this paper, we describe the VU-BugZoo web-application, developed using a stack of Vue.js and Python Flask, running in Docker containers. Next, we report on its first deployment in the midst of the COVID-19 pandemic, for a remote assessment of 50 graduate CS students enrolled in an introductory software testing course. Students' evaluations show that for novices, a 100\%-bug-guarantee, end-to-end testing challenge (1) makes learning more effective, (2) offers an adequate assessment instrument and (3) adds more excitement to an otherwise uninspiring chore. More research is needed to investigate the potential of our bug-centric approach to contribute to the hard mission of boosting students' interest in a testing career. We are currently extending the corpus of bugs with more fascinating and representative examples, and investigating code animation, automated grading and formative feedback generation. We intend to make the platform available for other software testing courses in academia and industry.",Proceedings of the 26th ACM Conference on Innovation and Technology in Computer Science Education V. 1,171–177,7,"COVID-19 pandemic, fault injection, remote assessment, software testing education","Virtual Event, Germany",ITiCSE '21,,"New York, NY, USA",,,,,
acm-20260429,inproceedings,10.1145/3433996.3434027,"Ding, Shifu and Liu, Yan and Zhang, Jianjun and Tan, Yaqi and Li, Xiaoxia and Tang, RuiChun",The Planning and Construction of Healthcare Big Data Platform,2020,9781450388641,Association for Computing Machinery,https://doi.org/10.1145/3433996.3434027,10.1145/3433996.3434027,"Healthcare Big Data Platform is the important content in the process of medical information industry. To a certain extent, it represents the overall level of the regional informatization. It is also a data exchange and sharing platform connecting the basic systems of local various medical and health institutions, and it is also the base and carrier to integrate the regional information system. This paper introduces the local regional medical informatization construction, planning architecture, data center construction mode and technical realization methods. Through this project, the informatization level of basic health agencies and all hospitals will have been greatly improved. It can provide more convenient and high-quality medical service for patients, alleviates ""difficulty and expensive"" problem effectively.",Proceedings of the 2020 Conference on Artificial Intelligence and Healthcare,170–176,7,"Big Data, EMR, Electronic Health Record, Healthcare, SOA","Taiyuan, China",CAIH2020,,"New York, NY, USA",,,,,
acm-20260429,inproceedings,10.1145/3437359.3465565,"Hancock, David Y. and Fischer, Jeremy and Lowe, John Michael and Snapp-Childs, Winona and Pierce, Marlon and Marru, Suresh and Coulter, J. Eric and Vaughn, Matthew and Beck, Brian and Merchant, Nirav and Skidmore, Edwin and Jacobs, Gwen",Jetstream2: Accelerating cloud computing via Jetstream,2021,9781450382922,Association for Computing Machinery,https://doi.org/10.1145/3437359.3465565,10.1145/3437359.3465565,"Jetstream2 will be a category I production cloud resource that is part of the National Science Foundation’s Innovative HPC Program. The project’s aim is to accelerate science and engineering by providing “on-demand” programmable infrastructure built around a core system at Indiana University and four regional sites. Jetstream2 is an evolution of the Jetstream platform, which functions primarily as an Infrastructure-as-a-Service cloud. The lessons learned in cloud architecture, distributed storage, and container orchestration have inspired changes in both hardware and software for Jetstream2. These lessons have wide implications as institutions converge HPC and cloud technology while building on prior work when deploying their own cloud environments. Jetstream2’s next-generation hardware, robust open-source software, and enhanced virtualization will provide a significant platform to further cloud adoption within the US research and education communities.",Practice and Experience in Advanced Research Computing 2021: Evolution Across All Dimensions,,8,"cloud computing, computer architecture, computer interfaces, containers, orchestration","Boston, MA, USA",PEARC '21,11,"New York, NY, USA",,,,,
acm-20260429,inproceedings,10.1145/3437378.3444366,"Buzachis, Alina and Boruta, Daiana and Villari, Massimo and Spillner, Josef",Modeling and Emulation of an Osmotic Computing Ecosystem using OsmoticToolkit,2021,9781450389563,Association for Computing Machinery,https://doi.org/10.1145/3437378.3444366,10.1145/3437378.3444366,"Digital services are increasingly becoming cyber-physical and osmotic, combining Cloud resources with Fog, Edge, and IoT devices. This trend can be observed in the e-health domain or in smart city applications where the location of software deployments and data processing matters. Before such applications go live, careful planning with real system emulation is necessary. We claim that the OsmoticToolkit, although in the early stages, is the first emulation environment designed to address this challenge. In this paper, we introduce the emulator’s functionalities and validate experimentally with an e-health scenario, using a reference deployment of a microservice-based hospital application. The experimental results carried out show its effectiveness providing valuable support for understanding the impact on resources, workloads, and Quality of Service requirements within Cloud-Edge/Fog-IoT scenarios while preserving the users’ Service Level Agreements (SLAs).",Proceedings of the 2021 Australasian Computer Science Week Multiconference,,9,"SDN, Osmotic Computing, Orchestration, Microservices, Emulation, Deployment, Cloud Computing","Dunedin, New Zealand",ACSW '21,9,"New York, NY, USA",,,,,
acm-20260429,inproceedings,10.1145/3437378.3444367,"Aslanpour, Mohammad S. and Toosi, Adel N. and Cicconetti, Claudio and Javadi, Bahman and Sbarski, Peter and Taibi, Davide and Assuncao, Marcos and Gill, Sukhpal Singh and Gaire, Raj and Dustdar, Schahram",Serverless Edge Computing: Vision and Challenges,2021,9781450389563,Association for Computing Machinery,https://doi.org/10.1145/3437378.3444367,10.1145/3437378.3444367,"Born from a need for a pure “pay-per-use” model and highly scalable platform, the “Serverless” paradigm emerged and has the potential to become a dominant way of building cloud applications. Although it was originally designed for cloud environments, Serverless is finding its position in the Edge Computing landscape, aiming to bring computational resources closer to the data source. That is, Serverless is crossing cloud borders to assess its merits in Edge computing, whose principal partner will be the Internet of Things (IoT) applications. This move sounds promising as Serverless brings particular benefits such as eliminating always-on services causing high electricity usage, for instance. However, the community is still hesitant to uptake Serverless Edge Computing because of the cloud-driven design of current Serverless platforms, and distinctive characteristics of edge landscape and IoT applications. In this paper, we evaluate both sides to shed light on the Serverless new territory. Our in-depth analysis promotes a broad vision for bringing Serverless to the Edge Computing. It also issues major challenges for Serverless to be met before entering Edge computing.",Proceedings of the 2021 Australasian Computer Science Week Multiconference,,10,,"Dunedin, New Zealand",ACSW '21,10,"New York, NY, USA",,,,,
acm-20260429,inproceedings,10.1145/3437800.3439205,"Fominykh, Mikhail and Wild, Fridolin and Klamma, Ralf and Billinghurst, Mark and Costiner, Lisandra S. and Karsakov, Andrey and Mangina, Eleni and Molka-Danielsen, Judith and Pollock, Ian and Preda, Marius and Smolic, Aljosa",Model Augmented Reality Curriculum,2020,9781450382939,Association for Computing Machinery,https://doi.org/10.1145/3437800.3439205,10.1145/3437800.3439205,"Augmented Reality (AR) is a rapidly growing field in information and communication technologies, drawing increasing numbers of professionals. Higher education institutions, however, are struggling to keep abreast of its development and to train specialists quickly, providing few courses which sufficiently align with the needs of industry. In addition to this, the field is developing so rapidly that existing courses struggle to keep pace. They also often focus too narrowly on specifics to allow for the building of the formative foundations of AR education. This paper aims to address this need by proposing a blueprint curriculum in Computer Science Education for teaching AR in universities at two levels, foundations and advanced. To begin, we survey the state of the art, identifying common needs and problems in existing courses which focus on AR. We then detail a skills framework comprised of 12 groups of skills suitable to meet industry needs, and built upon it two model lesson plans for a foundation and an advanced course. We conclude with a discussion of assessment techniques and curricular design options of embedding such coursework into existing academic programs and a forecast of the future of this academic field.",Proceedings of the Working Group Reports on Innovation and Technology in Computer Science Education,131–149,19,"augmented reality, curriculum, software engineering","Trondheim, Norway",ITiCSE-WGR '20,,"New York, NY, USA",,,,,
acm-20260429,inproceedings,10.1145/3437800.3439206,"Adams, Joshua and Hainey, Brian and White, Laurie and Foster, Derek and Hall, Narine and Hills, Mark and Hooshangi, Sara and Kuber, Karthik and Nazir, Sajid and Sakr, Majd and Stott, Lee and Taglienti, Carmen",Cloud Computing Curriculum: Developing Exemplar Modules for General Course Inclusion,2020,9781450382939,Association for Computing Machinery,https://doi.org/10.1145/3437800.3439206,10.1145/3437800.3439206,"The accelerating evolution and adoption of cloud computing services is generating increased demand for job skills in this domain. To address this growth, higher education has identified the importance of cloud computing courses that deliver practical and hands-on material relevant to this rapidly evolving field. This is especially relevant as cloud services are quickly becoming the standard computing model for many new computational approaches, including advanced subjects such as machine learning and data science. Since cloud computing influences a number of other traditional computing subjects such as networking and data storage, the ability to incorporate specific components of cloud computing teaching content into a variety of courses has also become important. However, a lack of availability of high-quality teaching material that is easy to integrate, when teaching rapidly evolving cloud-related concepts, continues to be a challenge for instructors. As the volume of teaching material that educators and other providers are willing to share increases, it is important that the content is easily discoverable and accurately catalogued. Using appropriate Learning Objectives (LOs) and tags associated with the correct course material contributes toward a reliable and trustworthy source for faculty. This Working Group (WG) has addressed these challenges by 1) creating a canonical list of LOs, based on the LOs included in the Knowledge Areas (KAs) developed by the ITiCSE working groups in 2018 and 2019; 2) searching for existing teaching material, cataloging the material by LO and then combining the LOs into exemplar modules for some of the more common classes that adopt cloud computing; 3) creating sample syllabi for these exemplars following the ACM Computer Science Curricula 2013 approach; and 4) developing a solution for disseminating the materials and keeping them up to date.",Proceedings of the Working Group Reports on Innovation and Technology in Computer Science Education,151–172,22,"cloud computing, computer science, curriculum development, distributed computing, education","Trondheim, Norway",ITiCSE-WGR '20,,"New York, NY, USA",,,,,
acm-20260429,inproceedings,10.1145/3437802.3437805,"Xu, Binhuai and Bian, Jing",A Cloud Robotic Application Platform Design Based on the Microservices Architecture,2021,9781450388054,Association for Computing Machinery,https://doi.org/10.1145/3437802.3437805,10.1145/3437802.3437805,"The paradigm of cloud robotics points out a direction for the future development of robots. By deploying robotic applications in the cloud, the workload and cost of local robots are greatly reduced. The rise of microservices and cloud-native technology provides conveniences and guarantees for the development and deployment of cloud applications. This paper proposes a cloud robotic application platform design based on microservices. With the help of Robot Operating System (ROS), we can use the existing rich and diverse robot software packages and deploy them in the cloud without extra modifications. Through the microservices architecture and container technology, robotic applications can be further decoupled in the cloud. That improves the flexibility and compatibility of the platform and embodies the core idea of microservices. In the end, we present a demonstration to cooperate with a simulated robot to complete the simultaneous localization and mapping (SLAM) task, which verifies the feasibility of our design.","Proceedings of the 2020 1st International Conference on Control, Robotics and Intelligent System",13–18,6,"microservices, cloud robotics, ROS","Xiamen, China",CCRIS '20,,"New York, NY, USA",,,,,
acm-20260429,inproceedings,10.1145/3440749.3442599,"Kostromin, Roman and Feoktistov, Alexander",Agent-Based DevOps of Software and Hardware Resources for Digital Twins of Infrastructural Objects,2021,9781450388863,Association for Computing Machinery,https://doi.org/10.1145/3440749.3442599,10.1145/3440749.3442599,"Nowadays, the problem of automating the software delivery processes and resource configuring in computing environments with parallel and distributed architectures to ensure the functioning of digital twins is highly relevant. A large spectrum of the well-known tools for software configuration management is available. However, most of them do not solve problems emerging in the considered subject domain fully. To this end, we propose a new framework for implementing preparing, debugging, delivering, testing, deploying, and configuring virtualized software of digital twins. Currently, we are developing such twins for analyzing the operation of environmentally friendly equipment of infrastructural objects located in the Baikal natural territory. The proposed framework is based on the integrated applying methods and tools of knowledge engineering, multi-agent technologies, conceptual and service-oriented programming, and administration of hybrid distributed computing systems. These systems can include both personal resources and resources of public access centers, grid systems, and cloud or fog platforms. We carried out the practical experiments with the framework prototype. The obtained results have shown that significant speedup in performing the aforementioned processes can be achieved.",Proceedings of the 4th International Conference on Future Networks and Distributed Systems,,6,"Baikal natural territory, DevOps, digital twin, infrastructural object, multi-agent system","St.Petersburg, Russian Federation",ICFNDS '20,8,"New York, NY, USA",,,,,
acm-20260429,inproceedings,10.1145/3442442.3453470,"Anthopoulos, Leonidas and Ziozias, Christos and Siokis, Apostolos",Shaping a Digital Transformation Strategy for Smart Cities under the COVID-19 pandemic: Evidence from Greece,2021,9781450383134,Association for Computing Machinery,https://doi.org/10.1145/3442442.3453470,10.1145/3442442.3453470,"Planning and establishing digital transformation (DT) is a complex process for all the organizations. City's DT is another challenging and complex process, which demands both the leading and dedicated role of the local government, and the engagement and commitment of the local stakeholders on a commonly agreed vision and plan. European Commission launched its Digital (DCC) and Intelligent Cities Challenge (ICC) initiatives to provide cities with guidance and support to design and implement corresponding digital transformation strategies. Shaping this strategy became hard during the ICC due to the Covid-19 pandemic, which changed all the local priorities and affected the initial city planning. The aim of this work-in-progress paper is to present the strategic planning process for city's digital transformation that was followed by the municipality of Trikala in Greece, which regardless is a famous smart city it had to join the DCC and ICC initiatives in order to methodologically perform it. Useful evidence are depicted with regard to the different stakeholders’ perspectives and priorities within the city's digital transformation and especially whether and how the COVID-19 outbreak re-arranged or re-shaped them.",Companion Proceedings of the Web Conference 2021,657–660,4,,"Ljubljana, Slovenia",WWW '21,,"New York, NY, USA",,,,,
acm-20260429,inproceedings,10.1145/3446382.3448360,"Satyanarayanan, Mahadev and Beckmann, Nathan and Lewis, Grace A. and Lucia, Brandon",The Role of Edge Offload for Hardware-Accelerated Mobile Devices,2021,9781450383233,Association for Computing Machinery,https://doi.org/10.1145/3446382.3448360,10.1145/3446382.3448360,"This position paper examines a spectrum of approaches to overcoming the limited computing power of mobile devices caused by their need to be small, lightweight and energy efficient. At one extreme is offloading of compute-intensive operations to a cloudlet nearby. At the other extreme is the use of fixed-function hardware accelerators on mobile devices. Between these endpoints lie various configurations of programmable hardware accelerators. We explore the strengths and weaknesses of these approaches and conclude that they are, in fact, complementary. Based on this insight, we advocate a software-hardware co-evolution path that combines their strengths.",Proceedings of the 22nd International Workshop on Mobile Computing Systems and Applications,22–29,8,"5G, ASIC, GPU, TCB, cyber foraging, devops, disconnected operation, edge computing, latency, mobile computing, offloading, stealth","Virtual, United Kingdom",HotMobile '21,,"New York, NY, USA",,,,,
acm-20260429,inproceedings,10.1145/3447545.3451195,"Calzarossa, Maria Carla and Massari, Luisa and Tessera, Daniele",Performance Monitoring Guidelines,2021,9781450383318,Association for Computing Machinery,https://doi.org/10.1145/3447545.3451195,10.1145/3447545.3451195,"Monitoring, that is, the process of collecting measurements on infrastructures and services, is an important subject of performance engineering. Although monitoring is not a new education topic, nowadays its relevance is rapidly increasing and its application is particularly demanding due to the complex distributed architectures of new and emerging technologies. As a consequence, monitoring has become a ""must have"" skill for students majoring in computer science and in computing-related fields. In this paper, we present a set of guidelines and recommendations to plan, design and setup sound monitoring projects. Moreover, we investigate and discuss the main challenges to be faced to build confidence in the entire monitoring process and ensure measurement quality. Finally, we describe practical applications of these concepts in teaching activities.",Companion of the ACM/SPEC International Conference on Performance Engineering,109–114,6,"active measurements, measurement platforms, measurement quality, passive measurements, performance engineering, performance monitoring","Virtual Event, France",ICPE '21,,"New York, NY, USA",,,,,
acm-20260429,inproceedings,10.1145/3450329.3476863,"Billionniere, Elodie and Meyer, Lawrence",Transforming Education: Upskilling for a Cloudy Tomorrow,2021,9781450383554,Association for Computing Machinery,https://doi.org/10.1145/3450329.3476863,10.1145/3450329.3476863,Cloud computing deployment and demand has increased year over year during the prior decade and has only accelerated during the COVID-19 pandemic. The rapid increase in cloud technology has also increased the need for higher education institutions to train students and re-skill or up-skill working professionals. This paper discusses the application of high impact training methodologies and their impact on student learning.,Proceedings of the 22nd Annual Conference on Information Technology Education,91–96,6,"upskilling., reskilling, project-based learning, high-impact pedagogical practices, college credit certificate, cloud computing literacy, amazon web services, academic-industry partnership","SnowBird, UT, USA",SIGITE '21,,"New York, NY, USA",,,,,
acm-20260429,inproceedings,10.1145/3452369.3463816,"Korontanis, Ioannis and Tserpes, Konstantinos and Pateraki, Maria and Blasi, Lorenzo and Violos, John and Diego, Ferran and Marin, Eduard and Kourtellis, Nicolas and Coppola, Massimo and Carlini, Emanuele and Ledwo\'{n}, Zbyszek and Tarkowski, Przemys\l{}aw and Loven, Thomas and Rozas, Yago Gonz\'{a}lez and Kentros, Mike and Dodis, Michael and Dazzi, Patrizio",Inter-operability and Orchestration in Heterogeneous Cloud/Edge Resources: The ACCORDION Vision,2021,9781450383844,Association for Computing Machinery,https://doi.org/10.1145/3452369.3463816,10.1145/3452369.3463816,"This paper introduces the ACCORDION framework, a novel framework for the management of the cloud-edge continuum, targeting the support of NextGen applications with strong QoE requirements. The framework addresses the need for an ever expanding and heterogeneous pool of edge resources in order to deliver the promise of ubiquitous computing to the NextGen application clients. This endeavor entails two main technical challenges. First, to assure interoperability when incorporating heterogeneous infrastructures in the pool. Second, the management of the largely dynamic pool of edge nodes. The optimization of the delivered QoE stands as the core driver to this work, therefore its monitoring and modelling comprises a core part of the conducted work. The paper discusses the main pillars that support the ACCORDION vision, and provide a description of the three planned use case that are planned to demonstrate ACCORDION capabilities.",Proceedings of the 1st Workshop on Flexible Resource and Application Management on the Edge,9–14,6,"federation, edge, cloud, architecture","Virtual Event, Sweden",FRAME '21,,"New York, NY, USA",,,,,
acm-20260429,inproceedings,10.1145/3457913.3457927,"Zhang, Yinyuan and Zhang, Yang and Wu, Yiwen and Lu, Yao and Wang, Tao and Mao, Xinjun","Exploring the Dependency Network of Docker Containers: Structure, Diversity, and Relationship",2021,9781450388191,Association for Computing Machinery,https://doi.org/10.1145/3457913.3457927,10.1145/3457913.3457927,"Container technologies are being widely used in large scale production cloud environments, of which Docker has become the de-facto industry standard. As a key step, containers need to define their dependent base image, which makes complex dependencies exist in a large number of containers. Prior studies have shown that references between software packages could form technical dependencies, thus forming a dependency network. However, little is known about the details of docker container dependency networks. In this paper, we perform an empirical study on the dependency network of docker containers from more than 120,000 dockerfiles. We construct the container dependency network and analyze its network structure. Further, we focus on the Top-100 dominant containers and investigate their subnetworks, including diversity and relationships. Our findings help to characterize and understand the container dependencies in the docker community and motivate the need for developing container dependency management tools.",Proceedings of the 12th Asia-Pacific Symposium on Internetware,199–208,10,"Network analysis, Docker container, Dependency network","Singapore, Singapore",Internetware '20,,"New York, NY, USA",,,,,
acm-20260429,inproceedings,10.1145/3459960.3459972,"Daki\'{c}, Pavle and \'{Z}ivkovi\'{c}, Miodrag",An overview of the challenges for developing software within the field of autonomous vehicles,2021,9781450390576,Association for Computing Machinery,https://doi.org/10.1145/3459960.3459972,10.1145/3459960.3459972,"Autonomous vehicles are constantly collecting information from their environment, employing reasonably sophisticated cameras and sensors. Applying new software on those vehicles should aim at correcting human errors and gaining new knowledge from all road users. The discussion of autonomous vehicles regarding software from various perspectives, including different knowledge branches such as law, social, economic, design, and ethics. Autonomous vehicles present new challenges with interesting problems in several scientific fields, which are gradually being successfully solved. Social dilemmas, moral and ethical issues show different approaches. There is still an unsolvable problem of decision-making when it comes to the involvement of the ”trolley” problem. Autonomous vehicle software should within the future have flexibility to reconstruct collisions in order that the logic, ethics, and moral algorithm applied may be analyzed. This demands the existence of very good software and hardware technology that can record all the data during a collision. This paper will cover security concerns and current challenges for developing software in the field of autonomous vehicles.",7th Conference on the Engineering of Computer Based Systems,,10,"CI/CD, QA, autonomous vehicles, moral questions, software","Novi Sad, Serbia",ECBS 2021,16,"New York, NY, USA",,,,,
acm-20260429,inproceedings,10.1145/3460319.3464805,"Pan, Yicheng and Ma, Meng and Jiang, Xinrui and Wang, Ping","Faster, deeper, easier: crowdsourcing diagnosis of microservice kernel failure from user space",2021,9781450384599,Association for Computing Machinery,https://doi.org/10.1145/3460319.3464805,10.1145/3460319.3464805,"With the widespread use of cloud-native architecture, increasing web applications (apps) choose to build on microservices. Simultaneously, troubleshooting becomes full of challenges owing to the high dynamics and complexity of anomaly propagation. Existing diagnostic methods rely heavily on monitoring metrics collected from the kernel side of microservice systems. Without a comprehensive monitoring infrastructure, application owners and even cloud operators cannot resort to these kernel-space solutions. This paper summarizes several insights on operating a top commercial cloud platform. Then, for the first time, we put forward the idea of user-space diagnosis for microservice kernel failures. To this end, we develop a crowdsourcing solution - DyCause, to resolve the asymmetric diagnostic information problem. DyCause deploys on the application side in a distributed manner. Through lightweight API log sharing, apps collect the operational status of kernel services collaboratively and initiate diagnosis on demand. Deploying DyCause is fast and lightweight as we do not have any architectural and functional requirements for the kernel. To reveal more accurate correlations from asymmetric diagnostic information, we design a novel statistical algorithm that can efficiently discover the time-varying causalities between services. This algorithm also helps us build the temporal order of the anomaly propagation. Therefore, by using DyCause, we can obtain more in-depth and interpretable diagnostic clues with limited indicators. We apply and evaluate DyCause on both a simulated test-bed and a real-world cloud system. Experimental results verify that DyCause running in the user-space outperforms several state-of-the-art algorithms running in the kernel on accuracy. Besides, DyCause shows superior advantages in terms of algorithmic efficiency and data sensitivity. Simply put, DyCause produces a significantly better result than other baselines when analyzing much fewer or sparser metrics. To conclude, DyCause is faster to act, deeper in analysis, and easier to deploy.",Proceedings of the 30th ACM SIGSOFT International Symposium on Software Testing and Analysis,646–657,12,"dynamic service dependency, granger causal intervals, microservice system, root cause analysis","Virtual, Denmark",ISSTA 2021,,"New York, NY, USA",,,,,
acm-20260429,inproceedings,10.1145/3463274.3463324,"dos Santos J\'{u}nior, Paulo S\'{e}rgio and Perini Barcellos, Monalessa and Borges Ruy, Fabiano",Tell me: Am I going to Heaven? A Diagnosis Instrument of Continuous Software Engineering Practices Adoption,2021,9781450390538,Association for Computing Machinery,https://doi.org/10.1145/3463274.3463324,10.1145/3463274.3463324,"Context: Continuous Software Engineering (CSE) involves a set of practices that aims at making software development continuous and integrated to business. However, moving from traditional to integrated, agile and data-driven software development requires changes in the organization´s culture, practices and structure, which may not be easy. Objective: Our focus is to help organizations get an overall view of the CSE practices they perform, identify where they are in the CSE evolutionary path and which areas should be improved. Method: We created a diagnosis instrument, called Zeppelin, to evaluate the adoption of CSE practices and applied it in five Brazilian software organizations. Results: Zeppelin was recognized as a useful tool to help organizations have a more comprehensive view of their CSE practices and envision the evolution and improvement path they can follow. Conclusion: Zeppelin supports software development organizations to get a big picture of CSE practices and identify their position in the CSE evolution path. Moreover, it contributes to identify strategies to advance software development towards a CSE environment.",Proceedings of the 25th International Conference on Evaluation and Assessment in Software Engineering,30–39,10,"Agile, Continuous Software Engineering, Diagnosis, Stairway to Heaven","Trondheim, Norway",EASE '21,,"New York, NY, USA",,,,,
acm-20260429,inproceedings,10.1145/3463274.3463786,"Zhou, Peng and Ali Khan, Arif Ali and Liang, Peng and Badshah, Sher",System and Software Processes in Practice: Insights from Chinese Industry,2021,9781450390538,Association for Computing Machinery,https://doi.org/10.1145/3463274.3463786,10.1145/3463274.3463786,"Software development processes play a key role in the software and system development life cycle. Processes are becoming complex and evolve rapidly due to the modern-day continuous software engineering (CSE) concepts, which are mainly based on continuous integration, continuous delivery, infrastructure-as-code, automation and more. The fast growing Chinese software development industry adopts various processes to achieve potential benefits offered in the international market. This study is conducted with the aim to investigate the trends of processes in practice in the Chinese industry. The survey questionnaire data is collected from 34 practitioners working in software development firms across the China and the results highlight that iterative and agile processes are extensively used in industrial setting. Furthermore, agile and traditional approaches are combined to develop the hybrid processes. Most of the participants are satisfied using the current development processes, however, they show interest to continuously improve the existing process models and methods. Finally, we noticed that majority of the software development organizations used the ISO 9001 standard for process assessment and improvement activities. The given results provide preliminary overview of processes deployed in the Chinese industry.",Proceedings of the 25th International Conference on Evaluation and Assessment in Software Engineering,394–401,8,"Survey, Software processes, Process Improvement Standards, Chinese industry","Trondheim, Norway",EASE '21,,"New York, NY, USA",,,,,
acm-20260429,inproceedings,10.1145/3465480.3466926,"Kourtellis, Nicolas and Herodotou, Herodotos and Grzenda, Maciej and Wawrzyniak, Piotr and Bifet, Albert",S2CE: a hybrid cloud and edge orchestrator for mining exascale distributed streams,2021,9781450385558,Association for Computing Machinery,https://doi.org/10.1145/3465480.3466926,10.1145/3465480.3466926,"The explosive increase in volume, velocity, variety, and veracity of data generated by distributed and heterogeneous nodes such as IoT and other devices, continuously challenge the state of art in big data processing platforms and mining techniques. Consequently, it reveals an urgent need to address the ever-growing gap between this expected exascale data generation and the extraction of insights from these data. To address this need, this position paper proposes Stream to Cloud \&amp; Edge (S2CE), a first of its kind, optimized, multi-cloud and edge orchestrator, easily configurable, scalable, and extensible. S2CE will enable machine and deep learning over voluminous and heterogeneous data streams running on hybrid cloud and edge settings, while offering the necessary functionalities for practical and scalable processing: data fusion and preprocessing, sampling and synthetic stream generation, cloud and edge smart resource management, and distributed processing.",Proceedings of the 15th ACM International Conference on Distributed and Event-Based Systems,103–113,11,"cloud analytics, data stream analysis, edge analytics, machine and deep learning, stream mining","Virtual Event, Italy",DEBS '21,,"New York, NY, USA",,,,,
acm-20260429,inproceedings,10.1145/3465481.3470055,"P\""{o}hn, Daniela and Seeber, Sebastian and Hanauer, Tanja and Ziegler, Jule A. and Schmitz, David",Towards Improving Identity and Access Management with the IdMSecMan Process Framework,2021,9781450390514,Association for Computing Machinery,https://doi.org/10.1145/3465481.3470055,10.1145/3465481.3470055,"In today’s networks, administrative access to Linux servers is commonly managed by Privileged Access Management (PAM). It is not only important to monitor these privileged accounts, but also to control segregation of duty and detect keys as well as accounts that potentially bypass PAM. Unprohibited access can become a business risk. In order to improve the security in a controlled manner, we establish IdMSecMan, a security management process tailored for identity and access management (IAM). Security management processes typically use the Deming Cycle or an adaption for continuous improvements of products, services, or processes within the network infrastructure. We adjust a security management process with visualization for IAM, which also shifts the focus from typical assets to the attacker. With the controlled cycles, the maturity of IAM is measured and can continually advance. This paper presents and applies the work in progress IdMSecMan to a motivating scenario in the field of Linux server. We evaluate our approach in a controlled test environment with first steps to roll it out in our data center. Last but not least, we discuss challenges and future work.","Proceedings of the 16th International Conference on Availability, Reliability and Security",,10,"Identity Management, Security, Security Management, Server","Vienna, Austria",ARES '21,89,"New York, NY, USA",,,,,
acm-20260429,inproceedings,10.1145/3468264.3468571,"He, Hao and He, Runzhi and Gu, Haiqiao and Zhou, Minghui","A large-scale empirical study on Java library migrations: prevalence, trends, and rationales",2021,9781450385626,Association for Computing Machinery,https://doi.org/10.1145/3468264.3468571,10.1145/3468264.3468571,"With the rise of open-source software and package hosting platforms, reusing 3rd-party libraries has become a common practice. Due to various failures during software evolution, a project may remove a used library and replace it with another library, which we call library migration. Despite substantial research on dependency management, the understanding of how and why library migrations occur is still lacking. Achieving this understanding may help practitioners optimize their library selection criteria, develop automated approaches to monitor dependencies, and provide migration suggestions for their libraries or software projects. In this paper, through a fine-grained commit-level analysis of 19,652 Java GitHub projects, we extract the largest migration dataset to-date (1,194 migration rules, 3,163 migration commits). We show that 8,065 (41.04\%) projects having at least one library removal, 1,564 (7.96\%, lower-bound) to 5,004 (25.46\%, upper-bound) projects have at least one migration, and a median project with migrations has 2 to 4 migrations in total. We discover that library migrations are dominated by several domains (logging, JSON, testing and web service) presenting a long tail distribution. Also, migrations are highly unidirectional in that libraries are either mostly abandoned or mostly chosen in our project corpus. A thematic analysis on related commit messages, issues, and pull requests identifies 14 frequently mentioned migration reasons (e.g., lack of maintenance, usability, integration, etc), 7 of which are not discussed in previous work. Our findings can be operationalized into actionable insights for package hosting platforms, project maintainers, and library developers. We provide a replication package at &lt;a&gt;https://doi.org/10.5281/zenodo.4816752&lt;/a&gt;.",Proceedings of the 29th ACM Joint Meeting on European Software Engineering Conference and Symposium on the Foundations of Software Engineering,478–490,13,"empirical software engineering, evolution and maintenance, library migration, mining software repositories","Athens, Greece",ESEC/FSE 2021,,"New York, NY, USA",,,,,
acm-20260429,inproceedings,10.1145/3468264.3468575,"Sokolowski, Daniel and Weisenburger, Pascal and Salvaneschi, Guido",Automating serverless deployments for DevOps organizations,2021,9781450385626,Association for Computing Machinery,https://doi.org/10.1145/3468264.3468575,10.1145/3468264.3468575,"DevOps unifies software development and operations in cross-functional teams to improve software delivery and operations (SDO) performance. Ideally, cross-functional DevOps teams independently deploy their services, but the correct operation of a service often demands other services, requiring coordination to ensure the correct deployment order. This issue is currently solved either with a central deployment or manual out-of-band communication across teams, e.g., via phone, chat, or email. Unfortunately, both contradict the independence of teams, hindering SDO performance—the reason why DevOps is adopted in the first place. In this work, we conduct a study on 73 IT professionals, showing that, in practice, they resort to manual coordination for correct deployments even if they expect better SDO performance with fully automated approaches. To address this issue, we propose µs ([mju:z] “muse”), a novel IaC system automating deployment coordination in a fully decentralized fashion, still retaining compatibility with DevOps practice—in contrast to today’s solutions. We implement µs, demonstrate that it effectively enables automated coordination, introduces negligible definition overhead, has no performance overhead, and is broadly applicable, as shown by the migration of 64 third-party IaC projects.",Proceedings of the 29th ACM Joint Meeting on European Software Engineering Conference and Symposium on the Foundations of Software Engineering,57–69,13,"Serverless Computing, Infrastructure as Code, DevOps, Cloud","Athens, Greece",ESEC/FSE 2021,,"New York, NY, USA",,,,,
acm-20260429,inproceedings,10.1145/3468264.3473101,"Sokolowski, Daniel",Deployment coordination for cross-functional DevOps teams,2021,9781450385626,Association for Computing Machinery,https://doi.org/10.1145/3468264.3473101,10.1145/3468264.3473101,"Software stability and reliability are the core concerns of DevOps. They are improved by tightening the collaboration between developers and operators in cross-functional teams on the one hand and by automating operations through continuous integration (CI) and infrastructure as code (IaC) on the other hand. Ideally, teams in DevOps are fully independent. Still, their applications often depend on each other in practice, requiring them to coordinate their deployment through centralization or manual coordination. With this work, we propose and implement the novel IaC solution µs ([mju:z] ”muse”), which automates deployment coordination in a decentralized fashion. µs is the first approach that is compatible with the DevOps goals as it enables truly independent operations of the DevOps teams. We define our research problem through a questionnaire survey with IT professionals and evaluate the solution by comparing it to other modern IaC approaches, assessing its performance, and applying it to existing IaC programs.",Proceedings of the 29th ACM Joint Meeting on European Software Engineering Conference and Symposium on the Foundations of Software Engineering,1630–1634,5,"Resource Orchestration, Infrastructure as Code, DevOps, Cloud","Athens, Greece",ESEC/FSE 2021,,"New York, NY, USA",,,,,
acm-20260429,inproceedings,10.1145/3468691.3468698,"Chai, Xiaohu and Cai, Gaoyang and Li, Hui",aSIT: An Interface-oriented Distributed Automated Test System,2021,9781450389693,Association for Computing Machinery,https://doi.org/10.1145/3468691.3468698,10.1145/3468691.3468698,"Modern Internet services are often complex, large-scale distributed systems that consist of multiple software modules which may be developed by different teams using different programming languages. This multi-team collaboration and multiple development languages have brought new challenges to distributed program testing tools. Traditional manual testing cannot meet the testing requirements of large-scale distributed systems, and automated testing tools are usually used to complete testing tasks. This paper believes that enterprises with separate development and testing teams are more suitable to apply interface testing to realize automatic testing, and have designed and implemented a set of interface-oriented distributed automated testing systems—aSIT. Existing automated testing tools cannot well support scenarios such as internal heterogeneous service integration, multi-team collaboration, environmental network isolation, and massive test case execution. aSIT combined with actual engineering practice has carried out some specific designs to solve the above problems, so that it can be applied in the enterprise and improve the efficiency of the test team. After nearly 10 months of continuous using within the enterprise, testers can focus on use case design, the defect verification time was reduced to 1\% of manual testing, the number of regression test cases increased by 30 times, and the average requirement delivery time was reduced by 63\%.","Proceedings of the 2021 2nd International Conference on Computing, Networks and Internet of Things",,7,"Automated testing, Distributed system testing, Interface testing","Beijing, China",CNIOT '21,7,"New York, NY, USA",,,,,
acm-20260429,inproceedings,10.1145/3468784.3468789,"Rahman, Tashfiq and Rohan, Rohani and Pal, Debajyoti and Kanthamanon, Prasert",Human Factors in Cybersecurity: A Scoping Review,2021,9781450390125,Association for Computing Machinery,https://doi.org/10.1145/3468784.3468789,10.1145/3468784.3468789,"Humans are often considered to be the weakest link in the cybersecurity chain. However, traditionally the Computer Science (CS) researchers have investigated the technical aspects of cybersecurity, focusing on the encryption and network security mechanisms. The human aspect although very important is often neglected. In this work we carry out a scoping review to investigate the take of the CS community on the human-centric cybersecurity paradigm by considering the top conferences on network and computer security for the past six years. Results show that broadly two types of users are considered: expert and non-expert users. Qualitative techniques dominate the research methodology employed, however, there is a lack of focus on the theoretical aspects. Moreover, the samples have a heavy bias towards the Western community, due to which the results cannot be generalized, and the effect of culture on cybersecurity is a lesser known aspect. Another issue is with respect to the unavailability of standardized security-specific scales that can measure the cybersecurity perception of the users. New insights are obtained and avenues for future research are presented.",Proceedings of the 12th International Conference on Advances in Information Technology,,11,"Culture, Cybersecurity, Human factors, Theory","Bangkok, Thailand",IAIT '21,5,"New York, NY, USA",,,,,
acm-20260429,inproceedings,10.1145/3475716.3475787,"Hasan, Khalid and Chakraborty, Partho and Shahriyar, Rifat and Iqbal, Anindya and Uddin, Gias",A Survey-Based Qualitative Study to Characterize Expectations of Software Developers from Five Stakeholders,2021,9781450386654,Association for Computing Machinery,https://doi.org/10.1145/3475716.3475787,10.1145/3475716.3475787,"Background. Studies on developer productivity and well-being find that the perceptions of productivity in a software team can be a socio-technical problem. Intuitively, problems and challenges can be better handled by managing expectations in software teams. Aim. Our goal is to understand whether the expectations of software developers vary towards diverse stakeholders in software teams. Method. We surveyed 181 professional software developers to understand their expectations from five different stakeholders: (1) organizations, (2) managers, (3) peers, (4) new hires, and (5) government and educational institutions. The five stakeholders are determined by conducting semi-formal interviews of software developers. We ask open-ended survey questions and analyze the responses using open coding. Results. We observed 18 multi-faceted expectations types. While some expectations are more specific to a stakeholder, other expectations are cross-cutting. For example, developers expect work-benefits from their organizations, but expect the adoption of standard software engineering (SE) practices from their organizations, peers, and new hires. Conclusion. Out of the 18 categories, three categories are related to career growth. This observation supports previous research that happiness cannot be assured by simply offering more money or a promotion. Among the most number of responses, we find expectations from educational institutions to offer relevant teaching and from governments to improve job stability, which indicate the increasingly important roles of these organizations to help software developers. This observation can be especially true during the COVID-19 pandemic.",Proceedings of the 15th ACM / IEEE International Symposium on Empirical Software Engineering and Measurement (ESEM),,11,"Survey, Software Development, Multi-Faceted Expectations","Bari, Italy",ESEM '21,4,"New York, NY, USA",,,,,
acm-20260429,inproceedings,10.1145/3477132.3483559,"Fu, Silvery and Ratnasamy, Sylvia",dSpace: Composable Abstractions for Smart Spaces,2021,9781450387095,Association for Computing Machinery,https://doi.org/10.1145/3477132.3483559,10.1145/3477132.3483559,"We present dSpace, an open and modular programming framework that aims to simplify and accelerate the development of smart space applications. To achieve this, dSpace provides two key building blocks~digivices that implement device control and actuation and digidata that process IoT data to generate events and insights. In addition, dSpace introduces novel abstractions - mount, yield, and pipe - via which digivices and digidata can be composed into higher-level abstractions. We apply dSpace to home automation systems and show how developers can easily and flexibly leverage these abstractions to support a wide range of home automation scenarios. Finally, we show how the dSpace concepts can be realized using a microservices-based architecture and implement dSpace as a Kubernetes-compatible framework.",Proceedings of the ACM SIGOPS 28th Symposium on Operating Systems Principles,295–310,16,"smart spaces, framework, design principles, IoT","Virtual Event, Germany",SOSP '21,,"New York, NY, USA",,,,,
acm-20260429,inproceedings,10.1145/3477314.3507310,"Mosqueira-Rey, Eduardo and Pereira, Elena Hern\'{a}ndez and Alonso-R\'{\i}os, David and Bobes-Bascar\'{a}n, Jos\'{e}",A classification and review of tools for developing and interacting with machine learning systems,2022,9781450387132,Association for Computing Machinery,https://doi.org/10.1145/3477314.3507310,10.1145/3477314.3507310,"In this paper we aim to bring some order to the myriad of tools that have emerged in the field of Artificial Intelligence (AI), focusing on the field of Machine Learning (ML). For this purpose, we suggest a classification of the tools in which the categories are organized following the development lifecycle of an ML system and we make a review of the existing tools within each section of the classification. We believe this will help to better understand the ecosystem of tools currently available and will also allow us to identify niches in which to develop new tools to aid in the development of AI and ML systems. After reviewing the state-of-the-art of the tools, we have identified three trends in them: the incorporation of humans into the loop of the machine learning process, the movement from ad-hoc and experimental approaches to a more engineering perspective and the ability to make it easier to develop intelligent systems for people without an educational background in the area, in order to move the focus from the technical environment to the domain-specific problem.",Proceedings of the 37th ACM/SIGAPP Symposium on Applied Computing,1092–1101,10,"artificial intelligence, machine learning, tools",Virtual Event,SAC '22,,"New York, NY, USA",,,,,
acm-20260429,inproceedings,10.1145/3477314.3507318,"Soares, Rodrigo C. and Santos, Vinicius dos and Nakagawa, Elisa Yumi",Continuous evaluation of software architectures: an overview of the state of the art,2022,9781450387132,Association for Computing Machinery,https://doi.org/10.1145/3477314.3507318,10.1145/3477314.3507318,"Continuous Software Engineering (CSE) has been increasingly adopted as a way to develop and evolve software-intensive systems. It aims to handle constant market changes, rapid adoption of new technologies, and continuous value delivery for end users. At the same time, most software-intensive systems should present high-quality software architectures, which could be achieved by applying methods for architecture evaluation. However, it is not clear how these architectures have been evaluated in the context of CSE. Hence, this paper presents an overview of the state of the art of how software architectures have been evaluated and the associated evaluation methods. For this, we systematically examined the literature and gathered information that supported us to draw this overview. As main results, different approaches to continuously evaluate software architectures have been tried, while such approaches have also drawn attention from industry. But there are still open issues to be investigated towards the consolidation of software architecture continuous evaluation methods.",Proceedings of the 37th ACM/SIGAPP Symposium on Applied Computing,1425–1431,7,"architecture evaluation method, continuous software engineering",Virtual Event,SAC '22,,"New York, NY, USA",,,,,
acm-20260429,inproceedings,10.1145/3477314.3508378,"Kolimbianakis, Filippos-George and Kornaros, George",Software-defined hardware-assisted isolation for trusted next-generation IoT systems,2022,9781450387132,Association for Computing Machinery,https://doi.org/10.1145/3477314.3508378,10.1145/3477314.3508378,"To mitigate1 cybersecurity threats at the edge of the network in Internet-of Things (IoT) domains, recently, the use of networking technologies such as SDN-NFV has been proposed. Intelligent and dynamic security policy enforcement methodologies become increasingly important to bring more cautious in network communications for IoT services and applications which naturally embed traditional security and privacy risks, such as service hijacking, DDoS attack, denial service, IP spoofing, man-in-the-middle. To extend such frameworks, in this work we present a software-defined protection-oriented hardware technique to support physical isolation of memory compartments and of hardware devices such as DMAs and accelerators inside modern Systems-on-Chip (SoCs), not only at the edge but also at the IoT high-end accelerator-rich devices. In addition to network functions commonly supported in software-defined environments, we describe innovative lightweight software-controlled hardware mechanisms for enhancing IoT ecosystem security by design.",Proceedings of the 37th ACM/SIGAPP Symposium on Applied Computing,139–146,8,"hardware isolated memory compartments, lightweight hardware protection, secure NFV, software-defined trusted interconnect, trusted IoT hardware functions",Virtual Event,SAC '22,,"New York, NY, USA",,,,,
acm-20260429,inproceedings,10.1145/3486011.3486543,"Gonz\'{a}lez-Bl\'{a}zquez, Jos\'{e} Luis and Garc\'{\i}a-Holgado, Alicia and Garc\'{\i}a-Pe\~{n}alvo, Francisco Jos\'{e}",Open approach of scaled agile for organizations and communities dedicated to the development of Open-Source projects,2021,9781450390668,Association for Computing Machinery,https://doi.org/10.1145/3486011.3486543,10.1145/3486011.3486543,"How organizations develop and provide their services and software projects is undergoing significant changes and the work methodology applied has agility as its key element when it comes to successfully facing this process for the transformation of traditional business models. This scenario is not foreign to companies dedicated to the development of open-source projects, whose products have experienced a boom over the last decade, leading more and more organizations to include them in their portfolios to improve their IT management, accelerate their digital transformation and boost their businesses. These changes are due to the unique qualities and characteristics of free software, which provide organizations with a wide range of helpful solutions for data analysis, distributed communication, or application deployment. It is essential for these types of companies, which are often supported by communities of developers, to have a culture and values aligned with agility, to prevent the numerous problems that may be caused by the lack of agility concerning the sustainability and transparency of their projects, thereby seriously damaging their competitiveness. This work presents the current state of a doctoral research to support a new open approach that provides solutions and proposals to these organizations and Open-Source communities, providing them with values, principles, guidelines, and agile skills with which to respond to the difficulties and complex dynamics that they face in the agile scaling process.",Ninth International Conference on Technological Ecosystems for Enhancing Multiculturality (TEEM'21),752–757,6,"scaled agile framework, open source, agile software development, agile methods, agile methodologies, agile frameworks, agile culture, Lean, Free software, DevOps","Barcelona, Spain",TEEM'21,,"New York, NY, USA",,,,,
acm-20260429,inproceedings,10.1145/3486605.3486789,"Fortier, Patrik and Le Mou\""{e}l, Fr\'{e}d\'{e}ric and Ponge, Julien",Dyninka: a FaaS framework for distributed dataflow applications,2021,9781450391085,Association for Computing Machinery,https://doi.org/10.1145/3486605.3486789,10.1145/3486605.3486789,"The Internet of Things (IoT) requires applications to deal with a large amount of data - streamed, processed and stored from small devices to analytical systems. Cloud computing offers a hardware solution to this issue, providing on-demand resources to process IoT data. The newer programming paradigms simplify the use of those cloud resources. The Function-as-a-Service (FaaS) and the Serverless paradigm transform the conception of microservices applications to the definition and the composition of several callable functions. Although defined as distributed architectures - mostly publicly available solutions rely on either a gateway or an internal messaging middleware. These architectures create a single point of failure in exchange for more straightforward service to service communication. In this article, we present Dyninka, a framework to rapidly prototype FaaS-based distributed dataflow applications. Its programming model gathers the definition and the composition of services within a single file using the multitier programming paradigm and compiles them into a multitude of services deployable on cloud computing infrastructure. Dyninka is built without a gateway or a messaging platform, and services communicate directly with each other or with the cloud abstracted infrastructure. As a result, we reduce the network and the computation overheads introduced by commercial FaaS frameworks such as OpenFaaS. We validate Dyninka on a Fog computing scenario with limited resources and several load profiles. For all scenarios, Dyninka shows better stability, throughput and a reduced overhead compared to OpenFaaS.",Proceedings of the 8th ACM SIGPLAN International Workshop on Reactive and Event-Based Languages and Systems,2–13,12,"Dataflow, Distributed System, FaaS, Macro Programming, Multitier Programming","Chicago, IL, USA",REBLS 2021,,"New York, NY, USA",,,,,
acm-20260429,inproceedings,10.1145/3486607.3486753,"Jouneaux, Gwendal and Barais, Olivier and Combemale, Benoit and Mussbacher, Gunter",Towards self-adaptable languages,2021,9781450391108,Association for Computing Machinery,https://doi.org/10.1145/3486607.3486753,10.1145/3486607.3486753,"Over recent years, self-adaptation has become a concern for many software systems that have to operate in complex and changing environments. At the core of self-adaptation, there is a feedback loop and associated trade-off reasoning to decide on the best course of action. However, existing software languages do not abstract the development and execution of such feedback loops for self-adaptable systems. Developers have to fall back to ad-hoc solutions to implement self-adaptable systems, often with wide-ranging design implications (e.g., explicit MAPE-K loop). Furthermore, existing software languages do not capitalize on monitored usage data of a language and its modeling environment. This hinders the continuous and automatic evolution of a software language based on feedback loops from the modeling environment and runtime software system. To address the aforementioned issues, this paper introduces the concept of Self-Adaptable Language (SAL) to abstract the feedback loops at both system and language levels. We propose L-MODA (Language, Models, and Data) as a conceptual reference framework that characterizes the possible feedback loops abstracted into a SAL. To demonstrate SALs, we present emerging results on the abstraction of the system feedback loop into the language semantics. We report on the concept of Self-Adaptable Virtual Machines as an example of semantic adaptation in a language interpreter and present a roadmap for SALs.","Proceedings of the 2021 ACM SIGPLAN International Symposium on New Ideas, New Paradigms, and Reflections on Programming and Software",97–113,17,"L-MODA framework, feedback loop, self-adaptation, software language, trade-off analysis","Chicago, IL, USA",Onward! 2021,,"New York, NY, USA",,,,,
acm-20260429,inproceedings,10.1145/3486609.3487199,"Atouani, Abdallah and Kirchhof, J\""{o}rg Christian and Kusmenko, Evgeny and Rumpe, Bernhard",Artifact and reference models for generative machine learning frameworks and build systems,2021,9781450391122,Association for Computing Machinery,https://doi.org/10.1145/3486609.3487199,10.1145/3486609.3487199,"Machine learning is a discipline which has become ubiquitous in the last few years. While the research of machine learning algorithms is very active and continues to reveal astonishing possibilities on a regular basis, the wide usage of these algorithms is shifting the research focus to the integration, maintenance, and evolution of AI-driven systems. Although there is a variety of machine learning frameworks on the market, there is little support for process automation and DevOps in machine learning-driven projects. In this paper, we discuss how metamodels can support the development of deep learning frameworks and help deal with the steadily increasing variety of learning algorithms. In particular, we present a deep learning-oriented artifact model which serves as a foundation for build automation and data management in iterative, machine learning-driven development processes. Furthermore, we show how schema and reference models can be used to structure and maintain a versatile deep learning framework. Feasibility is demonstrated on several state-of-the-art examples from the domains of image and natural language processing as well as decision making and autonomous driving.",Proceedings of the 20th ACM SIGPLAN International Conference on Generative Programming: Concepts and Experiences,55–68,14,"training, reference models, metamodeling, machine learning, compiler, build systems, artificial intelligence, artifact models","Chicago, IL, USA",GPCE 2021,,"New York, NY, USA",,,,,
acm-20260429,inproceedings,10.1145/3487075.3487182,"Zhang, Fenxin and Tang, Keshuang and Zhang, Huixin and Zhang, Peng",Architecture Design and Key Technology Research of Urban Intelligent Transportation Integrated Control System Based on Edge Cloud Cooperation Technology,2021,9781450389853,Association for Computing Machinery,https://doi.org/10.1145/3487075.3487182,10.1145/3487075.3487182,"With the development of vehicle-road collaborative technology and the popularity of unmanned vehicles, smart cars and smart roads have brought a wide range of impacts on urban intelligent transportation systems, which has made great changes in front-end equipment perception, front-end and back-end information interaction, and traffic collaborative command and control. This paper mainly studies the new application scenarios of urban intelligent transportation vehicle-road collaboration. With edge-cloud collaboration technology as the core, the container cloud technology is used to construct the system, which supports edge intelligent analysis, cloud big data fusion and multi-level deployment of system design theory, implementation methods and related collaborative technologies. Finally, the integrated management and control system of cloud, edge and end for urban intelligent transportation management is developed.",Proceedings of the 5th International Conference on Computer Science and Application Engineering,,5,"Cloud computing, Cloud native, Edge computing, Integrated control system, Intelligent transportation","Sanya, China",CSAE '21,107,"New York, NY, USA",,,,,
acm-20260429,inproceedings,10.1145/3489449.3490012,"Bondel, Gloria and Landgraf, Andre and Matthes, Florian","API Management Patterns for Public, Partner, and Group Web API Initiatives with a Focus on Collaboration",2022,9781450389976,Association for Computing Machinery,https://doi.org/10.1145/3489449.3490012,10.1145/3489449.3490012,"API management of public, partner, and group Web APIs (APIs) is an organizational function at the interface between several stakeholders inside and outside of an organization. Most current API management literature is concerned with technical aspects of API management. Therefore, we use a design science approach to identify API management stakeholders, pattern candidates, and patterns focusing on collaboration. We derive these results from 16 expert interviews with API management team members, mainly working at established and SME organizations in Europe. The pattern’s target audience are API provider team members. The purpose of this paper is to describe the design approach, the two exemplary patterns ”Role-based marketing” and ”Frontend venture”, and six overarching observations made during the pattern language design. The first observation is that API provider teams usually control the resources used to collaborate with API consumers. Nevertheless, consumers want personal contact and contractual agreements before integrating an API. Also, most API management concerns are related to the API consumer. Then again, few standardized approaches for collaboration with backend functionality providers, legal or marketing exist. Additionally, an API has its own lifecycle. Finally, the strategic relevance of the API resources and the API consumers’ organizational structure influence a patterns’ suitability.",Proceedings of the 26th European Conference on Pattern Languages of Programs,,17,"API Management, Boundary Resources, Collaboration","Graz, Austria",EuroPLoP '21,34,"New York, NY, USA",,,,,
acm-20260429,inproceedings,10.1145/3491204.3527484,"D\""{u}llmann, Thomas F. and van Hoorn, Andr\'{e} and Yussupov, Vladimir and Jakovits, Pelle and Adhikari, Mainak",CTT: Load Test Automation for TOSCA-based Cloud Applications,2022,9781450391597,Association for Computing Machinery,https://doi.org/10.1145/3491204.3527484,10.1145/3491204.3527484,"Despite today's fast and rapid modeling and deployment capabilities to meet customer requirements in an agile manner, testing is still of utmost importance to avoid outages, unsatisfied customers, and performance problems. To tackle such issues, (load) testing is one of several approaches. In this paper, we introduce the Continuous Testing Tool (CTT), which enables the modeling of tests and test infrastructures along with the cloud system under test, as well as deploying and executing (load) tests against a fully deployed system in an automated manner. CTT employs the OASIS TOSCA Standard to enable end-to-end support for continuous testing of cloud-based applications. We demonstrate CTT's workflow, its architecture, as well as its application to DevOps-oriented load testing and load testing of data pipelines.",Companion of the 2022 ACM/SPEC International Conference on Performance Engineering,89–96,8,"agile, continuous integration, continuous testing, devops, tosca","Bejing, China",ICPE '22,,"New York, NY, USA",,,,,
acm-20260429,inproceedings,10.1145/3492323.3503507,"Kumar, Vijay and Oikonomou, George and Tryfonas, Theo",An urban sensing architecture as essential infrastructure for future cities,2022,9781450391634,Association for Computing Machinery,https://doi.org/10.1145/3492323.3503507,10.1145/3492323.3503507,"Climate change and migration have become one of the most challenging problems for our civilization. In this context, city councils work hard to manage essential services for citizens such as waste collection, street lamp lighting, and water supply. Increasingly, digitalization and the Internet of Things (IoT) help cities improve services, increase productivity and reduce costs. However, to understand how this may happen, we explore the urban sensing capabilities from citizen- to city-scale, how sensing at different levels is interlinked, and the challenges of managing innovations based on IoT data and devices.Local authorities collaborate with researchers and deploy testbeds as a part of demonstration and research projects to perform the above data collection, improve city services, and support innovation. The data gathered is about indoor and outdoor environmental conditions, energy usage, built environment, structural health monitoring. Such monitoring requires IT infrastructure at three different tiers: at the endpoint, edge, and cloud. Managing infrastructure at all tiers with provisioning, connectivity, security updates of devices, user data privacy controls, visualization of data, multi-tenancy of applications, and network resilience, is challenging. So, in turn, we focus on performing a systematic study of the technical and non-technical challenges faced during the implementation, management, and deployment of devices into citizens' homes and public spaces.Our third piece of work explores IoT edge applications' resiliency and reliability requirements that vary from non-critical (best delivery efforts) to safety-critical with time-bounded guarantees. We investigate how to meet IoT application mixed-criticality QoS requirements in multi-communication networks.Finally, to demonstrate the principles of our framework in the real world, we implement an open-source air quality platform Open City Air Quality Platform (OpenCAQP), that merges a wide range of data sources and air pollution parameters into a single platform. The OpenCAQP allows citizens, environmentalists, data analysts, and developers to access and visualize that data.",Proceedings of the 14th IEEE/ACM International Conference on Utility and Cloud Computing Companion,,3,"IoT, data monitoring infrastructure, urban sensing","Leicester, United Kingdom",UCC '21 Companion,37,"New York, NY, USA",,,,,
acm-20260429,inproceedings,10.1145/3493244.3493261,"Pereira, Igor Muzetti and Carneiro, Tiago Garcia de Senna and Figueiredo, Eduardo",Investigating Continuous Delivery on IoT Systems,2021,9781450395533,Association for Computing Machinery,https://doi.org/10.1145/3493244.3493261,10.1145/3493244.3493261,"IoT systems have continuous delivery challenges related to development, operations, and hardware teams. Therefore, scientific research and industry professionals have investigated approaches to integrate these areas and overcome these challenges. This study investigates how IoT systems projects adapt to perform Continuous Deliveries (CD) through thirty-one semi-structured interviews and a questionnaire with thirty professionals working in these areas. Inspired by grounded theory, we applied open coding to categorize the results of both interview and questionnaire studies. As contributions, we identified differences in IoT systems development compared to traditional development. We also discuss quality practices used in IoT projects that drive continuous delivery and how teams handle the quest for continuous delivery challenges.",Proceedings of the XX Brazilian Symposium on Software Quality,,10,"IoT Systems, Internet of Things Systems, DevOps., Continuous Delivery","Virtual Event, Brazil",SBQS '21,8,"New York, NY, USA",,,,,
acm-20260429,inproceedings,10.1145/3494322.3494328,"Mizutani, Iori and Ramanathan, Ganesh and Mayer, Simon",Integrating Multi-Disciplinary Offline and Online Engineering in Industrial Cyber-Physical Systems through DevOps,2022,9781450385664,Association for Computing Machinery,https://doi.org/10.1145/3494322.3494328,10.1145/3494322.3494328,"Industry 4.0 is transforming industrial automation systems into increasingly complex cyber-physical systems (CPS). In particular, there is a need to integrate systems across horizontal and vertical layers across industrial and disciplinary domains. The development of industrial CPS requires not only high-level configuration and control at the execution system level, but also offline and online engineering (OOE) work, including mechanical and electrical engineering of the devices, their installation, networking, and documentation. Using DevOps, a collection of modern software lifecycle management tactics, we propose to build an integrated platform to manage the OOE tasks. Continuous Integration/Continuous Delivery (CI/CD) pipelines and Infrastructure as Code, which are key aspects of DevOps, coordinate the building, testing, and deployment of software services. To bring the corresponding benefits of pure software systems to industrial CPS, we integrate engineering tasks using distributed version control and the W3C Web of Things. As a proof of concept, we implemented the concept for a mock system that includes the OOE tasks in a process automation scenario. The DevOps platform provides a structured transfer and exchange of engineering knowledge among stakeholders involved in industrial CPS.",Proceedings of the 11th International Conference on the Internet of Things,40–47,8,"CI/CD, Cyber-Physical Systems, DevOps, Industrial Automation, Web of Things","St.Gallen, Switzerland",IoT '21,,"New York, NY, USA",,,,,
acm-20260429,inproceedings,10.1145/3502870.3506569,"Paterson, James and Adams, Joshua and White, Laurie and Csizmadia, Andrew and Erdil, D. Cenk and Foster, Derek and Hills, Mark and Kazmi, Zain and Kuber, Karthik and Nazir, Sajid and Sakr, Majd and Stott, Lee",Designing Dissemination and Validation of a Framework for Teaching Cloud Fundamentals,2022,9781450392020,Association for Computing Machinery,https://doi.org/10.1145/3502870.3506569,10.1145/3502870.3506569,"Three previous Working Groups (WGs) met at ITiCSE conferences to explore ways to help educators incorporate cloud computing into their courses and curricula by mapping industry job skills to knowledge areas (KAs). These WGs identified, organized, and grouped together student learning objectives (LOs) and developed these KAs and LOs in a repository of learning materials and course exemplars.This WG focused on the sustainability of the work of its predecessors through dissemination, community building and validation of the framework of KAs and LOs and its contribution to curriculum development.Firstly, a case study is presented which analyzed the implementation of a new Masters program which was based on the KAs and LOs. It was found that these provide a useful basis for program development and approval and demonstrate that successful program development of this nature can provide a valuable opportunity to communicate the work of the previous WGs.Thereafter, a plan was formulated for dissemination of the work done in order to drive adoption and to encourage instructors with an interest in teaching cloud computing to participate and grow the community. While the strategy included a range of dissemination methods, the importance of interaction with users was a guiding principle. Initial pilots of webinar and workshop activities have been implemented.Approaches to validating that a cloud computing course designed around the KAs and LOs can meet the needs of industry have been outlined with further iterations being considered. A research plan has been designed for a study to be implemented over the coming year in order to perform this validation.",Proceedings of the 2021 Working Group Reports on Innovation and Technology in Computer Science Education,163–181,19,"cloud computing, computer science, curriculum development, education","Virtual Event, Germany",ITiCSE-WGR '21,,"New York, NY, USA",,,,,
acm-20260429,inproceedings,10.1145/3503047.3503088,"Saengkaenpetch, Kittipat and Aswakul, Chaodit",Cloud-Based Smart Energy Framework for Accelerated Data Analytics with Parallel Computing of Orchestrated Containers: Study Case of CU-BEMS,2022,9781450385862,Association for Computing Machinery,https://doi.org/10.1145/3503047.3503088,10.1145/3503047.3503088,"This paper proposes a practical smart energy framework for data analytic on energy management system at Chulalongkorn University, called CU-BEMS. This serves as an example of demand-sided smart energy application that copes with the challenges of big data analytic and real-time processing needs. The framework is based on the divide and conquer paradigm to accelerate data analytics with parallel computing. The workload is containerized and deployed on the Kubernetes cloud facility of our internationally collaborated IoTcloudServe@TEIN playground. With this playground, the workload scalability and portability can be achieved. Applying the proposed framework, this paper reports on a practical data log analysis to determine the wasted energy consumption. Based on the experimental result, the wasted energy consumption of the whole data set of CU-BEMS's communication research laboratory area from March 2014 to August 2017 can be computed within 81 seconds by using 32 cores running in parallel. The framework is expected to serve as a basis template for further research ongoing at CU-BEMS and smart energy applications that can be computationally enhanced by data analytic pipelining with containerized services as orchestrated by Kubernetes.",Proceedings of the 3rd International Conference on Advanced Information Science and System,,6,"Smart Energy Framework, Parallel Computing, Kubernetes, Data Analytics","Sanya, China",AISS '21,37,"New York, NY, USA",,,,,
acm-20260429,inproceedings,10.1145/3503823.3503853,"Fitsilis, Panos and Kokkinaki, Angelika",Smart Cities Body of Knowledge,2022,9781450395557,Association for Computing Machinery,https://doi.org/10.1145/3503823.3503853,10.1145/3503823.3503853,,Proceedings of the 25th Pan-Hellenic Conference on Informatics,155–159,5,,"Volos, Greece",PCI '21,,"New York, NY, USA",,,,,
acm-20260429,inproceedings,10.1145/3510456.3514163,"Schmiedmayer, Paul and Chatley, Robert and Bernius, Jan Philip and Krusche, Stephan and Chaika, Konstantin and Krinkin, Kirill and Bruegge, Bernd",Global software engineering in a global classroom,2022,9781450392259,Association for Computing Machinery,https://doi.org/10.1145/3510456.3514163,10.1145/3510456.3514163,"Due to globalization, many software projects have become large-scale and distributed tasks that require software engineers to learn and apply techniques for distributed requirements analysis, modeling, development, and deployment. Globally-distributed projects require special skills in communication across different locations and time zones in all stages of the project. There has been advancement in teaching these concepts at universities, but adapting global software engineering in a curriculum is still in infancy.The main reasons are the effort and coordination required by teachers to set up the project, manage distributed development and enable distributed delivery. It becomes even more difficult when teaching distributed software engineering involving Internet of Things (IoT) applications. The situation has changed with recent advances in continuous deployment and cloud platform services that make globally-distributed projects more feasible, teachable, and learnable, even for short-term projects. However, no experience report in education research describes a truly distributed global setup in continuous software engineering for IoT applications.This paper describes a ten-day project involving three universities in different countries with 21 students located across the world to substantiate this claim. It provides teachers with recommendations for conducting a global software engineering course in a global setting. Recommendations include access for all students to (remote) hardware, stable network infrastructure in all locations, the use of a central development platform for continuous integration and deployment, and the application of distributed pair deployment.",Proceedings of the ACM/IEEE 44th International Conference on Software Engineering: Software Engineering Education and Training,113–121,9,"continuous deployment, continuous software engineering, distributed, internet of things, open source, remote, teaching","Pittsburgh, Pennsylvania",ICSE-SEET '22,,"New York, NY, USA",,,,,
acm-20260429,inproceedings,10.1145/3514221.3526175,"Wang, Zhiqi and Shao, Zili",TimeUnion: An Efficient Architecture with Unified Data Model for Timeseries Management Systems on Hybrid Cloud Storage,2022,9781450392495,Association for Computing Machinery,https://doi.org/10.1145/3514221.3526175,10.1145/3514221.3526175,"Timeseries management systems have attracted considerable attention during the last decade with the rise of IoT and performance monitoring. With the rapidly increasing data scale in the production environment, deploying timeseries management systems on cloud with cloud storage is a natural trend because of its high availability, reliability, and scalability. However, the state-of-the-art designs are not tailored for cloud environments; they suffer from the limited number of timeseries a single compute node can handle because of the imbalanced resource usage.In this paper, we present TimeUnion, an efficient timeseries management system tailored for hybrid cloud storage services (e.g. fast cloud block stores and slow cloud object stores). First, we propose our unified data model to represent both independent timeseries and groups of timeseries, which is capable of handling diverse use cases of timeseries. Second, since the main bottleneck of the current timeseries systems is the overuse of memory, we introduce our exploration on memory-efficient data structures for timeseries to maximize the number of timeseries a compute instance can maintain. Third, to absorb the memory data chunks quickly, we present our time-partitioned LSM-tree with tailored architecture, compaction mechanism, out-of-order data handling, and dynamic level size adjustment for timeseries data. We prototype TimeUnion with C++ from scratch and evaluate it on AWS EC2 with AWS EBS (cloud block store) and AWS S3 (cloud object store). Compared to the storage engine of Cortex, TimeUnion can handle at least 5x more timeseries, and achieve at least 24.8\% higher insertion throughput and 49.8\% lower query latency. We have released the open-source code of TimeUnion for public access.",Proceedings of the 2022 International Conference on Management of Data,1418–1432,15,"cloud storage, timeseries systems","Philadelphia, PA, USA",SIGMOD '22,,"New York, NY, USA",,,,,
acm-20260429,inproceedings,10.1145/3517745.3561446,"Karl, Manuel and Musch, Marius and Ma, Guoli and Johns, Martin and Lekies, Sebastian",No keys to the kingdom required: a comprehensive investigation of missing authentication vulnerabilities in the wild,2022,9781450392594,Association for Computing Machinery,https://doi.org/10.1145/3517745.3561446,10.1145/3517745.3561446,"Nowadays, applications expose administrative endpoints to the Web that can be used for a plethora of security sensitive actions. Typical use cases range from running small snippets of user-provided code for rapid prototyping, administering databases, and running CI/CD pipelines, to managing job scheduling on whole clusters of computing devices. While accessing these applications over the Web make the lives of their users easier, they can be leveraged by attackers to compromise the underlying infrastructure if not properly configured.In this paper, we comprehensively investigate inadequate authentication mechanisms in such web endpoints. For this, we looked at 25 popular applications and exposed 18 of them to the Internet because they were either vulnerable in their default configuration or were easy to misconfigure. We identified ongoing attacks against 7 of them, some were even compromised within a few hours from the deployment. In an Internet-wide scan of the IPv4 address space, we examine the prevalence of such vulnerable applications at scale. Thereby, we found 4,221 vulnerable instances, enough to create a small botnet with little technical knowledge. We observed these vulnerable instances and found that even after four weeks, more than half of them were still online and vulnerable.Currently, most of the identified vulnerabilities are seen as features of the software and are often not yet considered by common security scanners or vulnerability databases. However, via our experiments, we found missing authentication vulnerabilities to be common and already actively exploited at scale. They thus represent a prevalent but often disregarded danger.",Proceedings of the 22nd ACM Internet Measurement Conference,619–632,14,,"Nice, France",IMC '22,,"New York, NY, USA",,,,,
acm-20260429,inproceedings,10.1145/3522664.3528607,"Lu, Qinghua and Zhu, Liming and Xu, Xiwei and Whittle, Jon and Xing, Zhenchang",Towards a roadmap on software engineering for responsible AI,2022,9781450392754,Association for Computing Machinery,https://doi.org/10.1145/3522664.3528607,10.1145/3522664.3528607,"Although AI is transforming the world, there are serious concerns about its ability to behave and make decisions responsibly. Many ethical regulations, principles, and frameworks for responsible AI have been issued recently. However, they are high level and difficult to put into practice. On the other hand, most AI researchers focus on algorithmic solutions, while the responsible AI challenges actually crosscut the entire engineering lifecycle and components of AI systems. To close the gap in operationalizing responsible AI, this paper aims to develop a roadmap on software engineering for responsible AI. The roadmap focuses on (i) establishing multi-level governance for responsible AI systems, (ii) setting up the development processes incorporating process-oriented practices for responsible AI systems, and (iii) building responsible-AI-by-design into AI systems through system-level architectural style, patterns and techniques.",Proceedings of the 1st International Conference on AI Engineering: Software Engineering for AI,101–112,12,"AI, DevOps, MLOps, ethics, machine learning, requirement engineering, responsible AI, software architecture, software engineering","Pittsburgh, Pennsylvania",CAIN '22,,"New York, NY, USA",,,,,
acm-20260429,inproceedings,10.1145/3524501.3527595,"Tuma, Katja and Van Der Lee, Romy",The role of diversity in cybersecurity risk analysis: an experimental plan,2022,9781450392945,Association for Computing Machinery,https://doi.org/10.1145/3524501.3527595,10.1145/3524501.3527595,"Cybersecurity threat and risk analysis (RA) approaches are used to identify and mitigate security risks early-on in the software development life-cycle. Existing approaches automate only parts of the analysis procedure, leaving key decisions in identification, feasibility and risk analysis, and quality assessment to be determined by expert judgement. Therefore, in practice teams of experts manually analyze the system design by holding brainstorming workshops. Such decisions are made in face of uncertainties, leaving room for biased judgement (e.g., preferential treatment of category of experts). Biased decision making during the analysis may result in unequal contribution of expertise, particularly since some diversity dimensions (i.e., gender) are underrepresented in security teams. Beyond the work of risk perception of non-technical threats, no existing work has empirically studied the role of diversity in the risk analysis of technical artefacts. This paper proposes an experimental plan for identifying the key diversity factors in RA.","Proceedings of the Third Workshop on Gender Equality, Diversity, and Inclusion in Software Engineering",12–18,7,"cybersecurity, diversity, risk analysis, secure design, threat modeling","Pittsburgh, Pennsylvania",GE@ICSE '22,,"New York, NY, USA",,,,,
acm-20260429,inproceedings,10.1145/3524842.3527948,"Zampetti, Fiorella and Nardone, Vittoria and Di Penta, Massimiliano",Problems and solutions in applying continuous integration and delivery to 20 open-source cyber-physical systems,2022,9781450393034,Association for Computing Machinery,https://doi.org/10.1145/3524842.3527948,10.1145/3524842.3527948,"Continuous integration and delivery (CI/CD) have been shown to be very useful to improve the quality of software products (e.g., increasing their reliability or maintainability), and their development processes, e.g., by shortening release cycles. Applying CI/CD in the context of Cyber-Physical Systems (CPSs) can be particularly important, given that many of those systems can have safety-critical properties, and given their interaction with hardware or simulators during the development phase. This paper empirically analyzes how CI/CD is enacted in CPSs when considering the context of open-source projects, that often (also) rely on hosted CI/CD solutions, and benefit of an open-source development community. We qualitatively analyze a statistically significant sample of 670 pull requests from 20 open-source CPSs hosted on GitHub, to identify and categorize---also keeping into account catalogs from previous literature---bad practices, challenges, mitigation, and restructuring actions. The study reports and discusses the relationships we found between bad practices/challenges and CI/CD restructuring/mitigation strategies, reporting concrete examples, especially those emerging from the intrinsic complexity of CPSs.",Proceedings of the 19th International Conference on Mining Software Repositories,646–657,12,"continuous integration and delivery, cyber-physical systems, pull requests","Pittsburgh, Pennsylvania",MSR '22,,"New York, NY, USA",,,,,
acm-20260429,inproceedings,10.1145/3524844.3528057,"Dobaj, J\""{u}rgen and Riel, Andreas and Krug, Thomas and Seidl, Matthias and Macher, Georg and Egretzberger, Markus",Towards digital twin-enabled DevOps for CPS providing architecture-based service adaptation \&amp; verification at runtime,2022,9781450393058,Association for Computing Machinery,https://doi.org/10.1145/3524844.3528057,10.1145/3524844.3528057,"Background: Industrial Product-Service Systems (IPSS) denote a service-oriented way of providing access to cyber-physical systems' (CPS) capabilities. The design of such systems bears high risk due to uncertainty in requirements related to service function and behavior, operation environments, and evolving customer needs. Such risks and uncertainties are well known in the IT sector, where DevOps principles ensure continuous system improvement through reliable and frequent delivery processes. A modular and service-oriented system architecture complements these processes to facilitate IT system adaptation and evolution.Objective: This work proposes a method to use and extend the Digital Twins (DTs) of IPSS assets for enabling the continuous optimization of CPS service delivery and the latter's adaptation to changing needs and environments. This reduces uncertainty during design and operations by assuring IPSS integrity and availability, especially for design and service adaptations at CPS runtime.Methodology: The method builds on transferring IT DevOps principles to DT-enabled CPS IPSS. The chosen design approach integrates, reuses, and aligns the DT processing and communication resources with DevOps requirements derived from literature.Results: We use these requirements to propose a DT-enabled self-adaptive CPS model, which guides the realization of DT-enabled DevOps in CPS IPSS. We further propose detailed design models for operation-critical DTs that integrate CPS closed-loop control and architecture-based CPS adaptation. This integrated approach enables the implementation of A/B testing as a use case and central concept to enable CPS IPSS service adaptation and reconfiguration.Conclusion: The self-adaptive CPS model and DT design concept have been validated in an evaluation environment for operation-critical CPS IPSS. The demonstrator achieved sub-millisecond cycle times during service A/B testing at runtime without causing CPS operation interferences and downtime.",Proceedings of the 17th Symposium on Software Engineering for Adaptive and Self-Managing Systems,132–143,12,"self-adaptation, digital twin, deployment, IPSS, DevOps, CPS","Pittsburgh, Pennsylvania",SEAMS '22,,"New York, NY, USA",,,,,
acm-20260429,inproceedings,10.1145/3526073.3527584,"Kolltveit, Ask Berstad and Li, Jingyue",Operationalizing machine learning models: a systematic literature review,2023,9781450393195,Association for Computing Machinery,https://doi.org/10.1145/3526073.3527584,10.1145/3526073.3527584,"Deploying machine learning (ML) models to production with the same level of rigor and automation as traditional software systems has shown itself to be a non-trivial task, requiring extra care and infrastructure to deal with the additional challenges. Although many studies focus on adapting ML software engineering (SE) approaches and techniques, few studies have summarized the status and challenges of operationalizing ML models. Model operationalization encompasses all steps after model training and evaluation, including packaging the model in a format appropriate for deployment, publishing to a model registry or storage, integrating the model into a broader software system, serving, and monitoring. This study is the first systematic literature review investigating the techniques, tools, and infrastructures to operationalize ML models. After reviewing 24 primary studies, the results show that there are a number of tools for most use cases to operationalize ML models and cloud deployment in particular. The review also revealed several research opportunities, such as dynamic model-switching, continuous model-monitoring, and efficient edge ML deployments.",Proceedings of the 1st Workshop on Software Engineering for Responsible AI,1–8,8,"MLOps, deployment, machine learning, operationalization, systematic literature review","Pittsburgh, Pennsylvania",SE4RAI '22,,"New York, NY, USA",,,,,
acm-20260429,inproceedings,10.1145/3527049.3527085,"Silakova, Liubov and Nikishina, Arina",Digital transformation of telecom providers management customer system: a process research and effects assessment,2022,9781450386944,Association for Computing Machinery,https://doi.org/10.1145/3527049.3527085,10.1145/3527049.3527085,"The article discusses the impact of the digital transformation of loyalty systems on the success rates of the telecommunications business. The specifics of the telecommunications industry are particularly high rates of customer churn, averaging from 10 to 67\% per year. As a result, the cost of attracting a new client is 4-10 times more expensive than retaining an existing one. So digital transformation of customer loyalty systems becomes a tool for predicting customer behavior and delivering timely and relevant offers, improving the user experience. The purpose of the study is to propose the approach to managing of the digital transformation of customer loyalty systems of telecommunications companies by the measures of the business process management improving based on e-TOM model. The paper defines criteria for evaluating the effectiveness of customer loyalty systems digital transformation for telecommunications companies. The essence of the assessment method is to compare two blocks of indicators: economic efficiency coefficients (before and after digital transformation) and a group of indicators of effects accompanying digital transformation (indicators of strategic, client, operational, cultural, technological effects). The information base of this study was modern literature and statistical about digital transformation of telecommunications companies, as well as data of business processes of telecommunications sector organizations (from America, Europe, Asia, Russia) and the results of interviews with industry experts. Also, we used data from the report of the customer loyalty system's digital transformation results of the telecommunications company, conducted with the participation of the authors. The results of assess the effectiveness of the digital transformation of the telecom provider's customer loyalty system show an increase in the efficiency coefficient from 0.62 to 1.08, as well as an increase in all groups of effects except of personnel culture in the company. In particular, the customer satisfaction index (CSI) increases from 21\% to 79\% and the outflow of customers decrease from 37.5\% to 25\%. Finally, there was a discussion of the results of our study, and the conclusions were summarized.",Proceedings of the 3rd International Scientific Conference on Innovations in Digital Economy,81–90,10,"telecommunication companies, telecom provider, effectiveness business processes, eTOM model, customer loyalty system, Digital transformation","Saint - Petersburg, Russian Federation",SPBPU IDE '21,,"New York, NY, USA",,,,,
acm-20260429,inproceedings,10.1145/3527974.3545716,"Reid, Andy and Eardley, Philip and Kutscher, Dirk","Namespaces, security, and network addresses",2022,9781450393287,Association for Computing Machinery,https://doi.org/10.1145/3527974.3545716,10.1145/3527974.3545716,"This paper examines ways in which future Internet routing and addressing can improve the support for the microservices framework in ways that are evolutionary from it. Three areas are proposed as areas to be studied and developed. First, bringing the application compiler/runtime environment and the distribution orchestrator closer together such that they can share information of namespaces and mapping to lower level addressing. This would allow greater flexibility in application development and much greater optimisation of the distribution at runtime. Second, developing semantic routing as a layered framework based on information understood within a layer and information transparent to a layer. This allows semantic routing to be introduced in an evolutionary fashion. Third, embracing private networking as a primary construct of future Internet routing and addressing. This meets many practical requirements including security. The second and third also give a framework where the current widespread use of L4 and L7 switching in microservices frameworks can be clearly understood and the role they play fully incorporated for in future Internet routing and addressing.",Proceedings of the ACM SIGCOMM Workshop on Future of Internet Routing \&amp; Addressing,31–36,6,"semantic routing, private networking, microservices, layered networking","Amsterdam, Netherlands",FIRA '22,,"New York, NY, USA",,,,,
acm-20260429,inproceedings,10.1145/3527974.3546975,"Kolkman, Olaf and Robachevsky, Andrei and Gahnberg, Carl and Badran, Hosein","Evolution of the edge, what about the internet?",2022,9781450393287,Association for Computing Machinery,https://doi.org/10.1145/3527974.3546975,10.1145/3527974.3546975,"As the requirements for high bandwith and low latency grew the Internet evolved and brought computing and storage closer to the consumers. As the need for hight throughput and low latency increases new communication infrastructure with different properties than that of the Internet are being introduced.In this article we raise, but not answer a few questions around the evolution of the Internet towards edge computing. Questions of which the anser may help us in understanding if the evolution of the edge will subsume the Internet itself, marking the rise of a new communication infrastructure with different properties? Or will the Internet exist and prosper as an essential foundation for other network architectures and applications?.",Proceedings of the ACM SIGCOMM Workshop on Future of Internet Routing \&amp; Addressing,1–5,5,,"Amsterdam, Netherlands",FIRA '22,,"New York, NY, USA",,,,,
acm-20260429,inproceedings,10.1145/3528227.3528565,"Gopalakrishna, Nikhil Krishna and Anandayuvaraj, Dharun and Detti, Annan and Bland, Forrest Lee and Rahaman, Sazzadur and Davis, James C.","""If security is required"": engineering and security practices for machine learning-based IoT devices",2023,9781450393324,Association for Computing Machinery,https://doi.org/10.1145/3528227.3528565,10.1145/3528227.3528565,"The latest generation of IoT systems incorporate machine learning (ML) technologies on edge devices. This introduces new engineering challenges to bring ML onto resource-constrained hardware, and complications for ensuring system security and privacy. Existing research prescribes iterative processes for machine learning enabled IoT products to ease development and increase product success. However, these processes mostly focus on existing practices used in other generic software development areas and are not specialized for the purpose of machine learning or IoT devices.This research seeks to characterize engineering processes and security practices for ML-enabled IoT systems through the lens of the engineering lifecycle. We collected data from practitioners through a survey (N=25) and interviews (N=4). We found that security processes and engineering methods vary by company. Respondents emphasized the engineering cost of security analysis and threat modeling, and trade-offs with business needs. Engineers reduce their security investment if it is not an explicit requirement. The threats of IP theft and reverse engineering were a consistent concern among practitioners when deploying ML for IoT devices. Based on our findings, we recommend further research into understanding engineering cost, compliance, and security trade-offs.",Proceedings of the 4th International Workshop on Software Engineering Research and Practice for the IoT,1–8,8,"cyber-physical systems, embedded systems, internet of things, machine learning, security and privacy, software engineering","Pittsburgh, Pennsylvania",SERP4IoT '22,,"New York, NY, USA",,,,,
acm-20260429,inproceedings,10.1145/3528228.3528405,"Ponsard, Christophe and Ramon, Valery",Survey of automation practices in model-driven development and operations,2022,9781450393331,Association for Computing Machinery,https://doi.org/10.1145/3528228.3528405,10.1145/3528228.3528405,"Model-driven methods are gaining momentum in the industry to develop software intensive systems. To be effective in quality and efficient in productivity, they require a strong toolchain with seamless automation. The DevOps approach can help reach this by unifying software development and operations with a strong focus on automation and monitoring. The aim of this short paper is to review automation tasks that are specific to a model-driven context and to classify them according to a typical DevOps lifecycle covering design, code, testing, deployment and runtime activities. Tasks are identified based on different industry use cases experienced in our research centre or reported in the literature. Some challenges are identified and discussed, especially related to the use of bots in a model-driven context.",Proceedings of the Fourth International Workshop on Bots in Software Engineering,14–17,4,"DevOps, certification, continuous integration, generation, model-based system development, testing, toolchain, verification","Pittsburgh, Pennsylvania",BotSE '22,,"New York, NY, USA",,,,,
acm-20260429,inproceedings,10.1145/3528535.3565242,"Zandberg, Koen and Baccelli, Emmanuel and Yuan, Shenghao and Besson, Fr\'{e}d\'{e}ric and Talpin, Jean-Pierre",Femto-containers: lightweight virtualization and fault isolation for small software functions on low-power IoT microcontrollers,2022,9781450393409,Association for Computing Machinery,https://doi.org/10.1145/3528535.3565242,10.1145/3528535.3565242,"Low-power operating system runtimes used on IoT microcontrollers typically provide rudimentary APIs, basic connectivity and, sometimes, a (secure) firmware update mechanism. In contrast, on less constrained hardware, networked software has entered the age of serverless, microservices and agility. With a view to bridge this gap, in the paper we design Femto-Containers, a new middleware runtime which can be embedded on heterogeneous low-power IoT devices. Femto-Containers enable the secure deployment, execution and isolation of small virtual software functions on low-power IoT devices, over the network. We implement Femto-Containers, and provide integration in RIOT, a popular open source IoT operating system. We then evaluate the performance of our implementation, which was formally verified for fault-isolation, guaranteeing that RIOT is shielded from logic loaded and executed in a Femto-Container. Our experiments on various popular micro-controller architectures (Arm Cortex-M, ESP32 and RISC-V) show that Femto-Containers offer an attractive trade-off in terms of memory footprint overhead, energy consumption, and security.",Proceedings of the 23rd ACM/IFIP International Middleware Conference,161–173,13,"IoT, container, function-as-a-service, low-power, microcontroller, middleware, security, virtual machine","Quebec, QC, Canada",Middleware '22,,"New York, NY, USA",,,,,
acm-20260429,inproceedings,10.1145/3530019.3530039,"Openja, Moses and Majidi, Forough and Khomh, Foutse and Chembakottu, Bhagya and Li, Heng",Studying the Practices of Deploying Machine Learning Projects on Docker,2022,9781450396134,Association for Computing Machinery,https://doi.org/10.1145/3530019.3530039,10.1145/3530019.3530039,"Docker is a containerization service that allows for convenient deployment of websites, databases, applications’ APIs, and machine learning (ML) models with a few lines of code. Studies have recently explored the use of Docker for deploying general software projects with no specific focus on how Docker is used to deploy ML-based projects. In this study, we conducted an exploratory study to understand how Docker is being used to deploy ML-based projects. As the initial step, we examined the categories of ML-based projects that use Docker. We then examined why and how these projects use Docker, and the characteristics of the resulting Docker images. Our results indicate that six categories of ML-based projects use Docker for deployment, including ML Applications, MLOps/ AIOps, Toolkits, DL Frameworks, Models, and Documentation. We derived the taxonomy of 21 major categories representing the purposes of using Docker, including those specific to models such as model management tasks (e.g., testing, training). We then showed that ML engineers use Docker images mostly to help with the platform portability, such as transferring the software across the operating systems, runtimes such as GPU, and language constraints. However, we also found that more resources may be required to run the Docker images for building ML-based software projects due to the large number of files contained in the image layers with deeply nested directories. We hope to shed light on the emerging practices of deploying ML software projects using containers and highlight aspects that should be improved.",Proceedings of the 26th International Conference on Evaluation and Assessment in Software Engineering,190–200,11,"Deep Neural Network, Deployment, Docker, Machine Learning","Gothenburg, Sweden",EASE '22,,"New York, NY, USA",,,,,
acm-20260429,inproceedings,10.1145/3534678.3539196,"Nikitin, Alexander and Kaski, Samuel",Human-in-the-Loop Large-Scale Predictive Maintenance of Workstations,2022,9781450393850,Association for Computing Machinery,https://doi.org/10.1145/3534678.3539196,10.1145/3534678.3539196,"Predictive maintenance (PdM) is the task of scheduling maintenance operations based on a statistical analysis of the system's condition. We propose a human-in-the-loop PdM approach in which a machine learning system predicts future problems in sets of workstations (computers, laptops, and servers). Our system interacts with domain experts to improve predictions and elicit their knowledge. In our approach, domain experts are included in the loop not only as providers of correct labels, as in traditional active learning, but as a source of explicit decision rule feedback. The system is automated and designed to be easily extended to novel domains, such as maintaining workstations of several organizations. In addition, we develop a simulator for reproducible experiments in a controlled environment and deploy the system in a large-scale case of real-life workstations PdM with thousands of workstations for dozens of companies.",Proceedings of the 28th ACM SIGKDD Conference on Knowledge Discovery and Data Mining,3682–3690,9,"applications, bayesian optimization, human-in-the-loop, machine learning, predictive maintenance","Washington DC, USA",KDD '22,,"New York, NY, USA",,,,,
acm-20260429,inproceedings,10.1145/3538395.3545312,"Fiebig, Tobias and Aschenbrenner, Doris","13 propositions on an internet for a ""burning world""",2022,9781450393942,Association for Computing Machinery,https://doi.org/10.1145/3538395.3545312,10.1145/3538395.3545312,"In this paper, we outline thirteen propositions on the state of the Internet and digital infrastructures. The core of our theses is that the centralizing Internet of today will not be sustainable and resilient, neither in terms of its energy needs nor in the face of a ""burning world"", i.e., the rapidly changing world, facing an unprecedented human-made climate disaster and countless other shifts we currently find ourselves living in. Furthermore, we highlight that ongoing policy decisions do not necessarily benefit the resilience of the Internet in the future to come. Our propositions are based on our own research contributions published in the past, public discourse, and most certainly rooted in system administration lore and our own experience as system administrators. They are intentionally bold, to form a foundation for discussion, and we make no personal claim to originality and completeness. Finally, we note that, they do not aim at providing simple solutions, but hint at interrelations and challenges we must resolve to survive the future to come.","Proceedings of the ACM SIGCOMM Joint Workshops on Technologies, Applications, and Uses of a Responsible Internet and Building Greener Internet",1–5,5,"burning world, centralization, climate emergency, cloudification, platformization, resilience, sustainability","Amsterdam, Netherlands",TAURIN+BGI '22,,"New York, NY, USA",,,,,
acm-20260429,inproceedings,10.1145/3538712.3538723,"Mostafa, Jalal and Wehbi, Sara and Chilingaryan, Suren and Kopmann, Andreas",SciTS: A Benchmark for Time-Series Databases in Scientific Experiments and Industrial Internet of Things,2022,9781450396677,Association for Computing Machinery,https://doi.org/10.1145/3538712.3538723,10.1145/3538712.3538723,"Time-series data has an increasingly growing usage in Industrial Internet of Things (IIoT) and large-scale scientific experiments. Managing time-series data needs a storage engine that can keep up with their constantly growing volumes while providing an acceptable query latency. While traditional ACID databases favor consistency over performance, many time-series databases with novel storage engines have been developed to provide better ingestion performance and lower query latency. To understand how the unique design of a time-series database affects its performance, we design SciTS, a highly extensible and parameterizable benchmark for time-series data. The benchmark studies the data ingestion capabilities of time-series databases especially as they grow larger in size. It also studies the latencies of 5 practical queries from the scientific experiments use case. We use SciTS to evaluate the performance of 4 databases of 4 distinct storage engines: ClickHouse, InfluxDB, TimescaleDB, and PostgreSQL.",Proceedings of the 34th International Conference on Scientific and Statistical Database Management,,11,"database management systems, industrial internet of things, scientific experiments, sensor data, time-series, time-series databases","Copenhagen, Denmark",SSDBM '22,12,"New York, NY, USA",,,,,
acm-20260429,inproceedings,10.1145/3538969.3539012,"Ardagna, Claudio A. and Bena, Nicola and de Pozuelo, Ramon Mart\'{\i}n",Bridging the Gap Between Certification and Software Development,2022,9781450396707,Association for Computing Machinery,https://doi.org/10.1145/3538969.3539012,10.1145/3538969.3539012,"While certification is widely recognized as a means to increase system trustworthiness and reduce uncertainty in decision making, it faces severe challenges preventing a wider adoption thereof. Certification is not adequately planned and integrated within the development process, leading to suboptimal scenarios where certification introduces the need to further modify the developed system with high costs. We propose a methodology that bridges the gap between software development and certification processes. Our methodology automatically produces the certification requirements driving all steps of the development process, and maximizes the strength of certificates while taking costs under control. We formalize the above problem as a multi-objective mathematical program and solve it through a genetic algorithm. The proposed approach is tested in a real-world, cloud-based financial scenario at CaixaBank and its performance and quality is evaluated in a simulated scenario.","Proceedings of the 17th International Conference on Availability, Reliability and Security",,10,"Certification, Security, Software Development","Vienna, Austria",ARES '22,19,"New York, NY, USA",,,,,
acm-20260429,inproceedings,10.1145/3538969.3543804,"Mil\'{a}nkovich, \'{A}kos and Eberhardt, Gergely and Luk\'{a}cs, D\'{a}vid",The AssureMOSS security certification scheme,2022,9781450396707,Association for Computing Machinery,https://doi.org/10.1145/3538969.3543804,10.1145/3538969.3543804,"In the AssureMOSS project we aim to improve the security of MOSS (Multi-party Open Software and Services), which faces challenges of increasing complexity, high-frequency update cycles and high costs of evaluation. In this quest we will create a methodology to evaluate and certify MOSS projects regularly to improve and maintain a higher level of security in those projects. We aim to make the methodology and tools related to this effort open source for the benefit of the open projects. As a first step, this document presents the state of the art in security certification through showing the most popular and relevant – from the point of view in AssureMOSS – certification schemes. Moreover, as some shortcomings of these schemes are presented, we present the motivation behind the creation of the AssureMOSS scheme was necessary. In AssureMOSS we concentrate on the domain of MOSS, where constant recertification caused by the rapid release cycles of a product would cause extreme overhead in the budget and for developers as well if they need to maintain a documentation suitable for security evaluation. The AssureMOSS scheme would fill a void in the cloud- and microservices domain by employing the concept on delta evaluation in a lightweight certification scheme. Building on the capabilities of the AssureMOSS tools and implementing the methodology of the hereby presented AssureMOSS scheme we will build on the DeltAICert tool, which will be able to help the work of security evaluators by automating the security evaluation and certification process via delta evaluation, which concentrates the evaluation effort on the changes between the certified and new version of the target of evaluation (ToE).","Proceedings of the 17th International Conference on Availability, Reliability and Security",,10,"Delta, MOSS, certification, microservices, scheme, security","Vienna, Austria",ARES '22,119,"New York, NY, USA",,,,,
acm-20260429,inproceedings,10.1145/3538969.3544451,"Yasar, Hasan and Teplov, Sam E",DevSecOps In Embedded Systems: An Empirical Study Of Past Literature,2022,9781450396707,Association for Computing Machinery,https://doi.org/10.1145/3538969.3544451,10.1145/3538969.3544451,"Over the last decade, DevSecOps principles have gained widespread acceptance, replacing many traditional approaches to software development. DevSecOps has helped developers shorten the overall software development life cycle, and as a result, decreased the time to market. Following the broad success of DevSecOps, the next logical progression is to apply DevSecOps principles to other fields to achieve similar results, such as embedded systems. While embedded systems practices may stand to benefit greatly from the inclusion of DevSecOps principles, the field offers many new and unique challenges that have not been faced with traditional software systems. Existing DevSecOps frameworks cannot simply be applied to embedded systems. It is necessary to adapt current DevSecOps frameworks specifically to embedded systems. This piece will first lay out current DevSecOps principles and their application to software systems. Then, an empirical examination of existing work on DevSecOps in embedded systems will be presented. The required components of a DevSecOps framework that have been excluded from previous research will be highlighted, and from this, future areas of research in DevSecOps for embedded systems will be presented. The goal of this work is to summarize and analyze the current state of knowledge on DevSecOps in embedded systems and outline a path for future research.• Computer systems organization → Embedded systems; Redundancy; Robotics; • Networks → Network reliability.","Proceedings of the 17th International Conference on Availability, Reliability and Security",,6,,"Vienna, Austria",ARES '22,155,"New York, NY, USA",,,,,
acm-20260429,inproceedings,10.1145/3540250.3549144,"Martin-Lopez, Alberto and Segura, Sergio and Ruiz-Cort\'{e}s, Antonio",Online testing of RESTful APIs: promises and challenges,2022,9781450394130,Association for Computing Machinery,https://doi.org/10.1145/3540250.3549144,10.1145/3540250.3549144,"Online testing of web APIs—testing APIs in production—is gaining traction in industry. Platforms such as RapidAPI and Sauce Labs provide online testing and monitoring services of web APIs 24/7, typically by re-executing manually designed test cases on the target APIs on a regular basis. In parallel, research on the automated generation of test cases for RESTful APIs has seen significant advances in recent years. However, despite their promising results in the lab, it is unclear whether research tools would scale to industrial-size settings and, more importantly, how they would perform in an online testing setup, increasingly common in practice. In this paper, we report the results of an empirical study on the use of automated test case generation methods for online testing of RESTful APIs. Specifically, we used the RESTest framework to automatically generate and execute test cases in 13 industrial APIs for 15 days non-stop, resulting in over one million test cases. To scale at this level, we had to transition from a monolithic tool approach to a multi-bot architecture with over 200 bots working cooperatively in tasks like test generation and reporting. As a result, we uncovered about 390K failures, which we conservatively triaged into 254 bugs, 65 of which have been acknowledged or fixed by developers to date. Among others, we identified confirmed faults in the APIs of Amadeus, Foursquare, Yelp, and YouTube, accessed by millions of applications worldwide. More importantly, our reports have guided developers on improving their APIs, including bug fixes and documentation updates in the APIs of Amadeus and YouTube. Our results show the potential of online testing of RESTful APIs as the next must-have feature in industry, but also some of the key challenges to overcome for its full adoption in practice.",Proceedings of the 30th ACM Joint European Software Engineering Conference and Symposium on the Foundations of Software Engineering,408–420,13,"REST, black-box testing, bot, online testing, web API","Singapore, Singapore",ESEC/FSE 2022,,"New York, NY, USA",,,,,
acm-20260429,inproceedings,10.1145/3540250.3558943,"Chatterjee, Ayan and Ahmed, Bestoun S. and Hallin, Erik and Engman, Anton",Testing of machine learning models with limited samples: an industrial vacuum pumping application,2022,9781450394130,Association for Computing Machinery,https://doi.org/10.1145/3540250.3558943,10.1145/3540250.3558943,"There is often a scarcity of training data for machine learning (ML) classification and regression models in industrial production, especially for time-consuming or sparsely run manufacturing processes. Traditionally, a majority of the limited ground-truth data is used for training, while a handful of samples are left for testing. In that case, the number of test samples is inadequate to properly evaluate the robustness of the ML models under test (i.e., the system under test) for classification and regression. Furthermore, the output of these ML models may be inaccurate or even fail if the input data differ from the expected. This is the case for ML models used in the Electroslag Remelting (ESR) process in the refined steel industry to predict the pressure in a vacuum chamber. A vacuum pumping event that occurs once a workday generates a few hundred samples in a year of pumping for training and testing. In the absence of adequate training and test samples, this paper first presents a method to generate a fresh set of augmented samples based on vacuum pumping principles. Based on the generated augmented samples, three test scenarios and one test oracle are presented to assess the robustness of an ML model used for production on an industrial scale. Experiments are conducted with real industrial production data obtained from Uddeholms AB steel company. The evaluations indicate that Ensemble and Neural Network are the most robust when trained on augmented data using the proposed testing strategy. The evaluation also demonstrates the proposed method's effectiveness in checking and improving ML algorithms' robustness in such situations. The work improves software testing's state-of-the-art robustness testing in similar settings. Finally, the paper presents an MLOps implementation of the proposed approach for real-time ML model prediction and action on the edge node and automated continuous delivery of ML software from the cloud.",Proceedings of the 30th ACM Joint European Software Engineering Conference and Symposium on the Foundations of Software Engineering,1280–1290,11,"data augmentation, data decomposition, machine learning, mlops, software testing, vacuum pumping","Singapore, Singapore",ESEC/FSE 2022,,"New York, NY, USA",,,,,
acm-20260429,inproceedings,10.1145/3540250.3558955,"Han, Liping and Yue, Tao and Ali, Shaukat and Arrieta, Aitor and Arratibel, Maite",Are elevator software robust against uncertainties? results and experiences from an industrial case study,2022,9781450394130,Association for Computing Machinery,https://doi.org/10.1145/3540250.3558955,10.1145/3540250.3558955,"Industrial elevator systems are complex Cyber-Physical Systems operating in uncertain environments and experiencing uncertain passenger behaviors, hardware delays, and software errors. Identifying, understanding, and classifying such uncertainties are essential to enable system designers to reason about uncertainties and subsequently develop solutions for empowering elevator systems to deal with uncertainties systematically. To this end, we present a method, called RuCynefin, based on the Cynefin framework to classify uncertainties in industrial elevator systems from our industrial partner (Orona, Spain), results of which can then be used for assessing their robustness. RuCynefin is equipped with a novel classification algorithm to identify the Cynefin contexts for a variety of uncertainties in industrial elevator systems, and a novel metric for measuring the robustness using the uncertainty classification. We evaluated RuCynefin with an industrial case study of 90 dispatchers from Orona to assess their robustness against uncertainties. Results show that RuCynefin could effectively identify several situations for which certain dispatchers were not robust. Specifically, 93\% of such versions showed some degree of low robustness against uncertainties. We also provide insights on the potential practical usages of RuCynefin, which are useful for practitioners in this field.",Proceedings of the 30th ACM Joint European Software Engineering Conference and Symposium on the Foundations of Software Engineering,1331–1342,12,"Cynefin framework, Industrial elevator systems, Robustness assessment, Uncertainty","Singapore, Singapore",ESEC/FSE 2022,,"New York, NY, USA",,,,,
acm-20260429,inproceedings,10.1145/3542929.3563462,"Zhang, Jie and Jin, Chen and Huang, YuQi and Yi, Li and Ding, Yu and Guo, Fei",KOLE: breaking the scalability barrier for managing far edge nodes in cloud,2022,9781450394147,Association for Computing Machinery,https://doi.org/10.1145/3542929.3563462,10.1145/3542929.3563462,"In edge computing, the trend is moving towards leveraging cloud native technologies and platforms such as con-tainerization and Kubernetes to manage edge applications to improve operation efficiency. Unfortunately, the supported number of nodes per cluster is only several thousand in Kubernetes which is much less than what typical far edge use cases require. In this paper, we propose KOLE, a framework that extends the upstream Kubernetes for supporting a large number of far edge nodes. It replaces the existing apiserver-to-node communication mechanism in Kubernetes with a MQTT messaging system. The MQTT broker completely offloads the overhead of keeping numerous HTTP connections for nodes in the apiserver. In KOLE, we avoid creating numerous individual objects in the apiserver by maintaining them in a cloud state cache. The cache is snapshotted periodically for disaster recovery. Overall, KOLE achieves outstanding scalability by sacrificing the manageability of having individual objects, which we believe is a reasonable trade-off for far edge use cases. The experiment results show that KOLE is scalable and can support up to one million nodes.",Proceedings of the 13th Symposium on Cloud Computing,196–209,14,"control plane architecture, edge computing, scalability","San Francisco, California",SoCC '22,,"New York, NY, USA",,,,,
acm-20260429,inproceedings,10.1145/3543873.3587664,"Deshmukh, Rohit A. and Chala, Sisay Adugna and Lange, Christoph",Requirements and Building Blocks for Manufacturing Dataspaces,2023,9781450394192,Association for Computing Machinery,https://doi.org/10.1145/3543873.3587664,10.1145/3543873.3587664,"With the advent and pervasiveness of the Internet of Things (IoT), big data and cloud computing technologies, digitalization in enterprises and factories has rapidly increased in the last few years. Digital platforms have emerged as an effective mechanism for enabling the management and sharing of data from various companies. To enable sharing of data beyond the platform boundaries, definition of new platform federation approaches is on the rise. This makes enabling the federation of digital platforms a key requirement for large-scale dataspaces. Therefore, the identification of platform federation requirements and building blocks for such dataspaces needs to be systematically addressed. In this paper, we try to systematically explore the high-level requirements for enabling a federation of digital platforms in the manufacturing domain and identify a set of building blocks. We integrate the requirements and building blocks into the notion of dataspaces. The identified requirements and building blocks act as a blueprint for designing and instantiating new dataspaces, thereby speeding up the development process and reducing costs. We present a case study to illustrate how the use of common building blocks can act as common guiding principles and result in more complete and interoperable implementations.",Companion Proceedings of the ACM Web Conference 2023,1485–1493,9,,"Austin, TX, USA",WWW '23 Companion,,"New York, NY, USA",,,,,
acm-20260429,inproceedings,10.1145/3550356.3561549,"Cleophas, Loek and Godfrey, Thomas and Khelladi, Djamel Eddine and Lehner, Daniel and Combemale, Benoit and van den Brand, Mark and Vierhauser, Michael and Wimmer, Manuel and Zschaler, Steffen",A community-sourced view on engineering digital twins: a report from the EDT.Community,2022,9781450394673,Association for Computing Machinery,https://doi.org/10.1145/3550356.3561549,10.1145/3550356.3561549,"Digital Twins are an important concept, enabling what-if scenario exploration, predictive maintenance, and other approaches. They help in saving time and physical resources when developing and evolving systems, whether natural or engineered. However, constructing and maintaining digital twins is a challenging engineering task - and, to date, there is a lack of understanding of the engineering techniques and methodologies required. To address these challenges, we created EDT.Community, a programme of seminars on the engineering of digital twins hosting digital twins experts from academia and industry. In this paper, we report on the main topics of discussion from the first year of the programme. We contribute by providing (1) a common understanding of open challenges in research and practice of the engineering of digital twins, and (2) an entry point to researchers who aim to close gaps in the current state of the art.",Proceedings of the 25th International Conference on Model Driven Engineering Languages and Systems: Companion Proceedings,481–485,5,"digital engineering, digital twin, systems engineering","Montreal, Quebec, Canada",MODELS '22,,"New York, NY, USA",,,,,
acm-20260429,inproceedings,10.1145/3550356.3561582,"Bergelin, Johan and Cicchetti, Antonio",Towards continuous modelling to enable DevOps: a preliminary study with practitioners,2022,9781450394673,Association for Computing Machinery,https://doi.org/10.1145/3550356.3561582,10.1145/3550356.3561582,"Model-based methods and techniques continuously evolve to meet the increasing challenges of modern-day technical landscapes. Parallel to Model-based methods, other paradigms are similarly maturing and being integrated, and one such paradigm is DevOps. Model-based methods and DevOps are perceived to provide benefits when viewed in isolation. Recently, there has been an increased interest in matching the two paradigms, with various proposals and early adoption results. However, little focus is put on the practitioners' view.In this paper, we propose a methodology that aims to utilise Model-driven engineering and DevOps practices in conjunction. Together with the methodology, we present an early evaluation of it from a practitioner's perspective. In particular, we study a large and long-running student project aiming to build a solar vehicle, by presenting the current integration and potential future directions. In this paper we limit the observation to the development phase. Early feedback from the case study indicates significant benefits for several identified project pain points, and it's expected that more benefits will emerge when more advanced DevOps aspects are integrated with model-based methods, and the project matures.",Proceedings of the 25th International Conference on Model Driven Engineering Languages and Systems: Companion Proceedings,774–783,10,"DevOps, model-based engineering, practitioners, simulink","Montreal, Quebec, Canada",MODELS '22,,"New York, NY, USA",,,,,
acm-20260429,inproceedings,10.1145/3550356.3561609,"Bergelin, Johan and Strandberg, Per Erik",Industrial requirements for supporting AI-enhanced model-driven engineering,2022,9781450394673,Association for Computing Machinery,https://doi.org/10.1145/3550356.3561609,10.1145/3550356.3561609,"There is an increasing interest in research on the combination of AI techniques and methods with MDE. However, there is a gap between AI and MDE practices, as well as between researchers and practitioners. This paper tackles this gap by reporting on industrial requirements in this field. In the AIDOaRt research project, practitioners and researchers collaborate on AI-augmented automation supporting modeling, coding, testing, monitoring, and continuous development in cyber-physical systems. The project specifically lies at the intersection of industry and academia collaboration with several industrial use cases. Through a process of elicitation and refinement, 78 high-level requirements were defined, and generalized into 30 generic requirements by the AIDOaRt partners. The main contribution of this paper is the set of generic requirements from the project for enhancing the development of cyber-physical systems with artificial intelligence, DevOps, and model-driven engineering, identifying the hot spots of industry needs in the interactions of MDE and AI. Future work will refine, implement and evaluate solutions toward these requirements in industry contexts.",Proceedings of the 25th International Conference on Model Driven Engineering Languages and Systems: Companion Proceedings,375–379,5,"artificial intelligence, cyber-physical systems, model-driven engineering, requirements","Montreal, Quebec, Canada",MODELS '22,,"New York, NY, USA",,,,,
acm-20260429,inproceedings,10.1145/3550356.3563134,"Fend, Andreas and Bork, Dominik",CPSAML: a language and code generation framework for digital twin based monitoring of mobile cyber-physical systems,2022,9781450394673,Association for Computing Machinery,https://doi.org/10.1145/3550356.3563134,10.1145/3550356.3563134,"Cyber-physical systems (CPS) are finding increasing use, whether in factories, autonomous vehicles, or smart buildings. Monitoring the execution of CPSs is crucial since CPSs directly influence their physical environment. Like the actual system, the monitoring application must be designed, developed, and tested. Mobile CPSs, in contrast to stationary CPSs, bring the additional requirement that instances can dynamically join, leave, or fail during execution time. This dynamic behavior must also be considered in the monitoring application. This paper presents CPSAML, a language and code generation framework for the model-driven development of mobile CPS systems, including a cockpit application for monitoring and interacting with such a system. The pipeline starts with the formulation of the system and the CPSs it contains at an abstract level by the system architect using a domain-specific modeling language. Next, this model is transformed into SysML 2 for further extension and richer specificity by system engineers on a more technical level. In the last step of the pipeline, the SysML 2 model is used to generate code for the CPS devices, a system-wide digital twin, and the cockpit application mentioned above. This cockpit enables the operator to configure and apply the monitoring and interaction with the system during runtime. We evaluate our CPSAML language and code generation framework on an Indoor Transport System case study with Roomba vacuum cleaner robots.",Proceedings of the 25th International Conference on Model Driven Engineering Languages and Systems: Companion Proceedings,649–658,10,"cyber-physical systems, digital twin, model-driven engineering, multi-paradigm modeling","Montreal, Quebec, Canada",MODELS '22,,"New York, NY, USA",,,,,
acm-20260429,inproceedings,10.1145/3551902.3565070,"Zhang, Xinrui and Jaskolka, Jason",Security Patterns for Machine Learning: The Data-Oriented Stages,2023,9781450395946,Association for Computing Machinery,https://doi.org/10.1145/3551902.3565070,10.1145/3551902.3565070,"Security in machine learning (ML) is one of the top priorities in many ML-based systems in the field of healthcare, finance, energy, transportation, and cybersecurity. Since developing ML applications requires multidisciplinary effort, it is important to eliminate knowledge mismatch about security among the team members in the early design phase. In this paper, we present a collection of security patterns for the data-oriented stages in the ML workflow, including data collection, data storage, and data preparation. This provides a concise guidance on how to protect each stage from known threats, as well as a communication vocabulary for different roles to consider security without being security experts.",Proceedings of the 27th European Conference on Pattern Languages of Programs,,12,"countermeasures, data, machine learning, security pattern, threats","Irsee, Germany",EuroPLop '22,30,"New York, NY, USA",,,,,
acm-20260429,inproceedings,10.1145/3555051.3555068,"Serafini, Daniele and Zacchiroli, Stefano",Efficient Prior Publication Identification for Open Source Code,2022,9781450398459,Association for Computing Machinery,https://doi.org/10.1145/3555051.3555068,10.1145/3555051.3555068,"Free/Open Source Software (FOSS) enables large-scale reuse of preexisting software components. The main drawback is increased complexity in software supply chain management. A common approach to tame such complexity is automated open source compliance, which consists in automating the verification of adherence to various open source management best practices about license obligation fulfillment, vulnerability tracking, software composition analysis, and nearby concerns. We consider the problem of auditing a source code base to determine which of its parts have been published before, which is an important building block of automated open source compliance toolchains. Indeed, if source code allegedly developed in house is recognized as having been previously published elsewhere, alerts should be raised to investigate where it comes from and whether this entails that additional obligations shall be fulfilled before product shipment. We propose an efficient approach for prior publication identification that relies on a knowledge base of known source code artifacts linked together in a global Merkle direct acyclic graph and a dedicated discovery protocol. We introduce swh-scanner, a source code scanner that realizes the proposed approach in practice using as knowledge base Software Heritage, the largest public archive of source code artifacts. We validate experimentally the proposed approach, showing its efficiency in both abstract (number of queries) and concrete terms (wall-clock time), performing benchmarks on 16845 real-world public code bases of various sizes, from small to very large.",Proceedings of the 18th International Symposium on Open Collaboration,,8,"license compliance, open compliance, open source, prior art, software supply chain, source code scanning","Madrid, Spain",OpenSym '22,12,"New York, NY, USA",,,,,
acm-20260429,inproceedings,10.1145/3555228.3555245,"Silva, Francisco and Lelli, Val\'{e}ria and Santos, Ismayle and Andrade, Rossana",Towards a Fault Taxonomy for Microservices-Based Applications,2022,9781450397353,Association for Computing Machinery,https://doi.org/10.1145/3555228.3555245,10.1145/3555228.3555245,"Microservice-based applications support an architectural style that allows the organization of distributed applications as a set of possibly stateless services to achieve scalability and maintainability. They have been widely used in the industry, however, this architecture can bring challenges regarding Fault Tolerance, Fault Prevention, Fault Detection and Fault Handling activities. In the context of microservices, fault injection is more complex since those applications contain mostly asynchronous process. Therefore, a fault injection becomes even more expensive. Several studies in the literature have been handling the complexity of testing microservice-based applications such as investigating the root causes of microservices failures or providing frameworks that allow users injecting faults related to microservices. In this direction, a fault catalog can be beneficial for performing software fault activities. In this work, we conducted a Multivocal Literature Review to catalog faults related to microservice-based applications to better support their development and testing. Then, we defined a taxonomy with 117 faults classified into 6 Non-Functional Requirements and related to 11 characteristics inherent to the microservices architecture.",Proceedings of the XXXVI Brazilian Symposium on Software Engineering,247–256,10,,"Virtual Event, Brazil",SBES '22,,"New York, NY, USA",,,,,
acm-20260429,inproceedings,10.1145/3555776.3577626,"de Chaves, Shirlei Aparecida and Barreto Vavassori Benitti, Fabiane",Privacy by Design in Software Engineering: An update of a Systematic Mapping Study,2023,9781450395175,Association for Computing Machinery,https://doi.org/10.1145/3555776.3577626,10.1145/3555776.3577626,"Since several data protection regulations were enacted in the last couple of years, we aimed to investigate the state-of-the-art of Privacy by Design in Software Engineering. An early Systematic Mapping Study investigated that before the General Data Protection Regulation (GDPR) came into force. Initial scoping suggested the existence of several new studies suitable for inclusion, so we performed an update to verify what has changed in the area. From the 68 selected papers, we found that (a) professional practice has gained attention with software developers at the centre; (b) GDPR has become a trend; (c) much of the research is regulation-centric and a more user-centric view is missing and (d) there is still a need for validation in industrial settings.",Proceedings of the 38th ACM/SIGAPP Symposium on Applied Computing,1362–1369,8,"privacy by design, software engineering, systematic mapping study","Tallinn, Estonia",SAC '23,,"New York, NY, USA",,,,,
acm-20260429,inproceedings,10.1145/3555776.3577668,"Verreydt, Stef and Van Landuyt, Dimitri and Joosen, Wouter",Expressive and Systematic Risk Assessments with Instance-Centric Threat Models,2023,9781450395175,Association for Computing Machinery,https://doi.org/10.1145/3555776.3577668,10.1145/3555776.3577668,"A threat modeling exercise involves systematically assessing the likelihood and potential impact of diverse threat scenarios. As threat modeling approaches and tools act at the level of a software architecture or design (e.g., a data flow diagram), they consider threat scenarios at the level of classes or types of system elements. More fine-grained analyses in terms of concrete instances of these elements are typically not conducted explicitly nor rigorously. This hinders (i) expressiveness, as threats that require articulation at the level of instances can not be expressed nor managed properly, and (ii) systematic risk calculation, as risk cannot be expressed and estimated with respect to instance-level properties.In this paper, we present a novel threat modeling approach that acts on two layers: (i) the design layer defines the classes and entity types in the system, and (ii) the instance layer models concrete instances and their properties. This, in turn, allows both rough risk estimates at the design-level, and more precise ones at the instance-level. Motivated by a connected vehicles application, we present the key challenges, the modeling approach and a tool prototype. The presented approach is a key enabler for more continuous and frequent threat (re-)assessment, the integration of threat analysis models in CI/CD pipelines and agile development environments on the one hand (development perspective), and in risk management approaches at run-time (operations perspective).",Proceedings of the 38th ACM/SIGAPP Symposium on Applied Computing,1450–1457,8,"threat modeling, security-by-design, risk management","Tallinn, Estonia",SAC '23,,"New York, NY, USA",,,,,
acm-20260429,inproceedings,10.1145/3555776.3577761,"Basso, Fabio and Soares Ferreira, Bruno Marcelo and Torres, Rafael and Frantz, Rafael Z. and Kreutz, Diego and Bernardino, Maicon and de Macedo Rodrigues, Elder",Model-Driven Integration and the OSLC Standard: a Mapping of Applied Studies,2023,9781450395175,Association for Computing Machinery,https://doi.org/10.1145/3555776.3577761,10.1145/3555776.3577761,"Open Services for Lifecycle Collaboration (OSLC) is an open standard for tool interoperability, which allows data federation throughout Software Engineering (SE) application lifecycles. The OSLC community has been active since 2008, and there is still an open question: ""What is the state-of-the-art and practice of OSLC for tool integration in Application Lifecycle Management (ALM) for Software Engineering environments?"". Objective: To answer this question, our main goal is to map the state-of-the-art and practice on the adoption of OSLC in SE lifecycles. Method: This paper presents a Systematic Mapping Study (SMS) by analyzing 59 primary studies and addressing integration issues such as building SE toolchains. Results: Our findings show that OSLC has been mostly implemented with the development of adapters and MDE. Conclusions: The main advantages of OSLC are related to linked data, involving not only tool adapters for point-to-point integrations, but also proposing solutions for tool replacement in the toolchain, as well as including modifications of OSLC domain specifications and solutions for automated activities for tool integration.",Proceedings of the 38th ACM/SIGAPP Symposium on Applied Computing,763–770,8,"open services for lifecycle collaboration, tool integration, tool adapters, model-driven engineering, systematic mapping study","Tallinn, Estonia",SAC '23,,"New York, NY, USA",,,,,
acm-20260429,inproceedings,10.1145/3560835.3564554,"Benedetti, Giacomo and Verderame, Luca and Merlo, Alessio",Automatic Security Assessment of GitHub Actions Workflows,2022,9781450398855,Association for Computing Machinery,https://doi.org/10.1145/3560835.3564554,10.1145/3560835.3564554,"The demand for quick and reliable DevOps operations pushed distributors of repository platforms to implement workflows. Workflows allow automating code management operations directly on the repository hosting the software. However, this feature also introduces security issues that directly affect the repository, its content, and all the software supply chains in which the hosted code is involved in. Hence, an attack exploiting vulnerable workflows can affect disruptively large software ecosystems. To empirically assess the importance of this problem, in this paper, we focus on the de-facto main distributor (i.e., GitHub). We developed a security assessment methodology for GitHub Actions workflows, which are widely adopted in software supply chains. We implemented the methodology in a tool (GHAST) and applied it on 50 open-source projects. The experimental results are worrisome as they allowed identifying a total of 24,905 security issues (all reported to the corresponding stakeholders), thereby indicating that the problem is open and demands further research and investigation.",Proceedings of the 2022 ACM Workshop on Software Supply Chain Offensive Research and Ecosystem Defenses,37–45,9,"github actions, software supply chain, software supply chain security, workflow security","Los Angeles, CA, USA",SCORED'22,,"New York, NY, USA",,,,,
acm-20260429,inproceedings,10.1145/3560905.3567759,"Saganowski, Stanis\l{}aw and Miszczyk, Jan and Kunc, Dominika and Lisouski, Dzmitry and Kazienko, Przemys\l{}aw",Lessons Learned from Developing Emotion Recognition System for Everyday Life,2023,9781450398862,Association for Computing Machinery,https://doi.org/10.1145/3560905.3567759,10.1145/3560905.3567759,"Recognizing emotions in everyday life requires a user-friendly and reliable system based on a smartphone and wearables. For over a year, we have been developing the Emognition system, which enables collecting emotionally annotated physiological signals in real-life scenarios. In this work, we describe the system architecture, the components and libraries used, as well as the development, testing, and implementation strategies. We explain in detail the integration with wearables - smartwatch Samsung Galaxy Watch 3 and chest strap Polar H10. The encountered problems and developed solutions are thoroughly discussed. We also provide the advantages and limitations of several frameworks for embedding machine learning models into a resource-restricted mobile application.",Proceedings of the 20th ACM Conference on Embedded Networked Sensor Systems,1047–1054,8,"emognition system, emotional data, emotionally annotated physiology, wearables","Boston, Massachusetts",SenSys '22,,"New York, NY, USA",,,,,
acm-20260429,inproceedings,10.1145/3564719.3568689,"Butting, Arvid and Kirchhof, J\""{o}rg Christian and Kleiss, Anno and Michael, Judith and Orlov, Radoslav and Rumpe, Bernhard",Model-Driven IoT App Stores: Deploying Customizable Software Products to Heterogeneous Devices,2022,9781450399203,Association for Computing Machinery,https://doi.org/10.1145/3564719.3568689,10.1145/3564719.3568689,"Internet of Things (IoT) devices and the software they execute are often strongly coupled with vendors preinstalling their software at the factory. Future IoT applications are expected to be distributed via app stores. A strong coupling between hard- and software hinders the rise of such app stores. Existing model-driven approaches for developing IoT applications focus largely on the behavior specification and message exchange but generate code that targets a specific set of devices. By raising the level of abstraction, models can be utilized to decouple hard- and software and adapt to various infrastructures. We present a concept for a model-driven app store that decouples hardware and software development of product lines of IoT applications.",Proceedings of the 21st ACM SIGPLAN International Conference on Generative Programming: Concepts and Experiences,108–121,14,"App Store, Architecture Description Language, Internet of Things, Low-Code, Model-Driven Engineering","Auckland, New Zealand",GPCE 2022,,"New York, NY, USA",,,,,
acm-20260429,inproceedings,10.1145/3564721.3565946,"Redmond, Fiona",With a Rise in Computing Disciplines Comes a Greater Choice of Computing Degrees in Higher Education,2022,9781450396165,Association for Computing Machinery,https://doi.org/10.1145/3564721.3565946,10.1145/3564721.3565946,"Higher education institutions (HEIs) internationally are increasingly recognising the importance of understanding student study choices. This is especially true in the field of computing in which skills shortages in the labour market are high but so too are student dropout rates. Loss of interest in the computing field has been reported among the reasons for students dropping out. The aim of this study is to offer a fresh perspective of the factors influencing undergraduate student’s interest and choice of specialisation in computing. Previous studies have mainly focused on five ACM-identified computing disciplines: Computer Science, Information Systems, Information Technology, Computer Engineering and Software Engineering. With the ever-growing nature of computing, two more disciplines recently emerged: Cybersecurity and Data Science. HEIs continuously endeavour to expand computing programmes into specialist areas within these disciplines such as machine learning, artificial intelligence, gaming, robotics and creative computing. For prospective students, this maze of options can make for a difficult decision. 137 first-year computing students were invited to participate in a mixed-methods survey to explore their choices around cybersecurity and other newer specialisations. The results of the survey were matched with findings from recent literature, and show that personal interest, family, media, career prospects and prior experiences still influence student choices, with media appearing to have a greater impact compared to earlier studies. HEIs can use this when developing effective recruitment strategies in computing.",Proceedings of the 22nd Koli Calling International Conference on Computing Education Research,,11,"computing, computing education, disciplines, specialisations, student choices","Koli, Finland",Koli Calling '22,5,"New York, NY, USA",,,,,
acm-20260429,inproceedings,10.1145/3571697.3571707,"Mavrogiorgou, Argyro and Koukos, Vasileios and Kouremenou, Eleftheria and Kiourtis, Athanasios and Raikos, Alexandros and Manias, George and Kyriazis, Dimosthenis",A Cross-domain Data Marketplace for Data Sharing,2023,9781450397308,Association for Computing Machinery,https://doi.org/10.1145/3571697.3571707,10.1145/3571697.3571707,"In recent years, vast amounts of data are generated from a plethora of devices, systems, and platforms, covering a wide range of domains. This data increase generates the necessity to access a wide range of technical and technological resources enabling efficient and ready-to-use data analysis solutions, including resources for training and learning in addition to data infrastructure elements, as well as Artificial Intelligence (AI)/Machine Learning (ML) techniques. Current solutions are siloed, and instead of being structured, integrated, and openly accessible from a single-entry point, they still tend to be fragmented and proprietary. To address this gap, the concept of data marketplaces has been generated including a plethora of solutions, in the form of data assets, for offering an access point to the aforementioned services. Though, current data marketplaces lack of genericity since they are tailored and implemented under specific domains, not being able to fully offer a single-entry point towards interdisciplinary ready-to-use data management solutions and assets. This paper describes a cross-domain Data Marketplace, as a unified web-based platform that offers to its users various ready-to-use data management solutions, supporting different kinds of cross-sector assets including datasets, software components, data science notebooks, as well as multimedia content of software solutions among others. Moreover, it showcases how this Data Marketplace has been designed and specified based on existing marketplaces, while it demonstrates the way that its users are able to search and retrieve assets for resolving their business issues, or achieving some of their educational/research/personal goals.",Proceedings of the 2022 European Symposium on Software Engineering,72–79,8,"Data Assets, Data Marketplace, INFINITECH, Open Data, PolicyCLOUD","Rome, Italy",ESSE '22,,"New York, NY, USA",,,,,
acm-20260429,inproceedings,10.1145/3571785.3574128,"Paterson, James H. and Adams, Joshua and Foster, Derek and Baghban Karimi, Ouldooz and Kazmi, Zain and Lennon, Ruth G. and Nazir, Sajid and Stott, Lee and White, Laurie",Motivation and Strategies for Effective Inclusion of Cloud Solution Provider Certifications in Computing Curricula,2022,9798400700101,Association for Computing Machinery,https://doi.org/10.1145/3571785.3574128,10.1145/3571785.3574128,"A series of Working Groups has met at previous ITiCSE conferences to explore ways of incorporating cloud computing into courses and curricula, including mapping industry job skills to knowledge areas and those areas to student learning objectives. The importance of industry-standard learning content and certification, produced by cloud vendors and others, was apparent throughout this work.  This Working Group has focused on the role of certification within cloud computing curricula, from the viewpoints of a range of stakeholders: students, graduates, institutions, vendors and other certification providers; and employers, with the aim to provide insights and recommendations for educators who are considering whether to integrate cloud certifications into their courses. We reviewed the landscape of certifications provided by the most widely recognised cloud vendors, based on publicly available information and the knowledge embedded within the Working Group through the inclusion of vendor representatives in the membership. An overview is provided of the scope of available certifications and their mapping to our knowledge areas and learning outcomes, and of the influence that standards have or should have on learning design. We then explored the perspectives of stakeholders, through surveys of students on courses with a cloud computing element and of employers who have employed graduates of those courses, drawing conclusions on the awareness of certifications and specific vendors within each of those stakeholder groups, and on differences between the groups on the perceived importance of certifications for employability. Finally we explored approaches to integrating certification in academic cloud curricula, and challenges involved in doing so, through thematic analysis of in-depth interviews with a range of educators who have experience of doing so successfully. A set of recommendations for educators is presented, based on the findings of the Working Group's activities.",Proceedings of the 2022 Working Group Reports on Innovation and Technology in Computer Science Education,235–260,26,"cloud computing, computer science, curriculum development, education","Dublin, Ireland",ITiCSE-WGR '22,,"New York, NY, USA",,,,,
acm-20260429,inproceedings,10.1145/3575813.3597344,"Schwermer, Ren\'{e} and Mayer, Ruben and Jacobsen, Hans-Arno",Energy vs Privacy: Estimating the Ecological Impact of Federated Learning,2023,9798400700323,Association for Computing Machinery,https://doi.org/10.1145/3575813.3597344,10.1145/3575813.3597344,"The increasing usage of edge devices and stricter data privacy regulations motivate the use of federated learning (FL). At the same time, more and more stakeholders are concerned about the ecological impact of machine learning and its associate network traffic. The current research in FL does not investigate the impact of different network constraints and privacy-enhancing techniques, such as differential privacy, on the network traffic and energy consumption of the clients. Most experiments run either on virtual machines or on one machine with simulated clients. In such environments, it is challenging to measure each client’s network and energy usage. Therefore, we built our ""Distributed Edge Device Testbed"" (DEDT) and evaluate a convolutional neural network trained on the MNIST data set under different network constraints on DEDT, with differential privacy and with an increasing amount of participating clients. For each experiment, we quantify the network traffic, energy consumption, and training time. The results show the importance of experiments on physically separated nodes and the need to improve software-based power monitoring. The estimated energy consumption deviates by up to 35&nbsp;\% from the measured ones. The accuracy of the estimated network traffic depends on the monitored network interface and gives an error of 18&nbsp;\% for virtual machines in combination with monitoring the Ethernet interface. The training time also increases linearly with the number of participating clients.",Proceedings of the 14th ACM International Conference on Future Energy Systems,347–352,6,"Distributed Systems, Energy, Federated Learning","Orlando, FL, USA",e-Energy '23,,"New York, NY, USA",,,,,
acm-20260429,inproceedings,10.1145/3575879.3576017,"Fitsilis, Panos and Iatrellis, Omiros and Tsoutsa, Paraskevi",Using TOSCA language to model personalized educational content: Introducing eduTOSCA,2023,9781450398541,Association for Computing Machinery,https://doi.org/10.1145/3575879.3576017,10.1145/3575879.3576017,"Students attending Higher Education Institutions (HEIs) of Vocational Educational and Training (VET) are faced with a variety of complex decisions and procedures. To provide students with more sustained and personalized advising, many HEIs/VETs use academic advising systems and tools as a way to minimize costs and streamline their advising services. Furthermore, it is quite common for educational programs to include and combine educational content from different educational providers, while they are managed and executed on different platforms. Therefore, the ability to develop conceptual models for personalized learning based on educational content produced by heterogeneous educational service providers is a pressing need to address. A similar issue is confronted when deploying applications across diverse cloud computing platforms. A solution that is provided in these situations is the development of specialized languages for defining the topology and the orchestration of applications such as TOSCA, CAMP, Open-CSA, etc. In this paper, we propose to use similar conceptual models for modelling heterogeneous educational offerings toward personalized learning, which are presented along with the overall architecture of a system, named cc-coach, able to support these concepts. Further, this paper is a proposal for the standardization efforts needed for creating a multi-vendor educational ecosystem with diverse stakeholders, able to support personalized learning at various levels.",Proceedings of the 26th Pan-Hellenic Conference on Informatics,355–360,6,"TOSCA, curriculum modelling, e-learning, eduTOSCA, orchestration, personalized learning","Athens, Greece",PCI '22,,"New York, NY, USA",,,,,
acm-20260429,inproceedings,10.1145/3576915.3623075,"Beltiukov, Roman and Guo, Wenbo and Gupta, Arpit and Willinger, Walter",In Search of netUnicorn: A Data-Collection Platform to Develop Generalizable ML Models for Network Security Problems,2023,9798400700507,Association for Computing Machinery,https://doi.org/10.1145/3576915.3623075,10.1145/3576915.3623075,"The remarkable success of the use of machine learning-based solutions for network security problems has been impeded by the developed ML models' inability to maintain efficacy when used in different network environments exhibiting different network behaviors. This issue is commonly referred to as the generalizability problem of ML models. The community has recognized the critical role that training datasets play in this context and has developed various techniques to improve dataset curation to overcome this problem. Unfortunately, these methods are generally ill-suited or even counterproductive in the network security domain, where they often result in unrealistic or poor-quality datasets.To address this issue, we propose a new closed-loop ML pipeline that leverages explainable ML tools to guide the network data collection in an iterative fashion. To ensure the data's realism and quality, we require that the new datasets should be endogenously collected in this iterative process, thus advocating for a gradual removal of data-related problems to improve model generalizability. To realize this capability, we develop a data-collection platform, netUnicorn, that takes inspiration from the classic ""hourglass'' model and is implemented as its ""thin waist"" to simplify data collection for different learning problems from diverse network environments. The proposed system decouples data-collection intents from the deployment mechanisms and disaggregates these high-level intents into smaller reusable, self-contained tasks. We demonstrate how netUnicorn simplifies collecting data for different learning problems from multiple network environments and how the proposed iterative data collection improves a model's generalizability.",Proceedings of the 2023 ACM SIGSAC Conference on Computer and Communications Security,2217–2231,15,"artificial intelligence, data collection, generalizability, machine learning, network security","Copenhagen, Denmark",CCS '23,,"New York, NY, USA",,,,,
acm-20260429,inproceedings,10.1145/3578245.3584728,"Klinaku, Floriment and Speth, Sandro and Zilch, Markus and Becker, Steffen",Hitchhiker's Guide for Explainability in Autoscaling,2023,9798400700729,Association for Computing Machinery,https://doi.org/10.1145/3578245.3584728,10.1145/3578245.3584728,"Cloud-native applications force increasingly powerful and complex autoscalers to guarantee the applications' quality of service. For software engineers with operational tasks understanding the autoscalers' behavior and applying appropriate reconfigurations is challenging due to their internal mechanisms, inherent distribution, and decentralized decision-making. Hence, engineers seek appropriate explanations. However, engineers' expectations on feedback and explanations of autoscalers are unclear. In this paper, through a workshop with a representative sample of engineers responsible for operating an autoscaler, we elicit requirements for explainability in autoscaling. Based on the requirements, we propose an evaluation scheme for evaluating explainability as a non-functional property of the autoscaling process and guide software engineers in choosing the best-fitting autoscaler for their scenario. The evaluation scheme is based on a Goal Question Metric approach and contains three goals, nine questions to assess explainability, and metrics to answer these questions. The evaluation scheme should help engineers choose a suitable and explainable autoscaler or guide them in building their own.",Companion of the 2023 ACM/SPEC International Conference on Performance Engineering,277–282,6,"cloud, elasticity, evaluation, explainability, requirements","Coimbra, Portugal",ICPE '23 Companion,,"New York, NY, USA",,,,,
acm-20260429,inproceedings,10.1145/3578245.3584934,"Kousiouris, George and Ambroziak, Szymon and Zarzycki, Blazej and Costantino, Domenico and Tsarsitalidis, Stylianos and Katevas, Vasileios and Mamelli, Alessandro and Stamati, Teta",A Pattern-based Function and Workflow Visual Environment for FaaS Development across the Continuum,2023,9798400700729,Association for Computing Machinery,https://doi.org/10.1145/3578245.3584934,10.1145/3578245.3584934,"The ability to split applications across different locations in the continuum (edge/cloud) creates needs for application break down into smaller and more distributed chunks. In this realm the Function as a Service approach appears as a significant enabler in this process. The paper presents a visual function and workflow development environment for complex FaaS (Apache OpenwhisK) applications. The environment offers a library of pattern based and reusable nodes and flows while mitigating function orchestration limitations in the domain. Generation of the deployable artefacts, i.e. the functions, is performed through embedded DevOps pipelines. A range of annotations are available for dictating diverse options including QoS needs, function or data locality requirements, function affinity considerations etc. These are propagated to the deployment and operation stacks for supporting the cloud/edge interplay. The mechanism is evaluated functionally through creating, registering and executing functions and orchestrating workflows, adapting typical parallelization patterns and an edge data collection process.",Companion of the 2023 ACM/SPEC International Conference on Performance Engineering,165–172,8,"function as a service, function orchestration, serverless computing, software development","Coimbra, Portugal",ICPE '23 Companion,,"New York, NY, USA",,,,,
acm-20260429,inproceedings,10.1145/3578354.3592867,"Elkhatib, Yehia and Poyato, Jose Povedano",An Evaluation of Service Mesh Frameworks for Edge Systems,2023,9798400700828,Association for Computing Machinery,https://doi.org/10.1145/3578354.3592867,10.1145/3578354.3592867,"Service Mesh Technologies (SMTs) are increasingly popular in simplifying the networking between microservices. They allow one to declaratively and programmatically define service-to-service policies and interactions, and take all sorts of network management logic (e.g., traffic splitting, request tracing, security, reliability) out of the application. This simplifies the development of microservice architectures, which are widely used in cloud and edge applications. However, the suitability for different SMTs for use in edge applications is unclear. Thus, this work compares the two most popular SMTs (Istio and Linkerd) in terms of performance and overhead for resource-constrained devices. Through extensive experimentation and comparing with a baseline of standard networking in a Kubernetes cluster, we identify that Linkerd offers a more edge-friendly SMT option in contrast to Istio. Overall, Istio's communications are ≈10\% slower than Linkerd at an increased 1.2--1.4x more memory and ≈1.2x more CPU utilization.","Proceedings of the 6th International Workshop on Edge Systems, Analytics and Networking",19–24,6,"service mesh, edge computing, IoT networking, system performance and measurement","Rome, Italy",EdgeSys '23,,"New York, NY, USA",,,,,
acm-20260429,inproceedings,10.1145/3579170.3579264,"Nouacer, R\'{e}da and Hussein, Mahmoud and Detterer, Paul and Villar, Eugenio and Herrera, Fernando and Tieri, Carlo and Grolleau, Emmanuel",Towards a European Network of Enabling Technologies for Drones,2023,9798400700453,Association for Computing Machinery,https://doi.org/10.1145/3579170.3579264,10.1145/3579170.3579264,"Drone-based service and product innovation is curtailed by the growing dependence on poorly inter-operable proprietary technologies as well as by the risks posed to people on the ground, to other vehicles and to property (e.g. critical infrastructure). Regarding the innovation aspect, the Single European Sky Air Traffic Management (SESAR) Joint Research Undertaking is developing U-space, a set of services and procedures to help drones access airspace safely and efficiently. The aim of COMP4DRONES is to complements SESAR JU efforts by providing a framework of key enabling technologies for safe and autonomous drones with a specific focus on U2 and U3. The COMP4DRONES project has contributed to support (1) efficient customization and incremental assurance of drone-embedded platforms, (2) safe autonomous decision making concerning individual or cooperative missions, (3) trustworthy drone-to-drone and drone-to-ground communications even in presence of malicious attackers and under the intrinsic platform constraints, and (4) agile and cost-effective design and assurance of drone modules and systems. In this paper, we discuss the results of COMP4DRONES project to complement SESAR JU efforts with a particular focus on safe software and hardware drone architectures.",Proceedings of the DroneSE and RAPIDO: System Engineering for Constrained Embedded Systems,1–11,11,"Automation and Control Systems, Autonomy, Composition, Drones, Interoperability, Safety, Security","Toulouse, France",RAPIDO '23,,"New York, NY, USA",,,,,
acm-20260429,inproceedings,10.1145/3579895.3579936,"Qiao, Lin and Qu, Ruiting and Liu, Shenglong and Zhang, Yu and Wang, Huiying and Liu, Biqi",Roadmap on Industrial Knowledge System for Data-Oriented Intelligent Operation and Maintenance in Chinese Power Industry,2023,9781450398039,Association for Computing Machinery,https://doi.org/10.1145/3579895.3579936,10.1145/3579895.3579936,"To effectively and efficiently manage the information of power industry, especially in the State Grid of China, data-oriented intelligent operation and maintenance have always been a crucial task. Hence, in this paper, the roadmap on industrial knowledge system is presented for data-oriented intelligent operation and maintenance in Chinese power industry. Firstly, the background of the data-oriented intelligent operation and maintenance is described, and it has been pointed out that the core problem is data explosion and lack of knowledge in the data-oriented intelligent operation and maintenance in the State Grid of China. This is important not only for the construction of smart grid, but also for global energy savings. Secondly, as for data-oriented intelligent operation and maintenance, the State Grid data-oriented knowledge graph can be constructed. Then, we study the knowledge-driven multi-scenario intelligent operation decision technologies and information deployment technologies. Finally, the possible research direction of industrial knowledge systems is briefly presented for data-oriented intelligent operation and maintenance in State Grid.","Proceedings of the 2022 11th International Conference on Networks, Communication and Computing",267–276,10,"Industrial knowledge system, Knowledge Graph, data-oriented Intelligent maintenance, data-oriented Intelligent operation","Beijing, China",ICNCC '22,,"New York, NY, USA",,,,,
acm-20260429,inproceedings,10.1145/3580305.3599802,"Xu, Zhentao and Wang, Ruoying and Balaji, Girish and Bundele, Manas and Liu, Xiaofei and Liu, Leo and Wang, Tie",AlerTiger: Deep Learning for AI Model Health Monitoring at LinkedIn,2023,9798400701030,Association for Computing Machinery,https://doi.org/10.1145/3580305.3599802,10.1145/3580305.3599802,"Data-driven companies use AI models extensively to develop products and intelligent business solutions, making the health of these models crucial for business success. Model monitoring and alerting in industries pose unique challenges, including a lack of clear model health metrics definition, label sparsity, and fast model iterations that result in short-lived models and features. As a product, there are also requirements for scalability, generalizability, and explainability. To tackle these challenges, we propose AlerTiger, a deep-learning-based MLOps model monitoring system that helps AI teams across the company monitor their AI models' health by detecting anomalies in models' input features and output score over time. The system consists of four major steps: model statistics generation, deep-learning-based anomaly detection, anomaly post-processing, and user alerting. Our solution generates three categories of statistics to indicate AI model health, offers a two-stage deep anomaly detection solution to address label sparsity and attain the generalizability of monitoring new models, and provides holistic reports for actionable alerts. This approach has been deployed to most of LinkedIn's production AI models for over a year and has identified several model issues that later led to significant business metric gains after fixing.",Proceedings of the 29th ACM SIGKDD Conference on Knowledge Discovery and Data Mining,5350–5359,10,"anomaly detection, machine learning operations, time series","Long Beach, CA, USA",KDD '23,,"New York, NY, USA",,,,,
acm-20260429,inproceedings,10.1145/3582099.3582125,"Wang, Hung-Hsiang and Hung, Yun-Yun and Shen, Yun-Ya",Analyzing Design Typicality by Image Classification with Deep Learning,2023,9781450398749,Association for Computing Machinery,https://doi.org/10.1145/3582099.3582125,10.1145/3582099.3582125,"While deep learning has been successfully applied to many domains and industries, it is still in the first step to investigate the potential application to the field of industrial design. This paper discusses how image classification with deep learning can be used to analyze design typicality, which is the primary factor in designing product appearance and brand image. For promoting it to no-code designers such as industrial designers to adopt the process based on the machine learning tool, Waikato Environment for Knowledge Analysis (Weka) is introduced. A pilot study shows a promising approach for the designers to build datasets, pre-process, train models, test models, and measure prediction performance. This study suggests bridging image classification techniques to product design processes to advance design research and practice.",Proceedings of the 2022 5th Artificial Intelligence and Cloud Computing Conference,165–170,6,"Deep learning, Image classification, Industrial design, Typicality","Osaka, Japan",AICCC '22,,"New York, NY, USA",,,,,
acm-20260429,inproceedings,10.1145/3582197.3582234,"Shi, Peixuan and Wei, Miaomiao and Gao, Qihong",Smart City Engine: SACOPSM-Satellite Application Capability Open Platform With State Monitoring Function,2023,9781450397438,Association for Computing Machinery,https://doi.org/10.1145/3582197.3582234,10.1145/3582197.3582234,"With the rapid development of satellite industry, the construction of smart cities cannot be separated from satellite construction, which puts forward higher requirements for the richness of satellite application scenarios. This paper proposes an open platform for satellite capabilities, which includes space-based nodes and ground-based nodes. The ground-based node manages the operation status and opening ability of the space-based node, and the space-based node provides a running environment for a variety of applications.",Proceedings of the 2022 10th International Conference on Information Technology: IoT and Smart City,218–223,6,"State management, Smart city, Satellite platform, Application deployment","Shanghai, China",ICIT '22,,"New York, NY, USA",,,,,
acm-20260429,inproceedings,10.1145/3583781.3590249,"Aarella, Seema G. and Mohanty, Saraju P. and Kougianos, Elias and Puthal, Deepak",Fortified-Edge: Secure PUF Certificate Authentication Mechanism for Edge Data Centers in Collaborative Edge Computing,2023,9798400701252,Association for Computing Machinery,https://doi.org/10.1145/3583781.3590249,10.1145/3583781.3590249,"Collaborative Edge Computing (CEC) works on the distributed model, and is established at the Fog layer that consists of multiple edge devices like Edge Data Centers (EDCs), Edge Routers etc. In the CEC environment, the Edge layer has the capability of storing and processing data. Since the processing capacity is limited, many edge devices collaborate with each other to offload the processing in a scheme called Load Balancing. CEC enables applications in smart villages through task offloading/sharing, which calls for a trusted security system to make the resource sharing and information safe. Since the Edge is a resource-constrained environment where not all data centers are resourceful enough to implement computation intensive security systems. Physically Unclonable Functions (PUF) are a robust, secure, and light-weight solution for providing hard- ware security. PUFs are used to authenticate the EDCs during load balancing in a collaborative edge computingenvironment. Though PUFs are secure and difficult to remodel, the drawback lies in the storage of Challenge-Response Pairs (CRP) in a CRP database. The storage space for the CRP database becomes a concern when many EDCs participate in dynamic load balancing and each EDC needs to store a copy of the database. This research proposes a PUF based certificate Authority protocol for authentication of EDCs which will eliminate the need for CRP database storage while harnessing the security feature of the PUF. Further, in this research the effised authentication system is evaluated through oretical analysis and experimental results.",Proceedings of the Great Lakes Symposium on VLSI 2023,249–254,6,"certificate authority, collaborative edge computing, cybersecurity, device authentication, edge load balancing, hardware assisted security (has), physical unclonable functions (puf), security-by-design (sbd)","Knoxville, TN, USA",GLSVLSI '23,,"New York, NY, USA",,,,,
acm-20260429,inproceedings,10.1145/3585967.3585982,"Aziz, Abdullah and Schel\'{e}n, Olov and Bodin, Ulf",Digital Twin as a Proxy for Industrial Cyber-Physical Systems,2023,9781450398466,Association for Computing Machinery,https://doi.org/10.1145/3585967.3585982,10.1145/3585967.3585982,"Digital twins (DTs) in industrial cyber-physical systems (ICPSs) are an essential concept for Industry 4.0. In recent years, DT architectures and frameworks for industry have been the focus of several research initiatives regarding analytics, predictive maintenance, virtual evaluation \&amp; verification, and fault detection \&amp; diagnosis. However, the resource constraint and battery-driven devices in an ICPS environment are facing challenges such as short life spans due to high energy consumption, lower availability of the services, and low security capabilities. To meet these challenges, this paper identifies some critical properties for DTs, including energy efficiency, high availability \&amp; state persistence, remote \&amp; contention control, and security. To provide services in ICPSs, we define the concept of a DT as a proxy (DTaaP) and a four-layer architectural model for the DTaaP that enables meeting the identified properties. We present a generic proof of concept (PoC) implementation by using Eclipse Ditto, which is an open-source digital twin framework. We evaluate our artifact against the listed properties through an experimental scenario. We show that the DTaaP improves energy efficiency, that the DT can serve as an anchor point for security, and that the DTaaP provides availability and persistence for duty cycling devices. We also identify some limitations of Eclipse Ditto for PoC DTaaP implementation, which can be a focus for future research.",Proceedings of the 2023 10th International Conference on Wireless Communication and Sensor Networks,85–92,8,"CPS, DTaaP., Digital Twins, Industry 4.0","Chengdu, China",icWCSN '23,,"New York, NY, USA",,,,,
acm-20260429,inproceedings,10.1145/3586102.3586110,"Liao, Xue and Zhou, Yihua and Xu, Jiawei and Xing, Shuaikun and Zou, Wei and Zhou, Jin and Wang, Qi and Ning, Zhenhu",Identity-based Linkable Blind Ring Signature Scheme on Lattice,2023,9781450397520,Association for Computing Machinery,https://doi.org/10.1145/3586102.3586110,10.1145/3586102.3586110,"Identity-based link-ring signature schemes are widely used in e-commerce, e-voting, blockchain security and other fields.The link-ability of signature scheme ensures that the same user can only sign once with the same private key. Aiming at the requirements of question confidentiality, anonymity of the signature user identity, and one-time signature in the process of question signing in online exams, this paper proposes an identity-based linkable blind ring signature scheme. In this paper, the lattice delegation algorithm is used to generate the user's private key, a one-time random matrix is introduced, and the one-time signature key is generated by running the preimage sampling algorithm (SamplePre) based on the signed user's private key. Finally, this paper proves the unconditional anonymity, unforgeability and link-ability of the scheme under the random oracle model based on the small integer solution(SIS) difficulty assumption.",Proceedings of the 2022 12th International Conference on Communication and Network Security,51–57,7,"Based on Identity, Lattice, Linkable Ring Signature, Reject Sampling Technology","Beijing, China",ICCNS '22,,"New York, NY, USA",,,,,
acm-20260429,inproceedings,10.1145/3587102.3588815,"Daun, Marian and Brings, Jennifer",How ChatGPT Will Change Software Engineering Education,2023,9798400701382,Association for Computing Machinery,https://doi.org/10.1145/3587102.3588815,10.1145/3587102.3588815,"This position paper discusses the potential for using generative AIs like ChatGPT in software engineering education. Currently, discussions center around potential threats emerging from student's use of ChatGPT. For instance, generative AI will limit the usefulness of graded homework dramatically. However, there exist potential opportunities as well. For example, ChatGPT's ability to understand and generate human language allows providing personalized feedback to students, and can thus accompany current software engineering education approaches. This paper highlights the potential for enhancing software engineering education. The availability of generative AI will improve the individualization of education approaches. In addition, we discuss the need to adapt software engineering curricula to the changed profiles of software engineers. Moreover, we point out why it is important to provide guidance for using generative AI and, thus, integrate it in courses rather than accepting the unsupervised use by students, which can negatively impact the students' learning.",Proceedings of the 2023 Conference on Innovation and Technology in Computer Science Education V. 1,110–116,7,"ChatGPT, generative AI, software engineering education","Turku, Finland",ITiCSE 2023,,"New York, NY, USA",,,,,
acm-20260429,inproceedings,10.1145/3589610.3596281,"Rommel, Florian and Dietrich, Christian and Ziegler, Andreas and Ostapyshyn, Illia and Lohmann, Daniel",Thread-Level Attack-Surface Reduction,2023,9798400701740,Association for Computing Machinery,https://doi.org/10.1145/3589610.3596281,10.1145/3589610.3596281,"Existing debloating techniques designed to prevent buffer-overflow exploits through return-oriented programming do not differentiate roles within a process or binary, allowing all threads access to the full program functionality. For example, a worker thread that handles client connections (highest attack exposure) still has access to all the code that the management thread needs (highest potential fallout).    We introduce thread-level attack-surface reduction (TLASR), a dynamic, context-aware approach that eliminates unused code on a thread level. For this, we (permanently or temporarily) eliminate parts of the text segment (both in shared libraries and the main binary) and use the mmview Linux extension to support multiple text-segment views in a single process. We reduce the executable code visible from a single thread in MariaDB, Memcached, OpenSSH, and Bash by 84 to 98.4 percent. As a result, the number of ROP gadgets decreases significantly (78–97\%), with TLASR rendering an auto-ROP utility ineffective in all investigated benchmarks and eliminating all CVE-related functions ever reported for glibc in 97 percent of the cases.","Proceedings of the 24th ACM SIGPLAN/SIGBED International Conference on Languages, Compilers, and Tools for Embedded Systems",64–75,12,"return-oriented programming, debloating, binary tailoring","Orlando, FL, USA",LCTES 2023,,"New York, NY, USA",,,,,
acm-20260429,inproceedings,10.1145/3592533.3592805,"Ekaireb, Tyler and Brand, Lukas and Avaraddy, Nagarjun and Mock, Markus and Krintz, Chandra and Wolski, Rich",Laminar: Dataflow Programming for Serverless IoT Applications,2023,9798400701856,Association for Computing Machinery,https://doi.org/10.1145/3592533.3592805,10.1145/3592533.3592805,"Serverless computing has increased in popularity as a programming model for ""Internet of Things"" (IoT) applications that amalgamate IoT devices, edge-deployed computers and systems, and the cloud to interoperate. In this paper, we present Laminar - a dataflow program representation for distributed IoT application programming - and describe its implementation based on a network-transparent, event-driven, serverless computing infrastructure that uses append-only log storage to store all program state. We describe the initial implementation of Laminar, discuss some useful properties we obtained by leveraging log-based data structures and triggered computations of the underlying serverless runtime, and illustrate its performance and reliability characteristics using a set of benchmark applications.","Proceedings of the 1st Workshop on SErverless Systems, Applications and MEthodologies",5–11,7,"IoT, serverless, dataflow programming","Rome, Italy",SESAME '23,,"New York, NY, USA",,,,,
acm-20260429,inproceedings,10.1145/3593434.3593445,"Bayram, Firas and Ahmed, Bestoun S. and Hallin, Erik and Engman, Anton",DQSOps: Data Quality Scoring Operations Framework for Data-Driven Applications,2023,9798400700446,Association for Computing Machinery,https://doi.org/10.1145/3593434.3593445,10.1145/3593434.3593445,"Data quality assessment has become a prominent component in the successful execution of complex data-driven artificial intelligence (AI) software systems. In practice, real-world applications generate huge volumes of data at speeds. These data streams require analysis and preprocessing before being permanently stored or used in a learning task. Therefore, significant attention has been paid to the systematic management and construction of high-quality datasets. Nevertheless, managing voluminous and high-velocity data streams is usually performed manually (i.e. offline), making it an impractical strategy in production environments. To address this challenge, DataOps has emerged to achieve life-cycle automation of data processes using DevOps principles. However, determining the data quality based on a fitness scale constitutes a complex task within the framework of DataOps. This paper presents a novel Data Quality Scoring Operations (DQSOps) framework that yields a quality score for production data in DataOps workflows. The framework incorporates two scoring approaches, an ML prediction-based approach that predicts the data quality score and a standard-based approach that periodically produces the ground-truth scores based on assessing several data quality dimensions. We deploy the DQSOps framework in a real-world industrial use case. The results show that DQSOps achieves significant computational speedup rates compared to the conventional approach of data quality scoring while maintaining high prediction performance.",Proceedings of the 27th International Conference on Evaluation and Assessment in Software Engineering,32–41,10,"Automated data scoring, DataOps, data assessment, data quality dimensions, mutation testing","Oulu, Finland",EASE '23,,"New York, NY, USA",,,,,
acm-20260429,inproceedings,10.1145/3593434.3593485,"Ouni, Ali and Saidani, Islem and Alomar, Eman and Mkaouer, Mohamed Wiem","An Empirical Study on Continuous Integration Trends, Topics and Challenges in Stack Overflow",2023,9798400700446,Association for Computing Machinery,https://doi.org/10.1145/3593434.3593485,10.1145/3593434.3593485,"During the last few years, Continuous Integration (CI) has become a common practice in open-source and industrial environments to reduce the scope for errors and increase the speed to market through the automated build and test processes. However, despite this wide adoption throughout the years, little is known about the challenges developers discuss. Analyzing the discussions of developers is required to understand what researchers, educators and practitioners should focus on, and how discussion communities can be helpful to shed the light on CI challenges. In this study, we examine Stack Overflow (SO), the most popular crowd-sourced forum, to understand the challenges developers face in the CI context. We collect a corpus of 27,728 CI-related developers posts from SO and analyze those posts through a mixed method with quantitative and qualitative analyzes. To study the trends of CI discussions, we investigated the metadata of CI questions, users and tags. Then, we extract the CI main topics using Latent Dirichlet Allocation (LDA) tuned with Genetic Algorithm (GA). Finally, we investigate the most popular and difficult topics faced by developers based on unanswered questions to get further insights into CI challenges. The LDA clustering reveals that developers face challenges with six main topics namely Build, Testing, Version Control, Configuration, Deployment, and CI Culture. Particularly, we found that the build topic is the most popular among the studied topics and that version control and testing topics are the most difficult for the SO community. Our study uncovers insights about CI challenges and adds evidence to existing knowledge about CI issues related especially to software build.",Proceedings of the 27th International Conference on Evaluation and Assessment in Software Engineering,141–151,11,,"Oulu, Finland",EASE '23,,"New York, NY, USA",,,,,
acm-20260429,inproceedings,10.1145/3597503.3623347,"Stalnaker, Trevor and Wintersgill, Nathan and Chaparro, Oscar and Di Penta, Massimiliano and German, Daniel M and Poshyvanyk, Denys",BOMs Away! Inside the Minds of Stakeholders: A Comprehensive Study of Bills of Materials for Software Systems,2024,9798400702174,Association for Computing Machinery,https://doi.org/10.1145/3597503.3623347,10.1145/3597503.3623347,"Software Bills of Materials (SBOMs) have emerged as tools to facilitate the management of software dependencies, vulnerabilities, licenses, and the supply chain. While significant effort has been devoted to increasing SBOM awareness and developing SBOM formats and tools, recent studies have shown that SBOMs are still an early technology not yet adequately adopted in practice. Expanding on previous research, this paper reports a comprehensive study that investigates the current challenges stakeholders encounter when creating and using SBOMs. The study surveyed 138 practitioners belonging to five stakeholder groups (practitioners familiar with SBOMs, members of critical open source projects, AI/ML, cyberphysical systems, and legal practitioners) using differentiated questionnaires, and interviewed 8 survey respondents to gather further insights about their experience. We identified 12 major challenges facing the creation and use of SBOMs, including those related to the SBOM content, deficiencies in SBOM tools, SBOM maintenance and verification, and domain-specific challenges. We propose and discuss 4 actionable solutions to the identified challenges and present the major avenues for future research and development.",Proceedings of the IEEE/ACM 46th International Conference on Software Engineering,,13,"software bill of materials, survey, interviews, software supply chain, open source software","Lisbon, Portugal",ICSE '24,44,"New York, NY, USA",,,,,
acm-20260429,inproceedings,10.1145/3597503.3623351,"Mastropaolo, Antonio and Zampetti, Fiorella and Bavota, Gabriele and Di Penta, Massimiliano",Toward Automatically Completing GitHub Workflows,2024,9798400702174,Association for Computing Machinery,https://doi.org/10.1145/3597503.3623351,10.1145/3597503.3623351,"Continuous integration and delivery (CI/CD) are nowadays at the core of software development. Their benefits come at the cost of setting up and maintaining the CI/CD pipeline, which requires knowledge and skills often orthogonal to those entailed in other software-related tasks. While several recommender systems have been proposed to support developers across a variety of tasks, little automated support is available when it comes to setting up and maintaining CI/CD pipelines. We present GH-WCOM (GitHub Workflow COMpletion), a Transformer-based approach supporting developers in writing a specific type of CI/CD pipelines, namely GitHub workflows. To deal with such a task, we designed an abstraction process to help the learning of the transformer while still making GH-WCOM able to recommend very peculiar workflow elements such as tool options and scripting elements. Our empirical study shows that GH-WCOM provides up to 34.23\% correct predictions, and the model's confidence is a reliable proxy for the recommendations' correctness likelihood.",Proceedings of the IEEE/ACM 46th International Conference on Software Engineering,,12,"continuous integration and delivery, GitHub workflows, pre-trained models, machine learning on code","Lisbon, Portugal",ICSE '24,13,"New York, NY, USA",,,,,
acm-20260429,inproceedings,10.1145/3597638.3608417,"Potluri, Venkatesh and Singanamalla, Sudheesh and Tieanklin, Nussara and Mankoff, Jennifer",Notably Inaccessible — Data Driven Understanding of Data Science Notebook (In)Accessibility,2023,9798400702204,Association for Computing Machinery,https://doi.org/10.1145/3597638.3608417,10.1145/3597638.3608417,"Computational notebooks, tools that facilitate storytelling through exploration, data analysis, and information visualization, have become the widely accepted standard in the data science community. These notebooks have been widely adopted through notebook software such as Jupyter, Datalore and Google Colab, both in academia and industry. While there is extensive research to learn how data scientists use computational notebooks, identify their pain points, and enable collaborative data science practices, very little is known about the various accessibility barriers experienced by blind and visually impaired (BVI) users using these notebooks. BVI users are unable to use computational notebook interfaces due to (1) inaccessibility of the interface, (2) common ways in which data is represented in these interfaces, and (3) inability for popular libraries to provide accessible outputs. We perform a large scale systematic analysis of 100000 Jupyter notebooks to identify various accessibility challenges in published notebooks affecting the creation and consumption of these notebooks. Through our findings, we make recommendations to improve accessibility of the artifacts of a notebook, suggest authoring practices, and propose changes to infrastructure to make notebooks accessible.",Proceedings of the 25th International ACM SIGACCESS Conference on Computers and Accessibility,,19,"Accessibility, Data science, computational notebooks, measurement","New York, NY, USA",ASSETS '23,13,"New York, NY, USA",,,,,
acm-20260429,inproceedings,10.1145/3599957.3606211,"Moreschini, Sergio and H\""{a}stbacka, David and Taibi, Davide",MLOps Pipeline Development: The OSSARA Use Case,2023,9798400702280,Association for Computing Machinery,https://doi.org/10.1145/3599957.3606211,10.1145/3599957.3606211,"Software development based on MLOps practices is entering its early adoption stage. As for it, practitioners and researchers are starting to develop pipelines composed of tools capable of automating the whole software lifecycle. The development of the pipeline however is not as straightforward as it looks and some key points need to be addressed. In this work, we propose our vision for the development of the MLOps pipeline by showing what to keep into account when choosing the tools for each step of a pipeline. The proposition has been backed up by describing a developed use case scenario: the OSSARA use case. We believe that the presented use case, as well as the remarks presented for the process of tool selection for each MLOps phase, will help practitioners and researchers in the process of developing their own pipelines.",Proceedings of the 2023 International Conference on Research in Adaptive and Convergent Systems,,8,"MLOps, Machine Learning, pipelines","Gdansk, Poland",RACS '23,31,"New York, NY, USA",,,,,
acm-20260429,inproceedings,10.1145/3599957.3606212,"Curasma, Herminio Paucar and Estrella, J\'{u}lio C\'{e}zar",Reactive Software Architectures in IoT: A Literature Review,2023,9798400702280,Association for Computing Machinery,https://doi.org/10.1145/3599957.3606212,10.1145/3599957.3606212,"Reactive architecture is a rapidly growing new trend in the context of the Internet of Things. While design principles around reactive architecture have been identified, i.e., through the use of the reactive manifesto, it is difficult to understand existing research solutions for the reactive system clearly. In this article, we apply the systematic mapping study methodology to identify, classify and evaluate the current state of the art in reactive architecture from the following four perspectives: publishing trends, challenges, architectural diagrams/views, and used quality attributes. Furthermore, we systematically defined a classification framework to categorize research on reactive architecture and applied it rigorously to the 17 selected studies. We synthesized the data obtained and produced a clear view of state of the art. This provides a solid foundation for planning future research and reactive architecture applications.",Proceedings of the 2023 International Conference on Research in Adaptive and Convergent Systems,,8,"IoT, Reactive Architecture, Reactive Manifesto, Software Architecture, Systematic Mapping Study","Gdansk, Poland",RACS '23,25,"New York, NY, USA",,,,,
acm-20260429,inproceedings,10.1145/3600160.3600165,"Teng, Wil Liam and Rasmussen, Kasper",Actions Speak Louder Than Passwords: Dynamic Identity for Machine-to-Machine Communication,2023,9798400707728,Association for Computing Machinery,https://doi.org/10.1145/3600160.3600165,10.1145/3600160.3600165,"Machine-to-Machine (M2M) communication is communication between computers without a human user involved. This is a very common paradigm whenever automated tasks are executed routinely, e.g., backup data to a cloud storage, update a local database cache, fetch the latest updates for software, etc. One challenge in this setting is that the credentials to establish secure connections between machines during execution must be available to the machines without any human interaction. Typically that means the credentials must reside on the machine itself, in the form of a secret such as a password, API key, single sign-on token, etc. In practice the secret is often embedded directly into an automatically executed script, but regardless it needs to be stored either in the clear or encrypted with another secret that is available to the machine during execution. This exposes the credentials to anyone who can gain access to the machine. In this paper we present ActionID, a scheme that mitigates the problem of credential exposure by making a desired sequence of actions for execution as part of the machine’s identity. This way, even if the credentials are exposed, they are only temporarily valid for one particular action sequence that cannot be changed for future executions. We introduce a trusted third party who issues new identities, validates new action requests, and acts as a centralised location for managing access control policies for an arbitrary number of clients and servers. In addition to yielding strong security guarantees, it also simplifies the management of complex access control for an organisation. We present detailed protocols for ActionID, along with a thorough security analysis. We implement ActionID as a Python library to show the ease of integration into existing applications, and to demonstrate the performance of the scheme, which is on par with SSH.","Proceedings of the 18th International Conference on Availability, Reliability and Security",,11,"Machine Identity, Machine-to-Machine (M2M) Communication","Benevento, Italy",ARES '23,7,"New York, NY, USA",,,,,
acm-20260429,inproceedings,10.1145/3600160.3605055,"Rios, Erkuden and Iturbe, Eider and Rego, Angel and Ferry, Nicolas and Tigli, Jean-Yves and Lavirotte, St\'{e}phane and Rocher, Gerald and Nguyen, Phu and Song, Hui and Dautov, Rustem and Mallouli, Wissam and Cavalli, Ana Rosa",The DYNABIC approach to resilience of critical infrastructures,2023,9798400707728,Association for Computing Machinery,https://doi.org/10.1145/3600160.3605055,10.1145/3600160.3605055,"With increasing interdependencies and evolving threats, maintaining operational continuity in critical systems has become a significant challenge. This paper presents the DYNABIC (Dynamic business continuity of critical infrastructures on top of adaptive multi-level cybersecurity) approach as a comprehensive framework to enhance the resilience of critical infrastructures. The DYNABIC approach provides the resilience enhancement through dynamic adaptation, automated response, collaboration, risk assessment, and continuous improvement. By fostering a proactive and collaborative approach to resilience, the DYNABIC framework empowers critical infrastructure sectors to effectively mitigate disruptions and recover from incidents. The paper explores the key components and architecture of the DYNABIC approach and highlights its potential to strengthen the resilience of critical infrastructures using the concept of Digital Twins in the face of evolving threats and complex operating environments involving cascading effects.","Proceedings of the 18th International Conference on Availability, Reliability and Security",,8,"Critical Infrastructure Protection, Cybersecurity, Digital Twin, SecDevOps","Benevento, Italy",ARES '23,136,"New York, NY, USA",,,,,
acm-20260429,inproceedings,10.1145/3603166.3632139,"Andreoli, Remo and Gustafsson, Harald and Abeni, Luca and Mini, Raquel and Cucinotta, Tommaso",Optimal Deployment of Cloud-native Applications with Fault-Tolerance and Time-Critical End-to-End Constraints,2024,9798400702341,Association for Computing Machinery,https://doi.org/10.1145/3603166.3632139,10.1145/3603166.3632139,"Cloud environments are becoming increasingly interesting to host time-critical use cases with far more stringent latency requirements than conventional cloud-native applications, such as smart industrial control systems or cloud-enabled autonomous vehicles. In these emerging domains, fault tolerance mechanisms play a critical role, due to the catastrophic consequences a fault might lead to, in the real world. This work presents a formal model for designing and deploying time-critical, cloud-native applications under fault conditions. Our model considers the interactions and interferences among service components and the possible occurrence of faults. We present an optimization framework to solve the deployment problem of minimizing the resources needed to achieve fault-tolerance under precise end-to-end deadline constraints. The ability of the optimizer to deliver precise temporal and fault-tolerance guarantees is validated through extensive simulations.",Proceedings of the 16th IEEE/ACM International Conference on Utility and Cloud Computing,,10,"time-critical cloud, fault tolerance, capacity planning, resource management, optimization","Taormina (Messina), Italy",UCC '23,14,"New York, NY, USA",,,,,
acm-20260429,inproceedings,10.1145/3605098.3635892,"Kudriavtseva, Arina and Gadyatskaya, Olga",You cannot improve what you do not measure: A triangulation study of software security metrics,2024,9798400702433,Association for Computing Machinery,https://doi.org/10.1145/3605098.3635892,10.1145/3605098.3635892,"When organizations invest in security, they need to monitor if their security program is effective and helps them remediate vulnerabilities. For this purpose, many organizations collect security metrics. In this paper, we investigate the current state-of-the-art and state-of-practice of security metrics used to measure security across all phases of software development lifecycle (SDLC). The study focused on gaining multiple perspectives on software security measurement. To this end, we performed a triangulation study that compared security metrics proposed in the academic literature, metrics mentioned in grey literature aimed at software practitioners, and metrics elicited in a focus group workshop with secure software engineering experts.Our study reports two critical insights. First, our results reveal a significant discrepancy in the utilization of metrics across the different SDLC stages. While the academic literature proposes a comprehensive spectrum, encompassing metrics for both early and late SDLC phases, industry predominantly focuses on the later SDLC stages. This highlights an industry-wide tendency to prioritize security measurement later in the software development process, potentially overlooking early-stage concerns.Second, our study sheds light on the practitioners' dissatisfaction with the current security metrics. This dissatisfaction highlights the industry's need for more nuanced and effective metrics that can offer both quantitative and qualitative insights to assess security of a software development program.",Proceedings of the 39th ACM/SIGAPP Symposium on Applied Computing,1223–1232,10,"secure software development, security metrics, practitioners","Avila, Spain",SAC '24,,"New York, NY, USA",,,,,
acm-20260429,inproceedings,10.1145/3605098.3635973,"Awad, Hiba and Alidra, Abdelghani and Bruneliere, Hugo and Ledoux, Thomas and Leclercq, Etienne and Rivalan, Jonathan",VeriFog: A Generic Model-based Approach for Verifying Fog Systems at Design Time,2024,9798400702433,Association for Computing Machinery,https://doi.org/10.1145/3605098.3635973,10.1145/3605098.3635973,"Fog Computing is a paradigm aiming to decentralize the Cloud by geographically distributing away computation, storage, network resources and related services. It provides several benefits such as reducing the number of bottlenecks, limiting unwanted data movements, etc. However, managing the size, complexity and heterogeneity of Fog systems to be designed, developed, tested, deployed, and maintained, is challenging and can quickly become costly. According to best practices in software engineering, verification tasks could be performed on system design prior to its actual implementation and deployment. Thus, we propose a generic model-based approach for verifying Fog systems at design time. Named VeriFog, this approach is notably based on a customizable Fog Modeling Language (FML). We experimented with our approach in practice by modeling three use cases, from three different application domains, and by considering three main types of non-functional properties to be verified. In direct collaboration with our industrial partner Smile, the approach and underlying language presented in this paper are necessary steps towards a more global model-based support for the complete life cycle of Fog systems.",Proceedings of the 39th ACM/SIGAPP Symposium on Applied Computing,1252–1261,10,"model-based engineering, modeling language, fog computing, verification, non-functional properties, design time","Avila, Spain",SAC '24,,"New York, NY, USA",,,,,
acm-20260429,inproceedings,10.1145/3607504.3609292,"Iordache-Sica, Mircea M. and Kraiser, Tula and Komolafe, Olufemi",Seamless Hardware-Accelerated Kubernetes Networking,2023,9798400702761,Association for Computing Machinery,https://doi.org/10.1145/3607504.3609292,10.1145/3607504.3609292,"Kubernetes has quickly become the industry-standard Service management and orchestration framework. However, Kubernetes networking has traditionally been achieved by software implementations of CNI (Container Networking Interface) plugins with performance limitations. This paper puts forward the integration of hardware networking appliances for enhancing Kubernetes performance in Data Center environments by utilising the Hardware Accelerated Kubernetes (HAcK) architecture. The proposed architecture is applied to the implementation of the HAcK LoadBalancer which leverages industry-grade network appliances for creating unified application and infrastructure management mechanisms. Performance of the system is evaluated in real data centre scenarios.",Proceedings of the 2nd ACM SIGCOMM Workshop on Future of Internet Routing \&amp; Addressing,23–28,6,"Kubernetes, Load Balancing, MANO, NFV","New York, NY, USA",FIRA '23,,"New York, NY, USA",,,,,
acm-20260429,inproceedings,10.1145/3613372.3613398,"Feitosa, T\^{a}nia Maria and Machado, Ivan and Maciel, Rita Suzana Pitangueira",Hybrid Software Development with Scrum: Perceptions of Brazilian Software Practitioners,2023,9798400707872,Association for Computing Machinery,https://doi.org/10.1145/3613372.3613398,10.1145/3613372.3613398,"Software processes are crucial in software development projects, affecting product quality and developer team productivity. Agile and plan-oriented approaches can be used in the same project, leading to hybrid software development approaches.Some studies propose hybrid strategies or attempt to characterize and identify related practices. As cultural and organizational factors may impact hybrid process adoption and enactment this paper presents a survey conducted in the Brazilian software industry to investigate various aspects of software process hybridization, using Scrum as a base. Scrum is a flexible and frequently customized agile approach, offering several software process hybridization possibilities. We collected responses from 76 participants across different states in Brazil, and our findings reveal that definitions of software process hybridization differ between industry and literature. Furthermore, we found that several hybridization alternatives are being employed to meet deadlines, manage software complexity, and satisfy customers needs, among other reasons. By sharing our findings, we hope to contribute to the field by establishing a common understanding of software hybridization goals and challenges, ultimately leading to a shared understanding of the benefits of its application, helping Brazilian companies’ productivity.",Proceedings of the XXXVII Brazilian Symposium on Software Engineering,226–235,10,"Hybridization, Scrum, hybrid process, software development process","Campo Grande, Brazil",SBES '23,,"New York, NY, USA",,,,,
acm-20260429,inproceedings,10.1145/3613372.3614199,"Font\~{a}o, Awdren and Matsubara, Edson and Mongelli, Henrique and Medeiros, Marcio and Louren\c{c}o, Carlos and Martins, Henrique and Cortez, Igor and Borges, Maria",Hyacinth macaw: a project-based learning program to develop talents in Software Engineering for Artificial Intelligence,2023,9798400707872,Association for Computing Machinery,https://doi.org/10.1145/3613372.3614199,10.1145/3613372.3614199,"Software Engineering for Artificial Intelligence (SE4A) uses SE principles to design and maintain AI systems, requiring analytical thinking for software complexity, while AI demands mathematical knowledge and algorithm adjustment. The IEEE Curriculum Guidelines for Undergraduate Degree Programs in Software Engineering states that extracurricular elements impact students’ preparation. This study focuses on the first module of a project-based learning talent development program involving undergraduate students, two expert professors (in AI and SE), and mentors from sponsoring companies. An exploratory case study with 39 students from four courses was conducted, challenging them to deliver an MVP in machine learning within 1.5 months. Results showed high agreement (87.5\%) in applying learned skills to future projects, recognizing SE’s benefits (96.9\%) in AI, and acknowledging the connection between SE and AI (78.1\%). Participants applied relevant knowledge in ML performance, data analysis, and software architecture for AI. We share strategies used by students to enhance developer experience.",Proceedings of the XXXVII Brazilian Symposium on Software Engineering,312–321,10,,"Campo Grande, Brazil",SBES '23,,"New York, NY, USA",,,,,
acm-20260429,inproceedings,10.1145/3616131.3616142,"Millward, Douglas J. and Reed, Martin J. and Olaniyi, Nkaepe",CACLE - Automated Mitigation for Misconfiguration Vulnerabilities in Cloud Systems,2023,9798400707339,Association for Computing Machinery,https://doi.org/10.1145/3616131.3616142,10.1145/3616131.3616142,"Recent studies have highlighted the increasing risk to Cloud Systems of User Misconfiguration Errors. This paper provides an evolutionary approach to identifying and mitigating such errors, known as the Configuration and Checking Logic Engine. We demonstrate its effectiveness utilizing test files from publicly available GitHub repositories. The results show that not only is it as effective as other solutions that check IaC templates, but it is also an order of magnitude faster than existing approaches.",Proceedings of the 2023 7th International Conference on Cloud and Big Data Computing,74–80,7,"Additional Key Words and Phrases: cloud security, automated vulnerability mitigation, infrastructure as code, user misconfiguration errors","Manchester, United Kingdom",ICCBDC '23,,"New York, NY, USA",,,,,
acm-20260429,inproceedings,10.1145/3616391.3622770,"Liang, Yu-Cheng and Wu, Kun-Ru and Tong, Kit-Lun and Ren, Yi and Tseng, Yu-Chee",An Exchange-based AIoT Platform for Fast AI Application Development,2023,9798400703683,Association for Computing Machinery,https://doi.org/10.1145/3616391.3622770,10.1145/3616391.3622770,"AIoT is the combination of Internet of Things (IoT) and Artificial Intelligence (AI) technologies. While IoT emphasizes more on scalable and efficient communications, AI focuses more on reproducing human capabilities such as recognition and forecasting. An efficient AIoT platform may not be obtained directly from integrating existing IoT and AI serving platforms by considering the AIoT service reproduction and evolution. In this work, we propose an AIoT platform that empowers developers to build sophisticated and scalable applications. Our platform is derived based on exchange-based RabbitMQ broker and Advanced Message Queuing Protocol (AMQP) to facilitate the communications among heterogeneous data sources and AI models. By incorporating an AMQP broker, it supports diverse data exchanges, AI models chaining, and flexible message routing and processing. AI models can be deployed efficiently through containerization with flexible and shared data paths to facilitate computations. Hence, developers can focus on service and application requirements. We also present a case study in smart healthcare to validate our design.",Proceedings of the 19th ACM International Symposium on QoS and Security for Wireless and Mobile Networks,105–114,10,"advanced message queuing protocol (amqp), ai models chaining, aiot, application platform, service configuration, service-oriented architecture","Montreal, Quebec, Canada",Q2SWinet '23,,"New York, NY, USA",,,,,
acm-20260429,inproceedings,10.1145/3623278.3624771,"Li, Ye and Tan, Jian and Wu, Bin and He, Xiao and Li, Feifei",ShapleyIQ: Influence Quantification by Shapley Values for Performance Debugging of Microservices,2024,9798400703942,Association for Computing Machinery,https://doi.org/10.1145/3623278.3624771,10.1145/3623278.3624771,"Years of experience in operating large-scale microservice systems strengthens our belief that their individual components, with inevitable anomalies, still demand a quantification of the influences on the end-to-end performance indicators. On a causal graph that represents the complex dependencies between the system components, the scatteredly detected anomalies, even when they look similar, could have different implications with contrastive remedial actions. To this end, we design ShapleyIQ, an online monitoring and diagnosis service that can effectively improve the system stability. It is guided by rigorous analysis on Shapley values for a causal graph. Notably, a new property on splitting invariance addresses the challenging exponential computation complexity problem of generic Shapley values by decomposition.This service has been deployed on a core infrastructure system on Alibaba Cloud, for over a year with more than 15,000 operations for 86 services across 2,546 machines. Since then, it has drastically improved the DevOps efficiency, and the system failures have been significantly reduced by 83.3\%. We also conduct an offline evaluation on an open source microservice system TrainTicket, which is to pinpoint the root causes of the performance issues in hindsight. Extensive experiments and test cases show that our system can achieve 97.3\% accuracy in identifying the top-1 root causes for these datasets, which significantly outperforms baseline algorithms by at least 28.7\% in absolute difference.","Proceedings of the 28th ACM International Conference on Architectural Support for Programming Languages and Operating Systems, Volume 4",287–323,37,,"Vancouver, BC, Canada",ASPLOS '23,,"New York, NY, USA",,,,,
acm-20260429,inproceedings,10.1145/3624062.3624588,"Mujkanovic, Nina and Durillo, Juan J. and Hammer, Nicolay and M\""{u}ller, Tiziano",Survey of adaptive containerization architectures for HPC,2023,9798400707858,Association for Computing Machinery,https://doi.org/10.1145/3624062.3624588,10.1145/3624062.3624588,"Containers offer an array of advantages that benefit research reproducibility and portability. As container tools mature, container security improves, and high-performance computing (HPC) and cloud system tools converge, supercomputing centers are increasingly integrating containers into their workflows. Despite this, most research into containers remains focused on cloud environments. We consider an adaptive containerization architecture approach, in which each component chosen represents the tool best adapted to the given system and site requirements, with a focus on accelerating the deployment of applications and workflows on HPC systems using containers. To this end, we discuss the HPC specific requirements regarding container tools, and analyze the entire containerization stack, including container engines and registries, in-depth. Finally, we consider various orchestrator and HPC workload manager integration scenarios, including Workload Manager (WLM) in Kubernetes, Kubernetes in WLM, and bridged scenarios. We present a proof-of-concept approach to a Kubernetes Agent in a WLM allocation.","Proceedings of the SC '23 Workshops of the International Conference on High Performance Computing, Network, Storage, and Analysis",165–176,12,"Containers, HPC, High performance computing, Kubernetes, Survey","Denver, CO, USA",SC-W '23,,"New York, NY, USA",,,,,
acm-20260429,inproceedings,10.1145/3624486.3624494,"Horozal, Fulya and Reimer, Philip and Scholze, Sebastian",Tool Support for Architectural Pattern Selection and Application in Cloud-Centric Service-Oriented IDEs,2023,9798400708350,Association for Computing Machinery,https://doi.org/10.1145/3624486.3624494,10.1145/3624486.3624494,"Architectural patterns are high-level design guidelines and principles for designing the architecture of software systems. They play a crucial role laying the foundations to the organization and structure of software systems and have high impact on their quality and success both in terms of engineering and business aspects. Deciding for a concrete software architecture design requires careful analysis of several factors regarding the software system including system characteristics, constraints, required quality attributes and any trade-offs made along with the design decision; and hence is often not trivial. This paper presents a framework for architectural pattern selection and application that (i) supports the decision-making process of choosing an appropriate architectural pattern as well as (ii) the organization of the software structure based on the chosen pattern in an automated fashion when integrated within IDEs. In particular, the paper presents how this framework is implemented and integrated within an innovative open source cloud-native integration development environment.","Proceedings of the 3rd Eclipse Security, AI, Architecture and Modelling Conference on Cloud to Edge Continuum",53–61,9,"Architectural patterns, IDE integration, Software architecture decision support","Ludwigsburg, Germany",eSAAM '23,,"New York, NY, USA",,,,,
acm-20260429,inproceedings,10.1145/3627043.3659570,"Olapade, Mayowa and Hasanli, Tarlan and Ottun, Abdul-Rasheed and Akintola, Adeyinka and Liyanage, Mohan and Flores, Huber",Pervasive Chatbots: Investigating Chatbot Interventions for Multi-Device Applications,2024,9798400704338,Association for Computing Machinery,https://doi.org/10.1145/3627043.3659570,10.1145/3627043.3659570,"The inherent social characteristics of humans make them prone to adopting distributed and collaborative applications easily. Although fundamental methods and technologies have been defined and developed over the years to construct these applications, their adoption in practice is uncommon because end-users may be puzzled about how to use them without much hassle. Indeed, commonly, these applications require a certain level of technical expertise and awareness to use them correctly. Fortunately, AI-chatbot interventions are envisioned to assist and support various human tasks. In this paper, we contribute pervasive chatbots as a solution that fosters a more transparent and user-friendly interconnection of devices in distributed and collaborative environments. Through two rigorous user studies, firstly, we quantify the perception of users toward distributed and collaborative applications (N = 56 participants). Secondly, we analyze the benefits of adopting pervasive chatbots when compared with the chatbot reference model designed for assistance and recommendations (N = 24 participants). Our results suggest that pervasive chatbots can significantly enhance the practicability of distributed and collaborative applications, reducing the time and effort needed for collaboration with surrounding devices by 57\%. With this information, we then provide design and development implications to integrate pervasive chatbot interventions in distributed and collaborative environments. Moreover, challenges and opportunities are also provided to highlight the remaining issues that need to be addressed to realize the full vision of pervasive chatbots for any multi-device application. Our work paves the way towards the proliferation of sophisticated and highly decentralized computing environments that are easily interconnected.","Proceedings of the 32nd ACM Conference on User Modeling, Adaptation and Personalization",290–300,11,"Decentralized infrastructures, collaborative computing, distributed computing, opportunistic networks","Cagliari, Italy",UMAP '24,,"New York, NY, USA",,,,,
acm-20260429,inproceedings,10.1145/3627050.3627060,"Van de Wynckel, Maxim and Signer, Beat",SemBeacon: A Semantic Proximity Beacon Solution for Discovering and Detecting the Position of Physical Things,2024,9798400708541,Association for Computing Machinery,https://doi.org/10.1145/3627050.3627060,10.1145/3627050.3627060,"Discovering smart devices in the physical world often requires some type of indoor positioning system. Bluetooth Low Energy&nbsp;(BLE) beacons are a well-established technique to create scalable low-cost positioning systems for indoor navigation, tracking and location awareness. While various BLE&nbsp;specifications aim to provide a generic way to uniquely identify a beacon and optionally detect its location, they are either deployment specific or do not broadcast enough information to be used without a proprietary database containing the locations of installed beacons. We present a novel BLE&nbsp;advertising solution and semantic ontology extension called SemBeacon that is backwards compatible with existing specifications such as iBeacon, Eddystone and AltBeacon. With the help of a prototype application, we demonstrate how SemBeacon enables the creation of real-time positioning systems that can describe their location as well as the environment in which they are located. In contrast to Eddystone-URL beacons which were originally used in Google’s Physical Web project to broadcast web pages of physical objects, SemBeacon is a specification for broadcasting semantic data about the environment and positioning systems that are available within a beacon’s proximity using linked data.",Proceedings of the 13th International Conference on the Internet of Things,9–16,8,"Bluetooth, beacons, physical things, semantic location, specification","Nagoya, Japan",IoT '23,,"New York, NY, USA",,,,,
acm-20260429,inproceedings,10.1145/3627703.3650068,"Zhou, Ming and Wang, Haining and Li, Ke and Zhu, Hongsong and Sun, Limin",Save the Bruised Striver: A Reliable Live Patching Framework for Protecting Real-World PLCs,2024,9798400704376,Association for Computing Machinery,https://doi.org/10.1145/3627703.3650068,10.1145/3627703.3650068,"Industrial Control Systems (ICS), particularly programmable logic controllers (PLCs) responsible for managing underlying physical infrastructures, often operate for extended periods without interruption. Thus, it is challenging to patch security vulnerabilities of ICS in a timely manner after disclosure because it often necessitates waiting for a rare downtime window. While live patching has been introduced to avoid downtime and maintenance costs, conventional live patching methods are not viable for closed-source PLCs. Without the source code, it is difficult to understand the system behaviors and determine binary patch equivalence. To address these challenges, we present a Reliable Live Patching framework called RLPatch for applying live patches to third-party binary without source code. We design RLPatch to capture real-time conditions and dynamic behaviors of PLCs, which enables DevOps engineers to identify major non-recoverable fault (MNRF) vulnerabilities and generate hot patches. The core of RLPatch is an update agent that inserts breakpoints over the original MNRF code and then directs execution to the patches. To ensure system reliability, we use the unique constraints of PLCs to integrate the update processes with the scan cycle. We leverage RLPatch to patch 20 real vulnerabilities in three widely used Rockwell PLCs. We evaluate RLPatch in a real-world gas pipeline, demonstrating its reliability and effectiveness in practice.",Proceedings of the Nineteenth European Conference on Computer Systems,1192–1207,16,"Binary Patch, Firmware Security, Live Patching, Programmable Logic Controller, Vulnerability Analysis","Athens, Greece",EuroSys '24,,"New York, NY, USA",,,,,
acm-20260429,inproceedings,10.1145/3628034.3628045,"Athanasopoulos, Dionysis",Pattern of Edge-Eligible Deployment Plan for Modular Software,2024,9798400700408,Association for Computing Machinery,https://doi.org/10.1145/3628034.3628045,10.1145/3628034.3628045,"Edge computing has been introduced to expand the deployment of modular software to the Cloud with machines that are located close to end-users’ devices. Due to hardware and software restrictions on the capabilities of machines at the Edge, the deployment of modular software to machines at the Edge is not always feasible. There are various approaches in the literature that focus on how to produce Edge-eligible deployment plans for modular software. These plans map components of modular software to machines that meet the requirements of the components for hardware and software capabilities of machines. We extract from the existing approaches a pattern that produces Edge-eligible deployment plans via comparing the hardware and software requirements of modular software against the hardware and software capabilities of machines at the Edge (possibly extended with machines at the Cloud).",Proceedings of the 28th European Conference on Pattern Languages of Programs,,7,"Edge computing, modular software, software deployment.","Irsee, Germany",EuroPLoP '23,11,"New York, NY, USA",,,,,
acm-20260429,inproceedings,10.1145/3629526.3645046,"Baluta, Alexandru and Rouf, Yar and Mukherjee, Joydeep and Jiang, Zhen Ming and Litoiu, Marin",Disambiguating Performance Anomalies from Workload Changes in Cloud-Native Applications,2024,9798400704444,Association for Computing Machinery,https://doi.org/10.1145/3629526.3645046,10.1145/3629526.3645046,"Modern cloud-native applications are adopting the microservice architecture in which applications are deployed in lightweight containers that run inside a virtual machine (VM). Containers running different services are often co-located inside the same virtual machine. While this enables better resource optimization, it can cause interference among applications. This can lead to performance degradation. Detecting the cause of performance degradation at runtime is crucial to decide the correct remediation action such as, but not limited to, scaling or migrating. We propose a non-intrusive detection technique that differentiates between degradation caused by load and by interference. First, we define an operational zone for the application. Then we define a disambiguation method that uses models to classify interference and normal load. In contrast to previous work, our proposed detection technique does not require intrusive application instrumentation and incurs minimal performance overhead. We demonstrate how we can design effective Machine Learning models that can be generalized to detect interference from different types of applications. We evaluate our technique using realistic microservice benchmarks on AWS EC2. The results show that our approach outperforms existing interference detection techniques in F_1 score by at least 2.75\% and at most 53.86\%.",Proceedings of the 15th ACM/SPEC International Conference on Performance Engineering,286–297,12,"cloud computing, interference, machine learning, microservice","London, United Kingdom",ICPE '24,,"New York, NY, USA",,,,,
acm-20260429,inproceedings,10.1145/3639474.3640064,"Lau, Yi Meng and Koh, Christian Michael and Jiang, Lingxiao",Teaching Software Development for Real-World Problems using a Microservice-Based Collaborative Problem-Solving Approach,2024,9798400704987,Association for Computing Machinery,https://doi.org/10.1145/3639474.3640064,10.1145/3639474.3640064,"Experienced and skillful software developers are needed in organizations to develop software products effective for their business with shortened time-to-market. Such developers will not only need to code but also be able to work in teams and collaboratively solve real-world problems that organizations are facing. It is challenging for educators to nurture students to become such developers with strong technical, social, and cognitive skills.Towards addressing the challenge, this study presents a Collaborative Software Development Project Framework for a course that focuses on learning microservices architectures and developing a software application for a real-world business. Students get to work in teams to solve a real-world problem of their own choice. They are given opportunities to recognize that the software development process goes beyond writing code and that social and cognitive skills in engaging with each other are also essential. By adopting microservices architectures in the course, students learn to break down the functionalities of their applications into smaller pieces of code with standardized interfaces that can be developed, tested, and deployed independently. This not only helps students to learn various technical skills needed for developing and implementing the functionalities needed by the application in the form of microservices but also facilitates task allocation and coordination among their team members and provides a platform for them to solve problems collaboratively. Upon completion of their projects, students are also asked to reflect on their development process and encouraged to think beyond the basics for better software design and development approaches.The course curriculum incorporates the framework, especially for the student team projects. The earlier teaching weeks introduce a combination of concepts and lab exercises to students as the building blocks. The survey studies show that the framework is effective in enhancing the students' learning of technical, social, and cognitive skills, while further improvements, such as closer collaboration with other courses, can be done to improve a holistic learning curriculum.",Proceedings of the 46th International Conference on Software Engineering: Software Engineering Education and Training,22–33,12,"software development, collaborative problem-solving, real-world solutions, microservices architectures","Lisbon, Portugal",ICSE-SEET '24,,"New York, NY, USA",,,,,
acm-20260429,inproceedings,10.1145/3639477.3639724,"Landeck, Yannick and Balta, Dian and Wimmer, Martin and Knierim, Christian",Software in the Manufacturing Industry: Emerging Security Challenge Areas for IIoT Platforms,2024,9798400705014,Association for Computing Machinery,https://doi.org/10.1145/3639477.3639724,10.1145/3639477.3639724,"Industrial Internet of Things (IIoT) platforms connect services and computation resources to industrial devices. They increase flexibility, scalability, and provide a wider application portfolio for automated production. However, in a growing ecosystem of software suppliers, manufacturing companies are concerned whether the security of third-party software meets the requirements of the industry. In this paper, we analyse IIoT reference architecture components and corresponding stakeholders to draw implications on security. In particular, we identify four security challenge areas of IIoT platforms, show relations to existing research, and highlight directions for future work.",Proceedings of the 46th International Conference on Software Engineering: Software Engineering in Practice,118–121,4,"software security, manufacturing, IIoT platforms, assurance","Lisbon, Portugal",ICSE-SEIP '24,,"New York, NY, USA",,,,,
acm-20260429,inproceedings,10.1145/3639478.3640031,"Khatiri, Sajad and Panichella, Sebastiano and Tonella, Paolo",Simulation-based Testing of Unmanned Aerial Vehicles with Aerialist,2024,9798400705021,Association for Computing Machinery,https://doi.org/10.1145/3639478.3640031,10.1145/3639478.3640031,"Simulation-based testing is crucial for ensuring the safety and reliability of unmanned aerial vehicles (UAVs), especially as they become more autonomous and get increasingly used in commercial scenarios. The complexity and automated nature of UAVs requires sophisticated simulation environments for effectively testing their safety requirements. The primary challenges in setting up these environments pose significant barriers to the practical, widespread adoption of UAVs. We address this issue by introducing Aerialist (unmanned AERIAL vehIcle teST bench), a novel UAV test bench, built on top of PX4 firmware, that facilitates or automates all the necessary steps of definition, generation, execution, and analysis of system-level UAV test cases in simulation environments. Moreover, it also supports parallel and scalable execution and analysis of test cases on Kubernetes clusters. This makes Aerialist a unique platform for research and development of test generation approaches for UAVs. To evaluate Aerialist's support for UAV developers in defining, generating, and executing UAV test cases, we implemented a search-based approach for generating realistic simulation-based test cases using real-world UAV flight logs. We confirmed its effectiveness in improving the realism and representativeness of simulation-based UAV tests.Code Repository: https://github.com/skhatiri/AerialistDemo Video: https://youtu.be/k_bqYpWItSg",Proceedings of the 2024 IEEE/ACM 46th International Conference on Software Engineering: Companion Proceedings,134–138,5,"unmanned aerial vehicles, test generation, simulation","Lisbon, Portugal",ICSE-Companion '24,,"New York, NY, USA",,,,,
acm-20260429,inproceedings,10.1145/3640824.3640866,"Sun, Zhi and Quan, Zhaoheng and Yu, Shangren and Zhang, Ling and Mao, Dengming",A Knowledge-driven Framework for Software Supply Chain Security Analysis,2024,9798400707971,Association for Computing Machinery,https://doi.org/10.1145/3640824.3640866,10.1145/3640824.3640866,"With the rapid development of the software industry, software supply chains have become increasingly complex and diverse. Critical software domains such as operating systems, databases and web servers extensively adopt open source components, which are then directly or indirectly incorporated into software development, and sometimes even the software be used into important filed like finance and energy. Complex software supply chains introduce a variety of security issues, leading to frequent security incidents. Developers often overlook software supply chains as a potential attack vector. Supply chain risks include component vulnerabilities, license compliance issues and project abandonment risks. In this paper, we construct a software supply chain knowledge graph and propose a multi-dimensional analysis framework for software supply chain security. Case studies on popular software demonstrate that our proposed framework is feasible and promising for conducting supply chain security analyses.",Proceedings of the 2024 8th International Conference on Control Engineering and Artificial Intelligence,267–272,6,"cyberspace security, knowledge graph, software measurement, software supply chain security","Shanghai, China",CCEAI '24,,"New York, NY, USA",,,,,
acm-20260429,inproceedings,10.1145/3641822.3641871,"Michael Ayas, Hamdy and Hebig, Regina and Leitner, Philipp","The Roles, Responsibilities, and Skills of Engineers in the Era of Microservices-Based Architectures",2024,9798400705335,Association for Computing Machinery,https://doi.org/10.1145/3641822.3641871,10.1145/3641822.3641871,"Enterprises often try to tame the complexity of their software using microservices and practitioners generally perceive the impact of microservices as positive. However, different responsibilities fall in the hands of practitioners and new skill-sets are required to address the challenges and reap the benefits of microservices. The objective of this study is to gather and organize what industry requires from microservices practitioners. To achieve this, we conduct a qualitative analysis of 125 job-ads related to microservices that are gathered from 7 different countries, across 5 continents, posted during 14 consecutive days, sampled from a total of 1351 job-ads. We contribute with detailed taxonomies on roles, responsibilities, soft- and hard-skills that are necessary for microservices practitioners. Specifically, we detail 5 families of responsibilities, 3 of which are human-centered, describe 8 themes of popular soft-skills and describe 11 themes of popular hard-skills, along with how they relate to soft-skills. Our results indicate the importance of human-centered responsibilities and skills in microservices practitioners, and point to the existence of a job market for microservices software architects with a high demand on human aspects. Hence, our findings can help unravel organizational structures in microservices, improve training programmes, and understand the manifestation of human aspects in microservices.",Proceedings of the 2024 IEEE/ACM 17th International Conference on Cooperative and Human Aspects of Software Engineering,13–23,11,"microservices, job market, responsibilities, skills, human-aspects","Lisbon, Portugal",CHASE '24,,"New York, NY, USA",,,,,
acm-20260429,inproceedings,10.1145/3643659.3643930,"Erni, Nicolas and Al-Ameen, Mohammed and Birchler, Christian and Derakhshanfar, Pouria and Lukasczyk, Stephan and Panichella, Sebastiano",SBFT Tool Competition 2024 - Python Test Case Generation Track,2024,9798400705625,Association for Computing Machinery,https://doi.org/10.1145/3643659.3643930,10.1145/3643659.3643930,"Test case generation (TCG) for Python poses distinctive challenges due to the language's dynamic nature and the absence of strict type information. Previous research has successfully explored automated unit TCG for Python, with solutions outperforming random test generation methods. Nevertheless, fundamental issues persist, hindering the practical adoption of existing test case generators. To address these challenges, we report on the organization, challenges, and results of the first edition of the Python Testing Competition. Four tools, namely UTBotPython, Klara, Hypothesis Ghostwriter, and Pynguin were executed on a benchmark set consisting of 35 Python source files sampled from 7 open-source Python projects for a time budget of 400 seconds. We considered one configuration of each tool for each test subject and evaluated the tools' effectiveness in terms of code and mutation coverage. This paper describes our methodology, the analysis of the results together with the competing tools, and the challenges faced while running the competition experiments.",Proceedings of the 17th ACM/IEEE International Workshop on Search-Based and Fuzz Testing,37–40,4,"tool competition, software testing, test case generation, python, search based software engineering","Lisbon, Portugal",SBFT '24,,"New York, NY, USA",,,,,
acm-20260429,inproceedings,10.1145/3643662.3643956,"Ryan, Ita and Roedig, Utz and Stol, Klaas-Jan",Training Developers to Code Securely: Theory and Practice,2024,9798400705656,Association for Computing Machinery,https://doi.org/10.1145/3643662.3643956,10.1145/3643662.3643956,"Software security is essential. Flaws in software design and coding produce vulnerabilities that can be exploited by hostile actors, resulting in ransomware, espionage and the hacking of critical infrastructure. Meanwhile, DevOps and continuous integration introduce speed imperatives, often bypassing traditional security gates. Software security responsibility is increasingly shifting to software developers. Industry insiders advise that this extra responsibility should be accompanied by developer training. But is it? Analysis of what constitutes good software security training is sparse, and there is little information on the amount and quality of training actually offered to developers in industry. We analyse recent literature to find the positive features of effective secure development training. We examine training information from a large developer survey (n=962) to assess how training in the field matches key positive features. We find that while some developers experience excellent secure-coding training, others receive inadequate training, and the majority receive none.",Proceedings of the 2024 ACM/IEEE 4th International Workshop on Engineering and Cybersecurity of Critical Systems (EnCyCriS) and 2024 IEEE/ACM Second International Workshop on Software Vulnerability,37–44,8,"secure software development, security, secure coding training","Lisbon, Portugal",EnCyCriS/SVM '24,,"New York, NY, USA",,,,,
acm-20260429,inproceedings,10.1145/3643690.3648241,"Selva-Mora, Alejandra and Quesada-L\'{o}pez, Christian",Security Practices in Agile Software Development: A Mapping Study,2024,9798400705717,Association for Computing Machinery,https://doi.org/10.1145/3643690.3648241,10.1145/3643690.3648241,"Agile software development, widely embraced for its rapid response to organizational needs, faces challenges in seamlessly integrating security practices. Despite its success in delivering prioritized functionalities, there remain difficulties in meeting nonfunctional requirements, particularly security, making the alignment of security practices with agility a complex endeavor. This study conducts a mapping of 252 security practices identified from 35 primary studies, categorizing them into the Building Security In Maturity Model (BSIMM) and stages of the software development life cycle. Additionally, it identifies 38 benefits, emphasizing security awareness, implementation, and alignment with agility, alongside 95 challenges linked to knowledge gaps and complexity. The findings underscore ongoing efforts to integrate security practices in Agile environments, underscoring the importance of empirical evaluation and emphasizing the need to assess the actual benefits of proposed security practices in real-world Agile software development.",Proceedings of the 7th ACM/IEEE International Workshop on Software-Intensive Business,56–63,8,"agile software development, security practices, benefits, challenges, mapping study","Lisbon, Portugal",IWSiB '24,,"New York, NY, USA",,,,,
acm-20260429,inproceedings,10.1145/3643787.3648038,"Kallis, Rafael and Colavito, Giuseppe and Al-Kaswan, Ali and Pascarella, Luca and Chaparro, Oscar and Rani, Pooja",The NLBSE'24 Tool Competition,2024,9798400705762,Association for Computing Machinery,https://doi.org/10.1145/3643787.3648038,10.1145/3643787.3648038,"We report on the organization and results of the tool competition of the third International Workshop on Natural Language-based Software Engineering (NLBSE'24). As in prior editions, we organized the competition on automated issue report classification, with focus on small repositories, and on automated code comment classification, with a larger dataset. In this tool competition edition, six teams submitted multiple classification models to automatically classify issue reports and code comments. The submitted models were fine-tuned and evaluated on a benchmark dataset of 3 thousand issue reports or 82 thousand code comments, respectively. This paper reports details of the competition, including the rules, the teams and contestant models, and the ranking of models based on their average classification performance across issue report and code comment types.",Proceedings of the Third ACM/IEEE International Workshop on NL-Based Software Engineering,33–40,8,"tool-competition, labeling, benchmark, issue reports, code comments","Lisbon, Portugal",NLBSE '24,,"New York, NY, USA",,,,,
acm-20260429,inproceedings,10.1145/3643794.3648283,"Trabelsi, Imen and Popa, Bianca and Pereyrol, Jeremie and Beaulieu, Pier-Olivier and Moha, Naouel",MicroMatic: Fully Automated Microservices Identification Approach From Monolithic Systems,2024,9798400705786,Association for Computing Machinery,https://doi.org/10.1145/3643794.3648283,10.1145/3643794.3648283,"The Internet of Things (IoT) revolution is transforming system interactions and functionalities, necessitating more adaptable, scalable, and responsive systems architectures. These IoT systems build on recent advances in software architectures, particularly Microservices Architecture (MSA), enabling scalability, facilitating cloud deployment, and supporting seamless integration with DevOps practices. While new IoT applications can seamlessly integrate Microservices Architecture from their design, the migration of existing monolithic IoT systems to MSA is essential to leverage its benefits yet it remains a challenging and costly process. To facilitate this migration, we propose MicroMatic, a tooled fully automated microservices identification approach that is based on static-relationship analyses between code elements as well as semantic analyses of the source code. Our approach relies on Machine Learning (ML) techniques and uses service types to guide the identification of microservices from IoT monolithic systems. We validate the effectiveness of our tool through a detailed case study, comparing our results with established ground truths. This process included a quantitative evaluation of the microservices generated, focusing on their business capabilities. Our findings demonstrate the efficiency of MicroMatic in automating one of the most labour-intensive aspects of migrating legacy systems to a microservices framework, successfully identifying architecturally significant microservices with 62.5\% precision and 45.5\% recall.",Proceedings of the ACM/IEEE 6th International Workshop on Software Engineering Research \&amp; Practices for the Internet of Things,7–13,7,"migration, microservices, service types, machine learning, semantic analysis, automation, tool","Lisbon, Portugal",SERP4IoT '24,,"New York, NY, USA",,,,,
acm-20260429,inproceedings,10.1145/3643794.3648349,"Minani, Jean Baptiste and Sabir, Fatima and El Fellah, Yahia and Moha, Naouel",Practical Guidance for IoT Systems Testing: A Taxonomy,2024,9798400705786,Association for Computing Machinery,https://doi.org/10.1145/3643794.3648349,10.1145/3643794.3648349,"The Internet of Things (IoT) has transformed the way we interact with technology and devices. Several IoT systems are being deployed across diverse domains. They fulfill critical tasks and, thus, must function correctly and securely and meet the users' expectations. However, testing IoT systems poses many challenges, primarily due to their distributed nature, dynamism, and heterogeneity as well as the multiple layers of which they are composed, i.e., device, edge, cloud, and application layers. The absence of testing guidance can hinder the quality of IoT systems. Testing guidelines, including taxonomy, are vital for proper IoT systems testing. In the context of software testing, taxonomy organizes and categorizes testing aspects, helping testers to understand what, how, and when to test. However, no IoT systems testing taxonomy exists, and traditional software testing taxonomy may not sufficiently meet IoT systems testing requirements. To address this, we introduce an IoT-specific testing taxonomy, informed by a review of 83 primary studies and validated through surveys with 16 IoT industry practitioners. The feedback collected from practitioners shows that our taxonomy can help IoT testers to improve efficiency of testing. This taxonomy can help the testers to increase test coverage, enhance the efficiency and effectiveness of testing efforts, and ensure thorough testing of important system aspects, thus ensuring functional correctness, improving the security of IoT systems, and better meeting users' expectations.",Proceedings of the ACM/IEEE 6th International Workshop on Software Engineering Research \&amp; Practices for the Internet of Things,57–64,8,"IoT testing taxonomy, IoT testing, software engineering taxonomy, quality assurance taxonomy","Lisbon, Portugal",SERP4IoT '24,,"New York, NY, USA",,,,,
acm-20260429,inproceedings,10.1145/3643991.3644918,"Tufano, Rosalia and Mastropaolo, Antonio and Pepe, Federica and Dabic, Ozren and Di Penta, Massimiliano and Bavota, Gabriele",Unveiling ChatGPT's Usage in Open Source Projects: A Mining-based Study,2024,9798400705878,Association for Computing Machinery,https://doi.org/10.1145/3643991.3644918,10.1145/3643991.3644918,"Large Language Models (LLMs) have gained significant attention in the software engineering community. Nowadays developers have the possibility to exploit these models through industrial-grade tools providing a handy interface toward LLMs, such as OpenAI's ChatGPT. While the potential of LLMs in assisting developers across several tasks has been documented in the literature, there is a lack of empirical evidence mapping the actual usage of LLMs in software projects. In this work, we aim at filling such a gap. First, we mine 1,501 commits, pull requests (PRs), and issues from open-source projects by matching regular expressions likely to indicate the usage of ChatGPT to accomplish the task. Then, we manually analyze these instances, discarding false positives (i.e., instances in which ChatGPT was mentioned but not actually used) and categorizing the task automated in the 467 true positive instances (165 commits, 159 PRs, 143 issues). This resulted in a taxonomy of 45 tasks which developers automate via ChatGPT. The taxonomy, accompanied with representative examples, provides (i) developers with valuable insights on how to exploit LLMs in their workflow and (ii) researchers with a clear overview of tasks that, according to developers, could benefit from automated solutions.",Proceedings of the 21st International Conference on Mining Software Repositories,571–583,13,"ChatGPT, empirical study","Lisbon, Portugal",MSR '24,,"New York, NY, USA",,,,,
acm-20260429,inproceedings,10.1145/3643991.3645080,"Sagdic, Ertugrul and Bayram, Arda and Islam, Md Rakibul",On the Taxonomy of Developers' Discussion Topics with ChatGPT,2024,9798400705878,Association for Computing Machinery,https://doi.org/10.1145/3643991.3645080,10.1145/3643991.3645080,"Large language models (LLMs) like ChatGPT can generate text for various prompts. With exceptional reasoning capabilities, ChatGPT (particularly the GPT-4 model) has achieved widespread adoption across many tasks - from creative writing to domain-specific inquiries, code generation, and more. This research analyzed the DevGPT dataset to determine common topics posed by developers interacting with ChatGPT. The DevGPT dataset comprises ChatGPT interactions from GitHub issues, pull requests and discussions. By employing a mixed-methods approach combining unsupervised semantic modeling and expert qualitative analysis we categorize the topics developers discuss when interacting with ChatGPT.Our approach reveals 17 topics within seven categories, with over 25\% of prompts focused on advanced programming guidance. Additional areas of significant query volume include DevOps workflows, SQL, databases, and specialized domains, such as localization, streaming media, and image processing. This research effectively illuminates core topics and dependencies that motivate developers to leverage ChatGPT. The taxonomy classification further clarifies critical areas to better customize AI tools for aligning with workflows and needs within software engineering contexts.",Proceedings of the 21st International Conference on Mining Software Repositories,197–201,5,"DevGPT, ChatGPT, software engineering, topic taxonomy","Lisbon, Portugal",MSR '24,,"New York, NY, USA",,,,,
acm-20260429,inproceedings,10.1145/3644815.3644943,"Husom, Erik Johannes and Sen, Sagar and Goknil, Arda",Engineering Carbon Emission-aware Machine Learning Pipelines,2024,9798400705915,Association for Computing Machinery,https://doi.org/10.1145/3644815.3644943,10.1145/3644815.3644943,"The proliferation of machine learning (ML) has brought unprecedented advancements in technology, but it has also raised concerns about its environmental impact, particularly concerning carbon emissions. To address the imperative of environmentally responsible ML, we present in this paper a novel ML pipeline, named CEMAI, designed to monitor and analyze carbon emissions across the entire lifecycle of ML model development, from data preparation to training and deployment. Our endeavor involves an exhaustive evaluation process underpinned by three industrial case studies. These case studies are structured around the application of ML models to predict tool wear, estimate remaining useful lifetimes, and detect anomalies in the Industrial Internet of Things (IIoT). Leveraging sensor data originating from CNC machining and broaching operations, our research shows empirically the efficacy of carbon emissions as a dependable metric guiding the configuration of an ML development process. The essence of our approach lies in striking a balance between superior performance and minimal carbon emissions. Our findings reveal the potential to optimize pipeline configurations for ML models in a manner that not only enhances performance but also drastically reduces carbon emissions, thereby underlining the significance of adopting ecologically responsible engineering practices.",Proceedings of the IEEE/ACM 3rd International Conference on AI Engineering - Software Engineering for AI,118–128,11,,"Lisbon, Portugal",CAIN '24,,"New York, NY, USA",,,,,
acm-20260429,inproceedings,10.1145/3644815.3644954,"Heck, Petra",What About the Data? A Mapping Study on Data Engineering for AI Systems,2024,9798400705915,Association for Computing Machinery,https://doi.org/10.1145/3644815.3644954,10.1145/3644815.3644954,"AI systems cannot exist without data. Now that AI models (data science and AI) have matured and are readily available to apply in practice, most organizations struggle with the data infrastructure to do so. There is a growing need for data engineers that know how to prepare data for AI systems or that can setup enterprise-wide data architectures for analytical projects. But until now, the data engineering part of AI engineering has not been getting much attention, in favor of discussing the modeling part. In this paper we aim to change this by perform a mapping study on data engineering for AI systems, i.e., AI data engineering. We found 25 relevant papers between January 2019 and June 2023, explaining AI data engineering activities. We identify which life cycle phases are covered, which technical solutions or architectures are proposed and which lessons learned are presented. We end by an overall discussion of the papers with implications for practitioners and researchers. This paper creates an overview of the body of knowledge on data engineering for AI. This overview is useful for practitioners to identify solutions and best practices as well as for researchers to identify gaps.",Proceedings of the IEEE/ACM 3rd International Conference on AI Engineering - Software Engineering for AI,43–52,10,"data-centric AI, AI engineering, data engineering, data architecture, DataOps, MLOps, data quality","Lisbon, Portugal",CAIN '24,,"New York, NY, USA",,,,,
acm-20260429,inproceedings,10.1145/3646548.3672587,"Becker, Martin and Rabiser, Rick and Botterweck, Goetz",Not Quite There Yet: Remaining Challenges in Systems and Software Product Line Engineering as Perceived by Industry Practitioners,2024,9798400705939,Association for Computing Machinery,https://doi.org/10.1145/3646548.3672587,10.1145/3646548.3672587,"Research on system and software product line engineering (SPLE) and the community around it have been inspired by industrial applications. However, despite decades of research, industry is still struggling with adopting product line approaches and more generally with managing system variability. We argue that it is essential to better understand why this is the case. Particularly, we need to understand the current challenges industry is facing wrt. adopting SPLE practices, how far existing research helps industry practitioners to cope with their challenges, and where additional research would be required. We conducted a hybrid workshop at the 2023 Systems and Software Product Line Conference (SPLC) with over 30 participants from industry and academia. 9 companies from diverse domains and in different phases of SPLE adoption presented their context and perceived challenges. We grouped, discussed, and rated the relevance of the articulated challenges. We then formed clusters of relevant research topics to discuss existing literature as well as research opportunities. In this paper, we report the industry cases, the identified challenges and clusters of research topics, provide pointers to existing work, and discuss research opportunities. With this, we want to enable industry practitioners to become aware of typical challenges and find their way into the existing body of knowledge and to relevant fields of research.",Proceedings of the 28th ACM International Systems and Software Product Line Conference,179–190,12,"Software product line engineering, industry challenges","Dommeldange, Luxembourg",SPLC '24,,"New York, NY, USA",,,,,
acm-20260429,inproceedings,10.1145/3649329.3658250,"Qu, Meixun and He, Jie and Tucakovic, Zlatan and Bartocci, Ezio and Nickovic, Dejan and Isakovic, Haris and Grosu, Radu",DeepRIoT: Continuous Integration and Deployment of Robotic-IoT Applications,2024,9798400706011,Association for Computing Machinery,https://doi.org/10.1145/3649329.3658250,10.1145/3649329.3658250,"We present DeepRIoT, a continuous integration and continuous deployment (CI/CD) based architecture that accelerates the learning and deployment of a Robotic-IoT system trained from deep reinforcement learning (RL). We adopted a multi-stage approach that agilely trains a multi-objective RL controller in the simulator. We then collected traces from the real robot to optimize its plant model, and used transfer learning to adapt the controller to the updated model. We automated our framework through CI/CD pipelines, and finally, with low cost, succeeded in deploying our controller in a real F1tenth car that is able to reach the goal and avoid collision from a virtual car through mixed reality.",Proceedings of the 61st ACM/IEEE Design Automation Conference,,6,"deep reinforcement learning, Sim2Real, DevOps, CI/CD","San Francisco, CA, USA",DAC '24,300,"New York, NY, USA",,,,,
acm-20260429,inproceedings,10.1145/3650212.3680374,"Jajal, Purvish and Jiang, Wenxin and Tewari, Arav and Kocinare, Erik and Woo, Joseph and Sarraf, Anusha and Lu, Yung-Hsiang and Thiruvathukal, George K. and Davis, James C.",Interoperability in Deep Learning: A User Survey and Failure Analysis of ONNX Model Converters,2024,9798400706127,Association for Computing Machinery,https://doi.org/10.1145/3650212.3680374,10.1145/3650212.3680374,"Software engineers develop, fine-tune, and deploy deep learning (DL) models using a variety of development frameworks and runtime environments.                     DL model converters move models between frameworks and to runtime environments.   Conversion errors compromise model quality and disrupt deployment.                However, the failure characteristics of DL model converters are unknown, adding risk when using DL interoperability technologies.                                      This paper analyzes failures in DL model converters.                              We survey software engineers about DL interoperability tools, use cases, and pain points (N=92).                                                                Then, we characterize failures in model converters associated with the main interoperability tool, ONNX (N=200 issues in PyTorch and TensorFlow).                              Finally, we formulate and test two hypotheses about structural causes for the failures we studied.                                                                We find that the node conversion stage of a model converter accounts for ∼75\% of the defects and 33\% of reported failure are related to semantically incorrect models.         The cause of semantically incorrect models is elusive, but models with behaviour inconsistencies share operator sequences.                                                         Our results motivate future research on making DL interoperability software simpler to maintain, extend, and validate.                                                Research into behavioural tolerances and architectural coverage metrics would be fruitful.",Proceedings of the 33rd ACM SIGSOFT International Symposium on Software Testing and Analysis,1466–1478,13,"Deep neural networks, Interoperabilty Empirical software engineering, Machine learning, ONNX","Vienna, Austria",ISSTA 2024,,"New York, NY, USA",,,,,
acm-20260429,inproceedings,10.1145/3651640.3651646,"Zyberaj, Denesa and Hirmer, Pascal and Aiello, Marco",Towards a Globally Distributed Testing Network in the Automotive Industry,2024,9798400708817,Association for Computing Machinery,https://doi.org/10.1145/3651640.3651646,10.1145/3651640.3651646,"Digitalization has transformed many aspects of our lives, particularly in the automotive industry, where it has significantly impacted how cars are built, tested, and operated. Car manufacturers are increasingly required to shift their focus from hardware to software, a change that is accelerated by the rise of electric vehicles. As the industry increasingly embraces a tech company identity, software-based approaches and new technologies can enhance existing processes, reduce costs, and generate revenue. The integration testing of car electronic control units (ECUs) is a prime example of an area that can be optimized through software-based approaches. In the traditional process, suppliers design and create ECUs and their corresponding software in various locations worldwide. Once completed, the units are shipped to a central location where the car manufacturer physically connects them and conducts integration tests. However, this process can lead to expensive iterations because of found errors, which a virtual approach can address. An initial approach towards early integration testing through a globally accessible virtual testing platform is presented in this paper. Suppliers can leverage such a platform to connect their newly built ECUs, allowing car manufacturers to conduct integration tests early in the ECU’s life cycle. This, in turn, reduces the overhead associated with physical transportation and facilitates early feedback, which can help identify and address issues much earlier in the development process. Overall, the proposed approach has great potential to enhance the integration testing process, resulting in significant benefits for all stakeholders involved. The contributions of this paper include an initial approach towards (i) a generic test specification that enables the definition of integration tests involving virtual and physical ECUs distributed among different suppliers, (ii) a hardware interface that enables suppliers to connect their ECUs to a virtual test environment remotely, and (iii) an initial architecture for the virtual test platform, which allows integration testing throughout multiple distributed ECUs.",Proceedings of the 4th European Symposium on Software Engineering,46–51,6,"Automotive, Integration Testing, Testing Platform, Virtualization","Napoli, Italy",ESSE '23,,"New York, NY, USA",,,,,
acm-20260429,inproceedings,10.1145/3652620.3686248,"Bonetti, Federico and Bucchiarone, Antonio and Michael, Judith and Cicchetti, Antonio and Marconi, Annapaola and Rumpe, Bernhard",Digital Twins of Socio-Technical Ecosystems to Drive Societal Change,2024,9798400706226,Association for Computing Machinery,https://doi.org/10.1145/3652620.3686248,10.1145/3652620.3686248,"While the engineering of digital twins (DTs) of cyber-physical systems already faces a number of challenges, DTs of socio-technical systems are made even more complex by human and social factors, and a comprehensive representation of their internal relations is currently lacking. DTs for socio-technical systems could open up new ways of achieving common societal goals by i) providing an understanding of complex interactions and processes, and by ii) facilitating the design of and participation in collective actions. In this context, dynamic adaptation and motivational strategies would be required to swiftly address sub-optimal system behavior. To enable the model-driven engineering of DTs responding to such requirements, we propose a conceptual model of socio-technical systems and discuss it with use-case scenarios. The presented approach supports our vision of future DT-based model-driven interventions, empowering citizens and stakeholders in driving societal change and increasing community resilience.",Proceedings of the ACM/IEEE 27th International Conference on Model Driven Engineering Languages and Systems,275–286,12,"digital twin, modeling, socio-technical system, model-driven engineering, system engineering","Linz, Austria",MODELS Companion '24,,"New York, NY, USA",,,,,
acm-20260429,inproceedings,10.1145/3652620.3686250,"Cederbladh, Johan and Eisenberg, Martin and Berardinelli, Luca and Bilic, Damir",Automation Support for System Simulation and Architecture Layout Design in Cyber-Physical Systems Engineering,2024,9798400706226,Association for Computing Machinery,https://doi.org/10.1145/3652620.3686250,10.1145/3652620.3686250,"Simulations have long been part of hardware-centric system domains. Similarly, architecture design is a common practice for complex industrial systems, which comprise many components that can be arranged in different layouts according to given requirements. Configuring simulation models and choosing the architecture design can be time-consuming activities. This paper presents a model-driven approach to automate the simulation configuration and architecture layouting engineering activities by leveraging model-driven optimisation techniques. The approach leverages a research solution, MOMoT (Marrying Optimisation and Model Transformations), an academic tool that combines search-based algorithms and model transformations. MOMoT is extended with two software modules, leveraging the Functional Mock-up Interface standard for simulation configuration and an architectural description language to design architecture layouts. Our solution is presented in the context of Volvo Construction Equipment's industrial use case, which is part of the European-funded project AIDOaRt. Our approach contributes to automated decision support to simulation and architecture design through model-driven optimisation while preserving the organisation's engineering practices.",Proceedings of the ACM/IEEE 27th International Conference on Model Driven Engineering Languages and Systems,299–310,12,"simulation, models, optimisation, architecture, layout","Linz, Austria",MODELS Companion '24,,"New York, NY, USA",,,,,
acm-20260429,inproceedings,10.1145/3652620.3688219,"Predoaia, Ionut and Kolovos, Dimitris and Garcia-Dominguez, Antonio and Lenk, Matthias and Ebel, Wolfram and Burkl, Jan",Towards Processing YAML Documents with Model Management Languages,2024,9798400706226,Association for Computing Machinery,https://doi.org/10.1145/3652620.3688219,10.1145/3652620.3688219,"YAML is a widely used textual format for capturing structured data. Despite its widespread use by software engineering practitioners, there is little support for YAML in model management (e.g. model-to-text, model-to-model) languages. This paper proposes an approach for bridging the conceptual gap between contemporary model management languages and YAML. A technical solution is presented for enabling the use of model management tasks over models captured in YAML. Our solution is evaluated in an industrial case study on cloud infrastructure automation, involving the use of model transformations that transform EMF models into YAML models, with the goal of producing Infrastructure as Code through Ansible Playbooks.",Proceedings of the ACM/IEEE 27th International Conference on Model Driven Engineering Languages and Systems,970–979,10,"model management, YAML, MDE, EMF, infrastructure as code, ansible, eclipse epsilon, EMC driver, cloud automation","Linz, Austria",MODELS Companion '24,,"New York, NY, USA",,,,,
acm-20260429,inproceedings,10.1145/3652620.3688252,"Honcak, Rene and Wooley, Ana",An MBSE approach for Virtual Verification \&amp; Validation of Systems with Digital Twins,2024,9798400706226,Association for Computing Machinery,https://doi.org/10.1145/3652620.3688252,10.1145/3652620.3688252,"The automotive industry is embracing digital transformation, with trends like electric mobility leading the way. However, how will we efficiently and sustainably develop our electrified vehicles in the future? Agile customer demands, which require shorter product development cycles, pose a challenge for the automotive supplier industry. One approach to address this challenge is the adoption of Model Based Systems Engineering (MBSE) and Digital Twins (DT) for product digitalization and virtualization. MBSE supports product development from inception to the entire product lifecycle by continuously describing the system based on a system model. DTs, which are virtual representations of physical products/systems, capture both behavior and lifespan through simulation models and workflows. The complexity of DTs will highly increase due to multi-physical interactions, requiring consistency and traceability for the cross-domain development as well as application of simulation models and workflows in virtual testing and product approvals. The foundation lies in calibrated, verified, and validated simulation models, as well as reproducible simulation workflows, with capabilities that include uncertainty assessments. Processes and methods are necessary to manage complexity, ensure systematic validation, and efficiently develop DTs. Current approaches often overlook how DTs should be specified, designed, tested, and standardized. This research highlights the advantages of introducing a V-model and MBSE for DT development within the context of digital engineering. These measures can enhance the efficiency, reusability, quality, and automation of DTs.",Proceedings of the ACM/IEEE 27th International Conference on Model Driven Engineering Languages and Systems,390–400,11,"digital twin, model based systems engineering, verification, validation, simulation, virtual verification, virtual validation","Linz, Austria",MODELS Companion '24,,"New York, NY, USA",,,,,
acm-20260429,inproceedings,10.1145/3652620.3688259,"Beaumont, Gwendal and Beugnard, Antoine and Mart\'{\i}nez, Salvador and Urtado, Christelle and Vauttier, Sylvain",Towards Re-Engineering Digital Twins: Preliminary Experiments on Three Use Cases,2024,9798400706226,Association for Computing Machinery,https://doi.org/10.1145/3652620.3688259,10.1145/3652620.3688259,"Digital Twins (DTs) are everywhere, but they often have been developed before consensual definitions, reference models or adapted tools were proposed. Thus, these ad hoc DTs cannot be easily manipulated as actual entities, hampering both their sustainability and their life cycle management (e.g., their redeployment). In order to deal with this issue, this paper chooses to learn from practice by re-engineering existing DTs. Starting from a generic a priori metamodel that tries to clearly separate concerns (so that DTs can be seen as first class software entities), this paper implements experiments in three steps: (i) reverse engineering an existing Digital Twin, seen as a prototypical instance, (ii) generalization of the DT architecture descriptor into a DT model, (iii) alignment between this reverse engineered DT model and the a priori DT metamodel. First experiments, run on three use cases, show that our proposal can relevantly analyze and document DTs to support their re-engineering as first class entities.",Proceedings of the ACM/IEEE 27th International Conference on Model Driven Engineering Languages and Systems,453–458,6,"digital twin, metamodel, model-driven engineering, digital twin architecture, reverse engineering digital twins, re-engineering digital twins","Linz, Austria",MODELS Companion '24,,"New York, NY, USA",,,,,
acm-20260429,inproceedings,10.1145/3652620.3688266,"Aissat, Sara and Beaulieu, Jonathan and Bordeleau, Francis and Gascon-Samson, Julien and Poirier, Erik A. and Motamedi, Ali",JuNo-OPS: A DevOps Framework for the Engineering of Digital Twins for Built Assets,2024,9798400706226,Association for Computing Machinery,https://doi.org/10.1145/3652620.3688266,10.1145/3652620.3688266,"Digital Twins (DT) constitute complex software systems that need to be continuously modified/updated to meet evolving user requirements and priorities, and support continual improvement. Because they aim at monitoring and improving different system aspects, their development requires the collaboration of people from different domains of expertise, e.g. the development of a DT for built assets may involve the collaboration of experts in software engineering, thermal comfort, air quality, and energy consumption, etc. Consequently, DTs need to be engineered to enable the fast and secure integration and deployment of new code, the systematic and iterative evolution of their components, and the independent development of different system aspects by those experts.In this paper, we present JuNo-OPS, a DevOps framework for the engineering of DTs for built assets. The framework is being developed, tested and validated in the the context of a multi-function room at \'{E}cole de Technologie Sup\'{e}rieure (ETS). We focus on two main facets of the DT software: the microservices architecture; and the DevOps infrastructure used to support the development, continuous integration, continuous delivery and the automation thereof. We also discuss challenges and next steps related to the development and evolution of the framework.",Proceedings of the ACM/IEEE 27th International Conference on Model Driven Engineering Languages and Systems,496–506,11,"DevOps, digital twins, CI/CD pipelines, microservices, IoT","Linz, Austria",MODELS Companion '24,,"New York, NY, USA",,,,,
acm-20260429,inproceedings,10.1145/3654823.3654913,"Cribillero, Luis F. and Quispe, Jeyson I. and Casta\~{n}eda, Pedro",A Machine Learning-Based Predictive Model for the Management of Incidents in Small and Medium-Sized Enterprises in Peru,2024,9798400716416,Association for Computing Machinery,https://doi.org/10.1145/3654823.3654913,10.1145/3654823.3654913,"In the context of IT incident management, the prioritization and automation of tickets can be a challenge for companies that lack advanced technologies. However, these difficulties can be overcome today by applying machine learning algorithms and techniques that use historical data to train predictive models, which allows for more efficient and effective IT incident management. The article proposes the implementation of a predictive model that uses machine learning to prioritize IT incidents in these companies. The goal of this proposal is to allow small and medium-sized enterprises to prioritize their incidents automatically, using a model that has been previously trained with a supervised multi-label classification algorithm technique to achieve high accuracy. Experimental results show that the Mean Absolute Error (MAE) is 2.79 and a Mean Squared Error (MSE) of 8.21, using the metrics provided by the scikit-learn library. Additionally, the entropy loss approaches a value of 0, suggesting a precise ability of the model to predict real values. Additionally, an average accuracy level of 93.74\% was achieved.","Proceedings of the 2024 3rd Asia Conference on Algorithms, Computing and Machine Learning",456–459,4,,"Shanghai, China",CACML '24,,"New York, NY, USA",,,,,
acm-20260429,inproceedings,10.1145/3655693.3661297,"Bernsmed, Karin and Jaatun, Martin Gilje",Security-by-design challenges for medical device manufacturers,2024,9798400716515,Association for Computing Machinery,https://doi.org/10.1145/3655693.3661297,10.1145/3655693.3661297,"The European health care system is moving toward personalised, distributed, and home-based services, made possible via new and improved connected medical devices (CMDs). Cyber security will clearly be important in this context. In this paper we present 15 challenges that the manufacturers of CMDs face when trying to “build security in” for the devices that they produce. The challenges have been identified in a qualitative research study, including interview data from healthcare stakeholders combined with document analysis of four relevant CMD case studies.",Proceedings of the 2024 European Interdisciplinary Cybersecurity Conference,155–160,6,"IoT, connected medical devices, cyber security, embedded security, healthcare, security-by-design","Xanthi, Greece",EICC '24,,"New York, NY, USA",,,,,
acm-20260429,inproceedings,10.1145/3659211.3659275,"Hu, Yifan and Shen, Zhihao and Shen, Xiaojun and Jiang, Jinxia and Zhan, Jiawen",Research and Design of Active Operation Application Platform for Power Supply Stations,2024,9798400716669,Association for Computing Machinery,https://doi.org/10.1145/3659211.3659275,10.1145/3659211.3659275,"In order to implement the company's strategic deployment, continuously improve the service capacity of the power supply station, implement the national rural revitalization strategy, and solve the problem of incomplete informatization of on-site operations and services, this article proposes an active operation application platform based on the digital intelligent management platform of the power supply station, combined with the actual business needs on site. The paper first studies the overall application of computer applications and mobile operating terminals, and then designs the application architecture. The application functions are mainly aimed at low-voltage and medium voltage customers. Low-voltage includes 8 application functions such as low-voltage inspection, low-voltage defects, and low-voltage leakage, while medium voltage includes 8 application functions such as channel clearing, power supply protection services, and abnormal medium voltage line losses, The Technology roadmap and technical architecture of the platform are studied. The construction and application of the platform will effectively reduce the burden on the grassroots team, integrate and integrate, greatly improve the on-site operation and response capabilities of the station managers, and enhance customer satisfaction with electricity consumption.",Proceedings of the 2023 4th International Conference on Big Data Economy and Information Management,369–375,7,,"Zhengzhou, China",BDEIM '23,,"New York, NY, USA",,,,,
acm-20260429,inproceedings,10.1145/3659677.3659734,"El Akhdar, Abir and Baidada, Chafik and Kartit, Ali",Adaptability of Microservices Architecture in IoT Systems : A Comprehensive Review,2024,9798400709296,Association for Computing Machinery,https://doi.org/10.1145/3659677.3659734,10.1145/3659677.3659734,"Abstract. This paper investigates how microservices, a transformative paradigm in cloud and enterprise applications, can adapt to the challenges presented by the Internet of Things (IoT). Microservices architecture, identified by the disintegration of monolithic software into distributed and decoupled services, presents a solution that enhances scalability and maintainability. While traditionally top-down, microservices align with IoT's need for flexible, vendor-independent service combinations. Identifying challenges in traditional IoT architectures, this research addresses a gap in the lack of a comprehensive review on the integration of microservices. Objectives include analyzing characteristics, identifying benefits and challenges, exploring best practices, and evaluating adaptability in terms of flexibility, scalability, data management, security, privacy, performance, and efficiency. We aim, through this work, to add to the existing knowledge base on microservices and IoT systems and offer valuable perspectives for practitioners and researchers in the field.","Proceedings of the 7th International Conference on Networking, Intelligent Systems and Security",,9,"Comprehensive Review, Internet of Things, IoT, MSA, Microservices, Software Architecture","Meknes, AA, Morocco",NISS '24,30,"New York, NY, USA",,,,,
acm-20260429,inproceedings,10.1145/3661167.3661200,"Mastropaolo, Antonio and Nardone, Vittoria and Bavota, Gabriele and Di Penta, Massimiliano",How the Training Procedure Impacts the Performance of Deep Learning-based Vulnerability Patching,2024,9798400717017,Association for Computing Machinery,https://doi.org/10.1145/3661167.3661200,10.1145/3661167.3661200,"Generative deep learning (DL) models have been successfully adopted for vulnerability patching. However, such models require the availability of a large dataset of patches to learn from. To overcome this issue, researchers have proposed to start from models pre-trained with general knowledge, either on the programming language or on similar tasks such as bug fixing. Despite the efforts in the area of automated vulnerability patching, there is a lack of systematic studies on how these different training procedures impact the performance of DL models for such a task. This paper provides a manyfold contribution to bridge this gap, by (i) comparing existing solutions of self-supervised and supervised pre-training for vulnerability patching; and (ii) for the first time, experimenting with different kinds of prompt-tuning for this task. The study required to train/test 23 DL models. We found that a supervised pre-training focused on bug-fixing, while expensive in terms of data collection, substantially improves DL-based vulnerability patching. When applying prompt-tuning on top of this supervised pre-trained model, there is no significant gain in performance. Instead, prompt-tuning is an effective and cheap solution to substantially boost the performance of self-supervised pre-trained models, i.e., those not relying on the bug-fixing pre-training.",Proceedings of the 28th International Conference on Evaluation and Assessment in Software Engineering,150–159,10,"Machine Learning on Code, Pre-Trained Models, Prompt Tuning, Software Vulnerability Repair","Salerno, Italy",EASE '24,,"New York, NY, USA",,,,,
acm-20260429,inproceedings,10.1145/3661167.3661212,"Tran, Nguyen Khoi and Pallewatta, Samodha and Babar, Muhammad Ali",An Empirically Grounded Reference Architecture for Software Supply Chain Metadata Management,2024,9798400717017,Association for Computing Machinery,https://doi.org/10.1145/3661167.3661212,10.1145/3661167.3661212,"With the rapid rise in Software Supply Chain (SSC) attacks, organisations need thorough and trustworthy visibility over the entire SSC of their software inventory to detect risks early and identify compromised assets rapidly in the event of an SSC attack. One way to achieve such visibility is through SSC metadata, machine-readable and authenticated documents describing an artefact’s lifecycle. Adopting SSC metadata requires organisations to procure or develop a Software Supply Chain Metadata Management system (SCM2), a suite of software tools for performing life cycle activities of SSC metadata documents such as creation, signing, distribution, and consumption. Selecting or developing an SCM2 is challenging due to the lack of a comprehensive domain model and architectural blueprint to aid practitioners in navigating the vast design space of SSC metadata terminologies, frameworks, and solutions. This paper addresses the above-mentioned challenge by presenting an empirically grounded Reference Architecture (RA) comprising of a domain model and an architectural blueprint for SCM2 systems. Our proposed RA is constructed systematically on an empirical foundation built with industry-driven and peer-reviewed SSC security frameworks. Our theoretical evaluation, which consists of an architectural mapping of five prominent SSC security tools on the RA, ensures its validity and applicability, thus affirming the proposed RA as an effective framework for analysing existing SCM2 solutions and guiding the engineering of new SCM2 systems.",Proceedings of the 28th International Conference on Evaluation and Assessment in Software Engineering,38–47,10,"Empirically Grounded, Reference Architecture, SBOM, SSC Metadata, Software Provenance, Software Supply Chain, Systematisation of Knowledge","Salerno, Italy",EASE '24,,"New York, NY, USA",,,,,
acm-20260429,inproceedings,10.1145/3661167.3661279,"Al-Shammare, Haifa and Al-Otaiby, Nehal and Al-Otabi, Muradi and Alshayeb, Mohammad",An Empirical Investigation of the Security Weaknesses in Open-Source Projects,2024,9798400717017,Association for Computing Machinery,https://doi.org/10.1145/3661167.3661279,10.1145/3661167.3661279,"With the increase of code reuse, the possibility of security vulnerabilities increases. Thus, tools for static analysis are widely used to evaluate open-source projects against security vulnerabilities. This research aims to empirically study common weakness types (CWEs), their frequencies, and the correlations between them and open-source project characteristics. The PVS-Studio tool analyzed 150 projects hosted on GitHub and written in C#, C++, and Java. The tool was used to investigate the common weaknesses found in these projects. Furthermore, our study has practical implications for developers and researchers interested in open-source project security. We have identified the factors that contribute to the presence of these weaknesses, and our statistical analyses have shed light on these factors. Notably, C++ projects tend to have more weaknesses. The most common types of weaknesses detected in these programming languages are CWE-571, 570, 690, 682, 476, 628, 563, 691, 704, and 393. The age of the project and the number of commits are found to be positively correlated with the number of detected weaknesses, while stars and forks have little impact. These findings highlight the need for caution when using open-source code, as it can have several vulnerabilities that can compromise the software's security. Therefore, it is crucial to scan the third-party code before incorporating it into projects.",Proceedings of the 28th International Conference on Evaluation and Assessment in Software Engineering,634–642,9,,"Salerno, Italy",EASE '24,,"New York, NY, USA",,,,,
acm-20260429,inproceedings,10.1145/3663529.3663859,"Wang, Xinyi and Ali, Shaukat and Arrieta, Aitor and Arcaini, Paolo and Arratibel, Maite",Application of Quantum Extreme Learning Machines for QoS Prediction of Elevators’ Software in an Industrial Context,2024,9798400706585,Association for Computing Machinery,https://doi.org/10.1145/3663529.3663859,10.1145/3663529.3663859,"Quantum Extreme Learning Machine (QELM) is an emerging technique that utilizes quantum dynamics and an easy-training strategy to solve problems such as classification and regression efficiently. Although QELM has many potential benefits, its real-world applications remain limited. To this end, we present QELM’s industrial application in the context of elevators, by proposing an approach called QUELL. In QUELL, we use QELM for the waiting time prediction related to the scheduling software of elevators, with applications for software regression testing, elevator digital twins, and real-time performance prediction. The scheduling software is a classical software implemented by our industrial partner Orona, a globally recognized leader in elevator technology. We assess the performance of with four days of operational data of a real elevator installation with various feature sets and demonstrate that QUELL can efficiently predict waiting times, with prediction quality significantly better than that of classical ML models employed in a state-of-the-practice approach. Moreover, we show that the prediction quality of QUELL does not degrade when using fewer features. Based on our industrial application, we further provide insights into using QELM in other applications in Orona, and discuss how QELM could be applied to other industrial applications.",Companion Proceedings of the 32nd ACM International Conference on the Foundations of Software Engineering,399–410,12,"Quantum computing, industrial elevators, quantum extreme learning machines, quantum reservoir computing, regression testing","Porto de Galinhas, Brazil",FSE 2024,,"New York, NY, USA",,,,,
acm-20260429,inproceedings,10.1145/3663530.3665019,"Mendis, Pemsith and Reeves, Wilson and Babar, Muhammad Ali and Zhang, Yue and Rahman, Akond",Evaluating the Quality of Open Source Ansible Playbooks: An Executability Perspective,2024,9798400706721,Association for Computing Machinery,https://doi.org/10.1145/3663530.3665019,10.1145/3663530.3665019,"Infrastructure as code (IaC) is the practice of automatically managing computing platforms, such as Internet of Things (IoT) platforms. IaC has gained popularity in recent years, yielding a plethora of software artifacts, such as Ansible playbooks that are available on social coding platforms. Despite the availability of open source software (OSS) Ansible playbooks, there is a lack of empirical research on the quality of these playbooks, which can hinder the progress of IaC-related research. To that end, we conduct an empirical study with 2,952 OSS Ansible playbooks where we evaluate the quality of OSS playbooks from the perspective of executability, i.e., if publicly available OSS Ansible playbooks can be executed without failures. From our empirical study, we observe 71.5\% of the mined 2,952 Ansible playbooks cannot be executed as is because of four categories of failures.",Proceedings of the 4th International Workshop on Software Engineering and AI for Data Quality in Cyber-Physical Systems/Internet of Things,2–5,4,"Ansible, data quality, devops, executability, infrastructure as code","Porto de Galinhas, Brazil",SEA4DQ 2024,,"New York, NY, USA",,,,,
acm-20260429,inproceedings,10.1145/3664476.3670444,"Vald\'{e}s R\'{\i}os, Valeria and Zaidi, Fatiha and Cavalli, Ana Rosa and Rego, Angel",Towards the adoption of automated cyber threat intelligence information sharing with integrated risk assessment,2024,9798400717185,Association for Computing Machinery,https://doi.org/10.1145/3664476.3670444,10.1145/3664476.3670444,"In the domain of cybersecurity, effective threat intelligence and information sharing are critical operations for ensuring appropriate and timely response against threats, but limited in automation, standardization, and ease of use in current platforms. This paper introduces a Cyber Threat Intelligence (CTI) Information Sharing platform, designed for critical infrastructures and cyber-physical systems. Our platform integrates existing cybersecurity tools and leverages digital twin technology, enhancing threat analysis and mitigation capabilities. It features an automated process for disseminating standardized and structured intelligence, utilizing the Malware Information Sharing Platform (MISP) for effective dissemination. A significant enhancement is the integration of risk assessment tools, which enriches the shared intelligence with detailed risk information, supporting an informed decision-making. The platform encompasses a user-friendly dashboard and a robust backend, streamlining the threat intelligence cycle and transforming raw data coming from diverse sources into actionable insights. Overall the CTI4BC platform presents a solution to overcome challenges in the CTI sharing, contributing to a more resilient cybersecurity domain.","Proceedings of the 19th International Conference on Availability, Reliability and Security",,9,"Automation, Cyber Threat Intelligence, Cyber-Physical Systems, Cybersecurity, Information Sharing, Standardized Threat Intelligence","Vienna, Austria",ARES '24,166,"New York, NY, USA",,,,,
acm-20260429,inproceedings,10.1145/3664476.3670942,"Delaitre, Sabine and Pulgar Guti\'{e}rrez, Jos\'{e} Maria",Vulnerability detection tool in source code by building and leveraging semantic code graph.,2024,9798400717185,Association for Computing Machinery,https://doi.org/10.1145/3664476.3670942,10.1145/3664476.3670942,"The paper presents different vulnerability detection tools to ensure the security of software applications and container environments from a preventive and holistic approach. The solution aims to improve the quality and security of software by leveraging knowledge graph technology for a more accurate and comprehensive detection process of vulnerabilities. The ambition is to detect the vulnerabilities in the whole software supply chain and to support developers holding security as a key component over the Software Development life-cycle. We design reliable tools by building a semantic graph-based abstraction of the code from the compiler state, and we reach high accuracy by developing different static code analyzers optimizing the detection of software vulnerabilities in the source code and dependencies. In this paper, we will introduce the cybersecurity suite composed of different vulnerability detection tools to promote developer autonomy and security automation over the software supply chain. The main tool (DocSpot) detects vulnerabilities in the application source code and leverages knowledge graph technology. The second tool (DocDocker) scans for vulnerabilities in containers, and the third one (SirDocker) detects orchestration vulnerabilities, e.g. related to configuration, recommends secure best practices, and supports secure management of the containers and container images. The main contributions to the field of security automation are detailed and the first experiments and results of the tools are exposed. Finally, we describe the contributions to improving security in software and IoT applications.","Proceedings of the 19th International Conference on Availability, Reliability and Security",,9,"Application Security Testing, Automation, DevOps framework, Knowledge graph, Preventive secure systems, Vulnerability detection in Code","Vienna, Austria",ARES '24,149,"New York, NY, USA",,,,,
acm-20260429,inproceedings,10.1145/3665348.3665413,"Zhang, Xuyang and Ni, Li and Zhu, Hang and Shen, Jialu and Wang, Lei",Research on intelligent operation and maintenance system of distributed photovoltaic power station based on Internet of Things technology,2024,9798400709562,Association for Computing Machinery,https://doi.org/10.1145/3665348.3665413,10.1145/3665348.3665413,"With the rapid development of renewable energy, especially solar energy, distributed photovoltaic power plants have become a crucial component of energy transition. In order to improve the operational efficiency and reduce maintenance costs of photovoltaic power plants, this paper proposes an IoT-based intelligent operation and maintenance system for distributed photovoltaic power plants. The system integrates advanced sensor networks, cloud computing, big data analysis, and artificial intelligence technologies to achieve real-time monitoring, fault prediction, performance optimization, and automated maintenance decision-making for photovoltaic power plants. Through a series of experiments, this paper validates the effectiveness of the proposed system in improving the operational efficiency of photovoltaic power plants, ensuring stable system operation, and optimizing energy output. Furthermore, this research explores the application challenges and strategies of IoT technology in the operation and maintenance of photovoltaic power plants, providing new perspectives and methods for the intelligent management and maintenance of photovoltaic power plants.",Proceedings of the 2024 International Conference on Generative Artificial Intelligence and Information Security,380–387,8,,"Kuala Lumpur, Malaysia",GAIIS '24,,"New York, NY, USA",,,,,
acm-20260429,inproceedings,10.1145/3666015.3666020,"R\""{u}egger, Janick and Kropp, Martin and Graf, Sebastian and Anslow, Craig",Fully Automated DORA Metrics Measurement for Continuous Improvement,2024,9798400709913,Association for Computing Machinery,https://doi.org/10.1145/3666015.3666020,10.1145/3666015.3666020,"Many organizations implementing DevOps are adopting DORA metrics to measure their capabilities. Surveys are commonly used to gather the DORA metric data. The data are typically captured only in longer intervals, and on the team level, omitting important details on individual software systems. In this paper, we present a solution that enables completely automated measurement and calculation of the DORA metrics from DevOps tooling on individual microservices level, and in real-time.We evaluated the developed solution in an industrial case study consisting of 37 microservices over a four-week period. The evaluation demonstrated the ability for a completely automated DORA metrics calculation which provides much greater transparency for data-driven decision-making and optimizations on a more fine-granular level allowing teams to continually improve their software processes and outputs.",Proceedings of the 2024 International Conference on Software and Systems Processes,36–45,10,"Agile methodologies, Continuous improvement, DORA metrics, DevOps practices, Microservices, Software delivery","M\, Germany",ICSSP '24,,"New York, NY, USA",,,,,
acm-20260429,inproceedings,10.1145/3671016.3671395,"Zhao, Yifan and Xin, Tong and Dong, Mingkai",Parer: Boosting EROFS Image Creation With Parallelism and Reproducibility,2024,9798400707056,Association for Computing Machinery,https://doi.org/10.1145/3671016.3671395,10.1145/3671016.3671395,"The Enhanced Read-Only File System (EROFS) has become a popular choice for read-only file systems in a variety of settings, such as mobile devices and cloud services. As EROFS is increasingly applied to diverse contexts, the time-consuming process of creating EROFS images has emerged as a critical factor, often representing a bottleneck in application deployment. However, the process of parallelizing the creation of these images is fraught with challenges, owing to the constraints of fixed-size output compression, the requirement of reproducibility, and the added complexity of de-duplication features. In this paper, we introduce Parer, a parallelized version of mkfs.erofs designed to ensure reproducibility. Parer utilizes a global order-preserving mechanism to assure consistent and reproducible outcomes and employs epoch-based de-duplication to mitigate dependencies during compression. Our evaluation indicates that Parer can reduce the time of creating an EROFS image by up to 79\%, while only increasing the image’s size by 3.42\% on average. This work has gained recognition from the community and is being synchronized upstream.",Proceedings of the 15th Asia-Pacific Symposium on Internetware,347–356,10,"EROFS, File System Creation, Read-only File System, Storage System","Macau, China",Internetware '24,,"New York, NY, USA",,,,,
acm-20260429,inproceedings,10.1145/3672608.3707975,"Wassie, Solomon Fikadie and Di Maio, Antonio and Braun, Torsten",Deep Reinforcement Learning for Context-Aware Online Service Function Chain Deployment and Migration over 6G Networks,2025,9798400706295,Association for Computing Machinery,https://doi.org/10.1145/3672608.3707975,10.1145/3672608.3707975,"The Cloud Continuum Framework (CCF) logically integrates distributed extreme edge, far edge, near edge, and cloud data centers in 6G networks. Deploying VNFs over the CCF can enhance network performance and Quality of Service (QoS) for modern delay-sensitive applications and use cases in 6G networks. Deep Reinforcement Learning (DRL) has shown potential to automate Virtual Network Function (VNF) migrations by learning optimal policies through continuous monitoring of the network environment. In this work, we leverage Deep Reinforcement Learning to optimize network control policies that continuously update VNF placement for optimal Service Function Chain (SFC) deployment in time-varying user traffic scenarios. By leveraging dynamic VNF relocation, this approach seeks to improve network performance in terms of latency, operational costs, scalability, and flexibility. This study addresses the gap in existing solutions by jointly considering network performance requirements and migration costs, providing a more comprehensive strategy for efficient VNF deployment and management. We show that our proposed DRL-based VNF deployment method achieves a 28.8\% lower delay and a 34\% lower migration overhead compared to state-of-the-art baselines in a broad range of large-scale simulated scenarios, showing the proposed method's scalability features.",Proceedings of the 40th ACM/SIGAPP Symposium on Applied Computing,1361–1370,10,"6G network architecture, cloud continuum framework, service orchestrator, deep reinforcement learning","Catania International Airport, Catania, Italy",SAC '25,,"New York, NY, USA",,,,,
acm-20260429,inproceedings,10.1145/3677995.3678197,"Li, Solaris and Trinder, Phil and De Troyer, Christophe and Lubbers, Mart and Ramsingh, Adrian",The Benefits of Tierless Elixir/Potato for Engineering IoT Systems,2024,9798400710988,Association for Computing Machinery,https://doi.org/10.1145/3677995.3678197,10.1145/3677995.3678197,"IoT systems are increasingly pervasive, and developing, maintaining and ensuring the reliability of the software is challenging. IoT software is conventionally structured in multiple distributed tiers, where tiers use different programming languages and components that must interoperate. One way to minimise this complexity is to use a single tierless language to specify the entire IoT system. Tierless IoT languages require extremely sophisticated implementations, and are new and rare.                                                                                                                                                                                                                                                                                                                                                                                                                                                                                                                                                                                                                                                                                                                                                                                                                                                                                                                                                                                                                                                                A previous study compared two Clean-based tierless implementations of a smart campus IoT system (CRS and CWS) with two conventional tiered Python implementations (PRS and PWS). It showed that tierless languages dramatically reduce development effort.                                                                                                                                                                                                                                                                                                                                                                                                                                                                                                                                                                                                                                                                                                                                                                                                                                                                                                                                                                                                                                                                This paper describes a new implementation of the smart campus system in the Elixir/Potato tierless language (ERS), and compares ERS with the other implementations to show the following. (1) We provide further evidence that using a tierless IoT language reduces development effort. (2) We provide the first ever comparative study of two fundamentally different tierless IoT languages, i.e. we compare Elixir/Potato with Clean/iTask(mTask) using the ERS and CRS/CWS case studies. (3) We provide the first ever analysis of the software engineering costs of providing failure management in a tierless IoT language.",Proceedings of the 23rd ACM SIGPLAN International Workshop on Erlang,84–95,12,"Distributed System, Elixir, IoT","Milan, Italy",Erlang 2024,,"New York, NY, USA",,,,,
acm-20260429,inproceedings,10.1145/3689938.3694779,"Saleh, Sabbir M. and Sayem, Ibrahim Mohammed and Madhavji, Nazim and Steinbacher, John",Advancing Software Security and Reliability in Cloud Platforms through AI-based Anomaly Detection,2024,9798400712340,Association for Computing Machinery,https://doi.org/10.1145/3689938.3694779,10.1145/3689938.3694779,"Continuous Integration/Continuous Deployment (CI/CD) is fundamental for advanced software development, supporting faster and more efficient delivery of code changes into cloud environments. However, security issues in the CI/CD pipeline remain challenging, and incidents (e.g., DDoS, Bot, Log4j, etc.) are happening over the cloud environments. While plenty of literature discusses static security testing and CI/CD practices, only a few deal with network traffic pattern analysis to detect different cyberattacks. This research aims to enhance CI/CD pipeline security by implementing anomaly detection through AI (Artificial Intelligence) support. The goal is to identify unusual behaviour or variations from network traffic patterns in pipeline and cloud platforms. The system shall integrate into the workflow to continuously monitor pipeline activities and cloud infrastructure. Additionally, it aims to explore adaptive response mechanisms to mitigate the detected anomalies or security threats. This research employed two popular network traffic datasets, CSE-CIC-IDS2018 and CSE-CIC-IDS2017. We implemented a combination of Convolution Neural Network (CNN) and Long Short-Term Memory (LSTM) to detect unusual traffic patterns. We achieved an accuracy of 98.69\% and 98.30\% and generated log files in different CI/CD pipeline stages that resemble the network anomalies affected to address security challenges in modern DevOps practices, contributing to advancing software security and reliability.",Proceedings of the 2024 on Cloud Computing Security Workshop,43–52,10,"ci/cd, cloud, cnn-lstm, deep learning, security","Salt Lake City, UT, USA",CCSW '24,,"New York, NY, USA",,,,,
acm-20260429,inproceedings,10.1145/3689944.3696160,"Sammak, Rami and Rotthaler, Anna Lena and Ramulu, Harshini Sri and Wermke, Dominik and Acar, Yasemin",Developers' Approaches to Software Supply Chain Security: An Interview Study,2024,9798400712401,Association for Computing Machinery,https://doi.org/10.1145/3689944.3696160,10.1145/3689944.3696160,"Software Supply Chain Security (SSC) involves numerous stakeholders, processes and tools that work together to deliver a software product. A vulnerability in one element can cascade through the entire system and potentially affect thousands of dependents and millions of end users. Despite the SSC's importance and the increasing awareness around its security, existing research mainly focuses on either technical aspects, exploring various attack vectors and their mitigation, or it empirically studies developers' challenges, but mainly within the open source context. To better develop supportive tooling and education, we need to understand how developers consider and mitigate supply chain security challenges. We conducted 18 semi-structured interviews with experienced developers actively working in industry to gather in-depth insights into their experiences, encountered challenges, and the effectiveness of various strategies to secure the SSC. We find that the developers are generally interested in securing the supply chain, but encounter many obstacles in implementing effective security measures, both specific to SSC security and for general security. Developers also mention a wide set of approaches and methods to secure their projects, but mostly report general secure software engineering methodologies and seem to be mostly unaware of SSC specific threats and mitigations.",Proceedings of the 2024 Workshop on Software Supply Chain Offensive Research and Ecosystem Defenses,56–66,11,"cybersecurity, developers, interviews, software security, software supply chain","Salt Lake City, UT, USA",SCORED '24,,"New York, NY, USA",,,,,
acm-20260429,inproceedings,10.1145/3691620.3695032,"Cao, Shaoheng and Chen, Renyi and Pan, Minxue and Yang, Wenhua and Li, Xuandong",Beyond Manual Modeling: Automating GUI Model Generation Using Design Documents,2024,9798400712487,Association for Computing Machinery,https://doi.org/10.1145/3691620.3695032,10.1145/3691620.3695032,"GUI models encapsulate the desired visual appearance and interactive behaviors of applications, facilitating various downstream tasks like model-based testing (MBT). Manually constructing high-quality GUI models is not only labor-intensive and costly but also prone to errors, particularly as applications evolve and require frequent model updates. Existing automated approaches for GUI model generation heavily rely on reverse engineering, where the models are abstractions of the code. As a result, they are not suitable for MBT to test functional issues because they are consistent with the code. Meanwhile, valuable development artifacts such as UI/UX design documents, which reflect design intentions, are often overlooked. In this paper, a novel approach named DemGen is proposed to seek a unique pathway for GUI model generation. Leveraging design documents, DemGen employs computer vision pre-trained models in conjunction with a rule-based correction mechanism to identify GUI elements and their intended behaviors as defined in those documents. Subsequently, the identified content is transformed into a formal GUI model adhering to the IFML modeling language. Our evaluation, conducted in collaboration with an industry partner on commercial applications, demonstrates the effectiveness and efficiency of DemGen in GUI element recognition and GUI model generation. Moreover, we conducted a comparative analysis of manual, automated, and hybrid modeling techniques, assessing the usefulness of generated models on MBT tasks.",Proceedings of the 39th IEEE/ACM International Conference on Automated Software Engineering,91–103,13,"GUI model generation, model-driven engineering, model-based testing","Sacramento, CA, USA",ASE '24,,"New York, NY, USA",,,,,
acm-20260429,inproceedings,10.1145/3691620.3695278,"Shi, Heyuan and Chen, Shijun and Wang, Runzhe and Chen, Yuhan and Zhang, Weibo and Zhang, Qiang and Shen, Yuheng and Shi, Xiaohai and Hu, Chao and Jiang, Yu",Industry Practice of Directed Kernel Fuzzing for Open-source Linux Distribution,2024,9798400712487,Association for Computing Machinery,https://doi.org/10.1145/3691620.3695278,10.1145/3691620.3695278,"Directed grey-box fuzzing is a widely used automatic testing technique that has helped developers test specific code space in the target program. Although many directed fuzzers are designed to test the Linux kernel, challenges still remain due to the complexity of industrial requirements and deployment environments. In this paper, we collaborate with developers from Alibaba and the OpenAnolis community to conduct an industry practice of directed kernel fuzzing for open-source Linux distribution. We highlight typical challenges in deploying directed kernel fuzzing, including target-related kernel configuration options being disabled, unrelated initial seeds limiting fuzzing startup performance, no support for kernel feature interface fuzzing, independent fuzzer execution limiting fuzzing effectiveness, much manual work to triage and analyze crashes, and hard to integrate into the existing fuzzing framework. We provide solutions to these challenges, which allowed us to discover 11 previously unknown kernel bugs related to cloud-native features, io_uring, and other components in the OpenAnolis Linux distribution.",Proceedings of the 39th IEEE/ACM International Conference on Automated Software Engineering,2159–2169,11,"directed grey-box fuzzing, kernel fuzzing, linux distribution, open-source community","Sacramento, CA, USA",ASE '24,,"New York, NY, USA",,,,,
acm-20260429,inproceedings,10.1145/3696630.3727250,"Kassab, Mohamad",Navigating Academic Careers in Software Engineering: An Empirical Study of Faculty and Postdoctoral Roles,2025,9798400712760,Association for Computing Machinery,https://doi.org/10.1145/3696630.3727250,10.1145/3696630.3727250,"Academic hiring in software engineering is shaped by rapidly evolving technologies, shifting research priorities, and a growing emphasis on diversity and industry collaboration. Despite these changing dynamics, the current landscape of academic career pathways remains insufficiently understood. To address this gap, this paper analyzes 701 job postings from the SEWORLD archive (June 2021–June 2024), primarily focusing on postdoctoral and faculty roles. A mixed-method approach combining descriptive statistics, text mining, and topic modeling highlights several key trends: (1) an increasing requirement for interdisciplinary expertise and practical skills in areas such as AI, security, and cloud computing; (2) notable disparities in geographic distribution and compensation structures; and (3) diversity initiatives that, while present, often emphasize gender over other underrepresented categories. The findings offer actionable curriculum and hiring insights for academic institutions, educators, and early-career researchers, pointing toward curriculum enhancements that integrate advanced technologies, industry-relevant practices, and inclusive recruitment strategies.",Proceedings of the 33rd ACM International Conference on the Foundations of Software Engineering,936–946,11,"software engineering education, academic job market, tenure-track positions, postdoctoral positions, interdisciplinary collaboration, diversity initiatives","Clarion Hotel Trondheim, Trondheim, Norway",FSE Companion '25,,"New York, NY, USA",,,,,
acm-20260429,inproceedings,10.1145/3696630.3728699,"Chom\k{a}tek, \L{}ukasz and Papuga, Jakub and Nowak, Przemyslaw and Poniszewska-Mara\'{n}da, Aneta",Decoding CI/CD Practices in Open-Source Projects with LLM Insights,2025,9798400712760,Association for Computing Machinery,https://doi.org/10.1145/3696630.3728699,10.1145/3696630.3728699,"The analysis of continuous integration and continuous deployment (CI/CD) pipeline configurations offers critical insights into modern software development practices. This paper leverages advanced large language models (LLMs) — DeepSeek-V2 and GPT-4o — to examine pipeline definition files from 28,770 popular GitHub repositories, uncovering adoption trends across CI/CD practices. Our LLM-driven approach reveals near-universal implementation of build (80.0\%) and test (80.2\%) stages, contrasted by lower adoption of specialized practices like static application security testing (SAST) (12.1\%), containerization (17.9\%), and cloud deployment (4.2\%). System-specific patterns emerge, with Travis CI leading in build automation (99.2\%) and GitHub Actions excelling in linting (44.9\%) and SAST (16.5\%), reflecting distinct system strengths. By harnessing LLMs to parse and interpret complex pipeline files at scale, this study not only maps the CI/CD landscape but also demonstrates the transformative potential of artificial intelligence in software engineering research. We propose future work to refine LLM-based tools for pipeline analysis and address adoption gaps, aiming to enhance CI/CD accessibility and effectiveness across diverse projects.",Proceedings of the 33rd ACM International Conference on the Foundations of Software Engineering,1638–1644,7,"experience, continuous integration, continuous deployment, large language models, code repositories","Clarion Hotel Trondheim, Trondheim, Norway",FSE Companion '25,,"New York, NY, USA",,,,,
acm-20260429,inproceedings,10.1145/3697467.3697654,"Qin, Yilang and Wang, Meng and Zhang, Jie and Zhao, Qing and Zhao, Qiaoli and Li, Guoqiang",Design and application of smart agriculture IoT platform based on microservice architecture,2024,9798400710353,Association for Computing Machinery,https://doi.org/10.1145/3697467.3697654,10.1145/3697467.3697654,"This study aims to address the needs of smart agriculture for agricultural condition monitoring and agricultural production, and builds a multi-source data acquisition and perception technology system based on smart agriculture equipment such as agricultural condition weather stations, soil moisture stations, water and fertilizer integration machines, and pest monitoring equipment. It proposes real-time data quality monitoring and alarm strategies and multi-source data fusion methods. The smart agriculture IoT platform is designed based on the principle of scalability, microservice architecture, and modular development. It is deployed in the form of microservices through container technology, and includes core modules such as data collection, messaging engine, and time series data storage, as well as functional modules such as data display, data analysis, and spatial visualization display. Realize real-time display of sensor data, dynamic access of multi-source IoT devices, and control and management services for smart agricultural equipment. The system has been applied in 22 meteorological stations, 17 soil moisture stations, 2 pest monitoring stations, 4 water and fertilizer integration stations, and 1 potato storage environment monitoring in Henan Province, collecting more than 1 million pieces of monitoring data. It provides integrated information services and support for agricultural researchers, agricultural managers, agricultural operators, and ordinary consumers, from complex analysis to visual display of mobile APP.",Proceedings of the 2024 4th  International Conference on Internet of Things and Machine Learning,253–259,7,"Deep learning, Integrated water and fertilizer management, Internet of Things, Microservices, Smart Agriculture, System design",,IoTML '24,,"New York, NY, USA",,,,,
acm-20260429,inproceedings,10.1145/3698038.3698569,"Liu, Xin and Huang, Yuanyuan and Wang, Tianyi and Li, Song and Niu, Weina and Shen, Jun and Zhou, Qingguo and Zhou, Xiaokang",SQLStateGuard: Statement-Level SQL Injection Defense Based on Learning-Driven Middleware,2024,9798400712869,Association for Computing Machinery,https://doi.org/10.1145/3698038.3698569,10.1145/3698038.3698569,"SQL injection is a significant and persistent threat to web services. Most existing protections against SQL injections rely on traffic-level anomaly detection, which often results in high false-positive rates and can be easily bypassed by attackers. This paper introduces SQLStateGuard, the world's first middleware-driven statement-level SQL injection defense approach, to address these issues. The SQLStateGuard uses a custom SQL middleware based on the idea of Runtime Application Self-Protection to capture raw SQL statements. These statements are then analyzed by SQLSG-Net, a database-oriented detection network based on gated linear units. If SQLSG-Net detects malicious SQL statements, the SQL middleware will block them. Experiments show that the detection accuracy of SQLStateGuard exceeds 99\%, outperforming existing approaches, and it can identify the type of a specific SQL injection. Additionally, SQLStateGuard has no fingerprint and does not respond to SQL syntax errors, making it more challenging for attackers to gather information. This paper also presents a novel dataset generation process for SQLStateGuard and shares two statement-level SQL injection datasets with the research community, including over 145,000 malicious SQL statements categorized by the type of SQL injection.",Proceedings of the 2024 ACM Symposium on Cloud Computing,69–82,14,"Attack Detection, Data Security, Deep Learning, SQL Injection, Web Security","Redmond, WA, USA",SoCC '24,,"New York, NY, USA",,,,,
acm-20260429,inproceedings,10.1145/3698062.3698090,"Blancaflor, Eric and Aguirre, Renz Angelo and Bernardo, Ryoji and Alcoreza, Elmer Gioseppe",Enhancing Cybersecurity in the Philippines Healthcare Sector: A Zero Trust Survey,2024,9798400717086,Association for Computing Machinery,https://doi.org/10.1145/3698062.3698090,10.1145/3698062.3698090,"The healthcare sector in the Philippines is slowly digitizing, with electronic health records and a proliferation of connected medical devices — giving rise to new cybersecurity challenges that traditional perimeter-based models are ill-prepared for. In this paper we investigate a novel security framework referred to as Zero Trust (ZT), in contrast with traditional models ZT treats all network traffic non-trusted, which necessitate unceasing confirmation of users, devices and resources. The paper also demonstrates how the research respond to cyberattacks like the ransomware incident with PhilHealth and suggested that Zero Trust has potential in improving healthcare security. However, Zero Trust has not been widely adopted in the Philippine healthcare sector largely because of its newness and also shortage of locally customized studies. The paper concludes with recommendations for increased studies and implementation of Zero Trust in the Philippines to improve data protection and cybersecurity in healthcare.",Proceedings of the 2024 The 6th World Symposium on Software Engineering (WSSE),190–195,6,"Healthcare, Philippines, Survey approach, Zero Trust",,WSSE '24,,"New York, NY, USA",,,,,
acm-20260429,inproceedings,10.1145/3700838.3703670,"Gupta, Sagar and Gupta, Aman",Advancing Carbon-Efficient Software Development: A Sustainable Path Forward,2025,9798400710629,Association for Computing Machinery,https://doi.org/10.1145/3700838.3703670,10.1145/3700838.3703670,"In today's IT world, where most companies focus on sustainable development, reducing the carbon footprint should be an essential part of the Software Development Lifecycle (SDLC). Companies rely heavily on open-source libraries in enterprise ecosystems, making building an energy-efficient software product complex. The library code may need to be optimised for the specific business use case under development. This brings us to the problem wherein a tool must assess multiple open-source libraries and provide suggestions that best suit one's use case. This paper proposes a PEFT (Parameter Efficient Fine-Tuning) Large Language Model (LLM) to assist developers in selecting libraries that are not only functional but also sustainable and secure. The solution includes creating detailed library profiles based on energy consumption, performance, and typical use cases. This is followed by a comparative analysis using Multi-Criteria Decision Analysis (MCDA) to rank libraries and provide real-time recommendations during the development process. This practical approach ensures that the solution is theoretical and can be implemented in real-world software development scenarios. This solution outlines a comprehensive approach to enhancing the software development lifecycle by integrating energy efficiency and security considerations from the early stages of development. This will reduce potential issues and contribute to the creation of green software.",Proceedings of the 26th International Conference on Distributed Computing and Networking,325–330,6,"Energy-efficient software development, Green software development lifecycle (SDLC), Open-source library profiling, Sustainable software engineering",,ICDCN '25,,"New York, NY, USA",,,,,
acm-20260429,inproceedings,10.1145/3700906.3700982,"Yu, Liebin and Wang, Yan and Li, Nanhua","Integrated Design Method of Development, Operation and Maintenance Security in Public Computing Environment",2024,9798400707032,Association for Computing Machinery,https://doi.org/10.1145/3700906.3700982,10.1145/3700906.3700982,"The public computing environment is the key technology of the new generation of ship system. The efficiency and quality of its software development will seriously affect the development of combat system. This paper compares the software development models such as waterfall, agile, and DevSecOps, analyzes the benefits of DevSecOps to public computing environment software, gives the life cycle model of public computing environment software development, and selects the tools involved. Finally, the software pipeline of public computing service equipment and display and control equipment is proposed, which provides a reference for the effective landing of DevSecOps in weapons and equipment.","Proceedings of the International Conference on Image Processing, Machine Learning and Pattern Recognition",477–482,6,"Agile, Common Computing Environment, DevSecOps, Embedded",,IPMLP '24,,"New York, NY, USA",,,,,
acm-20260429,inproceedings,10.1145/3701625.3701661,"Souza, Francisco Carlos Monteiro and Souza, Alinne Cristinne Corr\^{e}a and Amorim, Bruno Faustino and Cordeiro, Thiago Damasceno",Towards Role Definition in Agile AI-based System Development: Perspectives and Reflections,2024,9798400717772,Association for Computing Machinery,https://doi.org/10.1145/3701625.3701661,10.1145/3701625.3701661,"With the evolution of AI, software engineering practices must adapt to the unique demands of AI-based systems, ranging from standalone intelligent agents to complex machine learning applications in fields like healthcare and autonomous vehicles. This paper investigates the roles required for AI-based system development from literature and professionals’ perception and how we can integrate these roles with Scrum teams focusing on intelligent agents for multi-agent systems, pattern recognition systems, and evolutionary computation for optimization problems. Initially, a integrative review was conducted, and a survey was applied with 11 AI professionals allocated to different organizations. Our results indicate partial alignment of AI-based system development teams with existing literature regarding roles and responsibilities, highlighting the need for formalized collaborations.",Proceedings of the XXIII Brazilian Symposium on Software Quality,220–230,11,"Roles, Agile, Software Engineering, Artificial Intelligence",,SBQS '24,,"New York, NY, USA",,,,,
acm-20260429,inproceedings,10.1145/3701625.3701675,"Falc\~{a}o, Fabiano Damasceno Sousa and Canedo, Edna Dias",Investigating Software Development Teams Members' Perceptions of Data Privacy in the Use of Large Language Models (LLMs),2024,9798400717772,Association for Computing Machinery,https://doi.org/10.1145/3701625.3701675,10.1145/3701625.3701675,"Context: Large Language Models (LLMs) have revolutionized natural language generation and understanding. However, they raise significant data privacy concerns, especially when sensitive data is processed and stored by third parties. Goal: This paper investigates the perception of software development teams members regarding data privacy when using LLMs in their professional activities. Additionally, we examine the challenges faced and the practices adopted by these practitioners. Method: We conducted a survey with 78 ICT practitioners from five regions of the country. Results: Software development teams members have basic knowledge about data privacy and LGPD, but most have never received formal training on LLMs and possess only basic knowledge about them. Their main concerns include the leakage of sensitive data and the misuse of personal data. To mitigate risks, they avoid using sensitive data and implement anonymization techniques. The primary challenges practitioners face are ensuring transparency in the use of LLMs and minimizing data collection. Software development teams members consider current legislation inadequate for protecting data privacy in the context of LLM use. Conclusions: The results reveal a need to improve knowledge and practices related to data privacy in the context of LLM use. According to software development teams members, organizations need to invest in training, develop new tools, and adopt more robust policies to protect user data privacy. They advocate for a multifaceted approach that combines education, technology, and regulation to ensure the safe and responsible use of LLMs.",Proceedings of the XXIII Brazilian Symposium on Software Quality,373–382,10,"Large language models (LLM), Conversational agents, Chatbots, Data Privacy, Privacy risks",,SBQS '24,,"New York, NY, USA",,,,,
acm-20260429,inproceedings,10.1145/3701625.3701678,"Miranda, F\'{a}bio de Souza and dos Santos, Daniel Saavedra and Vilela, Ricardo Ferreira and Assun\c{c}\~{a}o, Wesley Klewerton Guez and dos Santos, Reginaldo Cordeiro and Pinto, Victor Hugo Santiago Costa",A proposed catalog of development patterns for fault-tolerant microservices,2024,9798400717772,Association for Computing Machinery,https://doi.org/10.1145/3701625.3701678,10.1145/3701625.3701678,"The microservices architecture enables software to be composed of small, independent services that communicate using well-defined APIs. Microservices promote scalability and agility in application development, accelerating the time-to-market for new features. While this model has gained prominence in the industry, there are challenges in understanding the intricacies of this architecture compared to monolithic systems, defining test scenarios focused on resilience, lacking a testing process tailored to the inherent challenges of this architecture, and classifying solutions that can be adopted proactively to avoid inconsistencies and resource unavailability. This work presents an initial catalog of patterns for developing fault-tolerant microservices. A literature review and an industry survey were conducted to classify the difficulties, strategies, and solutions contributing to developing resilient microservices. The study involved 23 highly experienced software engineers in this field. The results suggest a widespread difficulty in developing fault-tolerant microservices and defining a quality criterion. In this regard, the proposed classification can contribute to defining quality requirements and verification strategies.",Proceedings of the XXIII Brazilian Symposium on Software Quality,406–416,11,"Microservices, Fault-tolerance, Catalog",,SBQS '24,,"New York, NY, USA",,,,,
acm-20260429,inproceedings,10.1145/3704304.3704310,"Rey, William P. and Dimanahan, Senen S.",Agile Infrastructure: Adapting Systems to Changing Business Requirements,2025,9798400717161,Association for Computing Machinery,https://doi.org/10.1145/3704304.3704310,10.1145/3704304.3704310,"Businesses today must match their business operations with the ever-changing needs of their customers to sustain competency and produce high-quality products and services. Businesses rely on information technology to effectively display and deliver their services to clients. Software development pushes tactics for speedier deployment of software products than in the past. However, IT infrastructure must keep up with today's rapid evolution. Maintaining infrastructure necessitates labor-intensive, repetitive tasks, making infrastructure staffing slow and unpredictable. This is most common in businesses that require a better understanding of modern infrastructure management. This study adds to the existing research on agile IT infrastructure. As a result, this study looks into how agile infrastructure concepts might be adopted in companies that use traditional infrastructure. It provides a qualitative study and proposes a core agile IT infrastructure design built on current technology and organizational capabilities to support organizational agility. This proposed architecture addresses the recurrent issue of manning a rigid infrastructure and highlights the benefits of utilizing such strategies.",Proceedings of the 2024 9th International Conference on Cloud Computing and Internet of Things,39–45,7,"Agile Infrastructure Architecture, Business Requirements, IT infrastructure",,CCIOT '24,,"New York, NY, USA",,,,,
acm-20260429,inproceedings,10.1145/3704391.3704400,"Patsch, Richard and G\""{o}schka, Karl Michael",Make Applications FaaS-ready: Challenges and Guidelines,2025,9798400717789,Association for Computing Machinery,https://doi.org/10.1145/3704391.3704400,10.1145/3704391.3704400,"Functions as a Service (FaaS) represents a recent advancement in the cloud computing paradigm, offering a fine-grained deployment model that enables the execution of individual functions on cloud infrastructure. This paradigm shift promises enhanced scalability and potential cost efficiencies by leveraging the sophisticated, geographically distributed infrastructure of cloud service providers, thereby optimizing performance through minimized latency. This paper systematically explores the critical considerations for adopting FaaS, focusing on challenges such as provider selection, performance optimization, inter-function communication, and dependency management. Through a qualitative research methodology, including a comprehensive literature review and experiential insights from serverless computing, this study provides both theoretical insights and practical guidelines. The findings aim to contextualize current academic discussions and niche approaches within the broader scope of FaaS, contributing to a deeper understanding of its implications. Specific recommendations include refactoring existing applications to resolve performance bottlenecks, strategies to avoid vendor lock-in, and minimizing latency in FaaS architectures.",Proceeding of the 2024 6th International Conference on Information Technology and Computer Communications,57–64,8,"Additional Key Words and Phrases: functions as a service, challenges, cloud computing, guidelines",,ITCC '24,,"New York, NY, USA",,,,,
acm-20260429,inproceedings,10.1145/3706598.3713895,"Ruth, Kimberly and Rivera, Veronica A. and Akiwate, Gautam and Fass, Aurore and Kelley, Patrick Gage and Thomas, Kurt and Durumeric, Zakir","""Perfect is the Enemy of Good"": The CISO's Role in Enterprise Security as a Business Enabler",2025,9798400713941,Association for Computing Machinery,https://doi.org/10.1145/3706598.3713895,10.1145/3706598.3713895,"Chief Information Security Officers (CISOs) are responsible for setting and executing organizations’ information security strategies. This role has only grown in importance as a result of today’s increasingly high-stakes threat landscape. To understand these key decision-makers, we interviewed 16&nbsp;current and former CISOs to understand how they build a security strategy and the day-to-day obstacles that they face. Throughout, we find that the CISO role is strongly shaped by a business enablement perspective, driven by broad organizational goals beyond solely technical protection. Within that framing, we describe the most salient concerns for CISOs, isolate key decision-making factors they use when prioritizing security investments, and surface practical complexities and pain points that they face in executing their strategy. Our results surface opportunities to help CISOs better navigate the complex task of managing organizational risk, as well as lessons for how security tools can be made more deployable in practice.",Proceedings of the 2025 CHI Conference on Human Factors in Computing Systems,,19,"CISO, security, enterprise, business",,CHI '25,918,"New York, NY, USA",,,,,
acm-20260429,inproceedings,10.1145/3706598.3713931,"Asadi, Raha and Biering, Bodil and van Dijk, Vincent and Kulyk, Oksana and Paja, Elda",No Silver Bullet: Towards Demonstrating Secure Software Development for Small and Medium Enterprises in a Business-to-Business Model,2025,9798400713941,Association for Computing Machinery,https://doi.org/10.1145/3706598.3713931,10.1145/3706598.3713931,"Software developing small and medium enterprises (SMEs) play a crucial role as suppliers to larger corporations and public administration. It is therefore necessary for them to be able to demonstrate that their products meet certain security criteria, both to gain trust of their customers and to comply to standards that demand such a demonstration. In this study we have investigated ways for SMEs to demonstrate their security when operating in a business-to-business model, conducting semi-structured interviews (N = 16) with practitioners from different SMEs in Denmark and validating our findings in a follow-up workshop (N = 6). Our findings indicate five distinctive security demonstration approaches, namely: Certifications, Reports, Questionnaires, Interactive Sessions and Social Proof. We discuss the challenges, benefits, and recommendations related to these approaches, concluding that none of them is a one-size-fits all solution and that more research into relative advantages of these approaches and their combinations is needed.",Proceedings of the 2025 CHI Conference on Human Factors in Computing Systems,,17,Security; Commerce/Business; Qualitative methods,,CHI '25,915,"New York, NY, USA",,,,,
acm-20260429,inproceedings,10.1145/3708035.3736013,"Stubbs, Joe and Balasubramaniam, Sowbaranika and Khuvis, Samuel and Withana, Sachith and Vallabhajosyula, Manikya Swathi and Cardone, Richard and Garcia, Christian and Freeman, Nathan and Guzman, Carlos and Plale, Beth and Ramnath, Rajiv and Berger-Wolf, Tanya",ML Field Planner: Analyzing and Optimizing ML Pipelines For Field Research,2025,9798400713989,Association for Computing Machinery,https://doi.org/10.1145/3708035.3736013,10.1145/3708035.3736013,"Researchers increasingly deploy machine learning (ML) at the edge to support research studies in the field. Optimal use of ML in a field deployment requires overcoming challenges such as identifying high-performing models and compatible hardware and assessing the associated hardware resource requirements. Moreover, analyses typically involve multiple ML models/functions forming a pipeline, and researchers must determine the optimal function placement of individual functions within the pipelineTo tackle these challenges we built ML Field Planner, a dynamic and highly configurable cyberinfrastructure for analyzing ML pipelines and studying edge-to-center tradeoffs regarding function placement of ML. Using ML Field Planner, researchers configure experiments to run on real IoT hardware, configure machine learning models to analyze custom benchmark datasets, and experiment with different algorithm configurations, such as storage compression, all from a graphical user interface. ML Field Planner leverages advanced Cloud testbeds, such as Chameleon, to launch long running experiments on devices such as Raspberry Pis, Jetson Nanos, and other hardware. We present a case study from animal ecology where researchers use ML Field Planner to assess the performance of multiple versions of the popular MegaDetector model for object detection at The Wilds Conservation Center in Ohio.",Practice and Experience in Advanced Research Computing 2025: The Power of Collaboration,,9,"Machine Learning, cloud, edge, optimization",,PEARC '25,8,"New York, NY, USA",,,,,
acm-20260429,inproceedings,10.1145/3708036.3708162,"Ni, Yanbin",Design and Implementation of an AI-Based Green Marketing Decision Support System,2025,9798400709999,Association for Computing Machinery,https://doi.org/10.1145/3708036.3708162,10.1145/3708036.3708162,"To enhance the market competitiveness of enterprises in the context of sustainable development, an intelligent technology-based green marketing decision support system is constructed. Methods such as multi-source data collection and preprocessing, intelligent analysis, and decision optimization are employed to study data processing and decision-making paths in green marketing. The analysis suggests that this system, through real-time data analysis and intelligent forecasting, can effectively improve decision-making efficiency, optimize resource management, and achieve a balance between economic benefits and environmental responsibility.",Proceedings of the 2024 5th International Conference on Computer Science and Management Technology,753–757,5,"Decision Support System, Green Marketing, Resource Optimization",,ICCSMT '24,,"New York, NY, USA",,,,,
acm-20260429,inproceedings,10.1145/3709016.3737797,"Seidenberger, Scott and Maiti, Anindya",Initial Evidence of Pervasive Reconnaissance Targeting Ethereum Node Infrastructure,2025,9798400714122,Association for Computing Machinery,https://doi.org/10.1145/3709016.3737797,10.1145/3709016.3737797,"We hypothesize that P2P overlay network nodes are attractive to attackers due to their visibility and uptime. To test this, we study active reconnaissance and exploitation on Ethereum nodes by deploying a series of honeypots alongside actual Ethereum nodes across globally distributed vantage points. We show that Ethereum nodes face heightened reconnaissance and exploitation attempts targeting specific ports. Furthermore, we find evidence that the threat assessment on our nodes is applicable to the wider P2P network by having performed port scans on other reachable peers. Our findings provide insights into potential mitigation strategies to improve the security of the P2P networking layer.",Proceedings of the 7th ACM International Symposium on Blockchain and Secure Critical Infrastructure,,8,,"Meli\'{a} Hanoi, Hanoi, Vietnam",BSCI '25,3,"New York, NY, USA",,,,,
acm-20260429,inproceedings,10.1145/3711129.3711266,"Wang, Hui",Cloud-based software engineering practices and their application to mobile application development,2025,9798400710094,Association for Computing Machinery,https://doi.org/10.1145/3711129.3711266,10.1145/3711129.3711266,"With the rapid development of cloud computing technology, software engineering and mobile application development have ushered in new opportunities and challenges. This paper analyzes the application of cloud computing in software engineering and mobile application development, including data storage, computing resource scheduling, and security and privacy protection under cloud computing architecture. Cloud computing provides flexible storage and powerful computing capabilities for mobile application development, helping developers to solve the device performance limitations and the complexity of data management. Meanwhile, the agile development model of cloud computing effectively improves the development efficiency and promotes the design and innovation of personalized applications. By deeply exploring the integration path between cloud computing and software engineering, this paper demonstrates the broad future prospects in mobile application development.",Proceedings of the 2024 8th International Conference on Electronic Information Technology and Computer Engineering,799–803,5,"Agile Development, Cloud Computing, Mobile Application Development, Software Engineering",,EITCE '24,,"New York, NY, USA",,,,,
acm-20260429,inproceedings,10.1145/3711875.3729136,"Gong, Kaijie and Dong, Wei and Wang, Hao and Peng, Yingqi and Gao, Yi",Programming Embedded IoT Applications in Natural Language with IoTPilot,2025,9798400714535,Association for Computing Machinery,https://doi.org/10.1145/3711875.3729136,10.1145/3711875.3729136,"In recent years, the swift expansion of Internet of Things (IoT) applications has been notable. However, developing a comprehensive IoT application is highly challenging for non-expert developers due to the highly diverse characteristics of embedded operating systems. LLM-based methods provide a paradigm for code generation through natural language, which can greatly simplify and accelerate the development of IoT applications. While promising, existing works have failed to account for the specific characteristics of embedded operating system, resulting in the lower quality of generated IoT code. In this paper, we present IoTPilot, an LLM-driven embedded IoT programming tool. We have observed that the conflicts between LLM internal APIs/headers and external OS-specific APIs/headers are key factors leading to the low quality of generated embedded IoT applications. Thus, we introduce two effective self-thinking chains to integrate internal LLM knowledge with external documentation, addressing conflicts in APIs and headers. We provide embedded IoT benchmarks (IoTEval), which are built on RIOT, Zephyr, Contiki and FreeRTOS. Results show that IoTPilot can improve the performance of IoT code generation on all the three embedded OSes compared with existing state-of-the-art (SOTA) methods.","Proceedings of the 23rd Annual International Conference on Mobile Systems, Applications and Services",70–82,13,"embedded OS, LLM, code generation","Hilton Anaheim, Anaheim, CA, USA",MobiSys '25,,"New York, NY, USA",,,,,
acm-20260429,inproceedings,10.1145/3712285.3759854,"Fan, Hao and Huang, Zhuo and Ibrahim, Shadi and Gu, Lin and Wu, Song",EDDE: Container Deployment Framework Beyond the Cloud,2025,9798400714665,Association for Computing Machinery,https://doi.org/10.1145/3712285.3759854,10.1145/3712285.3759854,"Containers, renowned for their lightweight nature and flexibility, have seen growing adoption for deploying edge services such as web applications. However, existing cloud-oriented container deployment frameworks fail to address the unique challenges of edge environments, including geographical distribution, device heterogeneity, and resource constraints. This oversight leads to suboptimal performance for latency-sensitive edge services like HPC/AI-powered autonomous driving and edge gaming, which demand rapid startup and immediate responsiveness.Our investigation demonstrates that current on-demand image solutions require excessive client-registry communication, resulting in prolonged Round-Trip Time (RTT) - a particularly severe limitation in geographically distributed edge platforms. Furthermore, we observe that the user-space file system (e.g., FUSE), typically employed to handle device heterogeneity, introduces substantial overhead to the native I/O stack. More critically, our findings reveal that on-demand image solutions exacerbate storage pressure on resource-constrained edge devices. To overcome these challenges, we introduce EDDE, an edge-optimized container deployment framework that redesigns the on-demand image pipeline. EDDE achieves up to 9.8 \texttimes{} higher deployment efficiency than standard Docker. When compared to state-of-the-art on-demand solutions, EDDE delivers containers 147\% faster on average, reduces native I/O latency by up to 28\%, and decreases storage usage by an average of 34\%.","Proceedings of the International Conference for High Performance Computing, Networking, Storage and Analysis",570–585,16,"Edge, Container Image, FUSE, Layers, On-demand",,SC '25,,"New York, NY, USA",,,,,
acm-20260429,inproceedings,10.1145/3714393.3726494,"Tran, Anh-Duy and Sion, Laurens and Yskout, Koen and Joosen, Wouter",TerrARA: Automated Security Threat Modeling for Infrastructure as Code,2025,9798400714764,Association for Computing Machinery,https://doi.org/10.1145/3714393.3726494,10.1145/3714393.3726494,"The emergence of DevOps is accompanied by an increased use of Infrastructure as Code (IaC) to specify and manage deployment configurations, infrastructure, and associated resources. Terraform is one such IaC solution. However, improper configurations can lead to serious security threats. This paper introduces an approach, implemented as TerrARA, that provides a systematic and structured way for automatically eliciting security threats based on Terraform configuration files. Specifically, TerrARA: (1) automates the construction of an abstract model-an enriched Data Flow Diagram (DFD)-from Terraform configuration files for Amazon Web Services (AWS), and it can be extended to other resources and cloud providers via profiles; (2) encodes cloud computing threat patterns, which are utilized by the SPARTA threat modeling engine to automatically identify security threats; and (3) demonstrates its capability in accurately extracting DFDs from Terraform projects and eliciting relevant cloud computing security threats, achieving high accuracy and reasonable performance compared to existing tools and approaches like StartLeft and GPT-4o. By integrating it into CI/CD pipelines, the automated reconstruction and analysis enable continuous security assessments that systematically incorporate cloud infrastructure artifacts into the threat modeling process.",Proceedings of the Fifteenth ACM Conference on Data and Application Security and Privacy,269–280,12,"data flow diagram, infrastructure as code, security by design, terraform, threat modeling","Pittsburgh, PA, USA",CODASPY '25,,"New York, NY, USA",,,,,
acm-20260429,inproceedings,10.1145/3715275.3732017,"Hopkins, Aspen and Struckman, Isabella and Klyman, Kevin and Silbey, Susan S.","Recourse, Repair, Reparation, \&amp; Prevention: A Stakeholder Analysis of AI Supply Chains",2025,9798400714825,Association for Computing Machinery,https://doi.org/10.1145/3715275.3732017,10.1145/3715275.3732017,"The AI industry is exploding in popularity, with increasing attention to potential harms and unwanted consequences. In the current digital ecosystem, AI deployments are often the product of AI supply chains (AISC): networks of outsourced models, data, and tooling through which multiple entities contribute to AI development and distribution. AI supply chains lack the modularity, redundancies, or conventional supply chain practices that enable identification, isolation, and easy correction of failures, exacerbating the already difficult processes of responding to ML-generated harms. As the stakeholders participating in and impacted by AISCs have scaled and diversified, so too have the risks they face. In this stakeholder analysis of AI supply chains, we consider who participates in AISCs, what harms they face, where sources of harm lie, and how market dynamics and power differentials inform the type and probability of remedies. Because AI supply chains are purposely invented and implemented, they may be designed to account for, rather than ignore, the complexities, consequences, and risks of deploying AI systems. To enable responsible design and management of AISCs, we offer a typology of responses to AISC-induced harms: recourse, repair, reparation or prevention. We apply this typology to stakeholders participating in a health-care AISC across three stylized markets—vertical integration, horizontal integration, free market—to illustrate how stakeholder positioning and power within an AISC may shape responses to an experienced harm.","Proceedings of the 2025 ACM Conference on Fairness, Accountability, and Transparency",209–227,19,"AI Supply Chains, AI Value Chains, Stakeholders, Recourse, Reparation, Repair, Redress, AI Safety, AI Harms, Markets, AI Supply Chain Participation",,FAccT '25,,"New York, NY, USA",,,,,
acm-20260429,inproceedings,10.1145/3715340.3715430,"Becker, Pascal and Gruener, Sten and Linsbauer, Lukas",Analyzing SCons-Based Industrial Software Product Lines,2025,9798400714412,Association for Computing Machinery,https://doi.org/10.1145/3715340.3715430,10.1145/3715340.3715430,"Industrial real-time embedded software is usually developed over decades in heterogeneous, multi-disciplinary development teams, inducing major maintenance effort. In addition to a maintenance strategy, increasing variability of products requires a dedicated strategy for the variability management between products and product families. Software product lines (SPLs) provide a proven methodology to address the variability management. Despite the existence of various tools for SPL engineering, none of existing tool kits was matching our requirements especially regarding hierarchical build system based on SCons. We present a variability analysis toolkit which seamlessly integrates with SCons build system, provides a simple integration with CI/CD pipeline, and an option to graphically explore the structure of build system artifacts. Our toolkit automatically calculates key performance indicators for single and multiple product variant graphs. It also provides cluster analysis to find similarities and differences between different product variants. Our initial findings show the acceptance of our Python-based toolkit by the development teams as well as the ability to automatically detect common and variant-specific feature clusters which are useful for further improvement and maintenance of the whole software product line towards an SPL-aware build system.",Proceedings of the 19th International Working Conference on Variability Modelling of Software-Intensive Systems,97–101,5,"Software Product Lines, Variability Mining, Visualization Techniques for Variability, Embedded Industrial Software",,VaMoS '25,,"New York, NY, USA",,,,,
acm-20260429,inproceedings,10.1145/3716554.3716561,"Zosimadis, Ilias and Stamelos, Ioannis",LLM-Enhanced Test Case Prioritization for Complex Software Systems,2025,9798400713170,Association for Computing Machinery,https://doi.org/10.1145/3716554.3716561,10.1145/3716554.3716561,"This paper presents a novel approach to test case prioritization using Large Language Models (LLMs) for complex software systems. Traditional prioritization methods often struggle with the dynamic nature of modern software development and the large amounts of unstructured data generated during the software lifecycle. Our method leverages LLMs to analyze diverse data sources, including code changes, user feedback, and system documentation, creating a more adaptive and context-aware prioritization strategy. We applied our approach to an Internet of Things (IoT) based system for motion tracking in ten-pin bowling. The experimental results show significant improvements over a baseline Additional Statement Coverage method. Our LLM-enhanced approach achieved a 12.12\% higher Average Percentage of Faults Detected (APFD) score and reduced test suite execution time by 26 \%. These findings demonstrate the potential of LLMs to enhance software testing practices, particularly in early fault detection and efficient resource utilization. The paper discusses implementation details, evaluation metrics, and future directions for integrating this approach into continuous integration and deployment pipelines.",Proceedings of the 28th Pan-Hellenic Conference on Progress in Computing and Informatics,46–50,5,,,PCI '24,,"New York, NY, USA",,,,,
acm-20260429,inproceedings,10.1145/3719027.3765033,"Schmidt, David and Schrittwieser, Sebastian and Weippl, Edgar",Leaky Apps: Large-scale Analysis of Secrets Distributed in Android and iOS Apps,2025,9798400715259,Association for Computing Machinery,https://doi.org/10.1145/3719027.3765033,10.1145/3719027.3765033,"Mobile apps store various types of secrets to support their functionalities. These include API keys, and cryptographic material to authenticate users and access backend services. Once distributed, attackers can reverse-engineer the apps, and these secrets become accessible, posing risks such as data leaks, and service abuse.In this paper, we conduct a large-scale analysis of 10,331 Android and iOS apps to study how secrets are embedded in mobile apps. Our methodology involves extracting and validating credentials from app bundles and comparing the types and frequency of embedded secrets across Android and iOS to identify systematic differences between the two ecosystems. To assess temporal dynamics, we re-analyze apps released in 2023 after their updates in 2024. Our findings show that apps not only leak secrets required for functionality but also unintentionally include sensitive information like markdown documentation, and dependency management files.We discovered 416 functional credentials across 65 services, including 13 Git credentials that grant access to 218 public and 2,440 private repositories. Our analysis reveals that iOS apps are more likely to expose secrets, although information leaks exist in both Android and iOS apps. Finally, we show that even if developers remove embedded credentials in later versions, they frequently forget to revoke them, leaving the credentials exploitable.",Proceedings of the 2025 ACM SIGSAC Conference on Computer and Communications Security,2459–2473,15,"app measurements., mobile app security, static analysis","Taipei, Taiwan",CCS '25,,"New York, NY, USA",,,,,
acm-20260429,inproceedings,10.1145/3719027.3765055,"Zhao, Yunze and Guo, Wentao and Goldstein, Harrison and Votipka, Daniel and Fulton, Kelsey R. and Mazurek, Michelle L.",A Qualitative Analysis of Fuzzer Usability and Challenges,2025,9798400715259,Association for Computing Machinery,https://doi.org/10.1145/3719027.3765055,10.1145/3719027.3765055,"Fuzzing is a widely adopted technique for uncovering software vulnerabilities by generating random or mutated test inputs to trigger unexpected behavior. However, little is known about how developers actually use fuzzing tools in practice, the challenges they face, and where current tools fall short. This study investigates the human side of fuzzing via 18 semi-structured interviews with fuzzing users across diverse domains. These interviews explore participants' workflows, frustrations, and expectations around fuzzing, revealing critical usability gaps and design opportunities. Our results can inform the next generation of fuzzing tools to improve user experience, reduce manual effort, and enable more effective integration of fuzzing into real-world workflows.",Proceedings of the 2025 ACM SIGSAC Conference on Computer and Communications Security,2504–2518,15,"dynamic testing, fuzzing, usability, usable security","Taipei, Taiwan",CCS '25,,"New York, NY, USA",,,,,
acm-20260429,inproceedings,10.1145/3719384.3719465,"Mitchell, Brian S. and Chandnani, Ansh and Carter, John and Roumelioti, Danai and Mancoridis, Spiros",Malware Detection in Cloud Native Environments,2025,9798400717925,Association for Computing Machinery,https://doi.org/10.1145/3719384.3719465,10.1145/3719384.3719465,"As cloud computing continues to grow, organizations are shifting to software architectures that depend on fully–managed cloud services. Unlike monolithic applications that run on virtual machines, modern cloud native systems are deployed on dynamic Function as a Service (FaaS) platforms, or managed container orchestration runtimes such as Kubernetes. These systems are difficult to monitor for correct operation because the many parts of the application can be terminated or (re)started at any time in the face of errors for resiliency, or for the economic benefits associated with autoscaling. When security vulnerabilities are discovered, the impacted runtime components need to be quickly monitored, identified and patched. This paper introduces a platform we created to observe and measure the health of cloud-native applications by applying machine learning techniques that benchmark normal behavior and can detect when the behavior drifts away from the benchmark due to security attacks. To achieve this goal, our platform must be able to accurately model the distributed and highly dynamic nature of cloud native systems. We present a case study to demonstrate the detection capabilities of our solution against two recent high–profile malware CVEs that target widely deployed open–source cloud software.",Proceedings of the 2024 7th Artificial Intelligence and Cloud Computing Conference,555–564,10,"Cloud Native Architectures, Cloud Security, Machine Learning, Behavioral Malware Detection",,AICCC '24,,"New York, NY, USA",,,,,
acm-20260429,inproceedings,10.1145/3721889.3721924,"Kapetanidou, Ioanna Angeliki and Nizamis, Alexandros and Votis, Konstantinos",An evaluation of commonly used Kubernetes security scanning tools,2025,9798400715600,Association for Computing Machinery,https://doi.org/10.1145/3721889.3721924,10.1145/3721889.3721924,"With the advent of the edge-cloud continuum, Kubernetes (K8s) has emerged as the prominent solution for service orchestration. In this context, ensuring deployment security is essential. To identify vulnerabilities and misconfigurations in a timely and efficient manner, security scanning tools are employed. In this work, we evaluate six widely used security tools for workload and static code analysis. We consider several factors, including scan time, the number of detected threats, and resource usage. This evaluation seeks not only to demonstrate the performance trade-offs of these tools but also to contribute additional insights into their practical capabilities.",Proceedings of the 2nd International Workshop on MetaOS for the Cloud-Edge-IoT Continuum,20–25,6,"Edge-cloud Continuum, Kubernetes, Risk Analysis, Security","Rotterdam, Netherlands",MECC '25,,"New York, NY, USA",,,,,
acm-20260429,inproceedings,10.1145/3721889.3721931,"Alvarez, Francisco and Diego, Ferran and Rozanska, Marta and Sanfeliu, Robert and Verginadis, Yiannis and Horn, Geir",RemWoW: Resource Efficient Management of Workloads of Repeated Workflows,2025,9798400715600,Association for Computing Machinery,https://doi.org/10.1145/3721889.3721931,10.1145/3721889.3721931,"The management of workflows in distributed computing environments, such as cloud and edge infrastructures, presents unique challenges due to the dynamic nature of workloads and resource availability. This paper introduces RemWoW, a system designed to efficiently manage repeated workflows by optimizing resource allocation and task scheduling. RemWoW leverages a sophisticated architecture that integrates edge and fog nodes with multi-cloud resources to meet the demands of low-latency workloads. By focusing on workflow allocation and resource provisioning, RemWoW aims to minimize both execution time and resource costs, ensuring that workflows are executed efficiently in response to external events. The system's architecture and its application in managing repeated workflows are demonstrated, highlighting its potential for enhancing workflow management in modern distributed computing environments.",Proceedings of the 2nd International Workshop on MetaOS for the Cloud-Edge-IoT Continuum,66–72,7,"Cloud Continuum, K8s, Meta-OS, Reconfiguration, Scheduling, Workflow","Rotterdam, Netherlands",MECC '25,,"New York, NY, USA",,,,,
acm-20260429,inproceedings,10.1145/3727353.3727379,"Wang, Yuyan and Bai, Yu and Li, Wenbo and Fan, Dalei",Research on the situation analysis and decision-making system for oil and gas resource based on artificial intelligence technology,2025,9798400712425,Association for Computing Machinery,https://doi.org/10.1145/3727353.3727379,10.1145/3727353.3727379,"In the context of the prevailing megatrends of global energy transition, climate change, and international environmental change, oil and gas, as a pivotal strategic resource, is confronted with mounting challenges in conducting situation analyses due to the intricacy and complexity of the task. Conventional analysis techniques are proving inadequate to address the evolving requirements, and the rapid advancements in AI technology hold considerable promise for the oil and gas sector. This paper undertakes an exhaustive examination of the present applications of AI techniques in the domains of oil and gas exploration, development, production and market analysis, while simultaneously highlighting the limitations that exist. The paper puts forward a framework for an AI-based system for analysing the situation of oil and gas resources and for making decisions. The proposed framework integrates functional modules, including data pre-processing, feature extraction, machine learning modelling, intelligent prediction and decision-making, with the objective of achieving a comprehensive, efficient and accurate analysis of the hydrocarbon resource situation.","Proceedings of the 2025 4th International Conference on Big Data, Information and Computer Network",156–161,6,"Artificial Intelligence, Data Analysis, Oil and Gas Big Data, Situation Analysis and Decision-Making",,BDICN '25,,"New York, NY, USA",,,,,
acm-20260429,inproceedings,10.1145/3727967.3756840,"Alwageed, Hathal Salamah and Khan, Rafiq Ahmad",The Role of Generative AI in Strengthening Secure Software Coding Practices: A Systematic Perspective,2025,9798400718328,Association for Computing Machinery,https://doi.org/10.1145/3727967.3756840,10.1145/3727967.3756840,"As software security threats continue to evolve, the demand for innovative ways of securing coding has tremendously grown. The integration of Generative AI (GenAI) into software development holds significant potential for improving secure coding practices. This paper aims at systematically studying the impact of GenAI in enhancing secure coding practices from improving software security, setting forth its potential benefits, challenges, and implications. To outline the contribution of AI driven code generation tools, we analyze via a structured review of recent literature, application to the industry, and empirical studies on how these tools help to mitigate security risks, comply with the secure coding standards, and make software development efficient. We hope that our findings will benefit researchers, software engineers and cybersecurity professionals alike in integrating GenAI into a secure development workflow without losing the advantages GenAI provides. Finally, the state of the art advances and future directions of AI assisted in secure software engineering discussed in this study can contribute to the ongoing discourse on AI assisted in secure software engineering.",Proceedings of the 2025 29th International Conference on Evaluation and Assessment in Software Engineering Companion,136–141,6,"Secure Software Development, Systematic Literature Review, Threats and Generative AI Practices",,EASE Companion '25,,"New York, NY, USA",,,,,
acm-20260429,inproceedings,10.1145/3727967.3756841,"Binbeshr, Farid and Imam, Muhammad","Comparative Analysis of AI-Driven Security Approaches in DevSecOps: Challenges, Solutions, and Future Directions",2025,9798400718328,Association for Computing Machinery,https://doi.org/10.1145/3727967.3756841,10.1145/3727967.3756841,"DevSecOps, which integrates security practices into every phase of DevOps, is increasingly adopted to balance rapid delivery with security needs. Artificial Intelligence (AI) and Machine Learning (ML) techniques are frequently applied in DevSecOps pipelines to automate security checks, improve threat detection, and enforce compliance. Yet, most existing research examines these techniques in isolation without comparing approaches. To address that gap, we performed a systematic literature review (SLR) of AI-driven security solutions in DevSecOps. We evaluated each approach’s technical capabilities, implementation challenges, and operational impact. Our review found notable shortcomings in current approaches—particularly in real-world validation, scalability, and seamless integration of AI into development pipelines. We also highlight best practices observed in the literature, identify open research questions, and suggest directions for future work in order to advance AI-enabled DevSecOps.",Proceedings of the 2025 29th International Conference on Evaluation and Assessment in Software Engineering Companion,142–151,10,"DevSecOps, Machine Learning, AI, Security automation, Software Security, Comparative Analaysis, Systematic Literarture Review",,EASE Companion '25,,"New York, NY, USA",,,,,
acm-20260429,inproceedings,10.1145/3730567.3732915,"Liu, Yijing and Liu, Mingxuan and Zhang, Yiming and Liu, Baojun and Zhang, Jia and Hong, Geng and Duan, Haixin and Yang, Min",Dive into the Cloud: Unveiling the (Ab)Usage of Serverless Cloud Function in the Wild,2025,9798400718601,Association for Computing Machinery,https://doi.org/10.1145/3730567.3732915,10.1145/3730567.3732915,"Serverless cloud functions transfer server management responsibilities to service providers, offering scalability and cost-efficiency. This convenience not only facilitates normal activities but also raises abuse concerns. So far, public understanding of real-world cloud functions remains limited. To fill this gap, we conducted an in-depth measurement study to uncover their practical usage and abuse. Through empirical analysis of nine leading providers (e.g., AWS, Tencent), we identified 531,089 function domains from a passive DNS dataset spanning April 2022 to March 2024. We first investigated the usage status of serverless cloud functions, showing the different practices between providers. Additionally, based on active requests to these functions, we pointed out privacy risks of unauthorized access and identified four abuse types, including covert C2 communication, hosting malicious websites, promoting illicit services, and abusing egress nodes as IP proxies. Alarmingly, 4.89\% of cloud functions are being abused, with over 614k invocations recorded. Only four abused functions were flagged by existing threat intelligence systems, indicating critical gaps in security monitoring for serverless environments. Our work offers insights into the serverless cloud ecosystem and provides recommendations for better management. With responsible disclosure, we hope to raise awareness and improve protective measures against abuses among cloud function providers.",Proceedings of the 2025 ACM Internet Measurement Conference,63–77,15,"serverless function, function abuse, usage measurement",USA,IMC '25,,"New York, NY, USA",,,,,
acm-20260429,inproceedings,10.1145/3731599.3767589,"Kurafeeva, Liubov and Subedi, Alan and Hartung, Ryan and Fay, Michael and Biswas, Avhishek and Jha, Shantenu and Kilic, Ozgur and Krintz, Chandra and Merzky, Andre and Thain, Douglas and Vuran, Mehmet and Wolski, Rich",xGFabric: Coupling Sensor Networks and HPC Facilities with Private 5G Wireless Networks for Real-Time Digital Agriculture,2025,9798400718717,Association for Computing Machinery,https://doi.org/10.1145/3731599.3767589,10.1145/3731599.3767589,"Advanced scientific applications require coupling distributed sensor networks with centralized high-performance computing facilities. Citrus Under Protective Screening (CUPS) exemplifies this need in digital agriculture, where citrus research facilities are instrumented with numerous sensors monitoring environmental conditions and detecting protective screening damage. CUPS demands access to computational fluid dynamics codes for modeling environmental conditions and guiding real-time interventions like water application or robotic repairs. These computing domains have contrasting properties: sensor networks provide low-performance, limited-capacity, unreliable data access, while high-performance facilities offer enormous computing power through high-latency batch processing. Private 5G networks present novel capabilities addressing this challenge by providing low latency, high throughput, and reliability necessary for near-real-time coupling of edge sensor networks with HPC simulations. This work presents xGFabric, an end-to-end system coupling sensor networks with HPC facilities through Private 5G networks. The prototype connects remote sensors via 5G network slicing to HPC systems, enabling real-time digital agriculture simulation.","Proceedings of the SC '25 Workshops of the International Conference for High Performance Computing, Networking, Storage and Analysis",2317–2327,11,"Digital Agriculture, Private 5G Networks, Sensor Networks, High-Performance Computing",,SC Workshops '25,,"New York, NY, USA",,,,,
acm-20260429,inproceedings,10.1145/3731806.3731851,"Al Hashimi, Hussein Ali",An Empirical Exploration of Cybersecurity Threats and Mitigation Strategies in Software Testing,2025,9798400710124,Association for Computing Machinery,https://doi.org/10.1145/3731806.3731851,10.1145/3731806.3731851,"Software testing is a fundamental process of software development since it ensures the superior quality of the software products developed and that they are delivered without defects and with the required functionality. As software applications become increasingly integral to business operations and everyday life, the proliferation of cyber threats poses significant threats that can compromise data integrity, user privacy, and overall system functionality. This study investigates common cybersecurity threats, including SQL injection, cross-site scripting, and vulnerabilities associated with third-party libraries, by analyzing data collected from surveys with industry professionals alongside a review of existing literature. The study's findings reveal a critical gap between awareness of cybersecurity threats and the effective implementation of security practices within the testing lifecycle. While many organizations recognize the importance of cybersecurity, there is often a lack of structured methodologies to incorporate security testing alongside functional testing. The paper identifies key factors influencing the successful integration of security measures, including organizational culture, resource allocation, and the use of automated testing tools. This paper proposes a framework by using an online questionnaire survey to enhance cybersecurity resilience during software testing, emphasizing best practices such as threat modeling, continuous security integration, and the adoption of DevSecOps methodologies. This framework aims to foster a proactive security mindset among development and testing teams, ensuring that security is not an afterthought but an integral component of the software development lifecycle. By shedding light on the current state of cybersecurity in software testing and offering actionable insights for practitioners, this research contributes to the growing body of knowledge in the field. The paper ultimately aims to promote safer digital environments by equipping organizations with the necessary tools and strategies to mitigate cybersecurity threats in their software applications effectively.",Proceedings of the 2025 14th International Conference on Software and Computer Applications,96–106,11,"Cybersecurity, Empirical Survey, Security Threats and Practices, Software Testing",,ICSCA '25,,"New York, NY, USA",,,,,
acm-20260429,inproceedings,10.1145/3732299.3732303,"Zong, Zhijuan",A Multimedia Teaching Resource Sharing System for Fiscal Taxation in Colleges and Universities Based on Internet of Things Technology,2025,9798400713248,Association for Computing Machinery,https://doi.org/10.1145/3732299.3732303,10.1145/3732299.3732303,"There is a phenomenon of uneven distribution of teaching resources in the current teaching resource library of finance and taxation majors in universities, resulting in a low utilization rate of resources. To this end, design a multimedia teaching resource sharing system for university finance and taxation based on Internet of Things technology. Based on ARM microprocessors to collect teaching resource data, design functional modules for the perception layer, network layer, and application layer to achieve the transmission, aggregation, management, and sharing of teaching resources, improve resource utilization efficiency, adopt distributed database technology to achieve distributed storage, backup, and recovery of data, ensure data consistency and integrity, and improve system scalability and reliability. The experimental results show that the proposed method can achieve a sharing frequency of up to 28 times and a throughput optimization ratio of over 5.5. This indicates that the designed resource sharing system has a larger coverage and stronger controllability, which can effectively improve the utilization of teaching resources.",Proceedings of the 2025 International Conference on Digital Education and Information Technology,16–20,5,"Course resources, Financial taxation in higher education, Internet of Things (IoT) technology, Multimedia teaching, Online teaching system",,DEIT '25,,"New York, NY, USA",,,,,
acm-20260429,inproceedings,10.1145/3735452.3735528,"Cham Heidari, Arman and Alidoost Nia, Mehran",JetCert: A Self-Adaptive Compilation Framework for Fast and Safe Code Execution,2025,9798400719219,Association for Computing Machinery,https://doi.org/10.1145/3735452.3735528,10.1145/3735452.3735528,"Embedded and safety-critical applications must operate reliably under dynamic and resource-constrained environments, where maintaining a balance between safety guarantees and system performance is crucial. Traditional static compilation approaches lack the flexibility needed to adaptively respond to runtime variations in operational conditions, often leading either to compromised safety or suboptimal performance. To address these challenges, we introduce JetCert, a self-adaptive compilation framework designed for embedded and safety-critical systems. JetCert dynamically transitions between formally verified, safety-critical compilation and optimized, high-performance compilation strategies based on runtime monitoring and analysis. By integrating seamlessly with existing self-adaptive control loops, JetCert ensures adaptive runtime decision-making. Moreover, JetCert features a priority-based continuous integration and deployment (CI/CD) pipeline designed for embedded environments. It supports rapid and reliable software updates. Experimental results demonstrate JetCert’s capability to effectively maintain safety constraints while optimizing system performance in dynamic embedded scenarios.","Proceedings of the 26th ACM SIGPLAN/SIGBED International Conference on Languages, Compilers, and Tools for Embedded Systems",109–121,13,"Adaptive Compilation, Fast Compilation, Safe Compilation, Safety-Critical Systems","Seoul, Republic of Korea",LCTES '25,,"New York, NY, USA",,,,,
acm-20260429,inproceedings,10.1145/3736181.3747141,"Sanusi, Ismaila Temitayo and Campbell, Oladele O. and Akinrinola, Fatimah Yetunde",Preliminary Insights into Computer Science Teacher Preparation Programs in Nigerian Universities,2025,9798400719295,Association for Computing Machinery,https://doi.org/10.1145/3736181.3747141,10.1145/3736181.3747141,"Amidst global efforts to integrate computer science (CS) into K-12 education, Nigerian universities have established teacher preparation programs. However, research on their structure-including course composition, alignment with global competency frameworks, and extracurricular components-and educator challenges remains limited. This mixed-methods exploratory-descriptive study addresses two questions: (1) How are these programs structured? and (2) What systemic barriers do educators face? Findings from curriculum analysis and interviews indicate that Nigerian CS teacher preparation programs are in an early developmental stage, with curricula still evolving to meet with global standards. Key challenges include a shortage of qualified CS educators, insufficient pedagogical training, inadequate institutional support, and limited access to resources and funding. This study concludes with actionable recommendations to align programs with international standards and address institutional gaps, offering insights for policymakers and educators in sub-Saharan Africa.",Proceedings of the ACM Global Computing Education Conference 2025 - Volume 1,233–239,7,"computer science education, educators, nigeria, teacher education","Gaborone, Botswana",CompEd 2025,,"New York, NY, USA",,,,,
acm-20260429,inproceedings,10.1145/3736426.3736467,"Feng, Xiaorong and Gao, Ying and Wu, Jingyun and Shi, Leyu",Research on Security Risk Identification and Evaluation in Open-Source Software Supply Chain,2025,9798400714238,Association for Computing Machinery,https://doi.org/10.1145/3736426.3736467,10.1145/3736426.3736467,"This article provides an inclusive investigation on the present research exploration in identifying the security risks in open source software supply chains. Additionally, it emphasizes on threat classification techniques involving machine learning and graph neural networks. These techniques support in the effectual detection of hazardous elements and inconsistent chain activity. The accuracy and timeliness of the risk classifications help in improving the platforms that depend on software behavior analysis and threat intelligence. There are few features such as difficulties in data acquisition, model complexity, and insufficient generalization capabilities that are considered as the challenges in research works carried out. These may have impact on the training of the model and their real-time applications. The study suggests a number of improvement techniques to deal with these problems. The refinement techniques are preprocessing data from various data sources, using fusion technologies between open source software and artificial intelligence, and building security risk identification models using graph attention networks. This solicits to progress with system proficiency, improve data eminence, and strengthen supply channels for open source software. The research discussed in this article offers a thorough viewpoint and in-depth analysis of the software chain. It also highlights existing gaps in current knowledge and suggests detailed refinements to advance supply chain security in open-source software.",Proceedings of the 2025 International Conference on Digital Management and Information Technology,257–266,10,"graph neural networks, open source software supply chain, risk management, security risk identification",,DMIT '25,,"New York, NY, USA",,,,,
acm-20260429,inproceedings,10.1145/3744915.3748480,"Kiltz, Lothar and Becker, Martin",Navigating Heterogeneous Variability: Strategies and Insights from the Industrial Technology Division of ZF Friedrichshafen AG,2025,9798400720246,Association for Computing Machinery,https://doi.org/10.1145/3744915.3748480,10.1145/3744915.3748480,"Efficient variability management is a key capability for industrial companies developing complex, configurable systems, especially those with a wide range of product lines and custom solutions. This experience report presents the approach taken by the Industrial Technology division of ZF Friedrichshafen AG to manage variability in both system and software development. The division serves a broad spectrum of markets and applications. This diversity introduces a high degree of heterogeneity at multiple levels, ranging from domain-specific engineering requirements to cross-departmental coordination challenges. Further specific challenges include reuse across different platforms and projects, tailoring solutions to diverse OEM demands, supporting long product lifecycles, and accommodating both legacy and next-generation systems. This experience report aims to contribute to the collective knowledge of the systems and software product line engineering community by offering a detailed, practice-oriented view of heterogeneous variability management. We explore how product software reuse is becoming increasingly essential and how variability management practices must evolve to support scalable reuse across both embedded software and higher-level platforms. We discuss key drivers, requirements, and approaches for heterogeneous variability management and distill a set of lessons learned to guide other organizations on their variability management journey.",Proceedings of the 29th ACM International Systems and Software Product Line Conference - Volume A,219–229,11,"Product line engineering, variability management, variability modeling, software calibration, experience report",,SPLC-A '25,,"New York, NY, USA",,,,,
acm-20260429,inproceedings,10.1145/3745812.3745813,"Venkatasubramanian, Harish and Anifa, Mansurali and Babu, Sadika and Subbiah, Babu and Naresh, viswaraj Maheswaran, Mr","Leveraging Big Data Analytics for Enhancing Operational Efficiency in IT, Manufacturing, and Supply Chain Sectors",2025,9798400711220,Association for Computing Machinery,https://doi.org/10.1145/3745812.3745813,10.1145/3745812.3745813,"The study investigates how Information Technology, Supply chain and manufacturing industries aim to enhance their operational efficiency by utilizing Big Data as these industries generates huge amount of data in which Big Data Analytics is highly used for streamlining processes, reducing downtime and increasing the performance. It can be leveraged in IT industry for enhancing service delivery, automating repetitive processes and forecasting faults in the system and in manufacturing sector, it makes the predictive maintenance easier, reducing machine downtime and improving quality in the products. It enhances demand forecasting, maximizes inventory control \&amp; simplifies logistics for the supply chain though Industries have potential, but they also address challenges like real-time analytics, a limited number of skilled workers and data integration. The study points out important gaps and provides viable solutions to deal with these problems \&amp; gives useful insights for organizations trying to implement data-driven initiatives by concentrating on how BDA can overcome these challenges. The study extends to the body of knowledge by highlighting the methods in which BDA can revolutionize sectors and promote operational effectiveness in which important observations and suggestions are offered, highlighting how companies must use data-driven strategies to stay competitive in dynamic market landscape.",Proceedings of the 6th International Conference on Information Management \&amp; Machine Intelligence,,9,"Information Technology, Supply chain, descriptive, manufacturing, operational efficiency, predictive and prescriptive analytics",,ICIMMI '24,1,"New York, NY, USA",,,,,
acm-20260429,inproceedings,10.1145/3756681.3756955,"Akbarpour, Nikta and Saleem Mirza, Ahmad and Raoofian, Erfan and Fard, Fatemeh and Rodr\'{\i}guez-P\'{e}rez, Gema",Unveiling Ruby: Insights from Stack Overflow and Developer Survey,2025,9798400713859,Association for Computing Machinery,https://doi.org/10.1145/3756681.3756955,10.1145/3756681.3756955,"Ruby is a widely used open-source programming language, valued for its simplicity, especially in web development. Despite its popularity, with over one million users on GitHub, little is known about the issues faced by Ruby developers. This study aims to investigate the key topics, trends, and difficulties faced by Ruby developers by analyzing over 498,000 Ruby-related questions on Stack Overflow (SO), followed by a survey of 154 Ruby developers. We employed BERTopic modeling and manual analysis to develop a taxonomy of 35 topics, grouped into six main categories. Our findings reveal that Web Application Development is the most commonly discussed category, while Ruby Gem Installation and Configuration Issues emerged as the most challenging topic. Analysis of trends on SO showed a steady decline. A survey of 154 Ruby developers demonstrated that (31.6\%) of the participants find the Core Ruby Concepts category particularly difficult, while Application Quality and Security is found to be difficult for over (40\%) of experienced developers. Notably, a comparison between survey responses and SO metrics highlights a misalignment, suggesting that perceived difficulty and objective indicators from SO differ; emphasizing the need for improved metrics to capture developer challenges better. Our study provides insights about the challenges Ruby developers face and strong implications for researchers.",Proceedings of the 29th International Conference on Evaluation and Assessment in Software Engineering,580–591,12,"Ruby, Developer challenges, Stack Overflow, Survey",,EASE '25,,"New York, NY, USA",,,,,
acm-20260429,inproceedings,10.1145/3759429.3762620,"Vandeputte, Frederik",Foundational Design Principles and Patterns for Building Robust and Adaptive GenAI-Native Systems,2025,9798400721519,Association for Computing Machinery,https://doi.org/10.1145/3759429.3762620,10.1145/3759429.3762620,"Generative AI (GenAI) has emerged as a transformative technology, demonstrating remarkable capabilities across diverse application domains. However, GenAI faces several major challenges in developing reliable and efficient GenAI-empowered systems due to its unpredictability and inefficiency. This paper advocates for a paradigm shift: future GenAI-native systems should integrate GenAI's cognitive capabilities with traditional software engineering principles to create robust, adaptive, and efficient systems.    We introduce foundational GenAI-native design principles centered around five key pillars---reliability, excellence, evolvability, self-reliance, and assurance---and propose architectural patterns such as GenAI-native cells, organic substrates, and programmable routers to guide the creation of resilient and self-evolving systems. Additionally, we outline the key ingredients of a GenAI-native software stack and discuss the impact of these systems from technical, user adoption, economic, and legal perspectives, underscoring the need for further validation and experimentation. Our work aims to inspire future research and encourage relevant communities to implement and refine this conceptual framework.","Proceedings of the 2025 ACM SIGPLAN International Symposium on New Ideas, New Paradigms, and Reflections on Programming and Software",44–62,19,"GenAI, architectural patterns, best practices, design principles, excellence, reliability, software systems","Singapore, Singapore",Onward! '25,,"New York, NY, USA",,,,,
acm-20260429,inproceedings,10.1145/3760545.3783973,"Forshaw, Matthew and Alexandru, Cristina Adriana and Bentley, Caitlin and Gonz\'{a}lez-Zelaya, Vladimiro and Ajanovski, Vangel and Bikanga Ada, Mireilla and Brooks, Julian and Burridge, Joshua and Chao, Alex and Engineer, Rutwa and Glebova, Olga and Islam, Tasmina and Kiyohara, Mitsuka and Ko, Shao-Heng and Kristbergsson, Elert Sm\'{a}ri and Peltsverger, Svetlana and Russell, Se\'{a}n and Samary, Ma\'{\i}ra Marques and Steenbergen, Merel and Wortmann, Carolin","Fairness in Student Group Formation: Perspectives, Priorities, Compromises, Mechanisms, and Tooling",2026,9798400721670,Association for Computing Machinery,https://doi.org/10.1145/3760545.3783973,10.1145/3760545.3783973,"Allocating students to groups is a critical yet under-researched challenge in computing education, with significant implications for fairness and student outcomes. Little is known about existing allocation approaches and their treatment of fairness, whilst practical realities faced by educators and students remain largely undocumented. Without rigorous attention to fairness, group formation risks amplifying bias and disadvantaging vulnerable students. This study provides the first holistic exploration of fairness in group formation within higher-education computing contexts through a systematic review of 262 papers, analysis of 18 allocation tools, interviews with 20 educators, and six student focus groups. Findings reveal a lack of evidence linking fairness definitions to groupwork characteristics, processes, and outcomes. To address this gap, we propose a framework for pedagogically informed group formation that embeds fairness, supporting educator decision-making and improving student experiences. We also establish definitions of fairness, groupwork characteristics, and processes to guide future research in computing education.",Proceedings of the 2025 Working Group Reports on Innovation and Technology in Computer Science Education,217–276,60,"fairness, justice, team formation, group allocation, teamwork, groupwork, computing, computing education",Netherlands,ITiCSE-WGR 2025,,"New York, NY, USA",,,,,
acm-20260429,inproceedings,10.1145/3762329.3762352,"Ge, Dingdong and Zhu, Yu and Slam, Nady and Di, Zhengqiang and Yang, Mingxin and Zhou, Xuemei and Ma, Xiao and Chen, Shuqi",A Software Architecture for Fire Emergency Command Platform with Cloud Native,2025,9798400718625,Association for Computing Machinery,https://doi.org/10.1145/3762329.3762352,10.1145/3762329.3762352,"Due to the high coupling and lack of flexibility in the software architecture of traditional urban fire protection systems, issues such as slow response times in data analysis, poor information sharing between functional modules, information silos, and poor data correlation exist. To address the shortcomings of traditional urban fire protection systems in terms of architecture and data analysis, a cloud-native fire emergency command system has been proposed and designed.The main research content includes the following three points:First, this paper designs a cloud-native fire emergency command system architecture. It enriches the diversity of smart fire protection system functions from the perspective of containers and microservices. It adopts Kubernetes+Istio service mesh to design the system software architecture, enhancing the system's response to fires and enabling it to perform functions such as fire alarm reception and processing, in-process decision support, and post-disaster data analysis. Secondly, this paper designs the business architecture of the fire emergency command system, clarifying the business operation processes and the call relationships between businesses from an architectural perspective. Finally, this paper designs a network architecture for application services and explains the process of invoking system services from a network architecture perspective.The proposed architectural model provides a new solution for the implementation of smart fire protection, applying cloud-native architecture to the smart fire protection field to address information silos between fire protection units at all levels from an architectural perspective. Additionally, this architectural model has positive implications for accelerating the smart upgrade of traditional fire protection platforms.",Proceedings of the 2nd International Conference on Artificial Intelligence of Things and Computing,127–135,9,"Cloud-native, Internet of Things, smart city, smart fire protection, software architecture",,AITC '25,,"New York, NY, USA",,,,,
acm-20260429,inproceedings,10.1145/3766557.3766641,"Hao, Bo",Research on Building a Web Full-Stack Development Talent Training System Based on Job Requirements,2025,9798400721168,Association for Computing Machinery,https://doi.org/10.1145/3766557.3766641,10.1145/3766557.3766641,"The demand for Web full-stack development talents has surged, but the existing training system has problems such as lagging courses and inconsistent evaluation standards, which leads to a disconnect between talent capabilities and job requirements. Therefore, this article first analyzes the job requirements for Web full-stack development, including industry technology trends, corporate recruitment data and core competency dimensions; then diagnoses the problems of the existing training system, involving colleges and universities, training institutions, and corporate internal training; finally, it constructs a training program based on job requirements, covering basic competency matrix, advanced modules, practical training models and other contents.",Proceedings of the 2025 International Conference on Educational Technology and Artificial Intelligence,495–502,8,"Web full-stack development, industry-education integration, job requirements, talent training, training system",,ETAIC '25,,"New York, NY, USA",,,,,
acm-20260429,inproceedings,10.1145/3769694.3771117,"Hassan, Ismail Bile and El-Shekeil, Ibrahim and Liu, Jigang",Examination of U.S. ABET IT Programs: Issues and Recommendations,2025,9798400722400,Association for Computing Machinery,https://doi.org/10.1145/3769694.3771117,10.1145/3769694.3771117,"This study examines how B.S. ABET-accredited IT programs can align with industry needs while meeting the requirements of ABET standards. By analyzing current curricula against emerging technology trends (such as AI, cloud computing, and cybersecurity), we identify skill gaps and propose a flexible framework for enhancement. The study evaluates accredited programs and IT trends, revealing disparities in specialized domains. We recommend modular updates through electives and concentrations, offering institutions adaptable strategies to enhance graduate employability while maintaining accreditation.",Proceedings of the 26th ACM Annual Conference on Cybersecurity \&amp; Information Technology Education,95–100,6,,,SIGCITE '25,,"New York, NY, USA",,,,,
acm-20260429,inproceedings,10.1145/3769694.3771163,"Li, Yanyan and Hernandez, David and Yuan, Jiawei",Real Exploits Driven Cybersecurity Modules for Cross-Module Learning and Security Mindset Building,2025,9798400722400,Association for Computing Machinery,https://doi.org/10.1145/3769694.3771163,10.1145/3769694.3771163,"Recent years have witnessed a strong demand for cybersecurity professionals, especially considering the remarkable projected growth rate of cybersecurity positions for the next ten years. Filling such a workforce demand is not simply about preparing dedicated cybersecurity students. More importantly, it is essential to establish a cybersecurity mindset for computer science students in general, because they will contribute to the majority of the cybersecurity-related workforce in the near future. This project aims to promote cybersecurity education for undergraduate computer science students in general and prepare a future cybersecurity workforce. Instead of heavily relying on dedicated cybersecurity courses in most existing undergraduate cybersecurity education, this project proposes the concept of cross-module learning that leverages non-cybersecurity computer science courses at different levels to continuously instill security concepts and skills to train students from the early stage of undergraduate learning. To enable effective cross-module learning, this project designs cybersecurity modules using a real exploits-driven approach, identifies appropriate computer science courses to integrate cybersecurity modules, and explores potential linkages among different courses and modules. Our preliminary study with 161 students from four courses shows that the integration of cybersecurity modules can improve students’ learning and help build a cybersecurity mindset.",Proceedings of the 26th ACM Annual Conference on Cybersecurity \&amp; Information Technology Education,275–281,7,"Cybersecurity Modules, Real-world Exploits, Hands-on Practice, Security Labs, Coding Security, Secure Coding Practice, Computer Science Education, Cross Module Learning, Security Mindset",,SIGCITE '25,,"New York, NY, USA",,,,,
acm-20260429,inproceedings,10.1145/3770177.3770302,"Kir, Kalissa Fatoumata and Wang, Jianmin and Manli, Boukari",Optimizing Economic Policy and Sectoral Management with Big Data Technologies: A Case Study of Stream Processing and Machine Learning Frameworks,2025,9798400720109,Association for Computing Machinery,https://doi.org/10.1145/3770177.3770302,10.1145/3770177.3770302,"The staggering volume of big data is creating new opportunities while reshaping economic policy formulation, sectoral management, as well as public and private management. The scope of this paper is to examine the impact stream processing frameworks (Apache Flink, Apache Kafka), distributed storage systems (Hadoop, Spark), and more recent machine learning (ML) algorithms, and big data technologies have had on policy impact, forecasting, and compliance for regulation optimization. We showcase computational case studies on fiscal policy optimization, risk analysis in finance, and allocation of agricultural subsidies to show how responsive strategic planning can be improved using scalable big data infrastructure. The research uses a hybrid approach involving improved feature engineering and a parallelized model deployment strategy to create low-latency, high-throughput decision-making systems. This paper contributes by introducing a new optimization approach for real-time streaming data ingestion and classification under limited resources constrained environments using multiple datasets from economics as benchmarks. This paper not only ventures to show what is technologically possible today but also aims to inform future endeavors on how to responsibly, privately, and efficiently compute solutions in a data-centric economy.",Proceedings of the 2025 International Conference on Economic Management and Big Data Application,755–760,6,"Big Data Analytics, Economic Policy, Machine Learning, Public Sector Innovation, Stream Processing",,ICEMBDA '25,,"New York, NY, USA",,,,,
acm-20260429,inproceedings,10.1145/3770501.3770511,"Karthikeyan, Dinesh Kumar and Shanmugasundaram, Roopesh Kumar and Paavonen, Anna-Sofia and Mikkonen, Tommi and M\""{a}kitalo, Niko and Seiger, Ronny",Distributed Computing with Language Models at the Edge: A Framework and Prototype,2025,9798400715952,Association for Computing Machinery,https://doi.org/10.1145/3770501.3770511,10.1145/3770501.3770511,"The evolution of cyber-physical systems (CPS) necessitates new methods to manage growing complexity and dynamic interactions between physical and digital domains. This paper presents the Edge Multimodal Intelligence Network on Devices (EdgeMIND) – a cognitive edge computing framework to support CPS development. EdgeMIND deploys I/O nodes powered by large language models (LLMs) across heterogeneous edge resources to process multimodal data streams. These nodes perform runtime decision-making, enabling context-aware interactions with minimal cloud reliance. The framework generates adaptive outputs by integrating retrieval-augmented generation (RAG) with Situational Awareness (SA) enhanced by topic modeling. Empirical evaluations with three LLMs on edge devices show that SA achieves up to 56\% latency reduction in CPU-bound nodes and 50\% in GPU-based nodes. It also reduces CPU/GPU utilization, memory usage, and thermal load. These results confirm EdgeMIND’s effectiveness for context-aware, resource-efficient multimodal processing in CPS as demonstrated in a prototype application. EdgeMIND advances the design of intelligent, efficient edge systems for responsive AI-driven services.",Proceedings of the 15th International Conference on the Internet of Things,77–85,9,"Large Language Models (LLMs), Edge AI, Cyber-Physical Systems (CPS), Internet of Things (IoT), Edge Computing, Retrieval-Augmented Generation (RAG)",,IOT '25,,"New York, NY, USA",,,,,
acm-20260429,inproceedings,10.1145/3773274.3774700,"Giulianelli, Nicole and Sabbioni, Andrea and Montebugnoli, Sofia and Bujari, Armir and Corradi, Antonio",KOTO: A Kubernetes-Based Platform for Secure and Scalable OT Orchestration in Industry 5.0,2026,9798400722851,Association for Computing Machinery,https://doi.org/10.1145/3773274.3774700,10.1145/3773274.3774700,"The progressive digitization of Operation Technology (OT), thanks also to the integration of Industrial Internet of Things (IIoT) devices, is reshaping the landscape of modern industrial systems. This introduces additional complexity and amplifies the heterogeneity across hardware and software ecosystems, thus exacerbating the challenges of orchestration and lifecycle management, which become particularly intricate and demanding. To meet these challenges, modern DevOps practices, such as Continuous Integration and Continuous Deployment (CI/CD), runtime observability, and fine-grained access control, are essential to shorten time-to-market, ensure service quality, manage operational complexity, while providing security guarantees. Moving a step toward seamless integration of OT into cloud-native ecosystems, we propose Kubernetes-based OT Orchestrator (KOTO), an orchestration platform that extends Kubernetes to enable comprehensive lifecycle management of OT devices in industrial environments. KOTO bridges the gap between IT and OT by seamlessly integrating with existing CI/CD pipelines and implementing Role-Based Access Control (RBAC) mechanisms tailored to device-level permissions. It abstracts the management of heterogeneous, multi-vendor hardware through a unified abstraction, enabling scalable and secure operations across diverse industrial setups. Without loss of generality, we demonstrate the use of the platform in managing Programmable Logic Controllers (PLCs). We then perform extensive evaluations in a realistic deployment environment, validating KOTO’s effectiveness in enhancing operational resilience and responsiveness.",Proceedings of the 18th IEEE/ACM International Conference on Utility and Cloud Computing,,6,"Smart manufacturing, Industry 5.0, IT/OT, Orchestration, Observability, eBPF, PLC",,UCC '25,55,"New York, NY, USA",,,,,
acm-20260429,inproceedings,10.1145/3774900.3776635,"Ding, Caiwu and Min, Ziran and Cui, Tao",LLM-Assisted Robotic Trajectory Generation in PLC Environments,2025,9798400723032,Association for Computing Machinery,https://doi.org/10.1145/3774900.3776635,10.1145/3774900.3776635,"The integration of advanced robotics into manufacturing production lines promises unprecedented flexibility and efficiency. However, a significant barrier to widespread adoption is the inherent incompatibility between the complex requirements of optimal robotic trajectory planning and the traditional programming paradigms prevalent in industrial automation, such as Ladder Logic and Structured Text (ST) for Programmable Logic Controllers (PLCs). Existing workforces, mainly composed of electricians and technicians, often lack the advanced mathematical and object-oriented programming skills necessary for optimized robot control. This paper introduces a middleware framework that leverages Large Language Models (LLMs) to enable intuitive human-robot interactions in robotic trajectory planning. By bridging the communication gap between industrial workforces and robotic systems, this framework democratizes access to sophisticated robotic capabilities, making advanced robotics more accessible to a broader range of users. Our approach introduces an innovative, formatted configuration file for comprehensive system description, an iterative LLM Retrieval-Augmented Generation (RAG) coordination system that orchestrates an external optimization-based trajectory planner and incorporates human feedback, and a comprehensive Continuous Integration/Continuous Deployment (CI/CD) testing architecture for validation. This methodology aims to empower industrial operators to effectively utilize advanced robotics by abstracting technical complexities and fostering intuitive human-AI interactions, thereby accelerating innovation and enhancing productivity in the manufacturing sector.",Proceedings of the International Workshop on Middleware for IT/OT Integration,9–14,6,,,MITOTI '25,,"New York, NY, USA",,,,,
acm-20260429,inproceedings,10.1145/3777577.3777699,"Yu, Xiujuan and Tang, Jihua and Wang, Yue",Research on the Design and Implementation of Chronic Disease Management System Based on Microservice Architecture,2026,9798400715112,Association for Computing Machinery,https://doi.org/10.1145/3777577.3777699,10.1145/3777577.3777699,"The model of chronic disease management system based on microservice architecture solves the bottleneck of traditional monolithic system in high concurrency and cross-domain collaboration. The model is divided into four microservices, namely, user management, medical record, drug management and health management, through domain-driven design, and is built with Spring Boot, gRPC, Kafka and Kubernetes to realize event-driven and cross-service consistency control. In the experimental evaluation, the average response time of the system is 196 ms for concurrent 1,000 users, with a P95 latency of 295 ms, and the throughput reaches 14,220 req/s; the throughput is further increased to 34,200 req/s for concurrent 5,000 users, maintaining a CPU utilization rate of 92\%. Compared to the traditional monolithic architecture, the latency is reduced by about 37\% and the scaling efficiency is improved by more than 90\%. Beyond numerical performance, these improvements directly enhance user experience by reducing patient waiting time for medical record access, improving the responsiveness of prescription review by doctors, and ensuring stable performance in large-scale healthcare institutions. The results therefore indicate that the model not only provides significant advantages in terms of performance and scalability, but also brings tangible clinical benefits and operational efficiency to healthcare providers and patients.",Proceedings of the 2025 6th International Symposium on Artificial Intelligence for Medical Sciences,754–759,6,"Chronic disease management, Microservice architecture, Performance evaluation, System design",,ISAIMS '25,,"New York, NY, USA",,,,,
acm-20260429,inproceedings,10.1145/3779212.3790221,"Ribeiro, Bernardo and Ferreira, Mafalda and Santos, Jos\'{e} Fragoso and Bruno, Rodrigo and Santos, Nuno",Skyler: Static Analysis for Predicting API-Driven Costs in Serverless Applications,2026,9798400723599,Association for Computing Machinery,https://doi.org/10.1145/3779212.3790221,10.1145/3779212.3790221,"Unpredictable costs are a growing concern in serverless computing, where applications rely on cloud APIs with complex tiered pricing models. In many deployments, API calls dominate expenses, and a single overlooked design choice can escalate costs by thousands of dollars. Existing tools fall short: provider calculators need unrealistic manual estimates, and dynamic profilers only work post-deployment. We present Skyler, a static analysis framework for pre-deployment cost estimation of API invocations in serverless workflows. Skyler models control flow behavior and pricing semantics to construct symbolic cost expressions using SMT formulas, exposing economic sinks, i.e., code paths where API usage disproportionately impacts cost. This enables developers to identify hotspots and prevent costly architectural errors early. Skyler supports JavaScript-based serverless applications across AWS Lambda, Google Cloud Functions, and Azure Functions, achieving high accuracy (mean absolute percentage error &amp;#lt;1\% for AWS and Google, 4.5\% for Azure).","Proceedings of the 31st ACM International Conference on Architectural Support for Programming Languages and Operating Systems, Volume 2",1780–1799,20,"static analysis, serverless computing",USA,ASPLOS '26,,"New York, NY, USA",,,,,
acm-20260429,inproceedings,10.1145/3785520.3785525,"Saleh, Sabbir M. and Madhavji, Nazim H. and Steinbacher, John",Systematic Review of Identity-Centric Security in Cloud-Native CI/CD Pipelines,2026,9798400721250,Association for Computing Machinery,https://doi.org/10.1145/3785520.3785525,10.1145/3785520.3785525,"As cloud-native CI/CD pipelines automate software delivery at scale, identity-centric security has become a critical concern. This paper reports a systematic literature review of 59 peer-reviewed studies that examine authentication and authorisation (AuthN/AuthZ) in CI/CD workflows. We synthesise key vulnerability classes, including token theft, privilege escalation, session hijacking, supply-chain abuse, and misaligned microservice identities. We then introduce a CI/CD-specific vulnerability taxonomy and systematically map established mechanisms such as OAuth 2.0, Kerberos, SAML, mTLS, RBAC/ABAC, XACML, API gateways, and MFA to the attack vectors they mitigate across the pipeline. Finally, we analyse emerging trends, including Zero-Trust Architecture, decentralised identity, service-mesh-based access control, and cryptographically anchored identity models that use blockchain and self-sovereign identity. The review exposes persistent gaps in configuration, observability, and runtime enforcement, as well as organisational barriers to adopting stronger identity controls. Our findings provide a structured foundation for designing trustworthy, identity-centric DevSecOps practices and highlight concrete research directions for securing access in cloud-native CI/CD environments.",Proceedings of the 2025 10th International Conference on Cloud Computing and Internet of Things,23–32,10,"Authentication and Authorisation, CI/CD, DevSecOps, Identity Management, Security, Software Engineering",,CCIOT '25,,"New York, NY, USA",,,,,
acm-20260429,inproceedings,10.1145/3785520.3785526,"Saleh, Sabbir M. and Ifat, Md Nafiz Al and Madhavji, Nazim H. and Steinbacher, John",A Defence-Oriented Study of API Security in CI/CD Pipelines,2026,9798400721250,Association for Computing Machinery,https://doi.org/10.1145/3785520.3785526,10.1145/3785520.3785526,"Current CI/CD (Continuous Integration/Continuous Deployment) pipelines rely heavily on APIs (Application Programming Interfaces) to automate builds, deployments, and service orchestration. However, the growing complexity of these pipelines has revealed new challenges, including credential management, access control, runtime enforcement, etc., in securing API endpoints. This study presents a defence-oriented analysis of API security within CI/CD pipelines, focusing on the tools, practices, and challenges that outline real-world protection approaches. Through a systematic review of 34 peer-reviewed articles, we identified key defensive mechanisms, including role-based access control (RBAC), secrets vaults, Policy-as-Code (PaC) enforcement, and multi-factor authentication. We evaluated widely adopted tools, such as HashiCorp Vault, Open Policy Agent, and Snyk, and examined their deployment across CI/CD stages. Our analysis reveals unstable adoption, limited runtime observability, and fragmented enforcement across cloud platforms. To address these gaps, we propose a defence-mapping framework and outline actionable proposals to secure the CI/CD pipeline by design. This study supports practitioners and researchers in advancing API resilience across DevSecOps workflows.",Proceedings of the 2025 10th International Conference on Cloud Computing and Internet of Things,33–42,10,"API security, CI/CD pipeline, DevSecOps, defence mapping",,CCIOT '25,,"New York, NY, USA",,,,,
acm-20260429,inproceedings,10.1145/3786709.3786726,"Yu, Huibin",Research on the Risk Quantification Method of Equipment R&amp;D Expenses Based on Deep Learning,2026,9798400715051,Association for Computing Machinery,https://doi.org/10.1145/3786709.3786726,10.1145/3786709.3786726,"An advanced deep learning-based quantitative risk analysis system for military equipment development costs is proposed in this study. This research addresses the computational challenges posed by the large amount of multidimensional data generated by complex military projects by developing an intelligent risk analysis framework that integrates a hybrid CNN-LSTM architecture, distributed Monte Carlo simulation, and real-time monitoring capability. The system architecture includes components for intelligent risk identification, high-performance quantization, real-time monitoring, and decision support. Experimental validation on a comprehensive dataset of 258 military projects from 2015-2024 demonstrates the system's superior performance, with a prediction accuracy of 96.8\% and a processing speed of 85ms per risk assessment. The results show significant improvements in accuracy, resource utilization, and scalability compared to traditional statistical methods.",Proceedings of the 2025 International Conference on Artificial Intelligence and Foundation Model,109–116,8,"Deep learning, Intelligent analysis system, Military equipment R&amp;D expenses, Risk quantification",,AIFM '25,,"New York, NY, USA",,,,,
acm-20260429,inproceedings,10.1145/3787330.3787358,"Ali, Moustafa F. and Ceniza-Canillo, Angie M.",Multi-Agent Reinforcement Learning for Dynamic Software Development Methodology Selection: A Stakeholder-Aware Approach,2026,9798400719318,Association for Computing Machinery,https://doi.org/10.1145/3787330.3787358,10.1145/3787330.3787358,"Software development methodology selection remains a critical challenge in project management, particularly in dynamic environments where stakeholder preferences conflict and project conditions evolve. Existing approaches rely on static decision frameworks that fail to capture the temporal dynamics and multi-stakeholder nature of methodology selection. This paper introduces MARS (Multi-Agent Reinforcement learning for Software methodology Selection), a novel framework that models methodology selection as a multi-agent reinforcement learning problem where autonomous agents represent different stakeholders (developers, clients, managers, QA teams) and learn to negotiate optimal methodology choices through iterative interaction. The framework employs Deep Q-Networks (DQN) with prioritized experience replay for individual agent learning, combined with a consensus mechanism based on Nash equilibrium for multi-agent coordination. Experimental validation across 100 simulated projects with varying stakeholder configurations demonstrates superior performance compared to traditional approaches. MARS achieves 87.3\% methodology selection accuracy, reduces consensus time by 64\%, and maintains 92.1\% stakeholder satisfaction across diverse project scenarios. The framework adapts to changing project conditions in real-time, with agents learning optimal negotiation strategies that balance individual preferences with collective project success. Real-world deployment in three software companies shows measurable improvements: project delivery time reduced by 18\%, team satisfaction increased by 31\%, and methodology switch frequency decreased by 52\%. These results establish multi-agent reinforcement learning as a viable paradigm for dynamic, stakeholder-aware software methodology selection that evolves with organizational learning and changing project landscapes.",Proceedings of the 13th International Conference on Information Technology: IoT and Smart City,173–181,9,"Decision Support Systems, Flow Entropy Sort, Large Language Models, Stakeholder-aware Learning, Stakeholders Interaction",,ICIT '25,,"New York, NY, USA",,,,,
acm-20260429,inproceedings,10.5555/3049877.3049931,"Kontogiannis, Kostas and Athanasopoulos, Michael and Brealey, Chris",Continuous software engineering: challenge areas and frameworks,2016,,IBM Corp.,,,"Over the past years we are witnessing a paradigm shift on software development operations, where software life-cycle phases form a continuous process model as opposed to discrete process steps. In this respect, researchers and practitioners propose methods, tools, and frameworks that allow for continuous software engineering activities which achieve controlled short release cycles. More specifically, such activities that are bound in a continuum include business analysis, implementation, integration, delivery, testing and, compliance verification. To implement such a model we require infrastructures that provide continuous verification and gathering of new requirements, continuous run-time monitoring, continuous assessment of software health, and automatic or semi-automatic deployment and integration.",Proceedings of the 26th Annual International Conference on Computer Science and Software Engineering,335–338,4,,"Toronto, Ontario, Canada",CASCON '16,,USA,,,,,
acm-20260429,inproceedings,10.5555/3105398.3105406,"Farahmandpour, Zeinab and Versteeg, Steve and Han, Jun and Kameswaran, Anand",Service virtualisation of internet-of-things devices: techniques and challenges,2017,9781538604281,IEEE Press,,,"Service virtualization is an approach that uses virtualized environments to automatically test enterprise services in production-like conditions. Many techniques have been proposed to provide such a realistic environment for enterprise services. The Internet-of-Things (IoT) is an emerging field which connects a diverse set of devices over different transport layers, using a variety of protocols. Provisioning a virtual testbed of IoT devices can accelerate IoT application development by enabling automated testing without requiring a continuous connection to the physical devices. One solution is to expand existing enterprise service virtualization to IoT environments. There are various structural differences between the two environments that should be considered to implement appropriate service virtualization for IoT. This paper examines the structural differences between various IoT protocols and enterprise protocols and identifies key technical challenges that need to be addressed to implement service virtualization in IoT environments.",Proceedings of the 3rd International Workshop on Rapid Continuous Software Engineering,32–35,4,"continuous delivery, internet-of-things, service virtualisation","Buenos Aires, Argentina",RCoSE '17,,,,,,,
acm-20260429,inproceedings,10.5555/3172795.3172821,"Jim\'{e}nez, Miguel and Villegas, Norha M. and Tamura, Gabriel and M\""{u}ller, Hausi A.",Deployment Specification challenges in the context of large scale systems,2017,,IBM Corp.,,,"Traditionally, the focus of software deployment has been mainly on the infrastructure to realise deployment and configuration (D&amp;C) of complex and distributed systems, with an increasing interest in deployment of internet of things and cyber-physical systems. Advances in job scheduling, storage orchestration, containerized applications, along with agile practices such as continuous integration and microservices architecture, have improved the state of the practice. However, little effort has been devoted to the need for D&amp;C specifications to support the various levels of detail and abstraction present in large-scale systems. The understanding of the software components hierarchy has shifted from the comprehension of design artefacts, usually specified with static diagrams, to the understanding of runtime concepts. The DevOps movement has dramatically influenced how and when deployment is realised, but little has been done from the software perspective in terms of documentation and linkage between design and runtime artefacts in the sense of software specification as such. This paper presents an overview of the state of the art of deployment requirements for large-scale, distributed and complex software and its automation and characterises a set of deployment specification challenges intended as starting points for advancing the field of software deployment.",Proceedings of the 27th Annual International Conference on Computer Science and Software Engineering,220–226,7,"DevOps, continuous integration continuous configuration, continuous software deployment, deployment specification, models at runtime, runtime artefacts","Markham, Ontario, Canada",CASCON '17,,USA,,,,,
acm-20260429,inproceedings,10.5555/3172795.3172823,"Khazaei, Hamzeh and Ravichandiran, Rajsimman and Park, Byungchul and Bannazadeh, Hadi and Tizghadam, Ali and Leon-Garcia, Alberto",Elascale: autoscaling and monitoring as a service,2017,,IBM Corp.,,,"Auto-scalability has become an evident feature for cloud software systems including but not limited to big data and IoT applications. Cloud application providers now are in full control over their applications' microservices and macroservices; virtual machines and containers can be provisioned or deprovisioned on demand at run-time. Elascale strives to adjust both micro/macro resources with respect to workload and changes in the internal state of the whole application stack. Elascale leverages Elasticsearch stack for collection, analysis and storage of performance metrics. Elascale then uses its default scaling engine to elastically adapt the managed application. Extendibility is guaranteed through provider, schema, plug-in and policy elements in the Elascale by which flexible scalability algorithms, including both reactive and proactive techniques, can be designed and implemented for various technologies, infrastructures and software stacks. In this paper, we present the architecture and initial implementation of Elascale; an instance will be leveraged to add auto-scalability to a generic IoT application. Due to zero dependency to the target software system, Elascale can be leveraged to provide auto-scalability and monitoring as-a-service for any type of cloud software system.",Proceedings of the 27th Annual International Conference on Computer Science and Software Engineering,234–240,7,"auto-scalability, cloud application, containers, docker, elasticsearch, macroservices, microservices, monitoring, scalability as a service","Markham, Ontario, Canada",CASCON '17,,USA,,,,,
acm-20260429,inproceedings,10.5555/3201607.3201715,"Lin, Bin and Xie, Fei",SCbench: a benchmark design suite for systemC verification and validation,2018,,IEEE Press,,,"SystemC has become a de-facto standard hardware modelling language in the semiconductor industry, enabling early exploration of design spaces and verification at a higher level of abstraction. It is both important and necessary for researchers to evaluate their new verification approaches and algorithms quantitatively. This paper presents SCBench, a comprehensive suite of benchmark designs for SystemC verification and validation. SCBench consists of 38 well-written representative behavior-level SystemC designs, which have been selected carefully from various application domains, such as CPU architecture, security, network, and artificial intelligence. The benchmark covers most core features of SystemC language. SCBench is freely available online to all researchers.",Proceedings of the 23rd Asia and South Pacific Design Automation Conference,440–445,6,,"Jeju, Republic of Korea",ASPDAC '18,,,,,,,
acm-20260429,inproceedings,10.5555/3290281.3290311,"Biddle, Robert and Noble, James and Tempero, Ewan",Patterns for usage centred design,2017,9781941652060,The Hillside Group,,,"The discipline of Usage-Centred Design has been introduced to incorporate usability into software engineering development processes. ISO 9241 defines usability as ""The effectiveness, efficiency and satisfaction with which specified users achieve specified goals in particular environments."" [ISO 1998]. A key feature of Usage-Centred Design is that the design practitioner acts as an advocate for users, ensuring concern for usability is maintained throughout the development cycle. Described in Constantine \&amp; Lockwood's Software for Use [1999], Usage Centred Design is based on essential use cases, and draws ideas from object-oriented methodology [Jacobson et al. 1992; Wirfs-Brock et al. 1990; Cockburn 2001; Beck 1999] as well as task analysis and prototyping techniques common to human-computer interaction designers. The emphasis on tasks, and the use of the system distinguishes usage-centred design from e.g. other approaches that are user-centred, rather than usage-centred. This approach also differs from approaches that empasize discussion of specific user stories during implementation.",Proceedings of the 24th Conference on Pattern Languages of Programs,,32,usage centred design,"Vancouver, British Columbia, Canada",PLoP '17,25,USA,,,,,
acm-20260429,inproceedings,10.5555/3291291.3291319,"Beigi-Mohammadi, Nasim and Litoiu, Marin and Emami-Taba, Mahsa and Tahvildari, Ladan and Fokaefs, Marios and Merlo, Ettore and Onut, Iosif Viorel",A DevOps framework for quality-driven self-protection in web software systems,2018,,IBM Corp.,,,"Modern software is developed, deployed and operates continuously. At the same time, cyberattacks are on the rise. The continuity of development and operations and the constant threat of attacks requires novel approaches to identify, analyze and address potential security vulnerabilities. In this continuous and volatile execution environment, factors like security, performance, cost and functionality may not be able to be guaranteed in the same degree at the same time. In this work, we propose a DevOps framework for security adaptation that enables the development and operations teams to collaborate and address security vulnerabilities. The proposed framework spans across the different phases of software (development, operations, maintenance) and considers all other factors (performance, cost, functionality), when deciding for security adaptations. We demonstrate the approach on a prototype tool that shows how teams work together to tackle security concerns.",Proceedings of the 28th Annual International Conference on Computer Science and Software Engineering,270–274,5,"devops, security, self-adaptive systems, self-protection, software defined infrastructure, web software","Markham, Ontario, Canada",CASCON '18,,USA,,,,,
acm-20260429,inproceedings,10.5555/3291291.3291321,"Khazaei, Hamzeh and Ghanbari, Alireza and Litoiu, Marin",Adaptation as a service,2018,,IBM Corp.,,,"Current and emerging complex systems of many types including but not limited to big data systems, web-based systems, data centers and cloud infrastructure, social networks and the Internet of Things (IoT) have increasingly distributed and dynamic architecture that provide unprecedented flexibility in creating and supporting applications. However, such highly distributed architecture also increases the complexity of end-to-end management of such systems. Due to the sheer complexity, uncertainty and at the same time programmability of cloud environments, microservices and finally big data analytics, it is now required, and possible, to enable autonomic management in distributed systems in a dependable manner. In this paper, we argue that building autonomic management systems is a challenging task and requires its own set of expertise and knowledge. Therefore, in the light of current challenges, available enablers and recent successful stories, we propose the idea of moving from self-adaptation to ADaptation-as-a-Service (ADaaS).",Proceedings of the 28th Annual International Conference on Computer Science and Software Engineering,282–288,7,"adaptation as a service, cloud computing, containers, eslf-adaptation, microservices, software engineering","Markham, Ontario, Canada",CASCON '18,,USA,,,,,
acm-20260429,inproceedings,10.5555/3291291.3291341,"Litoiu, Marin and Wigglesworth, Joe",The 10th CASCON workshop on cloud computing,2018,,IBM Corp.,,,"In the last decade we have seen a dramatic change of the IT landscape. Cloud computing has changed the way the applications are developed, deployed and operated. At the same time, new application domains such as Internet of Things (IoT) add new requirements for cloud, such as new cloud architectures, guarantee requirements for performance, privacy and security. IoT are families of technologies, protocols, software and algorithms that enable sensor-embedded-objects such as city infrastructure, buildings, farms, factories, appliances, health and personal accessories to connect to the Internet, push data and pull commands from cloud. The data emitted by sensors-enabled objects can be archived on the cloud, where it is fused and analyzed to make inferences that can be used to adapt the same objects or their environments. IoT technologies are key enablers for building new applications in a variety of domains, such as autonomous vehicles, automated farms, automated manufacturing, smart cities and buildings, and personalized healthcare [2],[3].",Proceedings of the 28th Annual International Conference on Computer Science and Software Engineering,362–363,2,,"Markham, Ontario, Canada",CASCON '18,,USA,,,,,
acm-20260429,inproceedings,10.5555/3320516.3320605,"Fujimoto, Richard and Barjis, Joseph and Blasch, Erik and Cai, Wentong and Jin, Dong and Lee, Seunghan and Son, Young-Jun",Dynamic data driven application systems: research challenges and opportunities,2018,978153866570,IEEE Press,,,"Dynamic Data Driven Applications Systems (DDDAS) is a paradigm where data is dynamically integrated into an executing application, and in reverse, the application dynamically steers the measurement process in a feedback control loop. Since its inception in 2000, the DDDAS concept has been successfully applied to a host of application areas. New technologies are emerging such as big data, the Internet of Things, and cloud/edge computing. With these trends DDDAS is poised to have large-scale impacts in areas such as smart cities, manufacturing, health care, and security, to name a few. Each author describes their views concerning the important research challenges facing the DDDAS paradigm and opportunities for impact in the years ahead.",Proceedings of the 2018 Winter Simulation Conference,664–678,15,,"Gothenburg, Sweden",WSC '18,,,,,,,
acm-20260429,inproceedings,10.5555/3370272.3370299,"Rouf, Yar and Mukherjee, Joydeep and Fokaefs, Marios and Shtern, Mark and Le, Justin and Litoiu, Marin",Rule-based security management system for data-intensive applications,2019,,IBM Corp.,,,"Applications in today's software development landscape evolve at a rapid rate, constantly providing their users with new updates and features. This can result in growing complexity to understand the entire application even within the scope of a small enterprise. The security team may not understand such a large application completely and the developers may not understand or properly incorporate important security measures, thus creating a less secure system. As a result, the application can be subjected to security vulnerabilities that can result in serious data and reputation loss. In this work, we propose a platform for security control that uses a Business Rule Engine to provide a more simplified way of defining security rules at an operational level, allowing collaboration between developers and security analysts. The proposed platform is external to the system and enables the development and security teams to write simple business rules without disrupting the system. We first evaluate our platform on a private testbed where we show how it simplifies the task of detecting common Web application vulnerabilities. Next, we deploy the platform along with a real data-intensive industrial application. We validate our platform on this industrial application to show how it can detect and mitigate unknown security vulnerabilities, how it can handle complex vulnerabilities and how it can facilitate the teams to handle these issues at runtime.",Proceedings of the 29th Annual International Conference on Computer Science and Software Engineering,254–263,10,,"Toronto, Ontario, Canada",CASCON '19,,USA,,,,,
acm-20260429,inproceedings,10.5555/3373669.3373676,"Syed, Madiha H. and Fernandez, Eduardo B.",The secure container manager pattern,2020,,The Hillside Group,,,"Software containers have become very popular recently as flexible and portable operating-system-level virtualization solutions. They offer isolated virtual execution environments for applications while sharing host operating system, binaries and libraries with other containers. Containers are used to test and deploy applications. Large numbers of containers in a cluster can be organized, orchestrated and managed by container managers. Container managers facilitate optimal resource utilization for efficient and balanced execution of workloads. Container managers allow automation of tasks related to organization, scheduling and distribution of applications running in containers and they also improve the performance of applications running in them by supporting scalability and replication in distributed application environments. While these systems have a lot of benefits, they can only be utilized to their full potential if they are secure. Container managers incorporate various security features. We present in this paper a pattern for the security of container managers.",Proceedings of the 25th Conference on Pattern Languages of Programs,,8,"architecture patterns, cloud ecosystem, clouds, container cluster management, container ecosystem, microservices, security, security patterns, software containers, virtualization","Portland, Oregon",PLoP '18,8,USA,,,,,
acm-20260429,inproceedings,10.5555/3400397.3400597,"Huber, Daniel and Horne, Gary and Kallfass, Daniel and Hodicky, Jan and de Reus, Nico",Data farming services: micro-services for facilitating data farming in NATO,2020,9781728132839,IEEE Press,,,"In this paper the concept and architecture of Data Farming Services (DFS) are presented. DFS is developed and implemented in NATO MSG-155 by a multi-national team. MSG-155 and DFS are based on the data farming basics codified in MSG-088 and the actionable decision support capability developed in MSG-124. The developed services are designed as a mesh of microservices as well as an integrated toolset and shall facilitate the use of data farming in NATO. This paper gives a brief description of the functionality of the services and the use of them in a web application. It also presents several use cases with current military relevance, which were developed to verify and validate the implementation and define requirements. The current prototype of DFS was and will be tested at the 2018 and 2019 NATO CWIX exercises, already proving successful in terms of deployability and usability.",Proceedings of the Winter Simulation Conference,2455–2466,12,,"National Harbor, Maryland",WSC '19,,,,,,,
acm-20260429,inproceedings,10.5555/3507788.3507833,"M\""{u}ller, Hausi A. and Rivera, Luis F. and Jim\'{e}nez, Miguel and Villegas, Norha M. and Tamura, Gabriel and Akkiraju, Rama and Watts, Ian and Erpenbach, Eric",Proactive AIOps through digital twins,2021,,IBM Corp.,,,"The rise of advanced IT environments (IT ·Envs) that meet ever increasing user expectations on software quality necessitates innovative practices in the development and operation of software-intensive systems. DevOps teams find themselves searching for ways to deliver value by attacking operational challenges that tend to overwhelm human capabilities. Most of these challenges relate to the structural and behavioural complexities of modern IT·Envs. While the former concerns the orchestration of multiple technologies, the latter involves the exploitation of the huge data streams produced that are integral to DevOps activities. As automation, autonomy, and artificial intelligence technologies are maturing and permeating various activities in the software development lifecycle, opportunities arise from their integration with DevOps practices to improve risk mitigation, root cause analysis, problem resolution, and operational optimization in IT·Envs. This CASCON x EVOKE 2021 workshop discussed challenges and opportunities in developing proactive AIOps through digital twin technologies.",Proceedings of the 31st Annual International Conference on Computer Science and Software Engineering,275–276,2,"AI, AIOps, DevOps, IT operations, cloud, digital twins, fault prediction, machine learning","Toronto, Canada",CASCON '21,,USA,,,,,
acm-20260429,inproceedings,10.5555/3507788.3507844,"Kontogiannis, Kostas and Amyot, Daniel and Mylopoulos, John",Software techniques for engineering cyber-physical systems,2021,,IBM Corp.,,,"Cyber-Physical Systems (CPSs) refer to systems comprising software components, physical components, and social entities which monitor, control, and coordinate processes within a physical environment. CPSs apply to a wide range of mission-critical applications that span from the intelligent management of logistics in complex supply chains, advanced manufacturing systems, and smart contracts, all the way to autonomous systems, and systems that support the smart interactions between humans and machines (M2H), or between machines (M2M). In this respect, the engineering of CPSs goes beyond existing Software Engineering concepts, tools, and techniques because of the very nature of CPSs that spans three realms (cyber, physical, social) and therefore needs to address requirements that span these realms. During the workshop, the participants discussed and debated techniques and directions in six main thematic areas on engineering Cyber-Physical Systems. These thematic areas deal with specification and modeling, DevOps processes for CPSs, data management and analytics, infrastructure and event handling, run-time adaptivity, and finally security, trust, and traceability.",Proceedings of the 31st Annual International Conference on Computer Science and Software Engineering,289–290,2,"continuous software engineering, fault-proneness prediction, process metrics, software repositories","Toronto, Canada",CASCON '21,,USA,,,,,
acm-20260429,inproceedings,10.5555/3522802.3522854,"DeLong, Suzanne and Tolk, Andreas",Sustainable computing and simulation: a literature survey,2022,,IEEE Press,,,"Smart technologies are everywhere and the creation of a smart world, from smart devices to smart cities is rapidly growing to potentially improve quality of life. Businesses, governments, and individual users of smart technology expect a level of service and access to data that is achieved through data and supercomputing centers. These centers potentially consume vast amounts of power and their continued growth may be unsustainable and contribute to greenhouse gasses. As smart technologies rely heavily on such computational capabilities their sustainability is pivotal for a smart future. This paper explores the literature to: identify the problems; categorize the challenges as well as possible solutions; explore how simulation and machine learning can improve computational sustainability; and consider the need to conduct trade-off analysis to determine when to apply simulation and machine learning benefits. A taxonomy for sustainable computing is presented for future research.",Proceedings of the Winter Simulation Conference,,12,,"Phoenix, Arizona",WSC '21,81,,,,,,
acm-20260429,inproceedings,10.5555/3539845.3540175,"Metta, Ravindra and Medicherla, Raveendra Kumar and Chakraborty, Samarjit",BMC+Fuzz: efficient and effective test generation,2022,9783981926361,European Design and Automation Association,,,"Coverage Guided Fuzzing (CGF) is a greybox test generation technique. Bounded Model Checking (BMC) is a whitebox test generation technique. Both these have been highly successful at program coverage as well as error detection. It is well known that CGF fails to cover complex conditionals and deeply nested program points. BMC, on the other hand, fails to scale for programming features such as large loops and arrays.To alleviate the above problems, we propose (1) to combine BMC and CGF by using BMC for a short and potentially incomplete unwinding of a given program to generate effective initial test prefixes, which are then extended into complete test inputs for CGF to fuzz, and (2) in case BMC gets stuck even for the short unwinding, we automatically identify the reason, and rerun BMC with a corresponding remedial strategy. We call this approach as BMCFuzz and implemented it in the VeriFuzz framework. This implementation was experimentally evaluated by participating in Test-Comp 2021 and the results show that BMCFuzz is both effective and efficient at covering branches as well as exposing errors. In this paper, we present the details of BMCFuzz and our analysis of the experimental results.","Proceedings of the 2022 Conference \&amp; Exhibition on Design, Automation \&amp; Test in Europe",1419–1424,6,,"Antwerp, Belgium",DATE '22,,"Leuven, BEL",,,,,
acm-20260429,inproceedings,10.5555/3566055.3566074,"Rivera, Luis F. and Villegas, Norha M. and Tamura, Gabriel and Muller, Hausi A. and Akkiraju, Rama and Watts, Ian and Erpenbach, Eric",Using Dynamic Knowledge Hypergraphs Toward Proactive AlOps through Digital Twins,2022,,IBM Corp.,,,"The necessity of minimizing the disruption of offered software­based products and services is becoming progressively prominent in IT operations to maximize quality of service and improve per­ceived value. Nevertheless, the increased operational complexities and uncertainties of modern IT systems overwhelm human compe­tencies and challenge the effectiveness of traditional monitoring systems. Consequently, guaranteeing the expected performance ofIT systems demands augmented autonomic (self-management) capabilities. The introduction and continuous advancement of arti­ficial intelligence for IT operations (i.e., AIOPs) represent a break­through in this regard. Moreover, the integration of AIOPs with the revolutionary concept of digital twins (DTs) might signify a step forward toward the achievement of proactive, AI-led IT op­erations. However, the definition of appropriate mechanisms and infrastructures to realize this integration remains an unexplored field, limiting anticipated benefits and blurring its potential impact. Especially, the modelling of DTs for AIOPs, and in general for soft­ware systems, is an emerging research area yet to be exploited. This short paper describes our vision for applying dynamic knowledge hypergraphs as an instrument to capture and utilize OT-driven information to improve risk mitigation, root cause analysis, and problem resolution in the proactive AIOPs realm.",Proceedings of the 32nd Annual International Conference on Computer Science and Software Engineering,163–168,6,"digital twins, aiops, semantics","Toronto, Canada",CASCON '22,,USA,,,,,
acm-20260429,inproceedings,10.5555/3566055.3566092,"Kontogiannis, Kostas and Mylopoulos, John and Amyot, Daniel",2𝑛𝑑 Workshop on Software Techniques for Engineering Cyber Physical Systems,2022,,IBM Corp.,,,"The very nature of CPSs that spans three realms (cyber, physical, social) poses unique challenges related to specification, modeling, design, and testing, that go beyond existing Software Engineering concepts, tools, and techniques. The 2𝑛𝑑 workshop on Software Techniques for Engineering Cyber-Physical Systems held within the CASCONxEVOKE conference, focused on the recent develop-ments and open research challenges in six main thematic areas namely specification and modeling, DevOps processes for CPSs, data management and analytics, infrastructure and event handling, run-time adaptivity, and finally security, trust, and traceability.",Proceedings of the 32nd Annual International Conference on Computer Science and Software Engineering,243–244,2,"Cyber-Physical Systems, Software Engineering, System Modeling","Toronto, Canada",CASCON '22,,USA,,,,,
acm-20260429,inproceedings,10.5555/3615924.3615948,"Hausi A., M\""{u}ller and Litoiu, Marin and Rivera, Luis F. and Rasolroveicy, Mohammadreza and Villegas, Norha M. and Tamura, Gabriel and Watts, Ian and Erpenbach, Eric and Shwartz, Laura",Proactive Continuous Operations using Large Language Models (LLMs) and AIOps,2023,,IBM Corp.,,,"Advances and synergies between AI and Cloud computing are driv-ing increased levels of automation and autonomy in the strenuous operation of modern and complex IT systems and environments (IT-Sys|Envs). This notion, often termed as AIOps, is transforming the landscape of IT-Sys|Env operations by a providing a framework to augment DevOps teams’ capabilities to cope with inevitable complexities and uncertainties. Through operational optimization and rapid response and risk mitigation mechanisms, AIOps sup-presses factors that might threaten service-level agreement com-pliance or value delivery. A pivotal aspect of this transformation, and its promising future, lies in the integration of AIOps with other groundbreaking technologies such as Large Language Models (LLMs) and Digital Twins (DTs), especially in the context of Cloud environments. The 1st CASCON Workshop on Proactive Continuous Operations Using LLMs and AIOps provided a dynamic platform for researchers and industry practitioners to exchange insights, advancements, and ideas in AI, Cloud, and automation.",Proceedings of the 33rd Annual International Conference on Computer Science and Software Engineering,198–199,2,"aiops, large language models, digital twins, reference models, run-","Las Vegas, NV, USA",CASCON '23,,USA,,,,,
acm-20260429,inproceedings,10.5555/3615924.3615951,"Rivera, Luis F. and Villegas, Norha M. and Tamura, Gabriel and Muller, Hausi A. and Watts, Ian and Erpenbach, Eric and Shwartz, Laura and Liu, Xiaotong",Using Digital Twins for Software Change Risk Assessment Toward Proactive AIOps,2023,,IBM Corp.,,,"The increasing structural and behavioural complexity of modern IT systems and environments (IT-Sys|Envs) calls for adopting automated fault anticipation and forecasting mechanisms to mitigate risks, limit system disturbances and damage, and improve problem resolution readiness. Preventing unexpected or undesired ITSys| Envs behaviour is crucial not only to maximize customer value and satisfaction but also to fulfill strict service-level agreements. Given the constant need for operational changes in today’s dynamic IT-Sys|Envs as a response to evolving user requirements and expectations, DevOps teams face several challenges and uncertainties to limit the potential introduction of faults, foresee their occurrence, and comprehend their associated risks. While the accomplishments attained in the application of artificial intelligence to the operation of IT-Sys|Envs (i.e., AIOps) show promise, further research is necessary to facilitate the transition from reactive AIOps to its anticipated proactive, and risk-focused, manifestation. This involves advancing AIOps conceptualization and tooling for enabling improved software fault prognosis and remediation, augmented risk management, and enhanced explainability. We describe our vision for proactive AIOps and report our progress toward its viable realization through the application of relevant notions from the revolutionary concept of Digital Twins. Moreover, we discuss challenges and opportunities regarding this promising integration and its impact on the future of software development and operation life cycles.",Proceedings of the 33rd Annual International Conference on Computer Science and Software Engineering,211–216,6,"Digital Twins, AIOps, Reference Models, Runtime Experimentation","Las Vegas, NV, USA",CASCON '23,,USA,,,,,
