"Document Title",Authors,"Author Affiliations","Publication Title",Date Added To Xplore,"Publication Year","Volume","Issue","Start Page","End Page","Abstract","ISSN",ISBNs,"DOI",Funding Information,PDF Link,"Author Keywords","IEEE Terms","Mesh_Terms",Article Citation Count,Patent Citation Count,"Reference Count","License",Online Date,Issue Date,"Meeting Date","Publisher",Document Identifier
"Challenges of Adopting DevOps Culture on the Internet of Things Applications - A Solution Model","A. Bijwe; P. Shankar","Post Graduate Research Centre, Indira Institute of Management, Pune (SP Pune University), Pune, India; Indira College of Engineering and Management (SP Pune University), Pune, India",2022 2nd International Conference on Technological Advancements in Computational Sciences (ICTACS),"28 Dec 2022","2022","","","638","645","DevOps is a culture that emphasizes team cooperation and encourages enterprises to deliver software product features through automated processes. The Internet of Things paradigm is impulsively and continuously reforming industrial endeavours. DevOps combines continuous integration followed by continuous testing which is then succeeded by continuous deployment and continuous delivery. Continuous monitoring is a nerve ending once the product is delivered. This entire combination helps to produce faster deployments with quality. The DevOps-related challenges in IoT projects are discussed in this paper. The DevOps methodology and its recommended practices are frequently used in combination with version control, monitoring, and alerting at the device level. It has outlined the software architecture for IoT devices. This study reviewed research articles to investigate challenges with the Internet of Things applications related to DevOps framework. This study also tried to explore solutions for those challenges in form of guidelines, practices to adhere to, and models suggested in various available literature. The proposed article identifies important issues that must be resolved to implement the DevOps culture in IoT applications. Additionally, the organizations' cultural difficulties confronted while placing DevOps into practice are studied and a model is developed to provide guidelines. Effectiveness measures under consideration are collaboration, sharing, efficiency, and quality (Business value). So, this study emphasizes the challenges related to these effectiveness measures. According to research, there are several obstacles to implementing a DevOps culture in IoT applications, including poor communication, less no of DevOps experts, weak collaboration, and less management support. This research suggested a new model, Industrial DevOps Maturity Model (IDMM) to provide usage guidelines that can be the solution to existing challenges related to the effectiveness measures faced while using DevOps framework in IoT applications.","","978-1-6654-7657-7","10.1109/ICTACS56270.2022.9988182","","https://ieeexplore.ieee.org/stamp/stamp.jsp?arnumber=9988182","Internet of Things;DevOps;DevOps culture;DevOps challenges;DevOps guidelines;DevOps model;Industrial DevOps Maturity Model;IDMM","Software architecture;Computational modeling;Collaboration;Organizations;Software;Internet of Things;Cultural differences","","13","","37","IEEE","28 Dec 2022","10-12 Oct. 2022","10-12 Oct. 2022","IEEE","IEEE Conferences"
"Challenges and Opportunities of DevOps for IoT Systems:DevOps-For-IoT","W. Khalaifat; F. Abdulaziz","Collage of Information Technology, University of Bahrain, Kingdom of Bahrain; Collage of Information Technology, University of Bahrain, Kingdom of Bahrain","2024 International Conference on Innovation and Intelligence for Informatics, Computing, and Technologies (3ICT)","13 Jan 2025","2024","","","289","294","DevOps has become a highly important trend in the global software industry due to its ability to improve productivity, quality, and customer satisfaction in the software development process. It is a collection of methods that integrate software development and operations, allowing for a continuous life cycle of software products. While DevOps has achieved success in traditional software systems, the adoption of DevOps remains relatively limited in the domain of Internet of Things (IoT), which integrates physical components, software, and communication systems. Managing and integrating the diverse elements of IoT including IoT applications, hardware platforms, operating systems, protocols, and security requirements, hinders the implementation of DevOps in IoT. This study investigates the use of the DevOps approach within the domain of the IoT. It explores and analyzes the obstacles associated with adopting DevOps in the IoT field. Also, it introduces DevOps-For-IoT, which is a modified DevOps approach for the IoT.","2770-7466","979-8-3315-3313-7","10.1109/3ict64318.2024.10824302","","https://ieeexplore.ieee.org/stamp/stamp.jsp?arnumber=10824302","Internet of Things;DevOps;Development;Operation;Automation;Software","Productivity;Technological innovation;DevOps;Protocols;Operating systems;Software systems;Hardware;Internet of Things;Security;Software engineering","","2","","29","IEEE","13 Jan 2025","17-19 Nov. 2024","17-19 Nov. 2024","IEEE","IEEE Conferences"
"Ensuring the Integrity, Confidentiality, and Availability of IoT Data in Industry 5.0: A Systematic Mapping Study","K. Boisrond; P. M. Tardif; F. Jaafar","Computer Science Department, University of Sherbrooke, Sherbrooke, QC, Canada; Computer Science Department, University of Sherbrooke, Sherbrooke, QC, Canada; Computer Science and Mathematics Department, University of Quebec at Chicoutimi, Chicoutimi, QC, Canada",IEEE Access,"9 Aug 2024","2024","12","","107017","107045","The significant success of the Internet of Things in facilitating connections among consumer devices has led to an evident inclination towards connecting devices within industrial environments, commonly known as the Industrial Internet of Things (IIoT). Meanwhile, the integration of DevOps and DevSecOps into Industry 5.0 is generating much interest in both industry and academia, and its adoption in practice is raising a lot of challenges. This study aims to organize the knowledge about the challenges encountered by the Industry and practitioners when adopting DevOps and DevSecOps in the Industry 5.0 environment, as well as suggested practices documented in the literature. We also identify the security challenges related to data integrity, confidentiality, and availability of Industrial IoT data. We conducted a Systematic Mapping Review of more than a thousand papers and focused on 57 peer-reviewed studies published between January 2019 and March 2024. We have identified challenges and benefits associated with adopting DevOps and DevSecOps in Industry 5.0. We have also identified specific security solutions, particularly in the Industrial Internet of Things (IIoT), as well as the correlation between these findings. The study results were classified into organizational, technical, and regulatory. The findings show that the most frequently reported challenges and solutions were related to technical. Although organizational factors were considered critical for successfully adopting DevOps and DevSecOps in Industry 5.0, they required more investigation. Our study offers a comprehensive analysis of the research to secure the industrial Internet of Things, discusses their applicability, and analyzes their security benefits by integrating DevOps and DevSecOps in Industry 5.0.","2169-3536","","10.1109/ACCESS.2024.3434618","Contributions of NSERC’s Discovery Program and Public Safety Canada’s Cyber Security Cooperation Program; ","https://ieeexplore.ieee.org/stamp/stamp.jsp?arnumber=10613759","DevOps;secure DevOps;DevSecOps;industry 5.0;Industrial Internet of Things (IIoT);Internet of Things (IoT);continuous integration;continuous deployment;continuous delivery;integrity;confidentiality;availability;artificial intelligence;cyber security","Security;DevOps;Fifth Industrial Revolution;Software;Industrial Internet of Things;Codes;Fourth Industrial Revolution","","15","","99","CCBYNCND","29 Jul 2024","2024","","IEEE","IEEE Journals"
"Realization of a Model-Based DevOps Process for Industrial Safety Critical Cyber Physical Systems","S. Gautham; A. V. Jayakumar; A. Rajagopala; C. Elks","Dependable Cyber-Physical Systems Lab, Virginia Commonwealth University, Richmond, VA, USA; Dependable Cyber-Physical Systems Lab, Virginia Commonwealth University, Richmond, VA, USA; Dependable Cyber-Physical Systems Lab, Virginia Commonwealth University, Richmond, VA, USA; Dependable Cyber-Physical Systems Lab, Virginia Commonwealth University, Richmond, VA, USA",2021 4th IEEE International Conference on Industrial Cyber-Physical Systems (ICPS),"5 Jul 2021","2021","","","597","604","Safety critical Industrial Cyber Physical Systems (CPS) have stringent safety and security requirements and need assurance of deterministic behavior during system operation. In many safety critical application domains, runtime monitors (or runtime verification) are used to enforce operational safety and security. One of the challenges in runtime verification is to identify the critical safety properties that we want to monitor at runtime. In this paper, we explore how structural verification activities in a Model Based Design and Engineering (MBDE) context help formulate more effective monitoring specifications to cover vulnerable areas in a system. We assert that leveraging synergy between design and runtime verification produces more informed runtime safety monitors. This approach of integrating design assurance and runtime safety and security is an important aspect of the dependable DevOps continuum process. To demonstrate this, we perform verification of an Emergency Diesel Generator Startup Sequencer (EDGSS) implemented on an FPGA overlay architecture using model-based verification techniques. We present our key findings on synergy between runtime verification and design processes to support a more inclusive safety case.","","978-1-7281-6207-2","10.1109/ICPS49255.2021.9468213","","https://ieeexplore.ieee.org/stamp/stamp.jsp?arnumber=9468213","Runtime verification;model-based engineering;Industrial Cyber Physical Systems;DevOps","Runtime;Systems operation;Tools;Generators;Safety;Security;IEC Standards","","10","","18","IEEE","5 Jul 2021","10-12 May 2021","10-12 May 2021","IEEE","IEEE Conferences"
"Meta-Model Approach of Applied Devops on Internet of Things Ecosystem","B. El Khalyly; A. Belangour; A. Erraissi; M. Banane","Laboratory of Information Technology and Modeling, Faculty of sciences Ben M'sik, Hassan II University, Casablanca, Morocco; Laboratory of Information Technology and Modeling, Faculty of sciences Ben M'sik, Hassan II University, Casablanca, Morocco; Laboratory of Information Technology and Modeling, Faculty of sciences Ben M'sik, Hassan II University, Casablanca, Morocco; Laboratory of Information Technology and Modeling, Faculty of sciences Ben M'sik, Hassan II University, Casablanca, Morocco","2020 IEEE 2nd International Conference on Electronics, Control, Optimization and Computer Science (ICECOCS)","14 Jan 2021","2020","","","1","6","DevOps is a software development and distribution process. It combines an entire culture of collaboration and fusion between management approach, technologies of coding and technics of integration. DevOps is a new paradigm and novel concept that is introduced in different industries that concerns software and embedded development like robotics and smart agent.The ecosystem of the Internet of Things is a set of physical devices such as sensors and actuators. It includes a set of servers and gateways that provide connectivity. These devices can be installed at three levels: the edge level, the fog level and the cloud level. Applications that monitor things and collect data from sensors are deployed at the edge, fog and cloud levels. These applications can be containerized and deployed in different devices by Docker, which takes advantage of its advantage to create executable containers that are isolated from each other. This paper presents a generic metamodel of the Internet of Things ecosystem based on microservices and supported by Docker as a containerization tool and Ansible as a monitoring tool. This metamodel allows us to generate a system of connected objects that can be deployed on three levels: Fog, Edge, Cloud. This metamodel can be used in different types of domains such as Smart Home - Smart City - Smart Vehicle - Smart Health - Smart Farm - Smart Factory. The metamodel proposed in this article is a fusion between 5 metamodels: Internet of Things - Microservices - Ansible - Docker - Kubernetes.","","978-1-7281-6921-7","10.1109/ICECOCS50124.2020.9314552","","https://ieeexplore.ieee.org/stamp/stamp.jsp?arnumber=9314552","Model Driven Engineering;metamodeling;Microservices;Internet of Things;Devops;Docker;Ansible;Kubernetes","Ecosystems;Internet of Things;Containers;Tools;Monitoring;Cloud computing;Actuators","","1","","22","IEEE","14 Jan 2021","2-3 Dec. 2020","2-3 Dec. 2020","IEEE","IEEE Conferences"
"Cloud Ecosystems Support for Internet of Things and DevOps Using Patterns","M. H. Syed; E. B. Fernandez","Dept. of Comp. and Elect. Eng. and Computer Science, Florida Atlantic University, Boca Raton, FL, USA; Dept. of Comp. and Elect. Eng. and Computer Science, Florida Atlantic University, Boca Raton, FL, USA",2016 IEEE First International Conference on Internet-of-Things Design and Implementation (IoTDI),"19 May 2016","2016","","","301","304","An ecosystem is the expansion of a software product line architecture to include systems outside the product which interact with the product. A cloud ecosystem includes interdependent and communicating components. Not only the cloud ecosystem itself keeps evolving, but it also affects the way in which we develop and deploy software. We model the architecture of a cloud ecosystem as a set of patterns, showing partial descriptions for some of them. We then discuss the role of this evolving platform in facilitating the Internet of Things and the new DevOps framework for developing software.","","978-1-4673-9948-7","10.1109/IoTDI.2015.31","","https://ieeexplore.ieee.org/stamp/stamp.jsp?arnumber=7471379","Software ecosystems;Internet of Things;cloud computing;fog computing;software containers;DevOps;reference architectures","Cloud computing;Ecosystems;Containers;Unified modeling language;Security;Computer architecture","","12","","32","IEEE","19 May 2016","4-8 April 2016","4-8 April 2016","IEEE","IEEE Conferences"
"Seamless Integration of DevOps Tools for Provisioning Automation of the IoT Application on Multi-Infrastructures","H. E. Solayman; R. P. Qasha","Department of Computer Science, University of Mosul, Mosul, Iraq; Department of Computer Science, University of Mosul, Mosul, Iraq",2023 3rd International Conference on Intelligent Communication and Computational Techniques (ICCT),"27 Mar 2023","2023","","","1","7","The Internet of Things contains smart devices and tools that collect and communicate sensing data, with different processing capabilities. Due to the heterogeneous nature of IoT ecosystems, an IoT application should be distributed, portable, reusable, and managed automatically in heterogeneous environments. The integration of automated provisioning and orchestration is needed to achieve these features effectively, in order to reduce the response time and enhance the system performance. In this research, we propose and develop a new system to automate the provisioning and orchestration of IoT system components at various infrastructures such as Edge and Cloud. To achieve our goals, we present a seamless integration of DevOps orchestration tools for provisioning and orchestrating a container-based IoT application, which requires achieving two key milestones. The first step is to build CI, or quick, dependable, and systematic integrations. The second is to enable CD, automate deployment, and make it simple to test new code in environments similar to production.","","978-1-6654-5357-8","10.1109/ICCT56969.2023.10075814","","https://ieeexplore.ieee.org/stamp/stamp.jsp?arnumber=10075814","Provisioning;Orchestration;DevOps;CI/CD;TOSCA;Cloud;Edge","Cloud computing;Systematics;System performance;Pipelines;Production;Sensors;Internet of Things","","4","","33","IEEE","27 Mar 2023","19-20 Jan. 2023","19-20 Jan. 2023","IEEE","IEEE Conferences"
"Continuous Delivery of Customized SaaS Edge Applications in Highly Distributed IoT Systems","R. López-Viana; J. Díaz; V. H. Díaz; J. -F. Martínez","Universidad Politécnica de Madrid, Madrid, Spain; Universidad Politécnica de Madrid, Madrid, Spain; Universidad Politécnica de Madrid, Madrid, Spain; Universidad Politécnica de Madrid, Madrid, Spain",IEEE Internet of Things Journal,"9 Oct 2020","2020","7","10","10189","10199","Edge computing is a reality for the current IoT systems that need fast processing and quick response time to make real-time decisions and IoT systems without permanent connectivity to the cloud (e.g., car manufacturing, precision agriculture, or cattle raising). Additionally, these industries are facing the need for rapid and continuous innovation by accelerating the delivery of over-the-air (OTA) software updates in edge devices. DevOps promotes collaboration between development and operation teams and automation at all steps of software construction to achieve continuous delivery (CD) of business value. Although DevOps has demonstrated numerous successful cases in the Web domain, in the IoT domain and, more specifically, at the edge, there are few reported cases. This work presents a success case of CD of customized software as a service software as a service (SaaS) updates at the IoT Edge. This may enable new business models at the IoT Edge. This article presents an architectural model of a highly distributed (cloud and edge) IoT system and a CD process flow for customized SaaS applications in edge nodes. Both the architectural model and the CD process flow are instantiated in a case study for precision agriculture.","2327-4662","","10.1109/JIOT.2020.3009633","AFARCLOUD European Project (Aggregate Farming in the Cloud); ECSEL JU(grant numbers:783221-AFarCloud-H2020-ECSEL-2017-2); Spanish Ministry of Science, Innovation and Universities(grant numbers:PCI2018-092965); crowdsaving(grant numbers:TIN2016-79726-C2-1-R); ","https://ieeexplore.ieee.org/stamp/stamp.jsp?arnumber=9142209","Continuous delivery (CD);DevOps;edge computing;IoT systems;software as a service (SaaS)","Cloud computing;Software as a service;Edge computing;Internet of Things;Business;Agriculture","","14","","25","IEEE","16 Jul 2020","Oct. 2020","","IEEE","IEEE Journals"
"AI-Driven DevOps in Telecommunications: Bridging Predictive Analytics with Continuous Delivery for Network Agility","S. K. Davuluri; V. Challagulla; V. Mudapaka; U. Konka","PHD Research Student, University of the Cumberlands, USA; Tempus AI, USA; Lead Devops Engineer Care.com, USA; Lead Developer Hanwa Qcells, USA",2025 IEEE International Conference and Expo on Real Time Communications at IIT (RTC),"23 Oct 2025","2025","","","1","4","The telecommunications industry is navigating a transformative era driven by the complexity of 5G, Internet of Things (IoT), edge computing, and software-defined networking. These technologies demand rapid, reliable, and scalable network operations to meet stringent performance, reliability, and regulatory requirements. This paper presents an in-depth study on integrating Artificial Intelligence (AI) into DevOps pipelines to address these challenges. By combining predictive analytics, machine learning (ML), and automation, our proposed AI-Driven DevOps model enhances network agility, optimizes resource allocation, minimizes service disruptions, and enables autonomous operations. We explore practical applications through a detailed case study, address implementation and scalability challenges, propose a conceptual pipeline with mathematical foundations, quantify hypothetical improvements with enhanced metrics, and discuss ethical considerations. The model bridges predictive insights with continuous delivery, fostering resilient, scalable, and intelligent telecom networks capable of adapting to dynamic demands.","","979-8-3315-5601-3","10.1109/RTC66985.2025.11211551","","https://ieeexplore.ieee.org/stamp/stamp.jsp?arnumber=11211551","DevOps;Predictive Analytics;Telecommunications;CI/CD;Artificial Intelligence;AIOps;Continuous Delivery;5G;Machine Learning;Network Automation;Network Slicing;MLOps","DevOps;5G mobile communication;Pipelines;Predictive models;Mathematical models;Telecommunications;Telecommunication network reliability;Internet of Things;Predictive analytics;Edge computing","","2","","8","IEEE","23 Oct 2025","7-8 Oct. 2025","7-8 Oct. 2025","IEEE","IEEE Conferences"
"Development of Interoperability in Industrial Internet of Things (IIoT) Ecosystems: Integrating DevOps and Digital Twins to Platform Integration and Ensure Seamless Device","V. S. Pandi; K. Ranjani; Z. Azzam; H. P. Thethi; M. Dinesh; E. Yuvabharathi","Centre for Advanced Wireless Integrated Technology, Chennai Institute of Technology, Chennai, Tamil Nadu, India; Department of CSE (Internet of Things&Cyber Security Including Blockchain Technology), SNS College of Technology, Coimbatore; Faculty of Economics and Administrative Sciences, Electronic Marketing and Social Media, Zarqa University, Zarqa, Jordan; Dept of Electronics and Electrical Engineering, Lovely Professional University, Phagwara, India; Department of VLSI Microelectronics, Saveetha School of Engineering, Saveetha Institute of Medical and Technical Sciences (SIMATS), Saveetha University, Chennai; Information Technology Jeppiaar institute of Technology, Sunguvachatram",2025 International Conference on Smart & Sustainable Technology (INCSST),"28 Oct 2025","2025","","","1","6","The Industrial Internet of Things (IIoT) is now an integral part of modern industrial systems, revolutionizing smart manufacturing, predictive maintenance, and optimizing supply chains. While the implementation of HoT is complex, one of the most critical aspects is in terms of achieving interoperability between different devices, platforms, and applications within IIoT ecosystems. It is not enough only to have strong communication protocols that plays well with all the components, but also continuous development, testing and deployment pipelines that can conform to those specific and growing needs in industrial environments. By integrating DevOps principles and Digital Twin technology, this work presents a unique approach that enables application-level interoperability by ensuring seamless device communication across heterogeneous IIoT ecosystems. DevOps, with its focus on automation, collaboration, and CI/CD, has emerged as a powerful way to tackle operational complexities in HoT ecosystems. Integrating DevOps into IIoT platform development, we focus on reducing the friction involved in connecting devices, sensors and applications so that any update or change can be deployed fast and reliably. At the same time, Digital Twin technology, as representations of physical assets, is key to providing monitoring in real time, simulation, and optimization of devices and systems within IIoT environments. The aim of this research is to investigate how the intersection of DevOps and Digital Twins can upend parallel processing with a framework for platform interoperability which enables real-time decision-making and predictive analytics whilst mitigating downtime and improving system efficiency. The framework for interoperability proposed in this paper aims to build a cohesive infrastructure that enables the seamless exchange of information between legacy systems, modern IoT devices, and cloud-based applications. Digital Twins are a key element in enabling a feedback loop between the physical HoT devices and the digital terrain they inhabit across the intrinsic and extrinsic domains of the IIoT. Additionally, by leveraging DevOps in the design, we guarantee that this platform can adapt to changing business needs or technological innovation without compromise to the operational integrity of the system.","","979-8-3315-4192-7","10.1109/INCSST64791.2025.11210416","","https://ieeexplore.ieee.org/stamp/stamp.jsp?arnumber=11210416","DevOps;Interoperability;Digital Twins;Seamless Device Communication;Platform Integration;RealTime Data Monitoring","DevOps;Ecosystems;Real-time systems;Digital twins;Complexity theory;Interoperability;Monitoring;Optimization;Industrial Internet of Things;Predictive maintenance","","","","15","IEEE","28 Oct 2025","4-6 July 2025","4-6 July 2025","IEEE","IEEE Conferences"
"Understanding the context of IoT software systems in DevOps","I. M. Pereira; T. G. de Senna Carneiro; E. Figueiredo","Department of Computing and Systems, University Federal of Ouro Preto, João Monlevade, Brazil; Departament of Computing, University Federal of Ouro Preto, Ouro Preto, Brazil; Department of Computer Science, University Federal of Minas Gerais, Belo Horizonte, Brazil",2021 IEEE/ACM 3rd International Workshop on Software Engineering Research and Practices for the IoT (SERP4IoT),"24 Aug 2021","2021","","","13","20","The growing demand for connected devices and the increase in investments in the Internet of Things (IoT) sector induce the growth of the market for this technology. IoT permeates all areas of life of an individual, from smartwatches to entire home assistants and solutions in different areas. The IoT concept is gradually increasing all over the globe. IoT projects induce an articulation of studies in software engineering to prepare the development and operation of software systems materialized in physical objects and structures interconnected with embedded software and hosted in clouds. IoT projects have boundaries between development and operation stages. This study search for evidence in scientific literature to support these boundaries through Development and Operations (DevOps) principles. We rely on a Systematic Literature Review to investigate the relations of DevOps in IoT software systems. As a result, we identify concepts, characterize the benefits and challenges in the context of knowledge previously reported in primary studies in the literature. The main contributions of this paper are: (i) discussion of benefits and challenges for DevOps in IoT software systems, (ii) identification of tools, concepts, and programming languages used, and, (iii) perceived pipeline for this kind of software development.","","978-1-6654-4569-6","10.1109/SERP4IoT52556.2021.00009","EMI; ","https://ieeexplore.ieee.org/stamp/stamp.jsp?arnumber=9516810","DevOps;IoT Software Systems;Internet of Things Software Systems","Computer languages;Systematics;Conferences;Pipelines;Tools;Software systems;Internet of Things","","8","","58","IEEE","24 Aug 2021","3-3 June 2021","3-3 June 2021","IEEE","IEEE Conferences"
"Design and Implementation of an IoT-Driven Full-stack Fleet Management System Leveraging a DevOps Approach","H. Shidqi; B. R. Hermanto; Y. Bandung","School of Electrical Engineering and Informatics, Institut Teknologi Bandung, Bandung, Indonesia; School of Electrical Engineering and Informatics, Institut Teknologi Bandung, Bandung, Indonesia; School of Electrical Engineering and Informatics, Institut Teknologi Bandung, Bandung, Indonesia","2025 12th International Conference on Advanced Informatics: Concept, Theory and Application (ICAICTA)","13 Jan 2026","2025","","","1","6","The Indonesian B2B construction material distribution sector faces significant operational challenges due to inefficient route planning, particularly for heavy vehicles, inadequate tracking of inaccessible routes, lack of timely alerts for deviations and idles, also unreliable fuel consumption monitoring. This paper presents the design and implementation of an Internet of Things (IoT) driven full stack fleet management system (FMS) leveraging a DevOps approach to address these issues. The system delivers optimized route planning considering vehicle constraints, automated alerts, and enhanced fuel tracking and validation capabilities. Key results include the successful implementation and validation of all designed functionalities for its defined user roles (planner, manager, and driver) and demonstrated system stability under load and stress testing, achieving maximum response times of 215 ms with 28 concurrent virtual users and 2.82 s with 100 concurrent virtual users (handling mixed WebSocket and HTTP traffic), all with no errors. The successfully deployed and monitored FMS offers a cost-effective, scalable, and maintainable solution for medium-scale companies.","2996-2552","979-8-3315-9178-6","10.1109/ICAICTA67604.2025.11335146","","https://ieeexplore.ieee.org/stamp/stamp.jsp?arnumber=11335146","Fleet Management System;Full Stack Development;DevOps;IoT Driven;CI/CD","DevOps;Pipelines;Full stack;Planning;Fuels;Time factors;Internet of Things;Monitoring;Stress;Testing","","","","10","IEEE","13 Jan 2026","20-22 Sept. 2025","20-22 Sept. 2025","IEEE","IEEE Conferences"
"Agile AI and Firmware Management in IoT: DevOps for Low-Power Microcontroller-Based Platforms","M. AlSelek; J. M. Alcaraz-Calero; Q. Wang","School of Computing, Engineering & Physical Sciences, University of the West of Scotland, United Kingdom; School of Computing, Engineering & Physical Sciences, University of the West of Scotland, United Kingdom; School of Computing, Engineering & Physical Sciences, University of the West of Scotland, United Kingdom",2024 9th International Conference on Smart and Sustainable Technologies (SpliTech),"5 Aug 2024","2024","","","1","6","In this paper, we introduce a Development and Operations (DevOps)-based IoT system tailored for the dynamic management of firmware and AI models across distributed IoT environments. The system offers scalability, resource efficiency, and cost-effectiveness for updating the AI model and firmware on the IoT devices without a need for human intervention. To accomplish this, we have developed a continuous integration and continuous deployment (CI/CD) pipelines that operate across multiple platforms, leveraging the capabilities of Kubernetes and GitLab-Runner. Moreover, the system is specifically designed for Microcontroller-based low-power devices capable of running tiny AI models. The new deployment is sent to the IoT devices despite their location to start interacting with the surrounding environment and perform predictions regarding its application. Through empirical experiments, we demonstrate the system effectiveness with promising results in terms of scalability, resource utilization, and deployment efficiency.","","978-953-290-135-1","10.23919/SpliTech61897.2024.10612585","UKRI; EPSRC(grant numbers:EP/Y028813/1); ","https://ieeexplore.ieee.org/stamp/stamp.jsp?arnumber=10612585","IoT;AI;DevOps;Kubernetes;GitLab;Microservices;Microcontroller;Micropython","Performance evaluation;Adaptation models;DevOps;Biological system modeling;Scalability;Pipelines;Internet of Things","","2","","9","","5 Aug 2024","25-28 June 2024","25-28 June 2024","IEEE","IEEE Conferences"
"Automated IoT security testing with SecLab","P. Schwaiger; D. Simopoulos; A. Wolf","IT-Digital Solutions, AKKA Industry Consulting GmbH, Munich, Germany; IT-Digital Solutions, AKKA Industry Consulting GmbH, Munich, Germany; IT-Digital Solutions, AKKA Industry Consulting GmbH, Munich, Germany",NOMS 2022-2022 IEEE/IFIP Network Operations and Management Symposium,"9 Jun 2022","2022","","","1","6","With the growing number of IoT applications and devices, IoT security breaches are a dangerous reality. Cost pressure and complexity of security tests for embedded systems and networked infrastructure are often the excuse for skipping them completely. In our paper we introduce SecLab security test lab to overcome that problem. Based on a flexible and lightweight architecture, SecLab allows developers and IoT security specialists to harden their systems with a low entry hurdle. The open architecture supports the reuse of existing external security test libraries and scalability for the assessment of complex IoT Systems. A reference implementation of security tests in a realistic IoT application scenario proves the approach.","2374-9709","978-1-6654-0601-7","10.1109/NOMS54207.2022.9789797","","https://ieeexplore.ieee.org/stamp/stamp.jsp?arnumber=9789797","IoT Security;Automated Testing;Security Lab;DevSecOps;Cyber-Physical Systems;DoRIoT;SecLab","Embedded systems;Costs;Scalability;Libraries;Complexity theory;Security;Internet of Things","","","","15","IEEE","9 Jun 2022","25-29 April 2022","25-29 April 2022","IEEE","IEEE Conferences"
"Automated deployment of SmartX IoT-cloud services based on continuous integration","J. Bae; C. Kim; J. Kim","School of Electrical Engineering and Computer Science, Gwangju Institute of Science and Technology, Gwangju, Republic of Korea; School of Electrical Engineering and Computer Science, Gwangju Institute of Science and Technology, Gwangju, Republic of Korea; School of Electrical Engineering and Computer Science, Gwangju Institute of Science and Technology, Gwangju, Republic of Korea",2016 International Conference on Information and Communication Technology Convergence (ICTC),"5 Dec 2016","2016","","","1076","1081","Since convergence of IoT and Cloud, IoT-Cloud, has potential to provide futuristic IT services, there are many research about IoT-Cloud service. To keep pace with trend, we are studying and developing IoT-Cloud service. Goal of this service is reducing power consumption in server room. To design this service, we use microservice. Since it is set of inter-connection of functions, frequent verification is important. Therefore, we adopt Continuous Integration (CI). It is designed to build and running service in testbed automatically. It reduces integration effort. In this paper, we introduce our experience in automated deployment of SmartX IoT-Cloud services based on CI.","","978-1-5090-1325-8","10.1109/ICTC.2016.7763372","","https://ieeexplore.ieee.org/stamp/stamp.jsp?arnumber=7763372","DevOps;Continuous Integration;Internet of Things;Cloud;IoT-Cloud;IoT-Cloud service","Containers;Cloud computing;Internet of Things;Energy management;Engines;Continuous integration;Source coding;Software;DevOps;Servers","","10","","12","IEEE","5 Dec 2016","19-21 Oct. 2016","19-21 Oct. 2016","IEEE","IEEE Conferences"
"The DevOps Reference Architecture Evaluation : A Design Science Research Case Study","G. B. Ghantous; A. Gill","University of Technology Sydney, Sydney, Australia; University of Technology Sydney, Sydney, Australia",2020 IEEE International Conference on Smart Internet of Things (SmartIoT),"10 Sep 2020","2020","","","295","299","There is a growing interest to adopt vendor-driven DevOps tools in organizations. However, it is not clear which tools to use in a reference architecture which enables the deployment of the emerging IoT applications to multi-cloud environments. A research-based and vendor-neutral DevOps reference architecture (DRA) framework has been developed to address this critical challenge. The DRA framework can be utilized to architect and implement the DevOps environment that enables automation and continuous integration of software applications deployment to multi-cloud. This paper confers and discusses the evaluation outcomes of the DRA framework at the DigiSAS research Lab. The evaluation outcomes present practical evidence about the applicability of the DRA framework. The evaluation results also indicate that the DRA framework provides general knowledge-base to researchers and practitioners about the adoption DevOps approach in reference architecture design for deploying IoT-applications to multi-cloud environments.","","978-1-7281-6514-1","10.1109/SmartIoT49966.2020.00052","","https://ieeexplore.ieee.org/stamp/stamp.jsp?arnumber=9192390","Design Science Research;DevOps Reference Architecture;Empirical Software Evaluation;IoT Application Deployment;Multi-Cloud Automated Deployment","Software;Biological system modeling;Context modeling;Computer architecture;Tools;Organizations;Automation","","7","","34","IEEE","10 Sep 2020","14-16 Aug. 2020","14-16 Aug. 2020","IEEE","IEEE Conferences"
"Forging Industry 5.0 DevOps: Towards Secure and Scalable OT Orchestration Powered by Kubernetes","N. Giulianelli; A. Sabbioni; S. Montebugnoli; A. Bujari; A. Corradi","Department of Computer Science and Engineering, University of Bologna, Bologna, Italy; Department of Computer Science and Engineering, University of Bologna, Bologna, Italy; Department of Computer Science and Engineering, University of Bologna, Bologna, Italy; Department of Computer Science and Engineering, University of Bologna, Bologna, Italy; Department of Computer Science and Engineering, University of Bologna, Bologna, Italy",2026 IEEE 23rd Consumer Communications & Networking Conference (CCNC),"4 Feb 2026","2026","","","1","2","The ongoing digitization of Operational Technology (OT) and the integration of Industrial Internet of Things (IIoT) devices are fundamentally transforming modern industrial systems. However, the heterogeneity of hardware and software ecosystems amplifies the complexity of this transformation, making orchestration and lifecycle management especially challenging. To address these challenges, modern DevOps practices—such as Continuous Integration and Continuous Deployment (CI/CD), runtime observability, and fine-grained access control—are essential. These practices help accelerate time-to-market, maintain service quality, manage operational complexity, and uphold security standards. Advancing toward seamless integration of OT within cloud-native environments, we introduce a prototype Orchestrator based on the Kubernetes plarform, aimed at providing a comprehensive lifecycle management for OT devices in industrial contexts. Our proposal bridges the traditional divide between IT and OT by seamlessly integrating with existing CI/CD pipelines and implementing Role-Based Access Control (RBAC) tailored to device-level permissions. Through a unified abstraction layer, it simplifies the management of heterogeneous, multi-vendor hardware, enabling scalable, secure, and efficient operations across diverse industrial deployments.","2331-9860","979-8-3315-9673-6","10.1109/CCNC65079.2026.11366408","","https://ieeexplore.ieee.org/stamp/stamp.jsp?arnumber=11366408","Smart manufacturing;Industry 5.0;IT/OT;Orchestration;Observability;PLC","DevOps;Prototypes;Hardware;Software;Complexity theory;Observability;Fifth Industrial Revolution;Standards;Industrial Internet of Things;Smart manufacturing","","","","5","IEEE","4 Feb 2026","9-12 Jan. 2026","9-12 Jan. 2026","IEEE","IEEE Conferences"
"Current Challenges and Future Perspectives in Testing IoT Systems: A Comprehensive Review","B. Lima; R. Pinto","LIACC, Faculdade de Engenharia, Universidade do Porto, Porto, Portugal; SYSTEC-ARISE, Faculdade de Engenharia, Universidade do Porto, Porto, Portugal",IEEE Sensors Reviews,"19 Dec 2025","2026","3","","22","47","The widespread adoption of Internet of Things (IoT) systems in domains like healthcare, manufacturing, and smart cities has brought new challenges for software and systems testing. This survey systematically reviews studies published from 2012, identifying key testing types, methods, and tools across the IoT stack. Our analysis highlights sensor-specific challenges—including timing jitter, calibration drift, and environmental coupling—that remain underexplored in prior surveys. We propose a multidimensional conceptual framework that cross-correlates architectural layers, testing objectives, and technology targets, enabling structured comparison of testing strategies. The framework is empirically validated through an industrial case study, which reveals critical gaps, such as a lack of cross-layer coverage, limited tool support for real-time constraints, and inadequate mechanisms for sensor fault resilience. We conclude by outlining future research directions, including digital twin-based validation, unified IoT testing pipelines, and lightweight security testing for constrained devices. This work provides researchers and practitioners with a sensor-aware, empirically grounded roadmap for advancing IoT testing.","2995-7478","","10.1109/SR.2025.3628264","","https://ieeexplore.ieee.org/stamp/stamp.jsp?arnumber=11224440","AI-based testing;cloud testing;continuous integration;DevOps;digital twins (DTs);edge computing;embedded systems;emulation;Internet of Things (IoT);interoperability;machine learning;real-time systems;regulatory compliance;security testing;simulation;software testing;test automation;testbeds","Internet of Things;Testing;Robot sensing systems;Real-time systems;Protocols;Reviews;Security;Automation;Computer architecture;Cloud computing","","","","191","CCBY","3 Nov 2025","2026","","IEEE","IEEE Journals"
"DevOps for IoT Systems: Fast and Continuous Monitoring Feedback of System Availability","M. A. López-Peña; J. Díaz; J. E. Pérez; H. Humanes","Department of Innovation and Development, Sistemas Avanzados de Tecnología, S.A., Madrid, Spain; Departamento de Sistemas Informáticos, Universidad Politécnica de Madrid, Madrid, Spain; Departamento de Sistemas Informáticos, Universidad Politécnica de Madrid, Madrid, Spain; Department of Innovation and Development, Sistemas Avanzados de Tecnología, S.A., Madrid, Spain",IEEE Internet of Things Journal,"9 Oct 2020","2020","7","10","10695","10707","Current Internet-of-Things (IoT) systems are highly distributed systems, which integrate cloud, fog, and edge computing approaches. Accelerating their maintenance and continuous improvement, while ensuring their availability, is complex. DevOps promotes fast and continuous feedback from operations to development to detect problems before customers are impacted, among other benefits. However, there is not any formal definition of how to do this. This article defines the “fast and continuous monitoring feedback of system availability” activity (F&CF availability) that supports automatic and continuous monitoring feedback from operations to the development of the IoT system availability. This activity has been formalized through the software and systems process engineering metamodel (SPEM). Its implementation is demonstrated in a real scenario that provides evidence that the formalization of the F&CF availability activity helps teams in better diagnosing and fixing outage problems. The result is a distributed and configurable monitoring component developed through code [monitoring as code (MaC)]. This component is embedded in the IoT infrastructure. MaC enables DevOps team to configure their own metrics and indicators at runtime, i.e., monitoring on demand. The formalization of this activity, based on an MaC technique, enables the automation, versioning, and replication of monitoring elements.","2327-4662","","10.1109/JIOT.2020.3012763","European Commission’s Horizon 2020 Research and Innovation Programme (RECAP, http://www.recapproject.eu)(grant numbers:732667); CROWDSAVING(grant numbers:TIN2016-79726-C2-1-R); ","https://ieeexplore.ieee.org/stamp/stamp.jsp?arnumber=9151987","Availability;continuous monitoring;DevOps;fast and continuous feedback activity;Internet-of-Things (IoT) systems","Monitoring;Task analysis;Internet of Things;Software;Telemetry;Maintenance engineering","","37","","41","IEEE","29 Jul 2020","Oct. 2020","","IEEE","IEEE Journals"
"Automated Compliance-Aware DevSecOps for AI-Driven IoT Data Streams Using Cloud-Native ML Across AWS, GCP, and Azure","P. Sharma; N. Nellutla","Independent Researcher, Los Angeles, CA, USA; Independent Researcher, Eagan, MN, USA",2025 20th International Joint Symposium on Artificial Intelligence and Natural Language Processing (iSAI-NLP),"12 Jan 2026","2025","","","1","6","The rapid proliferation of Internet of Things (IoT) devices has resulted in unprecedented volumes of heterogeneous data streams, creating new challenges for secure, compliant, and scalable data management. Traditional DevSecOps practices provide continuous integration and delivery pipelines, yet they are not inherently equipped to enforce dynamic compliance across multicloud ecosystems. This paper presents an automated complianceaware DevSecOps framework for AI-driven IoT data streams, integrating cloud-native machine learning services across Amazon Web Services (AWS), Google Cloud Platform (GCP), and Microsoft Azure. The framework introduces a compliance orchestration layer that continuously monitors regulatory requirements such as HIPAA, GDPR, and ISO 27001, embedding them directly into data ingestion, transformation, and analytics pipelines. Cloud-native ML models are deployed to detect anomalies, classify workloads, and adapt security policies in real time, while monitoring ensures interoperability and resilience across providers. Experimental evaluation demonstrates that the proposed framework achieves significant reductions in compliance drift, improves detection of misconfigurations, and maintains low-latency processing for high-velocity IoT data streams. By unifying DevSecOps automation with compliance-driven machine learning in multi-cloud environments, this work provides a resilient foundation for enterprises seeking to operationalize secure, regulation-aligned IoT analytics at scale.","2831-4565","979-8-3315-0217-1","10.1109/iSAI-NLP66160.2025.11320492","","https://ieeexplore.ieee.org/stamp/stamp.jsp?arnumber=11320492","DevSecOps;Compliance-as-Code;Multi-Cloud;Cloud-Native Machine Learning;Internet of Things (IoT);AWS;Google Cloud Platform (GCP);Microsoft Azure;Security Automation;Regulatory Compliance","Cloud computing;Automation;Translation;Web services;Pipelines;Machine learning;Transforms;Real-time systems;Internet of Things;Monitoring","","","","13","IEEE","12 Jan 2026","12-14 Nov. 2025","12-14 Nov. 2025","IEEE","IEEE Conferences"
"DevOps Reference Architecture for Multi-cloud IOT Applications","G. B. Ghantous; A. Q. Gill","University of Technology Sydney, Sydney, NSW, AU; University of Technology Sydney, Sydney, NSW, AU",2018 IEEE 20th Conference on Business Informatics (CBI),"2 Sep 2018","2018","01","","158","167","There is a growing interest among organizations in adopting DevOps approach for IoT (Internet of Things) applications. However, the challenge is: how to apply DevOps when a multi-cloud heterogeneous environment is required for IoT application. This paper aims to addresses this important challenge and proposes a DevOps Reference Architecture (DRA) to deploy IoT-applications on multi-cloud. The proposed architecture is evaluated by the means of a case study, which involves deploying an IoT application on the chosen set of clouds. The results of this initial evaluation indicate that the proposed architecture would help practitioners and researchers to understand the usefulness and applicability of DevOps approach on multi-cloud platform for automating IoT application deployment.","2378-1971","978-1-5386-7016-3","10.1109/CBI.2018.00026","","https://ieeexplore.ieee.org/stamp/stamp.jsp?arnumber=8452669","Multi-cloud and IoT, Multi-Cloud and DevOps, DevOps architecture, DevOps and IoT, Multi-Cloud integration, Multi-Cloud evaluation","Cloud computing;Computer architecture;Internet of Things;Tools;Automation;Security","","14","","","IEEE","2 Sep 2018","11-14 July 2018","11-14 July 2018","IEEE","IEEE Conferences"
"Life Cycle Automation of IoT Services over Multiple Edge Clouds","M. Vitumbiko; Y. Kim","School of Electronic Engineering, Soongsil University, Seoul, Korea; School of Electronic Engineering, Soongsil University, Seoul, Korea",2024 International Conference on Information Networking (ICOIN),"3 Jul 2024","2024","","","532","536","In the rapidly evolving landscape of edge computing for IoT service provisioning, the challenges of managing and deploying applications across a diverse array of edge devices in multi-edge setups are evident. Edge devices, often situated on users’ premises, exhibit heterogeneity in hardware and software requirements. Furthermore, manual cluster setup and software packaging for each edge site become impractical when trying to cater to the specific needs of each edge device. Developers are often required to set up an edge cluster, continuously create software packages tailored to individual edge devices and end-user requirements, all while managing multiple application versions and redeploying them across a fleet of edge devices. To address these challenges, this paper proposes an innovative solution that simplifies IoT microservice deployment across multiple edge sites, accommodating the intricacies of device diversity and different end user requirements.","1976-7684","979-8-3503-3094-6","10.1109/ICOIN59985.2024.10572158","","https://ieeexplore.ieee.org/stamp/stamp.jsp?arnumber=10572158","IoT;Multi-edge;Kubernetes;CI/CD","Automation;Software packages;Microservice architectures;Manuals;Packaging;Hardware;Internet of Things","","1","","12","IEEE","3 Jul 2024","17-19 Jan. 2024","17-19 Jan. 2024","IEEE","IEEE Conferences"
"Microservices for Continuous Deployment, Monitoring and Validation in Cyber-Physical Systems: an Industrial Case Study for Elevators Systems","A. Gartziandia; J. Ayerdi; A. Arrieta; S. Ali; T. Yue; A. Agirre; G. Sagardui; M. Arratibel",Ikerlan; Mondragon University; Mondragon University; Simula Research Laboratory; Simula Research Laboratory; Ikerlan; Mondragon University; Orona,2021 IEEE 18th International Conference on Software Architecture Companion (ICSA-C),"10 May 2021","2021","","","46","53","Cyber-Physical Systems (CPSs) are systems that integrate digital cyber computations with physical processes. The software embedded in CPSs has a long life-cycle, requiring constant evolution to support new requirements, bug fixes, and deal with hardware obsolescence. To date, the development of software for CPSs is fragmented, which makes it extremely expensive. This could be substantially enhanced by tightly connecting the development and operation phases, as is done in other software engineering domains (e.g., web engineering through DevOps). Nevertheless, there are still complex issues that make it difficult to use DevOps techniques in the CPS domain, such as those related to hardware-software co-design. To pave the way towards DevOps in the CPS domain, in this paper we instantiate part of the reference architecture presented in the H2020 Adeptness project, which is based on microservices that allow for the continuous deployment, monitoring and validation of CPSs. To this end, we elaborate a systematic methodology that considers as input both domain expertise and a previously defined taxonomy for DevOps in the CPS domain. We obtain a generic microservice template that can be used in any kind of CPS. In addition, we instantiate this architecture in the context of an industrial case study from the elevation domain.","","978-1-6654-3910-7","10.1109/ICSA-C52384.2021.00014","","https://ieeexplore.ieee.org/stamp/stamp.jsp?arnumber=9425852","Microservices;DevOps;Cyber-Physical Systems","Systematics;Software architecture;Conferences;Taxonomy;Computer architecture;Cyber-physical systems;Software","","4","","23","IEEE","10 May 2021","22-26 March 2021","22-26 March 2021","IEEE","IEEE Conferences"
"Model-Based Systems Engineering for the Agile Life-Cycle Management of IIoT Based on DevOps","A. Amiri; G. Steindl; W. Kastner","Institute of Computer Engineering, TU Wien, Vienna, Austria; Institute of Computer Engineering, TU Wien, Vienna, Austria; Institute of Computer Engineering, TU Wien, Vienna, Austria",2024 IEEE 29th International Conference on Emerging Technologies and Factory Automation (ETFA),"16 Oct 2024","2024","","","1","4","The domain of Industrial Internet of Things (IIoT) contains a vast variety of standards, protocols, tool suites, coding languages, etc. The Reference Architecture Model Industry (RAMI) 4.0 provides an abstraction of the different views involved in designing IIoT systems. However, the life-cycle model of the reference architecture suggests a progression from the development into production. This progression does not conform well with the best practices of software engineering, e.g., DevOps, where runtime data is given back to the design-time. In this paper, we suggest an agile life-cycle management of the IIoT systems, and propose an approach of Model-Based Systems Engineering (MBSE) based on the System Modeling Language (SysML) 2.0. We define metadata in the domain of event-driven IIoT systems. Architects can create tagged model instances, which are automatically validated against system requirements. The validated models are passed to an artifact generator to create code, test cases, or documentation. Our approach assists in the development and commissioning of system assets. We feed the runtime data to design-time to improve the quality of service.","1946-0759","979-8-3503-6123-0","10.1109/ETFA61755.2024.10711004","","https://ieeexplore.ieee.org/stamp/stamp.jsp?arnumber=10711004","Industrial IoT;MBSE;DevOps Life Cycle","Runtime;DevOps;Protocols;Computer architecture;Quality of service;Production;Systems Modeling Language;Modeling;Standards;Industrial Internet of Things","","1","","11","IEEE","16 Oct 2024","10-13 Sept. 2024","10-13 Sept. 2024","IEEE","IEEE Conferences"
"DevOps Transformation for Multi-Cloud IoT Applications","L. Georgeta Guşeilă; D. -V. Bratu; S. -A. Moraru","Department of Automatics and Information Technology, Transilvania University of Braşov, Braşov, România; Department of Automatics and Information Technology, Transilvania University of Braşov, Braşov, România; Department of Automatics and Information Technology, Transilvania University of Braşov, Braşov, România",2019 International Conference on Sensing and Instrumentation in IoT Era (ISSI),"23 Mar 2020","2019","","","1","6","In the dynamic IoT ecosystem, the fast development of applications is critical to achieve business goals and stay ahead of the competition. DevOps is a software development method that enables enterprises to deliver software product features through process automation, foster team collaboration and increase efficiency in the entire software lifecycle management building the way towards cloudification and enabling digital transformation. Furthermore, DevOps relies on automation in operations through monitoring and measuring the KPIs of a running system. The research presents the role of DevOps in the transformation of the IT Service delivery using a DevOps assessment to establish the maturity of software applications and the adoption of DevOps using the CI/CD) pipeline and automated testing. The paper provides a conceptual view of the CI/CD) pipeline based on agile tool, which will be implemented during future research.","","978-1-7281-1022-6","10.1109/ISSI47111.2019.9043730","","https://ieeexplore.ieee.org/stamp/stamp.jsp?arnumber=9043730","IoT;DevOps;DevOps Assessment;Software Lifecycle Management;Continuous Integration;Continuous Delivery;Test Automation","Software;Testing;Business;Automation;Tools;Internet of Things;Collaboration","","10","","8","IEEE","23 Mar 2020","29-30 Aug. 2019","29-30 Aug. 2019","IEEE","IEEE Conferences"
"Exploring Devops Practices for Lifecycle Management of Physical and Digital Twins in Cyber-Physical Systems","M. Picone; P. Talasila; N. Bicocchi; P. G. Larsen","University of Modena and Reggio Emilia; Department of Electrical and Computer Engineering, Aarhus University; University of Modena and Reggio Emilia; Department of Electrical and Computer Engineering, Aarhus University",2025 IEEE 8th International Conference on Industrial Cyber-Physical Systems (ICPS),"30 Jul 2025","2025","","","1","6","As industries increasingly adopt Digital Twins (DTs) as strategic tools for enhancing the intelligence, interoperability, and overall quality of cyber-physical systems, managing their development and lifecycle has become increasingly complex. Unlike traditional software systems, DTs necessitate the seamless integration of digital and physical components, introducing challenges in design, development, testing, and deployment. These challenges are compounded by the unique nature of Physical Twins (PTs), which are costly, time-intensive to modify, and often unavailable during critical phases of the development process. This paper explores how DevOps practices can be adapted to address these complexities and support the effective development of DT-enabled systems. Central to this adaptation is the use of PT mocks, which mitigate the challenges of PT unavailability by simulating realistic interaction scenarios. PT mocks enable iterative and scalable development by reducing dependencies on PTs and accelerating testing and deployment cycles. Furthermore, the paper introduces a shared software architecture that enhances modularity by allowing PT mocks and DTs to reuse common software components ensuring consistency between physical and digital elements, and fosters alignment throughout the system lifecycle.","2769-3899","979-8-3315-4299-3","10.1109/ICPS65515.2025.11087838","","https://ieeexplore.ieee.org/stamp/stamp.jsp?arnumber=11087838","DevOps;Cyber-Physical System;Digital Twin","Industries;DevOps;Software architecture;Life estimation;Software systems;Digital twins;Complexity theory;Iterative methods;Interoperability;Testing","","1","","21","IEEE","30 Jul 2025","12-15 May 2025","12-15 May 2025","IEEE","IEEE Conferences"
"Monitoring Approach and Framework Development for System Tracking in IoT Devices","G. Aktaş; E. Konukoğlu; Y. Aydın","Electrical and Electronics Faculty, Istanbul Technical University, İstanbul, Türkiye; Electrical and Electronics Faculty, Istanbul Technical University, İstanbul, Türkiye; Electrical and Electronics Faculty, Istanbul Technical University, İstanbul, Türkiye",2023 14th International Conference on Electrical and Electronics Engineering (ELECO),"6 Feb 2024","2023","","","1","4","This study presents a solution for real-time monitoring of Internet of Things (IoT) devices, allowing early detection of issues through customizable alarms. The developed library enables the tracking of systemic metrics and their transmission to external systems via webhooks. Leveraging DevOps system monitoring methods, this project effectively fulfills the monitoring needs of IoT devices. The library's modular structure allows for the addition of diverse metrics, enhancing the flexibility of system monitoring. Through this project, the timely tracking of metrics and alarms in the IoT domain has been accomplished, paving the way for proactive intervention and increased awareness of system status.","","979-8-3503-6049-3","10.1109/ELECO60389.2023.10416017","","https://ieeexplore.ieee.org/stamp/stamp.jsp?arnumber=10416017","","Electric potential;DevOps;Time series analysis;Data visualization;Libraries;Internet of Things;Monitoring","","1","","8","IEEE","6 Feb 2024","30 Nov.-2 Dec. 2023","30 Nov.-2 Dec. 2023","IEEE","IEEE Conferences"
"Analysis of Revolutionizing IoT Solutions through Cloud Computing Integration","S. I. Abbas; R. Walia","CSE-APEX, Chandigarh University, Mohali, Punjab, India; CSE-APEX & UCRD, Chandigarh University, Mohali, Punjab, India",2024 3rd International Conference on Sentiment Analysis and Deep Learning (ICSADL),"25 Jul 2024","2024","","","39","45","This research work investigates the significant potential for increasing productivity and promoting innovation in a range of sectors presented by the combination of DevOps, Cloud Computing, and Internet of Things IoT. The transformational influence of this convergence is presented quantitatively in this research. Our findings highlighted the efficiency improvements of the integrated strategy in the field of IoT deployment, showing a noteworthy 71.67% decrease in deployment time when compared to traditional techniques. Furthermore, the integration demonstrated its potential for cost reductions by enabling a 37.5% decrease in expenses through dynamic resource scaling. This connection enabled real-time data analysis, which led to an astounding 91.67% decrease in reaction time when compared to conventional data analysis techniques. This demonstrates how it may provide real-time insights that are essential for Internet of Things applications. This study offers strong quantitative proof that the confluence of IoT, cloud computing, and DevOps is a route to increased productivity and creativity that has the ability to transform sectors and propel advancement in the digital age.","","979-8-3503-9615-7","10.1109/ICSADL61749.2024.00012","","https://ieeexplore.ieee.org/stamp/stamp.jsp?arnumber=10601416","AWS;Azure;Cloud Computing;IoT;DevOps","Productivity;Cloud computing;DevOps;Data analysis;Costs;Dynamic scheduling;Real-time systems","","1","","22","IEEE","25 Jul 2024","13-14 March 2024","13-14 March 2024","IEEE","IEEE Conferences"
"Assurance for CyberPhysical Systems: Addressing Supply Chain Challenges to Trustworthy Software-Enabled Things","R. A. Martin","Trust & Assurance Cyber Technologies Department, The MITRE Corporation, Bedford, MA, USA",2020 IEEE Systems Security Symposium (SSS),"24 Aug 2020","2020","","","1","5","Software is playing a pivotal role in most enterprises, whether they realize it or not, and with the proliferation of Industrial Internet of Things (IoT) and other CyberPhysical systems across our society and critical infrastructure and our collective love affair with automation, optimization, and “smart” devices, the role of these types of systems is only going to increase. This talk addresses the myriad of issues that underlie unsafe, insecure, and unreliable software and provides the insights of the Industrial Internet Consortium and other government and industry efforts on how to conquer them and pave the way to a marketplace of trustworthy software-enabled connected things.As the experience of several sectors has shown, the dependence on connected software needs to be met with a strong understanding of the risks to the overall trustworthiness of our software-based capabilities that we, our enterprises, and our world utilize. In many of these new connected systems issues of safety, reliability, and resilience rival or dominate concerns for security and privacy, the long-time focus of many in the IT world. Without a scalable and efficient method for managing these risks so our enterprises can continue to benefit from these advancements that powers our military, commercial industries, cities, and homes to new levels of efficiency, versatility, and cost effectiveness we face the potential for harm, death, and destructiveness.In such a marketplace, creating, exchanging, and integrating components that are trustworthy as well as entering into value-chain relationships with trustworthy partners and service suppliers will be common if we can provide a method for explicitly defining what is meant by the word trustworthy. The approach being pursued by these groups for applying Software Assurance to these systems and their Supply Chains by leveraging Structured Assurance Cases (the focus of this paper), Software Bill of Materials, and secure development practices applied to the evolving Agile and DevSecOps methodologies, is to explicitly identify the detailed requirements “about what we need to know about something for it to be worthy of our trust” and to do that in a way that we can convey that basis of trust to others that: can scale; is consistent within different workflows; is flexible to differing sets of hazards and environments; and is applicable to all sectors, domains, and industries.","","978-1-7281-4316-3","10.1109/SSS47320.2020.9174201","","https://ieeexplore.ieee.org/stamp/stamp.jsp?arnumber=9174201","software;IoT;CyberPhysical;trustworthiness;evidence;supply chain;DevSecOps;assurance case","Industries;Privacy;Supply chains;Urban areas;Cyber-physical systems;Software;Software reliability;Security;Smart devices;Resilience","","6","","26","IEEE","24 Aug 2020","1 July-1 Aug. 2020","1 July-1 Aug. 2020","IEEE","IEEE Conferences"
"DevOps for Cyber-Physical Systems: Objectives, Results and Lessons Learned from the Adeptness H2020 Project","A. Arrieta; G. Sagardui; A. Agirre; W. Afzal; S. Ali","Electronics and Computer Science Department, Mondragon University, Mondragon, Spain; Electronics and Computer Science Department, Mondragon University, Mondragon, Spain; Dept. name of organization (of Aff.) Ikerlan, Mondragon, Spain; Mälardalen University, Västerås, Sweden; Simula Research Laboratory, Oslo, Norway",2023 26th Euromicro Conference on Digital System Design (DSD),"19 Mar 2024","2023","","","184","189","While most large web-based software systems (e.g., Amazon, Google) release a new software version every almost a minute, in the context of Cyber-Physical Systems (CPSs), this is still far. However, the software of CPSs needs to evolve while these are in operation to fix bugs, add new functionalities, carry out refactoring activities and deal with unforeseen situations that were discovered while the CPS was operating. In the last three years, the Adeptness project has been developing in a solution to help speedup the software release of CPSs that are in operation while guaranteeing their reliability. In this paper, we summarize the objectives, results and lessons learned from this H2020 project.","2771-2508","979-8-3503-4419-6","10.1109/DSD60849.2023.00035","Research Council of Norway(grant numbers:286898/F20); ","https://ieeexplore.ieee.org/stamp/stamp.jsp?arnumber=10456864","Cyber-Physical Systems;DevOps;Uncertainty","DevOps;Computer bugs;Agile software development;Software quality;Cyber-physical systems;Software systems;Software reliability","","","","23","IEEE","19 Mar 2024","6-8 Sept. 2023","6-8 Sept. 2023","IEEE","IEEE Conferences"
"DevOps for IoT Applications Using Cellular Networks and Cloud","A. Karapantelakis; H. Liang; K. Wang; K. Vandikas; R. Inam; E. Fersman; I. Mulas-Viela; N. Seyvet; V. Giannokostas","Royal Institute of Technology (KTH), Stockholm, Sweden; Ericsson Research, Stockholm, Sweden; Ericsson Research, Stockholm, Sweden; Ericsson Research, Stockholm, Sweden; Ericsson Research, Stockholm, Sweden; Ericsson Research, Stockholm, Sweden; Ericsson Research, Stockholm, Sweden; Ericsson Research, Stockholm, Sweden; Royal Institute of Technology (KTH), Stockholm, Sweden",2016 IEEE 4th International Conference on Future Internet of Things and Cloud (FiCloud),"26 Sep 2016","2016","","","340","347","The Internet of Things (IoT) is a vision of a future society where an ever-increasing number of heterogeneous physical devices (""things"") obtain Internet connectivity, thus enabling a large number of applications for a broad range of industries and society at large. Mobile network operators, expected to provide the network infrastructure for many of these applications, face an unprecedented level of complexity. This complexity not only relates to the number of applications that share the network infrastructure, but also to the different network Quality of Service (QoS) requirements these applications have. To achieve economies of scale, automation in management of those applications throughout their lifecycle is essential. In this paper, we propose an architecture that automates allocation, monitoring and deallocation of both cloud and cellular network resources to ensure QoS for applications that involve connected devices communicating with cloud-hosted software. We describe an implementation of this architecture using a combination of open source, commercial, and custom components and evaluate it through a series of measurements. Results show that our implementation can simultaneously support mobile broadband and low latency, high availability mission-critical applications.","","978-1-5090-4052-0","10.1109/FiCloud.2016.55","","https://ieeexplore.ieee.org/stamp/stamp.jsp?arnumber=7575883","5G;Cloud;Internet of Things;Network Slicing;DevOps;Resource Orchestration;Automation","Quality of service;Cloud computing;Internet of things;Mobile communication;Computer architecture;Mobile computing","","15","","30","IEEE","26 Sep 2016","22-24 Aug. 2016","22-24 Aug. 2016","IEEE","IEEE Conferences"
"Design of Low-Power Active Inductor-Based Digitally Controlled Oscillator for All-Digital Pll in Zero-Energy Iot Devices","R. F. T. Sibala; X. Zhu; J. A. Hora; H. Mohammad","Center for Integrated Circuits Design (CICD), Mindanao State University-Iligan Institute of Technology, Iligan City, Philippines; School of Electrical and Data Engineering, University of Technology Sydney, Sydney, NSW, Australia; Center for Integrated Circuits Design (CICD), Mindanao State University-Iligan Institute of Technology, Iligan City, Philippines; Center for Integrated Circuits Design (CICD), Mindanao State University-Iligan Institute of Technology, Iligan City, Philippines",TENCON 2025 - 2025 IEEE Region 10 Conference (TENCON),"18 Feb 2026","2025","","","1778","1782","This paper presents the design and performance evaluation of a low-power, high-frequency Digitally Controlled Oscillator (DCO) incorporating an active inductor, implemented using 22 nm Fully Depleted Silicon-On-Insulator (FDSOI) technology. Tailored for energy-constrained Internet of Things (IoT) devices-particularly those relying on RF energy harvesting-the proposed DCO achieves a frequency tuning range from 44.78 GHz to 45.35 GHz, while maintaining a total power consumption of less than 12 mW. The integration of an active inductor replaces conventional bulky passive inductors, enabling significant area reduction and improved compatibility with standard CMOS processes. This makes the design highly suitable for compact and scalable on-chip RF systems. Although the design exhibits a moderate phase noise of $-78.96 \text{dBc} / \text{Hz}$ at 1 MHz offset, it offers a well-balanced trade-off between power efficiency, frequency performance, and spectral purity. Overall, the proposed DCO architecture demonstrates a viable solution for next-generation, low-power mmWave transceivers in dense IoT networks and other wireless sensor applications.","2159-3450","979-8-3315-3772-2","10.1109/TENCON66050.2025.11375445","","https://ieeexplore.ieee.org/stamp/stamp.jsp?arnumber=11375445","Low Power;Dynamic Threshold Voltage;Digitally Controlled Oscillators;22 nm FDSOI;Power Consumption;CMOS","Radio frequency;Phase noise;Performance evaluation;Wireless communication;Wireless sensor networks;Power demand;Active inductors;Silicon-on-insulator;Internet of Things;Tuning","","","","32","IEEE","18 Feb 2026","27-30 Oct. 2025","27-30 Oct. 2025","IEEE","IEEE Conferences"
"Trust-Aware Secure Communication Framework for IoT Networks: A Hybrid Approach Integrating Instantaneous Trust and Dynamic Key Management","M. M. Malyala; S. Nalluri; K. Ramdass; H. Kandagiri; K. K. Kandagiri","Department of Computers, Osmania University, Telangana, India; Department of Information Security, University of the Cumberlands, Williamsburg, USA; Center of Excellence - DevSecOps, Salesforce, Atlanta, USA; Department of Computer Science, JNTU, Hyderabad, Telangana, India; Department of Information Technology, JNTU, Kakinada, Andhra Pradesh, India","2025 4th International Conference on Computational Modelling, Simulation and Optimization (ICCMSO)","31 Jul 2025","2025","","","182","189","The increasing prevalence of cyber threats such as Man-in-the-Middle (MITM) attacks, data breaches, and unauthorized access in Internet of Things (IoT) networks necessitates the development of robust, adaptive security frameworks. Existing approaches to IoT security, including trust-based authentication, proxy re-encryption, and lightweight cryptographic mechanisms, have limitations in dynamic threat environments. This paper proposes the Trust-Aware Secure Communication Framework (TASCF-IoT), a novel hybrid approach that integrates instantaneous trust calculation using communication channel characteristics with a resource-aware dynamic key-sharing mechanism to ensure secure and resilient IoT communication. The framework introduces a Trust-Enhanced Proxy Re-Encryption (TE-PRE) scheme that dynamically adjusts encryption policies based on real-time trust assessment, mitigating security risks in IoT-fogcloud ecosystems. Additionally, a novel anomaly detection model leveraging Long Short-Term Memory (LSTM)-based delay prediction and Hidden Markov Models (HMMs) is incorporated to identify suspicious behaviors and mitigate active MITM attacks with high accuracy. This method is validated using both a simulated testbed and real-world IoT environments. The experimental results demonstrate that TASCF-IoT achieves an attack detection accuracy (ADA) of $\mathbf{9 9. 2 \%}$, outperforming conventional intrusion detection systems and trust evaluation models. Furthermore, the proposed framework significantly reduces computational overhead while maintaining robust security in constrained IoT devices. The findings highlight the effectiveness of instantaneous trust-aware key management and predictive security modeling, offering a scalable and adaptive solution for next-generation IoT networks.","","979-8-3315-9881-5","10.1109/ICCMSO67468.2025.00040","","https://ieeexplore.ieee.org/stamp/stamp.jsp?arnumber=11096505","Trust-Based Security;Proxy Re-Encryption;Anomaly Detection;HMM;IoT Cybersecurity","Adaptation models;Adaptive systems;Accuracy;Computational modeling;Hidden Markov models;Predictive models;Real-time systems;Internet of Things;Security;Anomaly detection","","","","19","IEEE","31 Jul 2025","20-22 June 2025","20-22 June 2025","IEEE","IEEE Conferences"
"Industrial DevOps Soft: A New Framework for Enhancing Industry 4.0 Efficiency","C. Benmhamed; M. Zemzami; F. Yalaoui; N. -Q. Nguyen; H. Reddad; M. A. El Gaamaze","Advanced Systems Engineering Laboratory, ENSA, Ibn Tofail University, Kenitra, Morocco; ENSAM, University Mohammed V, Rabat, Morocco; Chaire Connected Innovation Computer Sciences and Digital Society Laboratory Troyes CEDEX, University of Technology of Troyes, Troyes, France; Chaire Connected Innovation Computer Sciences and Digital Society Laboratory Troyes CEDEX, University of Technology of Troyes, Troyes, France; Advanced Systems Engineering Laboratory, ENSA, Ibn Tofail University, Kenitra, Morocco; Chaire Connected Innovation Computer Sciences and Digital Society Laboratory Troyes CEDEX, University of Technology of Troyes, Troyes, France",2024 International Conference on Smart-Digital-Green Technologies and Artificial Intelligence Sciences (CSDGAIS),"9 Jul 2025","2024","","","1","7","In the context of Industry 4.0, integrating IoT, AI, and big data introduces complexity in industrial systems, often worsened by a lack of focus on management aspects, resulting in operational silos and inefficient decision-making. This paper presents the ‘Industrial DevOps Soft’ framework, structured in layers, which exploits DevOps methodologies into industrial environments to enhance collaboration between IT infrastructure and production systems. By promoting continuous automation, data-driven processes, and effective project execution through CI/CD pipelines and low-code platforms, the framework aims to streamline operations and enhance strategic decision-making. Ultimately, it provides a structured approach for organizations to achieve operational excellence and adapt to future shifts, including Industry 5.0.","","979-8-3315-4207-8","10.1109/CSDGAIS64098.2024.11064768","","https://ieeexplore.ieee.org/stamp/stamp.jsp?arnumber=11064768","Industrial DevOps;DevOps;Industry 4.0;Cyber-physical systems;Framework;Productivity enhancement;Real-time monitoring;Automation;Continuous improvement","Productivity;Production systems;DevOps;Decision making;Pipelines;Organizations;Real-time systems;Fourth Industrial Revolution;Artificial intelligence;Fifth Industrial Revolution","","","","20","IEEE","9 Jul 2025","9-11 Dec. 2024","9-11 Dec. 2024","IEEE","IEEE Conferences"
"Proposal of Management Agent for Delay Sensitive IoT Communication","M. Katoh; T. Kubota; T. Yasuie; Y. Watanabe; Y. Nomura","DevOps Innovation Unit, Fujitsu Laboratories Ltd., Kawasaki, Japan; Digital Innovation Core Unit, Fujitsu Laboratories Ltd., Kawasaki, Japan; DevOps Innovation Unit, Fujitsu Laboratories Ltd., Kawasaki, Japan; DevOps Innovation Unit, Fujitsu Laboratories Ltd., Kawasaki, Japan; DevOps Innovation Unit, Fujitsu Laboratories Ltd., Kawasaki, Japan",2021 International Conference on Information Networking (ICOIN),"2 Feb 2021","2021","","","531","536","Due to the penetration of IoT, a management scheme for delay sensitive applications is required because many applications need real time data processing such as event detection. Furthermore, since machine to machine (M2M) communications without human intervention will emerge, a negotiation procedure for M2M is required. Then, we propose to introduce software agents for the management by exchanging and analyzing not only the profile of machines but also the dynamic status. In this paper, we show that data such as utilization and location of the machine are useful to manage delay sensitive communication. Concretely, we first formulate the transfer delay for event delivery and data gathering to determine the suitable location to perform them. Next, we discuss the negotiation procedure for M2M communication, and verify that the requesting agent should declare the deadline for the requested agent to keep reasonable response time.","1976-7684","978-1-7281-9101-0","10.1109/ICOIN50884.2021.9334001","","https://ieeexplore.ieee.org/stamp/stamp.jsp?arnumber=9334001","IoT;management;agent;delay sensitive;event;push;pull","Machine-to-machine communications;Event detection;Software agents;Real-time systems;Delays;Internet of Things;Time factors","","2","","23","IEEE","2 Feb 2021","13-16 Jan. 2021","13-16 Jan. 2021","IEEE","IEEE Conferences"
"AIDOaRt: AI-augmented Automation for DevOps, a Model-based Framework for Continuous Development in Cyber-Physical Systems","R. Eramo; V. Muttillo; L. Berardinelli; H. Bruneliere; A. Gomez; A. Bagnato; A. Sadovykh; A. Cicchetti","University of L’Aquila, L’Aquila, Italy; University of L’Aquila, L’Aquila, Italy; Johannes Kepler University, Linz, Austria; LS2N (UMR CNRS 6004), IMT Atlantique, Nantes, France; Universitat Oberta de Catalunya, Barcelona, Spain; Softeam, Paris, France; Softeam, Paris, France; Mälardalen University, Västerås, Sweden",2021 24th Euromicro Conference on Digital System Design (DSD),"11 Oct 2021","2021","","","303","310","With the emergence of Cyber-Physical Systems (CPS), the increasing complexity in development and operation demands for an efficient engineering process. In the recent years DevOps promotes closer continuous integration of system development and its operational deployment perspectives. In this context, the use of Artificial Intelligence (AI) is beneficial to improve the system design and integration activities, however, it is still limited despite its high potential. AIDOaRT is a 3 years long H2020-ECSEL European project involving 32 organizations, grouped in clusters from 7 different countries, focusing on AI-augmented automation supporting modelling, coding, testing, monitoring and continuous development of Cyber-Physical Systems (CPS). The project proposes to apply Model-Driven Engineering (MDE) principles and techniques to provide a framework offering proper AI-enhanced methods and related tooling for building trustable CPSs. The framework is intended to work within the DevOps practices combining software development and information technology (IT) operations. In this regard, the project points at enabling AI for IT operations (AIOps) to auto-mate decision making process and complete system development tasks. This paper presents an overview of the project with the aim to discuss context, objectives and the proposed approach.","","978-1-6654-2703-6","10.1109/DSD53832.2021.00053","","https://ieeexplore.ieee.org/stamp/stamp.jsp?arnumber=9556443","Continuous System Engineering;DevOps;AIOPS;Software engineering;Scientific computing;Simulation and Modelling Tools;Cyber-Physical Systems;Artificial Intelligence","Automation;Europe;Organizations;Cyber-physical systems;Continuous time systems;Software;Artificial intelligence","","11","","29","IEEE","11 Oct 2021","1-3 Sept. 2021","1-3 Sept. 2021","IEEE","IEEE Conferences"
"A new metamodel approach of CI/CD applied to Internet of Things Ecosystem","B. El Khalyly; A. Belangour; M. Banane; A. Erraissi","Faculty of sciences Ben M’sik, Laboratory of Information Technology and Modeling, Hassan II University, Casablanca, Morocco; Faculty of sciences Ben M’sik, Laboratory of Information Technology and Modeling, Hassan II University, Casablanca, Morocco; Faculty of sciences Ben M’sik, Laboratory of Information Technology and Modeling, Hassan II University, Casablanca, Morocco; Faculty of sciences Ben M’sik, Laboratory of Information Technology and Modeling, Hassan II University, Casablanca, Morocco","2020 IEEE 2nd International Conference on Electronics, Control, Optimization and Computer Science (ICECOCS)","14 Jan 2021","2020","","","1","6","Continuous Integration is a development process where developers and integrators push code into a shared tools belonging to a toolchain. This is a kind of practive that permit build automation and test automation. This is a primordial practise that maintain the continuity of running programs in smart agents that constitutes Internet of Things systems. IoT connected objects are new technologies used to connect objects to the internet and users. The IoT influences our daily lives in several fields such as logistics, health, energy, intelligent vehicles, the smart home, or the smart city, etc. Subsequently, following the specific characteristics of the different architectures of the Internet of Things, a multitude of IoT architectures have been developed and deployed using different IoT frameworks. In this paper, we propose a metamodel of the Internet of Things, this proposal aims to standardize existing IoT architectures and those that may be proposed in the future.","","978-1-7281-6921-7","10.1109/ICECOCS50124.2020.9314485","","https://ieeexplore.ieee.org/stamp/stamp.jsp?arnumber=9314485","Model Driven Engineering;metamodeling;Devops;Internet of Thing;Continous Integration;Continous Deployment;Continous Delivery","Unified modeling language;Internet of Things;Metamodeling;Tools;Semantics;Modeling;Reflection","","6","","47","IEEE","14 Jan 2021","2-3 Dec. 2020","2-3 Dec. 2020","IEEE","IEEE Conferences"
"Overcoming New Technologies Challenges in IoT Security Labs: Strategies for Effective Adaptation","D. Simopoulos; A. Wolf","Department of Medicine, Medical Informatics Laboratory, Democritus University of Thrace, Alexandroupolis, Greece; IT Digital Solutions, Akkodis Germany, Sindelfingen, Germany",2023 IFIP Networking Conference (IFIP Networking),"24 Jul 2023","2023","","","1","5","With IoT technology being widely implemented in crucial domains such as personal activity and health tracking or monitoring of critical technical processes, awareness for security risks has risen. First solutions for DevSecOps in IoT have been introduced in the past to detect typical programming flaws and the vulnerabilities they impose. With the increasing power and cheap availability of unlimited cloud resources, high speed networks and AI, new and more complex attacks seem feasible. In this paper we highlight these new threats and elaborate whether known approaches to IoT security are still sufficient or new strategies to fight the threats have to be developed. Furthermore, we present our approach to use the new technological possibilities in order to increase the power of security assessment and security tests for IoT.","1861-2288","978-3-903176-57-7","10.23919/IFIPNetworking57963.2023.10186388","","https://ieeexplore.ieee.org/stamp/stamp.jsp?arnumber=10186388","Internet of Things;Artificial Intelligence;6G;DevSecOps;Cyber-Security;Threat Modeling;Security Testing","Threat modeling;Analytical models;Protocols;Public infrastructure;Timing;Security;Internet of Things","","","","24","","24 Jul 2023","12-15 June 2023","12-15 June 2023","IEEE","IEEE Conferences"
"Optimizing DevOps Methodologies with the Integration of Artificial Intelligence","M. S. Ali; D. Puri","Apex Institute of Technology (CSE), Chandigarh University, Mohali, Punjab, India; Apex Institute of Technology (CSE), Chandigarh University, Mohali, Punjab, India",2024 3rd International Conference for Innovation in Technology (INOCON),"6 May 2024","2024","","","1","5","This research paper aims to explore the integration of artificial intelligence (AI) techniques in DevOps practices to enhance efficiency, automation, and decision-making capabilities. The paper provides a comprehensive review of existing literature on the subject and presents a case study illustrating the practical application of AI in a real-world DevOps environment. By analyzing the benefits, challenges, and potential ethical considerations, this study seeks to provide insights into how AI can be leveraged to optimize DevOps workflows. The paper provides a comprehensive review of existing literature on the subject and presents a case study illustrating the practical application of AI in a real-world DevOps environment. By analyzing the benefits, challenges, and potential ethical considerations, this study seeks to provide insights into how AI can be leveraged to optimize DevOps workflows.","","979-8-3503-8193-1","10.1109/INOCON60754.2024.10511490","","https://ieeexplore.ieee.org/stamp/stamp.jsp?arnumber=10511490","DevOps;Artificial Intelligence;Automation;AI-driven DevOps;CI/CD Pipelines;Infrastructure Provisioning","Ethics;Technological innovation;DevOps;Reviews;Decision making;Organizations;Software","","8","","16","IEEE","6 May 2024","1-3 March 2024","1-3 March 2024","IEEE","IEEE Conferences"
"An experimental continuous delivery framework for SmartX-mini IoT-cloud playground","J. Bae; J. Kim","School of information and communications, Gwangju Institute of Science and Technology, Gwangju, Republic of Korea; School of information and communications, Gwangju Institute of Science and Technology, Gwangju, Republic of Korea",2016 International Conference on Information Networking (ICOIN),"10 Mar 2016","2016","","","348","350","Internet of Things (IoT), one of the hottest research targets, needs the systematic leverage from cloud-centric ICT infrastructure. Among several challenges for fast and economic IoT-Cloud service enablement, the continuous integration and delivery (CI/CD) framework is one of commonly wanted capabilities. In this paper, we introduce early experience with deploying an experimental continuous delivery framework for SmartX-mini IoT-Cloud Playground.","","978-1-5090-1724-9","10.1109/ICOIN.2016.7427129","","https://ieeexplore.ieee.org/stamp/stamp.jsp?arnumber=7427129","Continuous integration and delivery;software-defined infrastructure;SDN/NFV/Cloud integration;IoT-Cloud software framework;Internet of Things","","","3","","10","IEEE","10 Mar 2016","13-15 Jan. 2016","13-15 Jan. 2016","IEEE","IEEE Conferences"
"Design of Low-Power Digitally Controlled Oscillator for All-Digital PLL Receiver in Zero-Energy IoT Devices","J. A. M. Agito; X. Zhu; J. A. Hora; H. Mohammad","Center for Integrated Circuits Design (CICD), Mindanao State University-Iligan Institute of Technology, Iligan City, Philippines; University of Technology Sydney, Sydney, NSW, Australia; Center for Integrated Circuits Design (CICD), Mindanao State University-Iligan Institute of Technology, Iligan City, Philippines; Center for Integrated Circuits Design (CICD), Mindanao State University-Iligan Institute of Technology, Iligan City, Philippines",TENCON 2025 - 2025 IEEE Region 10 Conference (TENCON),"18 Feb 2026","2025","","","1788","1792","The proliferation of Internet of Things (IoT) devices in the era of sixth-generation (6G) wireless communication demands ultra-low power and high-frequency circuit solutions to support sustainable, near-zero energy operation. As IoT devices become more ubiquitous in applications such as smart environments, industrial automation, and wearable electronics, there is a growing need for compact and energy-efficient frequency generators capable of operating in the millimeter-wave spectrum. This study presents the design and analysis of a Digitally Controlled Oscillator (DCO) operating at 45 GHz, conforming to the IEEE 802.11aj standard, and implemented using GlobalFoundries 22-nm fully depleted Silicon-On-Insulator (FD-SOI) technology. The oscillator core adopts a complementary Colpitts topology, chosen for its efficiency and suitability at high frequencies. Frequency tuning is achieved through a digitally controlled switched capacitor array, implemented with lowleakage transmission gates. Operating at a low supply voltage of 0.8 V, the proposed DCO achieves a power consumption of only 5.959 mW and demonstrates excellent spectral purity, with a phase noise of −99.03 dBc/Hz at 1 MHz offset, making it ideal for ultra-low-power mmWave receivers in dense IoT networks.","2159-3450","979-8-3315-3772-2","10.1109/TENCON66050.2025.11375116","","https://ieeexplore.ieee.org/stamp/stamp.jsp?arnumber=11375116","Low power;digitally controlled oscillator (DCO);22 nm FD-SOI;Colpitts Oscillator","6G mobile communication;Wireless communication;Phase noise;Capacitors;Voltage;Switches;Receivers;Topology;Internet of Things;Tuning","","","","30","IEEE","18 Feb 2026","27-30 Oct. 2025","27-30 Oct. 2025","IEEE","IEEE Conferences"
"Optimized Decision Trees to Detect IoT Malware","A. Jones; M. Omar","SCPS University of Virginia, Charlottesville, USA; College of Computing, Illinois Institute of Technology, Chicago, USA","2023 Congress in Computer Science, Computer Engineering, & Applied Computing (CSCE)","9 Apr 2024","2023","","","1761","1765","The proliferation of the Internet of Things (IoT) devices has led to an increased risk of cyberattacks and malicious activities, including the spread of malware. To mitigate these risks, it is crucial to develop effective approaches for detecting IoT malware. In this study, we propose a framework for detecting IoT malware using optimized decision trees with AdaBoost. We use two widely used datasets, NSL-KDD and CICIDS2017, to evaluate the performance of the proposed framework. The framework includes feature selection and hyperparameter tuning to enhance the performance of the model. Our results show that the proposed framework achieves high accuracy, precision, recall, F1 score, and AUC-ROC in detecting malware attacks. However, the study also has limitations, such as the focus on network-level features and the limited evaluation on specific datasets. Future research can address these limitations by testing the proposed framework on more diverse datasets and exploring different machine learning algorithms and techniques. Overall, our study provides a promising approach to detect IoT malware and can contribute to the development of more robust and effective approaches for network intrusion detection.","","979-8-3503-2759-5","10.1109/CSCE60160.2023.00290","","https://ieeexplore.ieee.org/stamp/stamp.jsp?arnumber=10487575","Decision trees;IoT malware;deep learning;KDD;CICDS;cyber-attacks;optimization;AdaBoost","Machine learning algorithms;Feature extraction;Malware;Internet of Things;Decision trees;Computer crime;Tuning","","7","","43","IEEE","9 Apr 2024","24-27 July 2023","24-27 July 2023","IEEE","IEEE Conferences"
"Increasing SoS dependability by DevSecOps","F. Popenţiu-Vlădicescu; G. Albeanu","“Politehnica” University of Bucharest & Academy of Romanian Scientists, Bucharest, Romania; Department of Engineering and Computer Science, “Spiru Haret” University, Bucharest, Romania","2022 International Conference on Emerging Technologies in Electronics, Computing and Communication (ICETECC)","20 Mar 2023","2022","","","1","6","The dependability plays an increasingly important role for complex systems. A dependable system is one that meets the customer’s requirements in terms of reliability, performance, availability, functionality, usability, maintainability, security, and safety even in the event of a failure. Dependability of System of Systems (SoS) is a major concern these days when the interconnection of systems is controlled by the Internet and cyber security aspects have become much more important. The new DevSecOps approach ensures phased development and rapid deployment of components for customer testing prior to full SoS integration. The presentation will display the principles of DevSecOps, the types and characteristics of SoS, and the dependability of new SoS developed according to the DevSecOps approach.","","978-1-6654-9087-0","10.1109/ICETECC56662.2022.10069468","","https://ieeexplore.ieee.org/stamp/stamp.jsp?arnumber=10069468","dependability;Systems of Systems;DevSecOps","Control systems;Safety;Internet;Security;Reliability;Usability;Computer crime","","","","35","IEEE","20 Mar 2023","7-9 Dec. 2022","7-9 Dec. 2022","IEEE","IEEE Conferences"
"MAGNET: An optimized DevOps framework for efficient software integration and orchestration in the IoT-Edge-Cloud Continuum","E. Agorogiannis; K. Petrakis; G. Antonopoulos; T. Anagnostopoulos; N. Grigoropoulos; Z. Benomar","Research and Innovation Development Department, Netcompany-Intrasoft S.A. Luxembourg, Luxembourg; Research and Innovation Development Department, Netcompany-Intrasoft S.A. Luxembourg, Luxembourg; Research and Innovation Development Department, Netcompany-Intrasoft S.A. Luxembourg, Luxembourg; Research and Innovation Development Department, Netcompany-Intrasoft S.A. Luxembourg, Luxembourg; Research and Innovation Development Department, Netcompany-Intrasoft S.A. Luxembourg, Luxembourg; Thales Research & Technology Thales Group, Palaiseau, France",2025 6th International Conference in Electronic Engineering & Information Technology (EEITE),"22 Sep 2025","2025","","","1","6","This paper introduces MAGNET, a DevOps framework comprising Continuous Integration/Continuous Deployment practices, alongside flexible development and integration infrastructures, as applied in COGNIFOG, an innovative computing ecosystem currently under development that uses decentralized decision making, machine learning, and distributed computing to enhance autonomy, adaptability, and scalability within the IoT-edge-cloud continuum. The proposed approach ensures efficient, reliable, and seamless framework integration, offering key insights into integration architecture, data flow management, and the adoption of advanced technologies. This work demonstrates the efficiency and adaptability of the COGNIFOG ecosystem through three real-world trials in smart cities, e-health, and smart manufacturing, along with the creation of a comprehensive QuickStart Guide for deployment, offering a robust solution for the complexities of next-generation computing environments.","","979-8-3315-4419-5","10.1109/EEITE65381.2025.11166038","Horizon Europe; ","https://ieeexplore.ieee.org/stamp/stamp.jsp?arnumber=11166038","CI/CD;DevOps;IoT-edge-cloud continuum;service orchestration;cognitive connectivity;fog computing;edge computing;IoT","DevOps;Smart cities;Scalability;Ecosystems;Software;Complexity theory;Security;Edge computing;Testing;Smart manufacturing","","","","25","IEEE","22 Sep 2025","4-6 June 2025","4-6 June 2025","IEEE","IEEE Conferences"
"Empowering Kubernetes with Platform Engineering to Automate IoT Processing Workflows Orchestration at the Edge","D. Tazzioli; A. Sabbioni; A. Bujari; L. Foschini","Department of Computer Science and Engineering, University of Bologna, Italy; Department of Computer Science and Engineering, University of Bologna, Italy; Department of Computer Science and Engineering, University of Bologna, Italy; Department of Computer Science and Engineering, University of Bologna, Italy",2024 IEEE 29th International Workshop on Computer Aided Modeling and Design of Communication Links and Networks (CAMAD),"7 Apr 2025","2024","","","1","6","The proliferation of IoT devices provides access to an unprecedented amount of data coming from sensors and smart devices, characterized by high volumes and strong locality. The Edge Computing paradigm, by providing low-latency, privacy-aware, resilient, and distributed computational resources is considered a fundamental enabler for the processing of the massive data volume incoming from IoT devices. However, the heterogeneous and decentralized edge resource poses a significant barrier to seamless device integration and management. In this paper, we propose a Platform Engineering architecture that extends the Kubernetes control plane to simplify the orchestration and management of the processing workflow that produces data incoming from IoT devices. The proposed platform integrates management capabilities that address the complexity of provisioning het-erogeneous network, storage, and compute resources, enabling smart management of edge services.","2378-4873","979-8-3503-7764-4","10.1109/CAMAD62243.2024.10942956","","https://ieeexplore.ieee.org/stamp/stamp.jsp?arnumber=10942956","Platform Engineering;Edge;DevOps;CI/CD","DevOps;Process control;Distributed databases;Sensor phenomena and characterization;Complexity theory;Internet of Things;Smart devices;Low latency communication;Intelligent sensors;Edge computing","","1","","18","IEEE","7 Apr 2025","21-23 Oct. 2024","21-23 Oct. 2024","IEEE","IEEE Conferences"
"Problems and Solutions in Applying Continuous Integration and Delivery to 20 Open-Source Cyber-Physical Systems","F. Zampetti; V. Nardone; M. Di Penta","University of Sannio, Benevento, Italy; University of Sannio, Benevento, Italy; University of Sannio, Benevento, Italy",2022 IEEE/ACM 19th International Conference on Mining Software Repositories (MSR),"21 Jun 2022","2022","","","646","657","Continuous integration and delivery (CI/CD) have been shown to be very useful to improve the quality of software products (e.g., increasing their reliability or maintainability), and their development processes, e.g., by shortening release cycles. Applying CI/CD in the context of Cyber-Physical Systems (CPSs) can be particularly important, given that many of those systems can have safety-critical properties, and given their interaction with hardware or simulators during the development phase. This paper empirically analyzes how CI/CD is enacted in CPSs when considering the context of open-source projects, that often (also) rely on hosted CI/CD so-lutions, and benefit of an open-source development community. We qualitatively analyze a statistically significant sample of 670 pull requests from 20 open-source CPSs hosted on GitHub, to identify and categorize-also keeping into account catalogs from previous literature-bad practices, challenges, mitigation, and restructuring actions. The study reports and discusses the relationships we found between bad practices/challenges and CI/CD restructuring/mitigation strategies, reporting concrete examples, especially those emerging from the intrinsic complexity of CPSs.","2574-3864","978-1-4503-9303-4","10.1145/3524842.3527948","","https://ieeexplore.ieee.org/stamp/stamp.jsp?arnumber=9796215","Cyber- Physical Systems;Continuous Integration and Delivery;Pull Requests","Cyber-physical systems;Hardware;Software reliability;Complexity theory;Data mining;Open source software;Software development management","","4","","49","","21 Jun 2022","23-24 May 2022","23-24 May 2022","IEEE","IEEE Conferences"
"A DevOps Approach for Cyber-Physical System-of-Systems Engineering through Arrowhead","C. Hegedũs; P. Varga; A. Frankó","Dept. of Telecommunications and Media Informatics, Budapest University of Technology and Economics, 2 Magyar Tudósok krt., Budapest, Hungary; Dept. of Telecommunications and Media Informatics, Budapest University of Technology and Economics, 2 Magyar Tudósok krt., Budapest, Hungary; AITIA International Inc., Industrial IoT Division, 48-50 Czetz János str, Budapest, Hungary",2021 IFIP/IEEE International Symposium on Integrated Network Management (IM),"30 Jun 2021","2021","","","902","907","The stakeholders in the Cyber-Physical System-of-Systems (CPS, SoS, CPSoS) domains need to adopt current methodologies that enable reliable but also flexible and timely completion of development, integration, deployment, operation, and even maintenance-related tasks. The so-called DevOps (Development & Operations) approach has been proven in various other domains of IT-related service completion and operation. Both the technology set and the management approaches of CPS and SoS practitioners can benefit the adoption of the DevOps toolchain success stories - the everyday life of software, cloud and IT-service development, and operations-focused companies. This paper proposes an expansion of the application area of the DevOps models, toolchains, and even utilities to the CPS and SoS domains. It proposes to create an abstraction of CPS devices as reusable infrastructure resources, which can be then automatically re-purposed for new workflow tasks, as well as to fill the remaining DevOps tooling gaps with actual Systems of the Arrowhead Framework.","1573-0077","978-3-903176-32-4","","European Commission; ","https://ieeexplore.ieee.org/stamp/stamp.jsp?arnumber=9464069","","Companies;Software;Stakeholders;Reliability;Task analysis","","4","","37","","30 Jun 2021","17-21 May 2021","17-21 May 2021","IEEE","IEEE Conferences"
"A Machine Learning Framework for Detecting and Mitigation of Cyber Threats in IoT Environments","K. M. R. Seetharaman; P. Yadav","Principal Consltant - SAP, MBA (Project Managemenet), Universal Avenue Edison New Jersey, United States; Dept. of Computer Science Engineering (CSE), Oriental Institute of Science and Technology(OIST), R.G.P.V. University, Bhopal, M.P., India",2025 3rd International Conference on Inventive Computing and Informatics (ICICI),"15 Jul 2025","2025","","","1112","1119","Artificial intelligence (AI) and machine learning are becoming more and more important in enhancing threat detection, response, and proactive defense as cybersecurity quickly changes. Two prominent solutions, leverage ML to solve Cybect Threat Intelligence (CTI) issues. A machine learningbased approach for identifying and reducing cyber threats in IoT settings is presented in this research, with an emphasis on the categorization of cyberattacks using the ResNet model. The framework is evaluated employing the CICDS 2019 dataset, and the ResNet model outperforms traditional machine learning models such as Feedforward Neural Network (FFNN), Support Vector Machine (SVM), and Gated Recurrent Unit (GRU), achieving an accuracy of 99.5% and an AUC of 93.3%. Although it achieved high accuracy, the discriminatory power of the ResNet model is less than optimum, as seen from the ROC plot; more work needs to be done. This paper has shown how DL can be applied effectively to IoT cyber threat detection and proposes research and development areas for enhancement, such as different data sets, tuning models of DL, and light models in the IoT environment.","","979-8-3315-3830-9","10.1109/ICICI65870.2025.11069697","","https://ieeexplore.ieee.org/stamp/stamp.jsp?arnumber=11069697","Internet of Things (IoT);Cyber Threats;Cybersecurity;Threat Detection;Security Framework;Machine Learning (ML);CICDS 2019 Dataset","Support vector machines;Accuracy;Computational modeling;Prevention and mitigation;Machine learning;Threat assessment;Data models;Internet of Things;Tuning;Research and development","","4","","38","IEEE","15 Jul 2025","4-6 June 2025","4-6 June 2025","IEEE","IEEE Conferences"
"Framework for Integrating Threat Modeling into a DevOps Pipeline for Enhanced Software Development","L. Nikolov; A. Aleksieva-Petrova","Department of Computer Systems Technical, University of Sofia, Sofia, Bulgaria; Department of Computer Systems Technical, University of Sofia, Sofia, Bulgaria","2024 International Conference on Software, Telecommunications and Computer Networks (SoftCOM)","23 Oct 2024","2024","","","1","5","In the realm of continuous integration and continuous deployment (CI/CD), safeguarding software systems is crucial. Integrating threat modeling into the DevOps pipeline ensures that security considerations are an integral part of the software development process, helping to prevent vulnerabilities from being introduced into production. This study outlines a detailed framework for embedding threat modeling into a Jenkins DevOps pipeline. The framework involves incorporating threat model results into a database and using this data to perform automated security scans. Three challenges are identified in integration of security in DevOps pipeline and discussed against the proposed framework.","1847-358X","978-953-290-138-2","10.23919/SoftCOM62040.2024.10721871","","https://ieeexplore.ieee.org/stamp/stamp.jsp?arnumber=10721871","DevOps;DevSecOps;threat modeling;Jenkins;pipeline","Threat modeling;DevOps;Databases;Pipelines;Standards organizations;Machine learning;Software systems;Data models;Telecommunications;Security","","3","","14","","23 Oct 2024","26-28 Sept. 2024","26-28 Sept. 2024","IEEE","IEEE Conferences"
"SE-DO: Navigating the 6G Frontier with Scalable and Efficient DevOps for Intelligent Agents Optimization","P. M. Tshakwanda; H. Kumar; S. T. Arzo; M. Devetsikiotis","Department of Electrical and Computer Engineering, University of New Mexico, USA; Department of Electrical and Computer Engineering, University of New Mexico, USA; Department of Electrical and Computer Engineering, University of New Mexico, USA; Department of Electrical and Computer Engineering, University of New Mexico, USA",2024 IEEE 14th Annual Computing and Communication Workshop and Conference (CCWC),"13 Feb 2024","2024","","","0269","0277","In the imminent era of 6G dominance and the expanding realm of interconnected IoT devices, ensuring seamless connectivity is vital. This paper introduces the Scalable and Efficient DevOps (SE-DO) methodology—a scalable multi-agent system designed for next-gen networks. SE-DO’s avant-garde architecture dynamically integrates new agents, mirroring evolving IoT ecosystems. Two sets of agents manage vast IoT data in urban matrices: extraction agents collect, and preprocessing agents refine for computational tasks. Anticipating 6G’s prowess, training agents optimize machine learning models for real-time traffic analytics. Augmented by predictor agents, SE-DO prioritizes accuracy, efficiency, and security, validated empirically. SE-DO’s adaptability ensures scalable proficiency amid IoT integrations, facilitating a smooth transition to the 6G era. Addressing IoT challenges, SE-DO, rooted in a robust multi-agent system, optimizes agent performance in resource-constrained environments. Real-world experiments highlight SE-DO’s high accuracy and efficiency, making it pivotal for future network optimization. Access SE-DO’s future on GitHub—where innovation meets accessibility. As next-gen networks demand reliable solutions, SE-DO emerges as an indispensable tool for navigating emergent network paradigms.","","979-8-3503-6013-4","10.1109/CCWC60891.2024.10427717","National Science Foundation; ","https://ieeexplore.ieee.org/stamp/stamp.jsp?arnumber=10427717","Software-Defined Networking;Microservices;Intelligent Agent;Docker Container;DevOps;5G;6G","6G mobile communication;DevOps;Computer architecture;Internet of Things;Intelligent agents;Optimization;Multi-agent systems","","3","","14","IEEE","13 Feb 2024","8-10 Jan. 2024","8-10 Jan. 2024","IEEE","IEEE Conferences"
"Collaborative DDoS Detection in Distributed Multi-Tenant IoT using Federated Learning","E. C. P. Neto; S. Dadkhah; A. A. Ghorbani","Canadian Institute for Cybersecurity, University of New Brunswick, Fredericton, Canada; Canadian Institute for Cybersecurity, University of New Brunswick, Fredericton, Canada; Canadian Institute for Cybersecurity, University of New Brunswick, Fredericton, Canada","2022 19th Annual International Conference on Privacy, Security & Trust (PST)","18 Aug 2022","2022","","","1","10","Nowadays, the Internet of Things (IoT) has attracted much attention from the industry, and new initiatives are expected to be developed in the next decade. IoT is establishing a globally connected sensor network in which many devices are connected to the Internet generating large amounts of data. Conversely, many challenges need to be overcome to enable efficient and secure IoT applications (e.g., interoperability, security, standards, and server technologies). Furthermore, edge computing presents a paramount role in the diverse range of IoT applications. In this sense, processing sensitive data for different tenants (e.g., e-health and smart cities applications) requires transactions to be protected and isolated from different flows. Thereupon, different tenants can be targeted by Distributed Denial of Service (DDoS) attacks. However, attacks performed against a tenant remain unknown to others, preventing the improvement of detection and mitigation capabilities for DDoS attacks. The main obstacle in this collaboration relies on maintaining privacy in a multi-tenant environment while sharing the characteristics of attacks faced in the past. In this paper, we propose a collaborative DDoS detection and classification approach for distributed multi-tenant IoT environments using Federated Learning. This approach enables multiples tenants to collaboratively enhance their DDoS detection and classification capabilities across all edge nodes while maintaining their privacy. To accomplish this, tenants train deep learning instances on locally scaled traffic data and share the model parameters with other tenants. This strategy enables safer IoT operations and can be adopted in different applications. The experiments performed on a simulated environment considered the CICD-DoS2019 dataset and showed that the proposed approach can classify different DDoS attacks types with over 84.2% accuracy. The results demonstrate that collaborative DDoS detection enhances tenant protection compared to single detection.","","978-1-6654-7398-9","10.1109/PST55820.2022.9851984","","https://ieeexplore.ieee.org/stamp/stamp.jsp?arnumber=9851984","Deep Learning;Federated Learning;Internet of Things (IoT);Distributed Denial of Service (DDoS);Privacy;Security","Industries;Privacy;Collaboration;Denial-of-service attack;Collaborative work;Internet of Things;Servers","","34","","61","IEEE","18 Aug 2022","22-24 Aug. 2022","22-24 Aug. 2022","IEEE","IEEE Conferences"
"Artificial Intelligence in Next Generation IoT Infrastructure: Challenges and Opportunities","R. Arabelli; D. K. Chotaliya; R. T. Gadhave; B. Haritha; L. C. Kasireddy; M. Soni","Department of Electronics and Communications Engineering, School of Engineering, SR University, Warangal, India; Department of Instrumentation and Control Engineering, GEC-Rajkot, Rajkot, Gujarat; Pillai HOC College of Engineering and Technology, Rasayani, Tal. Khalapur, MH, India; Department of ECE, St. martin's Engineering College, Hyderabad; Enterprise DevSecOps Architect R&D - Engineering, ThoughtSpot Inc, Franklin, TN, USA; Dr. D. Y. Patil Vidyapeeth, Pune, Dr. D. Y. Patil School of Science & Technology, Pune","2025 First International Conference on Advances in Computer Science, Electrical, Electronics, and Communication Technologies (CE2CT)","2 Apr 2025","2025","","","1436","1440","Numerous facets of the public realm could be revolutionised by the convergence of the Internet of Things (the Internet of Things) and Artificial Intelligence (AI). This project developed a based-on data predictive maintenance system for manufacturing production lines. One of these anticipated improvements that can be included into the factory's production system is “AI of Things (AIoT),” which refers to the use of the IoT to carry out intelligent tasks with the aid of AI integration. By using the information created by IoT sensors progressively, the system utilizes machine learning (ML), a part of AI, to recognize expected blunders preceding they happen. The viability of the innovation was surveyed utilizing IoT information from genuine assembling frameworks, and the results of the appraisal demonstrated that the prescient support structure was effective in distinguishing potential failure indicators and could assist with forestalling some production stops. Comparing the performance of ML techniques revealed that frameworks of the bagging ensemble technique Random Forest and the boosting technique XGBoost appeared to outperform each of the techniques in the assessment. The factory's production system now uses the best-performing ML techniques from the present research.","","979-8-3315-1857-8","10.1109/CE2CT64011.2025.10939142","","https://ieeexplore.ieee.org/stamp/stamp.jsp?arnumber=10939142","Artificial intelligence;Machine learning;IoT;Predictive maintenance;Production","Production systems;Technological innovation;Boosting;Sensor systems;Real-time systems;Internet of Things;Intelligent sensors;Bagging;Random forests;Predictive maintenance","","7","","24","IEEE","2 Apr 2025","21-22 Feb. 2025","21-22 Feb. 2025","IEEE","IEEE Conferences"
"Digital Twin-Driven Testing of IoT Systems: A Scalable Simulation-Based Approach","G. Georgiev; R. Trifonov; D. Gotseva; G. Kotov","Department of Computer Systems, Faculty of Computer Systems and Technologies, Technical University of Sofia, Sofia, Bulgaria; Department of Computer Systems, Faculty of Computer Systems and Technologies, Technical University of Sofia, Sofia, Bulgaria; Department of Computer Systems, Faculty of Computer Systems and Technologies, Technical University of Sofia, Sofia, Bulgaria; Department of Computer Systems, Faculty of Computer Systems and Technologies, Technical University of Sofia, Sofia, Bulgaria",2025 13th International Scientific Conference on Computer Science (COMSCI),"13 Nov 2025","2025","","","1","6","Digital twins are emerging as a transformative approach for testing Internet of Things (IoT) systems, offering virtual replicas of physical environments to enhance test efficiency, scalability, and reliability. This paper presents a scalable simulation-based testing methodology driven by digital twin technology. We discuss how a digital twin of a smart home IoT system can be used to execute extensive test scenarios faster and more safely than on physical hardware. A hypothetical experimental evaluation is described in which a smart home digital twin is subjected to various sensor events, network conditions, and fault injections. Comparative analysis with traditional physical testing shows significant improvements: test coverage is broadened by simulating extreme and rare conditions, and testing time is greatly reduced through accelerated and parallelized virtual experiments. The results indicate that digital twin-driven testing can uncover 30% more faults prior to deployment and reduce testing duration by over 40% compared to conventional methods.","","979-8-3315-9814-3","10.1109/COMSCI67172.2025.11225248","","https://ieeexplore.ieee.org/stamp/stamp.jsp?arnumber=11225248","Digital Twin;Internet of Things (IoT);Simulation;Software Testing;Smart Home;Scalability;Reliability;Security;Virtual Testing;DevOps","Software testing;Scalability;Smart homes;Manuals;Digital twins;Software reliability;Internet of Things;Security;Testing;Load modeling","","","","17","IEEE","13 Nov 2025","13-15 Sept. 2025","13-15 Sept. 2025","IEEE","IEEE Conferences"
"Implementing DevOps Practices in CPPS Using Microservices and GitOps","I. Koren; F. Rinker; K. Meixner; M. Kröger; M. Zeng","Chair of Process and Data Science, RWTH Aachen University, Germany; CDL SQI, Institute of Information Systems Engineering, Technische Universität Wien, Austria; CDL SQI, Institute of Information Systems Engineering, Technische Universität Wien, Austria; Chair for Laser Technology, RWTH Aachen University, Germany; Laboratory for Machine Tools and Production Engineering, RWTH Aachen University, Germany",2023 IEEE 28th International Conference on Emerging Technologies and Factory Automation (ETFA),"12 Oct 2023","2023","","","1","4","As digitalization shapes Industry 4.0, integrating software engineering practices into the manufacturing domain becomes a key focus. DevOps is such a practice and methodology that enhances collaboration and automates processes in software development and IT operations. In previous work, we discussed challenges and opportunities of applying the DevOps paradigm in Cyber-Physical Production Systems (CPPS) engineering, which are complex systems that integrate physical components with computer-controlled operations. This paper instantiates our DevOps4CPPS framework, spotlighting the application of GitOps and microservices in a CPPS environment. A real-world case study from laser ultra short pulse manufacturing illustrates how the approach effectively addresses the inherent challenges of CPPS, boosting agility and operational performance, while reducing downtime. The paper provides guidance to researchers and practitioners on applying DevOps practices to CPPS, and suggests future research directions.","1946-0759","979-8-3503-3991-8","10.1109/ETFA54631.2023.10275433","Deutsche Forschungsgemeinschaft; ","https://ieeexplore.ieee.org/stamp/stamp.jsp?arnumber=10275433","DevOps;Cyber-Physical Production Systems;Microservices;GitOps","Software design;Shape;Scalability;Microservice architectures;Data collection;Software;Fourth Industrial Revolution","","5","","9","IEEE","12 Oct 2023","12-15 Sept. 2023","12-15 Sept. 2023","IEEE","IEEE Conferences"
"Comparative Study of Clouds Services integrated with DevOps Practices","P. Gupta; S. Bhatia","Centre For Distance and Online Education, Manav Rachna International Institute of Research and Studies, Haryana, India; Centre For Distance and Online Education, Manav Rachna International Institute of Research and Studies, Haryana, India",2025 3rd International Conference on Intelligent Cyber Physical Systems and Internet of Things (ICoICI),"1 Dec 2025","2025","","","1817","1823","In today’s world, where everything is revolving around cloud that provides in-demand services of any industry, corporates or Institutions. DevOps refers to the combination of the development as well as the operations in a shared and collaborative way for the work done by an organization’s application development and the IT operations teams. The significance of the paper includes comparative analysis of different industries where the cloud and DevOps can be integrated that helps to take the author’s research to the next level in the real-time environment. This paper presents comparative study on enhancing the clouds services by using DevOps practices that helps to save money, increases speed, security aspects and provides flexibility and scalability. With CloudOps, services are cost efficient, accessible and seamlessly integrated. Also the paper demonstrates the deployment of matrices based on DevOps, AWS and Azure Effectiveness that helps in understanding how well DevOps suit with various platforms.","","978-1-6654-5753-8","10.1109/ICoICI65217.2025.11254217","","https://ieeexplore.ieee.org/stamp/stamp.jsp?arnumber=11254217","DEVOPS;Cloud;AWS;Google Cloud Platform","Cloud computing;DevOps;Scalability;Medical services;Real-time systems;Manufacturing;Security;Sustainable development;Standards;Edge computing","","","","15","IEEE","1 Dec 2025","17-19 Sept. 2025","17-19 Sept. 2025","IEEE","IEEE Conferences"
"A New Project Management Tool Based on DevSecOps","K. Zunnurhain; S. R. Duclervil","School of Computer Science, Kean University, Union, NJ, USA; School of Computer Science, Kean University, Union, NJ, USA",2019 International Conference on Computational Science and Computational Intelligence (CSCI),"20 Apr 2020","2019","","","239","243","Cyber Security has become an important and crucial part of our society. Software are many times developed with little to no guidelines and security components, costing the quality and security of the software. We investigated on different agile development life-cycle models including: Behavioral Driven Development, Scaled Agile Framework and DevOps and DevSecOps. Eventually, we decided to focus on the DevSecOps development life-cycle model. Different types of DevSecOps models were found and analyzed. The characteristics of each were gathered to develop criteria for a new and effective DevSecOps model. Our results show that the DevSecOps models were more reliable than the previous models. Hence we adapted this model to develop our website to allow more security. All the selected criteria are highlighted and discussed in this study along with the website.","","978-1-7281-5584-5","10.1109/CSCI49370.2019.00049","","https://ieeexplore.ieee.org/stamp/stamp.jsp?arnumber=9071258","Cyber Security, development models, scalability, DevOps, DevSecOps","Security;Software;Biological system modeling;Adaptation models;Tools;Project management;Analytical models","","7","","5","IEEE","20 Apr 2020","5-7 Dec. 2019","5-7 Dec. 2019","IEEE","IEEE Conferences"
"Emerging IOT Cybersecurity Threats in Machine Learning","V. R. Chintha; S. K. R. Akkemgari; V. N. R. K. Nizampatnam; R. Kaur; M. Sudagar","Department of Electrical Engineering, Sr Sysyems Engineer, Wright State University, Ohio, USA; Cloud Security/DevSecOps, Hyland Software, Apex, North Carolina, USA; Department of Computer Networks, Expert Network Security Engineer, Acxiom LLC, Austin, Texas, USA; Department of Commerce, Chandigarh Group of Colleges, Mohali, Punjab, India; Department of Electronics and Instrumentation Engineering, Hindusthan College of Engineering and Technology, Coimbatore, Tamil Nadu, India","2025 2nd International Conference on New Frontiers in Communication, Automation, Management and Security (ICCAMS)","24 Nov 2025","2025","","","1","6","The development of Internet of Things (IOT) devices has led to new danger routes in our connected society in recent years. Meagre IoT security practices make all these devices interesting targets for attackers, even though they bring automation and real-time feedback. This work presents a comprehensive analysis of how to detect and mitigate cybersecurity threats in IoT, leveraging statistical anomaly detection with machine learning (ML) techniques. A combination of the RF (Random Forest) technique and packet size analysis to detect unusual behaviours and classify them as network intrusions was employed. Additionally, a CIAE risk matrix was applied to estimate the exposure degree of device-level vulnerabilities. That item stands for CIAE or confidentiality, integrity, availability and exploitability. On benchmark datasets, the recommended technique beat traditional models with 96.3% accuracy and 0.98 AUC. These results suggest combining strategies to improve IoT cybersecurity.","","979-8-3315-9610-1","10.1109/ICCAMS65118.2025.11234439","","https://ieeexplore.ieee.org/stamp/stamp.jsp?arnumber=11234439","Internet of Things;Cybersecurity;Machine Learning;CIAE;Random Forest","Radio frequency;Automation;Accuracy;Prevention and mitigation;Real-time systems;Internet of Things;Computer security;Random forests;Anomaly detection;Unsupervised learning","","","","20","IEEE","24 Nov 2025","11-12 July 2025","11-12 July 2025","IEEE","IEEE Conferences"
"Self-Service Cybersecurity Monitoring as Enabler for DevSecOps","J. Díaz; J. E. Pérez; M. A. Lopez-Peña; G. A. Mena; A. Yagüe","Departamento de Sistemas Informáticos E.T.S.I.S.I., Universidad Politécnica de Madrid, Madrid, Spain; Departamento de Sistemas Informáticos E.T.S.I.S.I., Universidad Politécnica de Madrid, Madrid, Spain; Research and Development Department, Sistemas Avanzados de Tecnología, S. A. (SATEC), Madrid, Spain; Departamento de Sistemas Informáticos E.T.S.I.S.I., Universidad Politécnica de Madrid, Madrid, Spain; Departamento de Sistemas Informáticos E.T.S.I.S.I., Universidad Politécnica de Madrid, Madrid, Spain",IEEE Access,"5 Aug 2019","2019","7","","100283","100295","Current IoT systems are highly distributed systems that integrate cloud, edge, and fog computing approaches depending on where intelligence and processing capabilities are allocated. This distribution and heterogeneity make development and deployment pipelines very complex and fragmented with multiple delivery endpoints above hardware. This fact prevents rapid development and makes the operation and monitoring of production systems a difficult and tedious task, including cybersecurity event monitoring. The DevSecOps can be defined as a cultural approach to improve and accelerate the delivery of business value by making dev/sec/ops teams' collaboration effective. This paper focuses on self-service cybersecurity monitoring as an enabler to introduce security practices in a DevOps environment. To that end, we have defined and formalized an activity that supports `Fast and Continuous Feedback from Ops to Dev' by providing a flexible monitoring infrastructure so that teams can configure their monitoring and alerting services according to their criteria (you build, you run, and now you monitor) to obtain fast and continuous feedback from the operation and thus, better anticipate problems when a production deployment is performed. This activity has been formalized using the Software & Systems Process Engineering Metamodel by OMG and its instantiation is described through a case study that shows the versioned and repeatable configuration of a cybersecurity monitoring infrastructure (Monitoring as Code) through virtualization and containerization technology. This self-service monitoring/alerting allows breaking silos between dev, ops, and sec teams by opening access to key security metrics, which enables a sharing culture and continuous improvement.","2169-3536","","10.1109/ACCESS.2019.2930000","CROWDSAVING(grant numbers:TIN2016-79726-C2-1-R); European Union’s Horizon 2020 research and innovation programme (RECAP. http://www.recap-project.eu)(grant numbers:732667); ","https://ieeexplore.ieee.org/stamp/stamp.jsp?arnumber=8766805","Cybersecurity;DevSecOps;monitoring as code;self-service monitoring","Monitoring;Internet of Things;Cloud computing;Software;Computer security;Edge computing","","51","","39","CCBY","19 Jul 2019","2019","","IEEE","IEEE Journals"
"Continuous Testing in the Development of IoT Applications","L. G. Guşeilă; D. -V. Bratu; S. -A. Moraru","Department of Automatics and Information Technology, Transilvania University of Braşov, Braşov, România; Department of Automatics and Information Technology, Transilvania University of Braşov, Braşov, România; Department of Automatics and Information Technology, Transilvania University of Braşov, Braşov, România",2019 International Conference on Sensing and Instrumentation in IoT Era (ISSI),"23 Mar 2020","2019","","","1","6","Internet-of-Things has evolved with the increased volume of data of interconnecting the physical world to the Internet. Cloud provides the underlying power for IoT to become a disrupting technology, revolutionizing the cloud, as we know it. IoT applications need to adapt frequently and rapidly to new requests. Increasing competition and rapidly changing market needs require from nowadays companies' flexibility and fast time to market of their products. To achieve these goals more and more organizations are relying on new IT technologies and software development processes. Though there are many publications around DevOps as a methodology and the use of a process for continuous integration and continuous development, there are fewer solutions provided which incorporate a software delivery pipeline incorporating all processes: continuous business planning, agile development, continuous integration, continuous deployment and continuous testing. The paper proposes a DevOps architecture and agile tools to be used in the implementation of a fully integrated DevOps pipeline based on open-source. Furthermore, continuous testing is covering test best practices and methods, which along with the DevOps pipeline can be widely implemented in any cloud environment, regardless of the cloud provider chosen.","","978-1-7281-1022-6","10.1109/ISSI47111.2019.9043692","","https://ieeexplore.ieee.org/stamp/stamp.jsp?arnumber=9043692","IoT;Cloud Computing;Agile Development;DevOps;Continuous Integration;Continuous Development;Continuous Testing;Automated Testing","","","9","","13","IEEE","23 Mar 2020","29-30 Aug. 2019","29-30 Aug. 2019","IEEE","IEEE Conferences"
"Template-based automation with distributed secure provisioning installer for remote cloud boxes","J. -S. Shin; J. Kim","School of Electrical Engineering and Computer Science, Gwangju Institute of Science and Technology (GIST), Gwangju, Korea; School of Electrical Engineering and Computer Science, Gwangju Institute of Science and Technology (GIST), Gwangju, Korea",2016 International Conference on Information and Communication Technology Convergence (ICTC),"5 Dec 2016","2016","","","33","35","The emerging edge computing concept with μClοud boxes, in charge of front-end data processing for remote large-scale cloud data centers, is addressing the delay and efficiency concerns for IoT-Cloud services. The infrastructure operators of IoT-Cloud services require several provisioning tools to handle a number of cloud boxes across multiple remote sites. The resulting open-source software provisioning tools should support automated installation and configuration for remote cloud boxes, albeit with flexibility and scalability. Thus, in this paper, we discuss our ongoing DevOps-based realization for DsP-Installer (Distributed Secure Provisioning Installer), which automates the template-based installation and configuration for remote cloud boxes.","","978-1-5090-1325-8","10.1109/ICTC.2016.7763428","","https://ieeexplore.ieee.org/stamp/stamp.jsp?arnumber=7763428","IoT-Cloud services;OpenStack cloud;DevOps-based automated provision;Open-Source software","Cloud computing;Internet of Things;Automation;Data centers;DevOps;Delays;Virtual machines;Servers;Random access memory;Open source software","","1","1","17","IEEE","5 Dec 2016","19-21 Oct. 2016","19-21 Oct. 2016","IEEE","IEEE Conferences"
"Towards Model-Based Continuous Deployment of Secure IoT Systems","N. Ferry; P. H. Nguyen","SINTEF, Oslo, Norway; SINTEF, Oslo, Norway",2019 ACM/IEEE 22nd International Conference on Model Driven Engineering Languages and Systems Companion (MODELS-C),"21 Nov 2019","2019","","","613","618","Software development and delivery of IoT systems would greatly benefit from DevOps as their requirements for reliability, quality, security and privacy are paramount. The ability to continuously evolve these systems to adapt to their environment is decisive to ensure and increase their trustworthiness (including security and privacy) and quality. In particular, there is a need for supporting the continuous deployment of secure IoT systems over IoT, Edge, and Cloud infrastructures. However, our recent survey shows a lack of specific support for deploying security and privacy mechanisms as part of the system. This position paper reports on an on-going extension of the modelling language and models@runtime implementation of the Generation and Deployment of Smart IoT Systems (GeneSIS) tool for supporting continuous deployment of IoT security and privacy mechanisms on the Edge. In particular, we present our early design of the extended version of GeneSIS with the new concepts of port, security capability, and privacy capability.","","978-1-7281-5125-0","10.1109/MODELS-C.2019.00093","","https://ieeexplore.ieee.org/stamp/stamp.jsp?arnumber=8904644","IoT, DevOps, Deployment, Model-Driven Engineering, model@runtime","","","10","","12","IEEE","21 Nov 2019","15-20 Sept. 2019","15-20 Sept. 2019","IEEE","IEEE Conferences"
"A Scalable DevOps Framework Using Kubernetes-Orchestrated Microservices for Cloud-Native Infrastructure","S. S. Poojary; S. Kamble; G. S. Mamatha","Software Engineering, RV College of Engineering, Bangalore, India; Software Engineering, RV College of Engineering, Bangalore, India; Information Science, RV College of Engineering, Bangalore, India",2025 9th International Conference on Computational System and Information Technology for Sustainable Solutions (CSITSS),"19 Dec 2025","2025","","","1","6","Think of a Formula 1 pit crew, swapping tires and tuning aerodynamics in seconds, guided by a race engineer's precise commands. That's the heart of our cloud-native DevOps framework, leveraging Kubernetes to orchestrate microservices for fast, reliable, and sustainable applications. This paper presents an innovative approach that empowers teams with automated CI/CD pipelines, infrastructure as code, observability, fault tolerance, security, AI-driven optimization, multi-cloud strategies, carbon-aware scheduling, regulatory compliance, cultural transformation, and a DevOps maturity model. By harnessing Kubernetes' pods, services, and autoscaling, we deliver scalability, resilience, and efficiency. Through clear architectural insights, real-world e-commerce and IoT case studies, and unique metrics, we tackle challenges like network performance, security, cost, sustainability, compliance, and team collaboration, providing a practical blueprint for modern DevOps practitioners.","2767-1097","979-8-3315-8894-6","10.1109/CSITSS67709.2025.11294211","","https://ieeexplore.ieee.org/stamp/stamp.jsp?arnumber=11294211","DevOps;Kubernetes;microservices;cloudnative;CI/CD;infrastructure as code;container orchestration;fault tolerance;scalability;security;AI optimization;multi-cloud;observability;carbon-aware scheduling;regulatory compliance;cultural transformation;DevOps maturity","Fault tolerance;DevOps;Scalability;Fault tolerant systems;Microservice architectures;Security;Cultural differences;Observability;Sustainable development;Optimization","","","","15","IEEE","19 Dec 2025","20-22 Nov. 2025","20-22 Nov. 2025","IEEE","IEEE Conferences"
"Prediction of DevOps readiness for software organization based on machine learning","Z. N. Hasan; I. A. Saleh","dept. Software, (of University of Mosul), Mosul, Iraq; dept. Software, (of University of Mosul), Mosul, Iraq","2025 3rd International Conference on Artificial Intelligence, Blockchain, and Internet of Things (AIBThings)","19 Dec 2025","2025","","","1","5","The term “DevOps predictions” is used in this paper only to refer to the ability to predict DevOps adoption maturity in software organizations. The paper presents a machine learning model for predicting the level of DevOps adoption maturity in software companies. This model assesses readiness based on three key dimensions: cultural alignment, technical infrastructure, and operational resilience. This method enables an organization’s overall ability to adequately deploy and maintain DevOps practices. This paper presents a machine learning-powered pipeline for predicting DevOps readiness in software companies, helping support strategic planning and digital transformation. The proposed method boasts high predictive power and reliability thanks to the application of several ensemble learning techniques and, most importantly, a voting regression model. The model’s $\mathbf{R}$-SQ coefficient was 0.99, and its error statistics were very low (MAE $=0.04$, RMSE $=0.04$), demonstrating the model’s high effectiveness in predicting organizational patterns and readiness indicators. The research combines technical performance analysis and an implementation-based tool to measure DevOps maturity. These findings suggest that machine learning can improve decision-making and guide organizations toward more successful DevOps adoption.","","979-8-3315-8856-4","10.1109/AIBThings66987.2025.11296144","","https://ieeexplore.ieee.org/stamp/stamp.jsp?arnumber=11296144","machine learning;DevOps;prediction;boosting;stacking;voting;random forest","DevOps;Stacking;Pipelines;Companies;Predictive models;Strategic planning;Software;Software reliability;Random forests;Resilience","","","","15","IEEE","19 Dec 2025","6-7 Sept. 2025","6-7 Sept. 2025","IEEE","IEEE Conferences"
"Integrating Security into CI/CD Pipelines: A DevOps Approach to Application Deployment","S. N. V; R. S. B; J. Sathiamoorthy","Artificial Intelligence and Data Science, St. Joseph's Institute of Technology, Chennai, India; Artificial Intelligence and Data Science, St. Joseph's Institute of Technology, Chennai, India; Artificial Intelligence and Data Science, St. Joseph's Institute of Technology, Chennai, India","2026 Second International Conference on Intelligent Systems for Communication, IoT and Security (ICISCoIS)","27 Mar 2026","2026","","","1","6","The recent blistering shift in the direction of the DevOps practices and Continuous Integration / Continuous Deployment pipelines has changed the process of software delivery and development. However, these dynamic approaches have also resulted in the creation of new attack surfaces and security threats. The dynamic and time sensitive aspect of the modern software delivery cannot fit in the perimeter centered security models. The following paper will present my DevOps-powered security integration platform or, to be more specific, DevSecOps which is the composite of security control and vulnerability scanning alongside confirmation that CI/CD pipelines meet the standards. This may enable development teams to identify and address vulnerabilities earlier in the software life cycle and mitigate their exposure to risk as well as enable them to release their software more quickly by shifting security to the left. The architecture contained in our proposed scheme presents an architecture that is tool independent and converts the benefits, both performance and security, to a real life deployment scenario.","","979-8-3315-4596-3","10.1109/ICISCoIS62701.2026.11447658","","https://ieeexplore.ieee.org/stamp/stamp.jsp?arnumber=11447658","DevSecOps;Infrastructure as Code (IaC);Application Security;Continuous Integration;Continuous Deployment;Secure Software Development;Vulnerability Scanning","DevOps;Pipelines;Continuous integration;Software;Application security;Threat assessment;Surface fitting;Zero Trust;Security;Surface treatment","","","","20","IEEE","27 Mar 2026","8-10 Jan. 2026","8-10 Jan. 2026","IEEE","IEEE Conferences"
"AI-Augmented Compiler Optimization for Energyefficient Software Execution on Embedded Systems","S. K. Malaraju; S. K. Madishetty","DevSecOps, VHL Technologies Inc., Texas, USA; Steris Corporation, Mentor, Ohio, USA",2025 14th International Conference on System Modeling & Advancement in Research Trends (SMART),"23 Feb 2026","2025","","","1","6","The recent trend of the increased usage of embedded systems (such as IoT, autonomous devices, and edge computing) is associated with the increased demand to have energy-efficient software that does not impact performance. The traditional compiler optimization strategies, which are extremely useful in the case of generic workloads, are not likely to be able to respond to the dynamic energy and performance needs of a heterogeneous embedded system. The study examines AI-enhanced compiler optimization systems that use machine learning and reinforcement learning in improving the code generation, pass ordering, and runtime tuning with energy efficiency. The study shows that energy consumption can be drastically reduced without compromising the performance and accuracy of the systems based on multiple architectures through the combination of predictive cost models, reinforcement-based heuristics, and domain-specific auto-schedulers. Other areas of study that the research identifies that allow cross-layer co-optimization include compiler-guided dynamic voltage and frequency scaling (DVFS) and accuracy-conscious intermediate representations. The accuracy of the proposed approach is confirmed in the experimental results of benchmark suites like BEEBS and Embench, which demonstrate a steady increase in code quality and energy efficiency relative to traditional approaches based on heuristics. The work is useful to the intelligent compiler design that has been evolving as it provides a pathway in the direction of sustainable as well as adaptive and portable. optimization strategies of the nextgeneration embedded systems.","2767-7362","979-8-3315-6496-4","10.1109/SMART66937.2025.11389313","","https://ieeexplore.ieee.org/stamp/stamp.jsp?arnumber=11389313","Embedded systems;machine learning;reinforcement learning;cross-layer;Compilers","Performance evaluation;Energy consumption;Cross layer design;Embedded systems;Reinforcement learning;Market research;Energy efficiency;Software;Hardware;Optimization","","","","19","IEEE","23 Feb 2026","14-15 Nov. 2025","14-15 Nov. 2025","IEEE","IEEE Conferences"
"Towards a Taxonomy for Eliciting Design-Operation Continuum Requirements of Cyber-Physical Systems","J. Ayerdi; A. Garciandia; A. Arrieta; W. Afzal; E. Enoiu; A. Agirre; G. Sagardui; M. Arratibel; O. Sellin",University of Mondragon; Ikerlan; University of Mondragon; Mälardalen University; Mälardalen University; Ikerlan; University of Mondragon; Orona; Bombardier Transportation,2020 IEEE 28th International Requirements Engineering Conference (RE),"9 Oct 2020","2020","","","280","290","Software systems that are embedded in autonomous Cyber-Physical Systems (CPSs) usually have a large life-cycle, both during its development and in maintenance. This software evolves during its life-cycle in order to incorporate new requirements, bug fixes, and to deal with hardware obsolescence. The current process for developing and maintaining this software is very fragmented, which makes developing new software versions and deploying them in the CPSs extremely expensive. In other domains, such as web engineering, the phases of development and operation are tightly connected, making it possible to easily perform software updates of the system, and to obtain operational data that can be analyzed by engineers at development time. However, in spite of the rise of new communication technologies (e.g., 5G) providing an opportunity to acquire Design-Operation Continuum Engineering methods in the context of CPSs, there are still many complex issues that need to be addressed, such as the ones related with hardware-software co-design. Therefore, the process of Design-Operation Continuum Engineering for CPSs requires substantial changes with respect to the current fragmented software development process. In this paper, we build a taxonomy for Design-Operation Continuum Engineering of CPSs based on case studies from two different industrial domains involving CPSs (elevation and railway). This taxonomy is later used to elicit requirements from these two case studies in order to present a blueprint on adopting Design-Operation Continuum Engineering in any organization developing CPSs.","2332-6441","978-1-7281-7438-9","10.1109/RE48521.2020.00038","","https://ieeexplore.ieee.org/stamp/stamp.jsp?arnumber=9218194","DevOps;Design-Operation;Requirements Elicitation;Cyber-Physical Systems","Taxonomy;Software;Elevators;Companies;Interviews;Maintenance engineering;Rail transportation","","16","","34","IEEE","9 Oct 2020","31 Aug.-4 Sept. 2020","31 Aug.-4 Sept. 2020","IEEE","IEEE Conferences"
"Fast Choreography of Cross-DevOps Reconfiguration with Ballet: A Multi-Site OpenStack Case Study","J. Philippe; A. Omond; H. Coullon; C. Prud'Homme; I. Raïs","IMT Atlantique, Ecole Centrale Nantes, CNRS, INRIA, LS2N, UMR 6004, Nantes Universite, Nantes, France; IMT Atlantique, Ecole Centrale Nantes, CNRS, INRIA, LS2N, UMR 6004, Nantes Universite, Nantes, France; IMT Atlantique, Ecole Centrale Nantes, CNRS, INRIA, LS2N, UMR 6004, Nantes Universite, Nantes, France; IMT Atlantique, Ecole Centrale Nantes, CNRS, INRIA, LS2N, UMR 6004, Nantes Universite, Nantes, France; Department of Computer Science, UiT The Arctic, University of Norway, Tromsø, Norway","2024 IEEE International Conference on Software Analysis, Evolution and Reengineering (SANER)","16 Jul 2024","2024","","","1","11","In the context of Edge Computing or Cyber-Physical Systems, cross-functional, and cross-geographical DevOps teams are in charge of automating deployments, configuration, and management (i.e., reconfiguration) of complex, large-scale, highly dynamic, and geo-distributed service-oriented software systems. In this context, DevOps teams cannot reasonably manually coordinate their reconfiguration operations in a global manner. Furthermore, as disconnection is the norm in these paradigms, a central entity responsible for reconfiguration should be avoided, and the set of changes to apply should be as fast as possible. This paper presents Ballet, a fast tool to automate decentralized choreographies (i.e., coordination) of cross-DevOps reconfiguration. We show a gain of 42.6% for a deployment scenario and 24% for an update scenario on an OpenStack case study.","2640-7574","979-8-3503-3066-3","10.1109/SANER60148.2024.00007","","https://ieeexplore.ieee.org/stamp/stamp.jsp?arnumber=10589806","DevOps;Infrastructure-as-Code;Decentralized Reconfiguration;Constraint Programming","DevOps;Databases;Semantics;Configuration management;Automata;Programming;Cyber-physical systems","","3","","39","IEEE","16 Jul 2024","12-15 March 2024","12-15 March 2024","IEEE","IEEE Conferences"
"Automated and Orchestrated CI/CD Pipelines in Industrial Protocol Certification Testing","O. Lone; T. Stasiak; H. D. Doran","Institute of Embedded Systems ZHAW, Zurich, Switzerland; Institute of Embedded Systems ZHAW, Zurich, Switzerland; Institute of Embedded Systems ZHAW, Zurich, Switzerland",2024 IEEE 20th International Conference on Factory Communication Systems (WFCS),"31 May 2024","2024","","","1","4","The industrial automation industry is rapidly evolving, and with it, the way that industrial communication protocol certification testing is conducted. Protocol providers offer field device manufacturers conformance testing suites with integration interfaces, enabling them to embed these tests into their development cycle. However, there is a lack of clear instructions and readily available literature on how to build such integrated testing frameworks. This paper discusses the integration of two certification software suites, PROFINET and EthernetIP, into a regression test environment utilizing CI/CD pipelines and Azure DevOps cloud-based infrastructure. Automated orchestration facilitates the creation of a unit-to-validation test environment, accelerating time to market. Upon completion of this work, significant implications emerge regarding the traditional V-Model and the certification procedure. This paper details the work-achieved towards providing a complete verification and validation framework, presents performance characteristics to underline our arguments, and discusses the resulting impact on the traditional V-Model.","2835-8414","979-8-3503-1934-7","10.1109/WFCS60972.2024.10540983","","https://ieeexplore.ieee.org/stamp/stamp.jsp?arnumber=10540983","CI/CD;pipelines;industrial protocol;certification;automated;cloud-based;PROFINET;Ethernet/IP;testing;orchestrated;regression","Industries;Protocols;DevOps;Pipelines;Industrial communication;Time to market;Life estimation","","2","","13","IEEE","31 May 2024","17-19 April 2024","17-19 April 2024","IEEE","IEEE Conferences"
"Sensing-to-Sky Intermittent Connectivity Realization for LTE-Enabled Drone Platforms: Embedded Design, Measurement Study, and Positioning Applications","J. Kim; U. Jo; T. Kim; S. Jung; J. Kim","Department of Artificial Intelligence Convergence Network, Ajou University, Suwon, Republic of Korea; Unicorn DevOps Squad, MIRIDIH, Seoul, Republic of Korea; School of Computer Science and Engineering, Pusan National University, Busan, Republic of Korea; Department of Electrical and Computer Engineering, Ajou University, Suwon, Republic of Korea; Department of Electrical and Computer Engineering, Korea University, Seoul, Republic of Korea",IEEE Access,"1 Oct 2024","2024","12","","137360","137372","This paper presents practical scenarios for drone-based networking systems, specifically focusing on LTE-capable sensor-to-drone intermittent transmission over cellular networks. The proposed scenarios consider power limitations and connectivity instability inherent in drone operations. To validate the usability of these scenarios and networking architectures, an embedded system design and implementation using Reverse secure shell (SSH) is considered and realized. Real-world prototyping and implementation of the embedded system are conducted, followed by measurement studies to assess the feasibility of the proposed sensing-to-sky connectivity system. Furthermore, one of major applications for the system is introduced for the validation, i.e., optimal drone placement and positioning. The performance evaluation results confirm the practicality and effectiveness of the proposed approach for achieving intermittent communications between drones and ground-based systems over LTE networks. The findings contribute to advancing the field of drone networking and provide valuable insights for developing reliable and efficient sensing-to-sky communication systems.","2169-3536","","10.1109/ACCESS.2024.3462942","National Research Foundation of Korea funded by Korean Government [Ministry of Information and Communications Technology](grant numbers:RS-2024-00359330); ","https://ieeexplore.ieee.org/stamp/stamp.jsp?arnumber=10683694","Drone;unmanned aerial vehicle (UAV);connectivity;sensing;embedded system","Drones;Sensors;Long Term Evolution;IP networks;Base stations;Ad hoc networks;Internet of Things;Autonomous aerial vehicles;Embedded systems","","2","","59","CCBYNCND","18 Sep 2024","2024","","IEEE","IEEE Journals"
"Architecting Digital Twins","E. Ferko; A. Bucaioni; M. Behnam","Division of Product Realisation, Mälardalen University, Eskilstuna, Sweden; Division of Product Realisation, Mälardalen University, Eskilstuna, Sweden; Division of Product Realisation, Mälardalen University, Eskilstuna, Sweden",IEEE Access,"16 May 2022","2022","10","","50335","50350","In 2002, Grieves defined the concept of the digital twin as a virtual instance of physical assets capable of continuously mirroring them. Ever since then, driven by remarkable industrial attention, digital twins flourished and ripened in several sectors. The notable industrial adoption has been sided by a growing interest from the software engineering community in general and the software architecture community in particular as demonstrated by the growing number of published peer-reviewed publications and proposed software architectural solutions for digital twins. In this paper, we report on the planning, execution, and results of a systematic mapping study on architecting digital twins. The study captures crucial aspects of software architectures for digital twins as types of architectural solutions, quality attributes, and architectural patterns. It supports practitioners in creating digital twins tailored to their specific needs and researchers in identifying trends and open challenges. Starting from an initial set of potentially relevant 1630 peer-reviewed publications, we selected 140 primary studies. We analysed the set of primary studies using thorough data extraction, analysis, and synthesis process. To compensate for single method limitations and reduce possible threats to conclusion validity, we discussed the results of our study with experts in the software architecture community. Based on our results, the field of software architecture for digital twins is lively and an increasing number of architectural solutions are being proposed. Although there is a lack of widely accepted reference architectural solutions for digital twins, most of them are built using a combination of the layered and service-oriented patterns and address maintainability, performance efficiency, and compatibility quality attributes.","2169-3536","","10.1109/ACCESS.2022.3172964","Swedish Knowledge Foundation [Stiftelsen för kunskaps- och kompetensutveckling (KKS)] through the Assured Cloud Platforms for Industrial Cyber-physical Systems (ACICS) and Model-Based DevOps for Cyber-Physical System Product Lines (Modev) projects; Sweden’s Innovation Agency [Verket för innovationssystem (VINNOVA)] through the PANORAMA Project; Excellence in Production Research [Excellence in Production Research (XPRES)] Framework; ","https://ieeexplore.ieee.org/stamp/stamp.jsp?arnumber=9770073","Architectural patterns;digital twin;software architectures;quality attributes.","Digital twin;Systematics;Software architecture;Computer architecture;Standards;Market research;Planning","","93","","40","CCBY","5 May 2022","2022","","IEEE","IEEE Journals"
"Implementation of CI/CD in Industrial Automation","V. S. Oleynikov; E. V. Zhdamirova; O. S. Aleksandrova","School of Cyber-Physical Systems and Control, Peter the Great St.Petersburg Polytechnic University ""SPbPU"", Saint Petersburg, Russia; School of Cyber-Physical Systems and Control, Peter the Great St.Petersburg Polytechnic University ""SPbPU"", Saint Petersburg, Russia; School of Cyber-Physical Systems and Control, Peter the Great St.Petersburg Polytechnic University ""SPbPU"", Saint Petersburg, Russia","2026 ElCon Conference of Young Researchers in Electrical Engineering, Automation & Control Systems (ElCon-EE)","31 Mar 2026","2026","","","359","361","This paper presents an approach to implementing CI/CD (Continuous Integration/Continuous Deployment) methodology in industrial automation, based on the O-PAS (Open Process Automation Standard) for ensuring compatibility, scalability, and security of control systems. A practical architecture is proposed for automated software deployment on a well pad using virtual PLCs, SCADA systems, and a centralized decision-making center. The study analyzes potential benefits, challenges, and risks associated with such an implementation, focusing on cybersecurity, network resilience, and the use of open-source virtualized components. The proposed solution can significantly reduce deployment time, improve system maintainability, and simplify scaling of automated industrial facilities.","","979-8-3315-4798-1","10.1109/ElCon-EE69794.2026.11453271","","https://ieeexplore.ieee.org/stamp/stamp.jsp?arnumber=11453271","CI/CD;O-PAS;Industrial Automation;Virtual PLC;OPC-UA;Pipeline;Software Deployment;Cybersecurity","Automation;Scalability;Pipelines;SCADA systems;Process control;Industrial facilities;Software;Computer security;Standards;Resilience","","","","12","IEEE","31 Mar 2026","3-5 Feb. 2026","3-5 Feb. 2026","IEEE","IEEE Conferences"
"Comprehensive Study of Data Centric and DevOps Algorithms Based Cloud Security","S. R. Goli; G. Deshpande; R. Konda; A. K. R. Goli","NA; Security Operation Services, IBM, Lowell, United States; Department of Information Technology, Bellevue University, Bellevue, United States; Department of Computer Science / Information Technology, Griffith College Dublin, Dublin, Ireland",2025 2nd International Conference on Intelligent Algorithms for Computational Intelligence Systems (IACIS),"5 Nov 2025","2025","","","1","5","Cloud security is essential for safeguarding sensitive and critical data while ensuring reliable operation within a computing setup where tasks are distributed and processed by multiple interconnected nodes. It protects data, applications, and infrastructure associated with cloud computing and is designed to secure the cloud environment from cyberattacks, unauthorized access, and related threats. This study elaborates on two primary approaches to cloud security: data-centric and DevOps-based techniques. Data-centric strategies focus on securing the data itself through advanced encryption and secure key management. DevOps-based security integrates protection mechanisms into the software development lifecycle, promoting early detection of vulnerabilities. The paper explores various techniques such as dynamic AES, RSA, blockchain-based key management, and automated policy enforcement frameworks such as SARIK. Each method's advantages and limitations are analyzed, offering a comparative perspective. The overall study demonstrates that combining both approaches improves security effectiveness and addresses ongoing challenges in cloud environments.","","979-8-3315-3677-0","10.1109/IACIS65746.2025.11211481","","https://ieeexplore.ieee.org/stamp/stamp.jsp?arnumber=11211481","blockchain;cloud security;data-centric;devops;encryption;key management","DevOps;Cloud computing security;Heuristic algorithms;Encryption;Blockchains;Security;Reliability;Protection;Computer crime;Computational intelligence","","","","18","IEEE","5 Nov 2025","22-23 Aug. 2025","22-23 Aug. 2025","IEEE","IEEE Conferences"
"Optimized Activation Function on Deep Belief Network for Attack Detection in IoT","S. K. Sarma","Working in UST Global, Technopark, Trivandrum, India","2019 Third International conference on I-SMAC (IoT in Social, Mobile, Analytics and Cloud) (I-SMAC)","12 Mar 2020","2019","","","702","708","This paper mainly focuses on presenting a novel attack detection system to thread out the risk issues in IoT. The presented attack detection system links the interconnection of DevOps as it creates the correlation between development and IT operations. Further, the presented attack detection model ensures the operational security of different applications. In view of this, the implemented system incorporates two main stages named Proposed Feature Extraction process and Classification. The data from every application is processed with the initial stage of feature extraction, which concatenates the statistical and higher-order statistical features. After that, these extracted features are supplied to classification process, where determines the presence of attacks. For this classification purpose, this paper aims to deploy the optimized Deep Belief Network (DBN), where the activation function is tuned optimally. Furthermore, the optimal tuning is done by a renowned meta-heuristic algorithm called Lion Algorithm (LA). Finally, the performance of proposed work is compared and proved over other conventional methods.","","978-1-7281-4365-1","10.1109/I-SMAC47947.2019.9032633","","https://ieeexplore.ieee.org/stamp/stamp.jsp?arnumber=9032633","Attack detection;Internet of Things;Proposed Feature Extraction;Classification;Optimization","Feature extraction;Neurons;Security;Classification algorithms;Training;Optimization;Conferences","","","","17","IEEE","12 Mar 2020","12-14 Dec. 2019","12-14 Dec. 2019","IEEE","IEEE Conferences"
"AI for DevSecOps Optimization: Investigating the Role of AI/ML in Predictive Vulnerability Detection During CI/CD Pipeline Stages","T. Kalwani","Independent Researcher, Atlanta, GA, USA",2026 14th International Symposium on Digital Forensics and Security (ISDFS),"8 Apr 2026","2026","","","1","6","In this paper, the focus is placed on the integration of Artificial Intelligence and Machine Learning into the CI/CD pipelines of DevSecOps for predictive vulnerability detection. A specially selected dataset of 416 past code commits and vulnerability reports was used for the model building of the Random Forest and Recurrent Neural Network models. The designed AI-based system was seen to reach a detection accuracy of up to 93.8%, greatly outperforming the results yielded by conventional static code analysis solutions yet achieving a latency decrease of over 83%, as measured across repeated CI/CD build cycles in the associated security scan. With predictive models directly integrated into the CI/CD pipeline, the system allows for real-time and context-aware security reviews and the decrease of false positives, ultimately boosting the productivity of developers and the deployment time.","2768-1831","979-8-3315-7310-2","10.1109/ISDFS69419.2026.11458957","","https://ieeexplore.ieee.org/stamp/stamp.jsp?arnumber=11458957","DevSecOps;Predictive Modelling;Vulnerability Detection;CI/CD Pipelines;Artificial Intelligence","Feeds;Central Processing Unit;Internet of Things;Feedback loop;Communication systems;Product development;Infrastructure as Code;Protocols;Internet;Radio access networks","","","","12","IEEE","8 Apr 2026","19-20 March 2026","19-20 March 2026","IEEE","IEEE Conferences"
"AI-Powered CNC Digital Twin for Predictive Maintenance","S. Singh; S. Sethi; R. Sharma; D. Vaibhavi; A. Tiwari","CSE, Chandigarh University, Gharuan, India; CSE, Chandigarh University, Gharuan, India; CSE, Chandigarh University, Gharuan, India; CSE, Chandigarh University, Gharuan, India; CSE, Chandigarh University, Gharuan, India","2025 Fourth International Conference on Power, Control and Computing Technologies (ICPC2T)","17 Apr 2025","2025","","","1","6","In today’s manufacturing landscape, maintaining the operational efficiency of CNC (Computer Numerical Control) machines is critical for minimizing downtime and maximizing productivity. This paper presents a novel framework that integrates artificial intelligence (AI) with digital twin technology for predictive maintenance in CNC operations. By leveraging IoT (Internet of Things) sensors, real-time data is collected from CNC machines, enabling the creation of a dynamic digital twin that accurately represents machine performance and behavior. Hereby, employing advanced machine learning techniques, specifically XGBoost, to analyze historical and real-time data, facilitating the early detection of potential failures and optimizing maintenance schedules. It not only enhances the accuracy of maintenance predictions but also significantly reduces the maintenance cost and unplanned machine downtimes. This research contributes to the ongoing development of smart manufacturing systems and underscores the importance of AI-driven solutions in enhancing predictive maintenance strategies within the industrial sector.","","979-8-3315-3040-2","10.1109/ICPC2T63847.2025.10958573","","https://ieeexplore.ieee.org/stamp/stamp.jsp?arnumber=10958573","CNC;AI;IoT;XGBoost;MQTT;HTTP/2;SSL/TLS;OPC-UA;NVIDIA;TLS;ERP;MES;TFX;CI/CD","Productivity;Schedules;Power control;Real-time systems;Maintenance;Digital twins;Internet of Things;Computer numerical control;Predictive maintenance;Smart manufacturing","","2","","16","IEEE","17 Apr 2025","20-22 Jan. 2025","20-22 Jan. 2025","IEEE","IEEE Conferences"
"Autonomous CNC Machine Tools Powered by AI for Proactive Maintenance and Self-Restoration","S. P. S. Rathore; B. Kumawat; G. Chamundeswari; V. Goyal; S. K. Rathore; Y. Choudhary","School of Management & Commerce, Vikrant University, Gwalior, Madhya Pradesh, India; Faculty of Engineering & Technology, Madhav University, Aburoad, Rajasthan, India; Department of CSE, Ramachandra College of Engineering, Eluru, Andhra Pradesh, India; Department of CSE, School of Engineering and Technology, CGC University, Mohali, Punjab, India; Department of Computer Engineering and Applications, GLA University, Mathura, Uttar Pradesh, India; School of Commerce and Management, Lingayas Vidyapeeth, Faridabad, Haryana, India",2026 IEEE International Conference on Interdisciplinary Approaches in Technology and Management for Social Innovation (IATMSI),"7 Apr 2026","2026","4th","","1","6","In the modern manufacturing environment, ensuring the efficient operation of CNC (Computer Numerical Control) machines is vital for reducing downtime and improving productivity. This study introduces an innovative framework that combines artificial intelligence (AI) with digital twin technology to support predictive maintenance in CNC systems. Using IoT (Internet of Things) sensors, continuous operational data are gathered from CNC machines to build a dynamic digital twin that mirrors real-time machine behavior and performance. Advanced machine learning methods, particularly XGBoost, are applied to both historical and live data to identify early signs of failure and to optimize maintenance planning. The proposed approach improves the reliability of maintenance predictions while substantially lowering maintenance expenses and unexpected machine outages. This work advances smart manufacturing research and emphasizes the significance of AI-based solutions in strengthening predictive maintenance practices in industrial applications.","","979-8-3315-4970-1","10.1109/IATMSI68868.2026.11465456","","https://ieeexplore.ieee.org/stamp/stamp.jsp?arnumber=11465456","CNC;AI;IoT;XGBoost;MQTT;HTTP/2;SSL/TLS;OPC-UA;Nvidia;TLS;ERP;MES;TFX;CI/CD","Feeds;Filtering;Filters;Kalman filters;Circuits;Feedback;Microcontrollers;Microprocessors;Circuits and systems;Internet of Things","","","","18","IEEE","7 Apr 2026","12-14 March 2026","12-14 March 2026","IEEE","IEEE Conferences"
"Development of Artificial Intelligence Supported Tool for Anomaly Detection in Cloud Computing Systems","G. Aktas; B. Ipek; E. Ali Konukoglu; Y. Aydin","Control and Automation Engineering, Istanbul Technical University, Istanbul, Türkiye; Electronics and Communication Engineering, Istanbul Technical University, Istanbul, Türkiye; Control and Automation Engineering, Istanbul Technical University, Istanbul, Türkiye; Control and Automation Engineering, Istanbul Technical University, Istanbul, Türkiye","2023 International Conference on Electrical, Communication and Computer Engineering (ICECCE)","27 Feb 2024","2023","","","1","6","In the rapidly evolving landscape of Internet of Things (IoT) and Cloud systems, the complexity and scale of these technologies demand innovative solutions for efficient error detection and management. This paper proposes a robust framework for anomaly detection in cloud computing systems, emphasizing the critical role of automation and artificial intelligence (AI). The approach integrates Continuous Integration, Continuous Deployment (CICD) principles with AI-driven anomaly detection techniques to enhance system reliability and minimize risks. The study introduces a novel method employing one-dimensional convolutional layers and Autoencoder architecture to preprocess and analyze system metrics, enabling the development of an adaptive and customized anomaly detection system. The proposed framework is implemented through a Python-based agent, utilizing specific libraries and Continuous Integration/Continuous Deployment (CI/CD) processes executed via Jenkins. The agent is tested and deployed on Kubernetes, demonstrating its effectiveness in dynamic and complex environments. The results highlight the significance of iterative optimization, emphasizing continuous monitoring and adaptation for ensuring the robustness and reliability of cloud computing systems. This research contributes valuable insights into enhancing the efficiency of anomaly detection in large-scale cloud systems, paving the way for further advancements in the field of IoT and cloud technologies.","","979-8-3503-6969-4","10.1109/ICECCE61019.2023.10442490","","https://ieeexplore.ieee.org/stamp/stamp.jsp?arnumber=10442490","cloud;artificial intelligent;monitoring;devops","Cloud computing;Internet of Things;Iterative methods;Artificial intelligence;Anomaly detection;Optimization;Stress","","2","","9","IEEE","27 Feb 2024","30-31 Dec. 2023","30-31 Dec. 2023","IEEE","IEEE Conferences"
"Internet of Things (IoT) based Comprehensive testing of 5G network for Specific Absorption Rate (SAR)","S. Dasi; Y. Srinivas; M. Vadivel; R. Satpathy; B. B. Dash; U. C. De","dept. of ECE, PVP Siddhartha Engineering College, Vijayawada, India; ECE Department, Vignana Bharathi Institute of Technology, Ghatkesar; Vidya Jyoti Institute of Technology, Hyderabad; CSE (FET)and Director of the office of VC, Sri Sri University, Cuttack, Odisha, India; KIIT Deemed to be University Patia, Bhubaneswar, Odisha; KIIT Deemed to be University Patia, Bhubaneswar, Odisha",2022 International Conference on Electronics and Renewable Systems (ICEARS),"13 Apr 2022","2022","","","506","510","Our daily lives are filled with a wide variety of electromagnetic waves . To ensure that radio products are safe to use, they must undergo RF exposure evaluation. RF exposure evaluation, EMF measurements, or SAR testing can be used to conduct this evaluation. Time-consuming SAR measurement methods are used by the SAR standard. Mobile wireless device compliance test lead times are incompatible with industry needs and are becoming a significant pain as 5G communications proliferate. When it comes to peak spatialaverage SAR evaluation, this study proposes a new technology aimed to solve this challenge and provide instantaneous and accurate peak SAR evaluation.","","978-1-6654-8425-1","10.1109/ICEARS53579.2022.9751967","","https://ieeexplore.ieee.org/stamp/stamp.jsp?arnumber=9751967","DevOps;MultiCloud application;security and privacy analyses;Cloud Service Providers;operating system;VM;and hardware","Wireless communication;Renewable energy sources;5G mobile communication;Specific absorption rate;Internet of Things;Radiofrequency exposure;Standards","","1","","17","IEEE","13 Apr 2022","16-18 March 2022","16-18 March 2022","IEEE","IEEE Conferences"
"Sok: Zero Trust as a Strategy to Address Devsecops Challenges","A. Nair; S. Nicolazzo; A. Nocera; R. R. K. A.; V. P.","Department of Computer Applications, Cochin University of Science and Technology, Kochi, India; Department of Computer Science, University of Milan, Milan, Italy; Department of Electrical, Computer and Biomedical Engineering, University of Pavia, Pavia, Italy; Department of Computer Applications, Cochin University of Science and Technology, Kochi, India; Department of Computer Applications, Cochin University of Science and Technology, Kochi, India",2025 IEEE European Symposium on Security and Privacy Workshops (EuroS&PW),"1 Sep 2025","2025","","","546","554","Over recent years, Development, Security, and Operations (DevSecOps, hereafter) has evolved as a unique shift-left strategy that integrates security practices, early on in the Development and Operations (DevOps, for short) software development methodology. However, DevSecOps is not devoid of challenges. Insecure tools and insider attacks are some of the threats that can escape the security controls enforced in DevSecOps pipelines. In this paper, we analyze the possibility of embedding Zero Trust into the organization's developer workflow as a strategy to further secure DevSecOps by removing the implicit trust among the various components of the pipelines. Based on a systematic review of the present literature and for each phase of the DevSecOps life cycle, we evaluated the possible integration of current ZTA approaches.","2768-0657","979-8-3315-9546-3","10.1109/EuroSPW67616.2025.00069","","https://ieeexplore.ieee.org/stamp/stamp.jsp?arnumber=11129578","DevSecOps;CI/CD Pipeline security;Zero Trust Architecture;ZTA","DevOps;Web services;Pipelines;Computer architecture;Organizations;NIST;Mobile handsets;Zero Trust;Internet of Things;Systematic literature review","","","","24","IEEE","1 Sep 2025","30 June-4 July 2025","30 June-4 July 2025","IEEE","IEEE Conferences"
"Enhancing Interoperability and system performance through Automation and testing of IoT sensors","R. J; A. P. Patil; R. Sankarasubramanian; S. P. Yelaka; M. J; K. B. C. R","Information Science and Engineering, Dayananda Sagar College of Engineering, Bangalore, India; Information Science and Engineering, Dayananda Sagar College of Engineering, Bangalore, India; Technogrep Solutions LLP, Bangalore, India; Technogrep Solutions LLP, Bangalore, India; Information Science and Engineering, Dayananda Sagar College of Engineering, Bangalore, India; Information Science and Engineering, Dayananda Sagar College of Engineering, Bangalore, India",2025 International Conference on Next Generation Computing Systems (ICNGCS),"8 Oct 2025","2025","","","1","7","Seamless interoperability and enhanced system performance for real-time monitoring and efficient operation in smart environments are achieved through improved IoT sensor integration and automated testing and validation of backend APIs. By automating the processes of sensor data collection and API validation, the proposed method improves system efficiency, accuracy, and scalability within IoT environments. The central goal is to design a unified platform simplifying sensor deployment and ensuring consistent, reliable communication with backend systems. The proposed solution introduces a middleware layer that facilitates IoT sensor integration by unifying data formats and communication standards. It includes a backend API testing framework, leveraging tools like Cypress to verify API responses for accuracy, performance, and error resilience. Key components of this system include real-time simulation of sensor data, automated generation of test cases, and seamless integration with CI/CD pipelines for ongoing validation. Technologies such as Node.js, Python, and RESTful APIs are used to maintain scalability and system compatibility.The developed system offers a streamlined and automated approach to managing IoT sensors and verifying API interactions. Users can set up sensors, simulate their output, and validate backend responses without manual input. This level of automation reduces the time required for deployment, decreases the likelihood of errors, and ensures consistent performance of backend services. The proposed methodology demonstrates significant improvements in the efficiency and dependability of IoT-based systems.","","979-8-3315-9116-8","10.1109/ICNGCS64900.2025.11182974","","https://ieeexplore.ieee.org/stamp/stamp.jsp?arnumber=11182974","component;formatting;style;styling;insert","Automation;Accuracy;System performance;Scalability;Restful API;Reliability engineering;Real-time systems;Interoperability;Testing;Resilience","","","","19","IEEE","8 Oct 2025","21-22 Aug. 2025","21-22 Aug. 2025","IEEE","IEEE Conferences"
"Automating Test Oracle Generation in DevOps for Industrial Elevators","A. Arrieta; M. Otaegi; L. Han; G. Sagardui; S. Ali; M. Arratibel",Mondragon University; Mondragon University; Simula Research Laboratory; Mondragon University; Simula Research Laboratory; Orona,"2022 IEEE International Conference on Software Analysis, Evolution and Reengineering (SANER)","21 Jul 2022","2022","","","284","288","Orona is a world-renowned elevators developer. During elevators' lives, their software continues to evolve, e.g., due to hardware obsolescence, requirements changes, vulnerabilities, and bug corrections. Such continuous evolution demands the continuous testing of industrial elevators with the minimum manual effort possible. To this end, we present a tool, whose core component is a domain-specific language (DSL) with which a user can specify test oracles at a higher level of abstraction and independent of a testing level. The DSL also supports specifying uncertainty-aware test oracles to test elevators under various uncertainties inherent in them. Finally, the DSL is also equipped with test oracle generation that generates test oracle code automatically at the different DevOps testing levels (i.e., Software and Hardware-in-the-Loop test levels, and in operation) to enable reuse of test oracles across these levels. We evaluated this DSL with an industrial elevators case study at Orona's site to specify and generate test oracles. The evaluation showed that the high expressiveness of the DSL permits the high-level definition of test oracles in our industrial context. Based on the industrial application, we discuss our experiences and lessons learned.","1534-5351","978-1-6654-3786-8","10.1109/SANER53432.2022.00044","","https://ieeexplore.ieee.org/stamp/stamp.jsp?arnumber=9825900","Domain Specific Language;Test Oracle Gener-ation;Cyber-Physical Systems;Evolution","Uncertainty;Conferences;Computer bugs;Manuals;Elevators;Software;Hardware","","8","","10","IEEE","21 Jul 2022","15-18 March 2022","15-18 March 2022","IEEE","IEEE Conferences"
"Continuous Deployment in IoT Edge Computing : A GitOps implementation","R. López-Viana; J. Díaz; J. E. Pérez","Universidad Politécnica de Madrid, Madrid, Spain; Capgemini Engineering, Madrid, Spain; Capgemini Engineering, Madrid, Spain",2022 17th Iberian Conference on Information Systems and Technologies (CISTI),"14 Jul 2022","2022","","","1","6","Edge computing (EC) is a recent computing paradigm in the IoT domain for performing calculations and processing at the edge of the network, closer to the user instead of moving all data to the cloud. In this way, EC practitioners aim to replicate the benefits of cloud computing but closer to the source of the data, reducing the latency imposed by the distance between the cloud and the end devices, the network overhead, and the security and privacy risk that this offloading entails. But not only that. EC practitioners also aim to replicate best practices used on cloud-native development and operation. In this regard, GitOps is one of the main trends in the DevOps ecosystem for Continuous Deployment (CD) that promotes infrastructure automation in highly distributed applications, accelerating value delivery while avoiding error-prone manual processes. Till now, GitOps has been mainly related to Kubernetes—a widely used container orchestration platform to run distributed applications resiliently. In this regard, more and more IoT EC solutions are implementing container orchestration solutions like Kubernetes, thus, it is worthwhile identifying the benefits that GitOps adoption could leverage at the Edge and how possible challenges and drawbacks could be addressed. This paper presents a proof of concept based on tools included in the Cloud Native Computing Foundation (CNCF) landscape to check the feasibility of applying GtiOps in IoT EC solutions. Several drawbacks were detected mainly due to the used tooling, such as lack of automatic provisioning of physical infrastructure, tight coupled to Kubernetes descriptors for declaring workloads, and limitations on the edge devices that can be supported.","2166-0727","978-9-8933-3436-2","10.23919/CISTI54924.2022.9820108","Agencia Estatal de Investigación; ","https://ieeexplore.ieee.org/stamp/stamp.jsp?arnumber=9820108","GitOps;DevOps;IoT;IoT Edge Computing","Cloud computing;Runtime environment;Automation;Image edge detection;Ecosystems;Pipelines;Containers","","11","","15","","14 Jul 2022","22-25 June 2022","22-25 June 2022","IEEE","IEEE Conferences"
"Towards Digital Twin-enabled DevOps for CPS providing Architecture-Based Service Adaptation & Verification at Runtime","J. Dobaj; A. Riel; T. Krug; M. Seidl; G. Macher; M. Egretzberger","Institute of Technical Informatics, Graz University of Technology, Graz, Austria; CNRS, G-SCOP Laboratory, Grenoble Alps University, Grenoble, France; Institute of Technical Informatics, Graz University of Technology, Graz, Austria; Institute of Technical Informatics, Graz University of Technology, Graz, Austria; Institute of Technical Informatics, Graz University of Technology, Graz, Austria; R&D Automation Andritz Hydro GmbH, Vienna, Austria",2022 International Symposium on Software Engineering for Adaptive and Self-Managing Systems (SEAMS),"23 Jun 2022","2022","","","132","143","Background: Industrial Product-Service Systems (IPSS) denote a service-oriented way of providing access to cyber-physical systems’ (CPS) capabilities. The design of such systems bears high risk due to uncertainty in requirements related to service function and behavior, operation environments, and evolving customer needs. Such risks and uncertainties are well known in the IT sector, where DevOps principles ensure continuous system improvement through reliable and frequent delivery processes. A modular and service-oriented system architecture complements these processes to facilitate IT system adaptation and evolution.Objective: This work proposes a method to use and extend the Digital Twins (DTs) of IPSS assets for enabling the continuous optimization of CPS service delivery and the latter’s adaptation to changing needs and environments. This reduces uncertainty during design and operations by assuring IPSS integrity and availability, especially for design and service adaptations at CPS runtime.Methodology: The method builds on transferring IT DevOps principles to DT-enabled CPS IPSS. The chosen design approach integrates, reuses, and aligns the DT processing and communication resources with DevOps requirements derived from literature.Results: We use these requirements to propose a DT-enabled self-adaptive CPS model, which guides the realization of DT-enabled DevOps in CPS IPSS. We further propose detailed design models for operation-critical DTs that integrate CPS closed-loop control and architecture-based CPS adaptation. This integrated approach enables the implementation of A/B testing as a use case and central concept to enable CPS IPSS service adaptation and reconfiguration.Conclusion: The self-adaptive CPS model and DT design concept have been validated in an evaluation environment for operation-critical CPS IPSS. The demonstrator achieved sub-millisecond cycle times during service A/B testing at runtime without causing CPS operation interferences and downtime.CCS CONCEPTS• Computer systems organization~Embedded and cyber-physical systems •Computer systems organization~Architectures","2157-2321","978-1-4503-9305-8","10.1145/3524844.3528057","","https://ieeexplore.ieee.org/stamp/stamp.jsp?arnumber=9800053","DevOps;Digital Twin;Self-Adaptation;CPS;Deployment;IPSS","Adaptation models;Runtime;Uncertainty;Adaptive systems;Computational modeling;Systems architecture;Digital twins","","6","","71","","23 Jun 2022","22-24 May 2022","22-24 May 2022","IEEE","IEEE Conferences"
"A Comprehensive Review on Scaling Machine Learning Workflows Using Cloud Technologies and DevOps","G. Ramesh; T. V. Pai; R. Birau; K. K. Poojary; Abhay; A. R. Shingad; N. Sowjanya; V. Popescu; A. T. Mitroi; R. M. Nioata Chireac; K. M. K. Raj","Department of Information Science and Engineering, NMAM Institute of Technology (NMAMIT), NITTE (Deemed to be University), Nitte, India; Department of Information Science and Engineering, NMAM Institute of Technology (NMAMIT), NITTE (Deemed to be University), Nitte, India; Faculty of Economic Science, Constantin Brancusi University of Târgu Jiu, Tg-Jiu, Romania; Department of AIML, Alva’s Institute of Engineering and Technology, Mangaluru, Karnataka, India; Department of AIML, Alva’s Institute of Engineering and Technology, Mangaluru, Karnataka, India; Department of AIML, Alva’s Institute of Engineering and Technology, Mangaluru, Karnataka, India; NITK, Surathkal, Mangaluru, India; Faculty of Economics and Business Administration, University of Craiova, Craiova, Romania; The Faculty of Finance and Banking, Bucharest University of Economic Studies, Bucharest, Romania; Doctoral School of Economic Sciences “Eugeniu Carada”, University of Craiova, Craiova, Romania; Department of AIML, Alva’s Institute of Engineering and Technology, Mangaluru, Karnataka, India",IEEE Access,"28 Aug 2025","2025","13","","148559","148594","Scaling Machine Learning (ML) workflows in cloud environments presents critical challenges in ensuring reproducibility, low-latency inference, infrastructure reliability, and regulatory compliance. This review addresses the lack of a comprehensive synthesis of how integrated DevOps practices and cloud-native technologies enable scalable, production-grade ML systems. We analyze the convergence of MLOps with tools such as Kubernetes, Jenkins, and Terraform, detailing their role in automating CI/CD pipelines, infrastructure provisioning, and model lifecycle management. The main highlights strategies for optimizing resource utilization, minimizing inference latency, and managing data versioning across hybrid and multi-cloud architectures (AWS, Azure, GCP). We also examine serverless computing, container orchestration, and monitoring practices to enhance scalability and governance. By categorizing challenges chronologically and evaluating emerging practices such as federated learning and security-by-design, this work bridges a key gap in existing literature. It offers a unified perspective on building reliable, reproducible, and compliant ML workflows, thereby advancing the state of scalable AI system engineering.","2169-3536","","10.1109/ACCESS.2025.3599281","","https://ieeexplore.ieee.org/stamp/stamp.jsp?arnumber=11126113","Machine learning (ML) workflows;cloud computing;DevOps;MLOps;scalability;Kubernetes;automation","Machine learning;DevOps;Cloud computing;Pipelines;Reviews;Surveys;Computer architecture;Scalability;Automation;Costs","","6","","121","CCBY","15 Aug 2025","2025","","IEEE","IEEE Journals"
"DevOps Dynamics: Tools Driving Continuous Integration and Deployment","P. G. Gowda; N. Stanley S A; J. Eskaline Joyce","IBM India Pvt Limited, Bangalore, India; IBM India Pvt Limited, Bangalore, India; IBM India Pvt Limited, Bangalore, India","2024 IEEE International Conference on Information Technology, Electronics and Intelligent Communication Systems (ICITEICS)","22 Aug 2024","2024","","","1","7","In the ever-evolving landscape of software development, the integration of development and operations (DevOps) practices has become instrumental for achieving agility, collaboration, and rapid delivery. This paper provides an in-depth analysis and review of various DevOps tools that facilitate continuous integration, deployment, and collaboration within software development teams. The study explores the features, strengths, and limitations of prominent tools in the DevOps landscape. This paper delves into the dynamic realm of DevOps, with a specific focus on the tools that steer continuous integration and deployment (CI/CD) processes. Through an extensive examination of key DevOps tools, their functionalities, and real-world applications, this research aims to provide a comprehensive understanding of how these tools contribute to the seamless integration of code changes, automated testing, and continuous delivery. By exploring the nuances of popular DevOps tools, the paper aims to empower software practitioners, teams, and organizations with insights to make informed decisions about tooling choices, fostering a culture of efficiency, reliability, and innovation in the software development lifecycle.","","979-8-3503-8269-3","10.1109/ICITEICS61368.2024.10624986","","https://ieeexplore.ieee.org/stamp/stamp.jsp?arnumber=10624986","DevOps;CI/CD;Jenkins;Pipeline;Tools","Technological innovation;DevOps;Reviews;Instruments;Collaboration;Organizations;Continuous integration","","1","","23","IEEE","22 Aug 2024","28-29 June 2024","28-29 June 2024","IEEE","IEEE Conferences"
"Enabling operation data visibility for SmartX-mini IoT-cloud playground","S. Kim; J. Kim","School of Information & Communications, Gwangju Institute of Science & Technology, Gwangju, Republic of Korea; School of Information & Communications, Gwangju Institute of Science & Technology, Gwangju, Republic of Korea",2016 IEEE NetSoft Conference and Workshops (NetSoft),"4 Jul 2016","2016","","","428","430","SmartX-mini playground is a miniaturized IoT-Cloud environment, where DevOps-based automation can be practiced to develop and operate various IoT-Cloud services. Enabling visibility over the targeted playground is critical for the automated operation and effective resource utilization. Thus, in this paper, by leveraging various open-source software tools over small-size boxes, we design and prototype operation data visibility for SmartX-mini IoT-Cloud playground. Typically, we focus on open-source Kafka and Spark to meet the operation data visibility requirements of SmartX-mini playground. Scenario-driven experiments are executed to evaluate the analysis capability for distributed IoT boxes.","","978-1-4673-9486-4","10.1109/NETSOFT.2016.7502480","","https://ieeexplore.ieee.org/stamp/stamp.jsp?arnumber=7502480","Testbed and playground;IoT-Cloud services;operation data visibility;instrumentation and measurement","Internet of things;Sparks;Distributed databases;Open source software;Monitoring;Cloud computing","","5","","5","IEEE","4 Jul 2016","6-10 June 2016","6-10 June 2016","IEEE","IEEE Conferences"
"Impact of Integrating Lean, Agile, and DevOps with ITIL4 Framework for Modern IT Service Management","Y. Al-Ashmoery; Y. Chaabi; K. Lekdioui; B. Al-Fuhaidi; K. Alwesabi; H. Haider; A. -M. Zaid","Department of Information Technology, Al-Razi University; CEISIC, Royal Institute for Amazigh Culture, Rabat, Morocco; ETIME Laboratory, Faculty of Science, ENSC, Ibn Tofail University, Kenitra, Morocco; Faculty of Computing and IT, University of Science and Technology, Sana'a, Yemen; Department of Information Technology, Al-Razi University, Sana'a, Yemen; Department of Computer Science, Amran University Al-Razi University, Sana'a, Yemen; Dept. Cybersecurity and Networking, Al-Razi University, Yemen",2024 1st International Conference on Emerging Technologies for Dependable Internet of Things (ICETI),"11 Dec 2024","2024","","","1","8","During the global pandemic, the phenomenon of digital transformation has turned into a necessity for organizations to facilitate either service delivery or operational efficiency. A big part of this attempt is ITIL v4, which is a holistic framework in IT service management. It helps you to link IT methodologies with business objectives as a whole.This allows them to follow an end-to-end service value framework to manage the full life cycle of services: strategy, design, deployment, and continual improvement. This framework is flexible and collaborative, and it fits well into more advanced technology, which may be utilized within the boundaries of automation, AI, etc., making modern service management possible.How is ITIL4 inspired by the Lean principles and brings an Agile/DevOps way of working into alignment to follow within enterprises to address the speed at which digital transformation happens? This integration will bake these practices into your stock ITSM. Organizations will be much better placed to adapt to new customer demands, speed up service delivery, and improve continuously.In this article, we explain how ITIL4 practices and elements can work with Lean and Agile/DevOps principles to provide readers with a solid understanding of the combined frameworks that help fuel digital transformation.","","979-8-3315-3355-7","10.1109/ICETI63946.2024.10777262","","https://ieeexplore.ieee.org/stamp/stamp.jsp?arnumber=10777262","ITIL4;Digital transformation;IT Service Management (ITSM);framework;Lean;Agile;DevOps","DevOps;Automation;Pandemics;Digital transformation;Collaboration;Companies;Solids;Internet of Things;Fuels;Continuous improvement","","2","","52","IEEE","11 Dec 2024","25-26 Nov. 2024","25-26 Nov. 2024","IEEE","IEEE Conferences"
"Smart Agent Edge Microservices Deployment Approach","B. E. Khalyly; M. Banane; A. Erraissi; A. Belangour","Faculty of sciences Ben M'sik, Laboratory of Information Technology and Modeling, Hassan II University, Casablanca, Morocco; Faculty of sciences Ben M'sik, Laboratory of Information Technology and Modeling, Hassan II University, Casablanca, Morocco; Faculty of sciences Ben M'sik, Laboratory of Information Technology and Modeling, Hassan II University, Casablanca, Morocco; Faculty of sciences Ben M'sik, Laboratory of Information Technology and Modeling, Hassan II University, Casablanca, Morocco",2020 International Conference on Decision Aid Sciences and Application (DASA),"15 Jan 2021","2020","","","697","701","Smart agents are essential elements in an Internet of Things ecosystem. Smart agents are made up of sensors and actuators linked to a micro-controller. These smart agents are programmed through applications that are deployed at the microcontroller level. These programs can be modified or replaced or deleted. Also, the components of these smart agents may change, ie it may be that we add or remove a sensor and actuator. These smart agents must continue to operate without having to stop them and deploy new programs. In this case, we need tools that ensure deployment and continuous integration. Devops offers a continuous deployment chain. We offer an automation solution for the deployment and continuous integration of Edge microservice in microcontrollers. These systems are based on microservices. The microservices deployed are in the form of a Docker container. This solution allows the Internet of Things developer to install, modify, and delete containers at the microcontroller level and to control microcontrollers remotely while maintaining the continuity of operation of the microcontrollers.","","978-1-7281-9677-0","10.1109/DASA51403.2020.9317202","","https://ieeexplore.ieee.org/stamp/stamp.jsp?arnumber=9317202","Docker;Microcontroller;Microservices;Smart Agent;Devops","Microcontrollers;Actuators;Sensors;Containers;Intelligent sensors;Internet of Things;Temperature sensors","","1","","22","IEEE","15 Jan 2021","8-9 Nov. 2020","8-9 Nov. 2020","IEEE","IEEE Conferences"
"Insights into an Emerging Software Methodology:DevOps","S. Avadhuta; Vanshita; N. Kundu","Computer and Communication Engg., Manipal University Jaipur, Jaipur, India; Computer and Communication Engg., Manipal University Jaipur, Jaipur, India; Computer and Communication Engg., Manipal University Jaipur, Jaipur, India","2023 7th International Conference On Computing, Communication, Control And Automation (ICCUBEA)","22 Jan 2024","2023","","","1","6","DevOps is an approach would that not only eradicates the endless series of concurrent activities but also maintain an effective Life Cycle of Software Development (SDLC). DevOps is characterized by fewer errors, more efficiency, and remarkable coordination. The goal of this paper is to establish the base as to what DevOps is and its benefits for current industries, and in what sectors we predict it to be further used in the forthcoming future. While also taking one important aspect of DevOps into perspective- Continuous Integration and Continuous Deployment (CI/CD), this paper highlights pipeline principles and automation along with DevOps tools/ enablers and the workflow/ lifecycle of DevOps.","2771-1358","979-8-3503-0426-8","10.1109/ICCUBEA58933.2023.10391992","","https://ieeexplore.ieee.org/stamp/stamp.jsp?arnumber=10391992","DevOps;Pipeline;Continuous Integration;Continuous Deployment;DevOps Tools","Industries;DevOps;Automation;Costs;Pipelines;Software;Software reliability","","","","10","IEEE","22 Jan 2024","18-19 Aug. 2023","18-19 Aug. 2023","IEEE","IEEE Conferences"
"Automating Distributed Production Testing","N. Sleibi; A. Aldaghamin; C. Wolff","IDiAL Institute Fachhochschule Dortmund, Dortmund, Germany; IDiAL Institute Fachhochschule Dortmund, Dortmund, Germany; IDiAL Institute Fachhochschule Dortmund, Dortmund, Germany",2022 IEEE 5th International Conference and Workshop Óbuda on Electrical and Power Engineering (CANDO-EPE),"24 Feb 2023","2022","","","000147","000152","Many small and medium enterprises in the embedded systems’ field cannot afford to carry out their production testing efforts, which is known to be costly and time-consuming. Hence, their tendency to commission third party service providers to perform these tasks. Therefore, testing can be distributed among many testing locations, where isolated and locally operated test benches perform the tests on the Devices under Test (DUTs). The first goal of this work is to connect the system on the cloud level for better collaboration and online management of functional tests on software-intensive embedded systems. The second goal is to enhance the testing process by closing the open gap between testing and feedback on two levels of operation: the local level between the test benches and the DUTs, and on a wider level with the cloud. This is achieved by connecting the system online via the cloud, and by adopting the DevOps approach, which aims at automating the different processes to achieve an automated workflow that can automatically adapt itself to change. In this paper, the system architecture and prototype are presented, based on which, an automated and continuous feedback-based testing cycles were implemented and tested on two levels of operation.","2831-4506","979-8-3503-4619-0","10.1109/CANDO-EPE57516.2022.10046366","","https://ieeexplore.ieee.org/stamp/stamp.jsp?arnumber=10046366","production testing;DevOps;test automation;cloud computing;continuous testing;continuous feedback;selfadaptive system;feedback-based testing","Performance evaluation;Embedded systems;Automation;Systems architecture;Prototypes;Collaboration;Production","","3","","13","IEEE","24 Feb 2023","21-22 Nov. 2022","21-22 Nov. 2022","IEEE","IEEE Conferences"
"Integrating Artificial Intelligence and Context-Aware Modeling Protocols for Improved Patient-Centric Healthcare Systems","M. Meshram; A. J. Rangari; S. Madhukar Nagrare","Solution Architect Organisation, Crave Infotech LLC, Piscataway, New Jersey; Software Engineer Organisation, Atlanta, GA; Lead, DevSecOps Organisation, Digital Remedy, New York",2025 3rd International Conference on Intelligent Cyber Physical Systems and Internet of Things (ICoICI),"1 Dec 2025","2025","","","1804","1808","The given paper proposes an innovative approach embedding the concept of Artificial Intelligence (AI) with that of context-aware modeling protocols as a means of facilitating patient-centric healthcare systems. The approach involves machine learning such as deep and reinforcement learning, augmented by real-time context data provided by IoMT sensors to perform intelligent, dynamically customized patient care. The framework enables predictive diagnostics, uninterrupted monitoring, and responsive treatment planning by adjusting healthcare responses to the context of specific patient based on factors such as physiological, environmental, and behavioral factors. Main research findings show that it achieved significant advances in accuracy, soundness and reaction times regarding conventional methods. Integrated system has a great potential of minimizing the number of clinical errors, enhancing good judgment, and eventually delivering smarter real time care to patients. Testings with artificial and actual health data sets validate the possibility of the system to stimulate compelling intelligent and patient-centered healthcare services.","","978-1-6654-5753-8","10.1109/ICoICI65217.2025.11252589","","https://ieeexplore.ieee.org/stamp/stamp.jsp?arnumber=11252589","Artificial Intelligence;Context-Aware Systems;Patient-Centric Healthcare;Predictive Modeling;Real-Time Monitoring","Adaptation models;Protocols;Accuracy;Medical services;Predictive models;Real-time systems;Artificial intelligence;Biomedical monitoring;Context modeling;Testing","","","","20","IEEE","1 Dec 2025","17-19 Sept. 2025","17-19 Sept. 2025","IEEE","IEEE Conferences"
"A Pathway to Real-Time Wellness Digital Twins for Precision Wellness Monitoring","K. K. Kadari; D. Peñalver; W. Moreno","Electrical Engineering Department, University of South Florida, Tampa, USA; Electrical Engineering Department, University of South Florida, Tampa, USA; Electrical Engineering Department, University of South Florida, Tampa, USA",2022 IEEE International Symposium on Smart Electronic Systems (iSES),"2 Feb 2023","2022","","","665","670","The real-time monitoring of smart healthcare technologies is essential while science is focusing on achieving precision solutions for wellness. Precision wellness is a necessity as the aged population is projected to increase significantly and chronic diseases are increasingly responsible for major deaths in the world population. As Digital Twins are progressing and being adopted in all industries, and recently on wellness, in this study, the focus is on the pathway to Digital Twins for precision wellness monitoring. Digital Twins have shown to be very important to predict, and prevent diseases, and prescribe the right actions at the right time. This research explains the real-time bedside patient pose monitoring according to medical conditions.","","979-8-3503-9922-6","10.1109/iSES54909.2022.00149","","https://ieeexplore.ieee.org/stamp/stamp.jsp?arnumber=10027072","Precision Medicine;Healthcare;Wellness;MBSE;Digital Twins;DevOps;AADL;SYSML","Analytical models;Sociology;Focusing;Streaming media;Real-time systems;Digital twins;Timing","","3","","35","IEEE","2 Feb 2023","18-22 Dec. 2022","18-22 Dec. 2022","IEEE","IEEE Conferences"
"Automating Tiny ML Intelligent Sensors DevOPS Using Microsoft Azure","C. Vuppalapati; A. Ilapakurti; K. Chillara; S. Kedari; V. Mamidi","Artificial Intelligence, Hanumayamma Innovations and Technologies, Inc., Fremont, CA, USA; Artificial Intelligence, Hanumayamma Innovations and Technologies, Inc., Fremont, CA, USA; Artificial Intelligence, Hanumayamma Innovations and Technologies, Inc., Fremont, CA, USA; Internet of Things Hanumayamma Innovations and Technologies, Inc., Fremont, USA; Internet of Things Hanumayamma Innovations and Technologies, Inc., Fremont, USA",2020 IEEE International Conference on Big Data (Big Data),"19 Mar 2021","2020","","","2375","2384","Microsoft Azure DevOps is a robust ,cross platform and powerful automation engine for script-based automation tools. Azure DevOPS enables to build, test, and deploy Cloud Native and/or Non-Cloud Native applications. The core principle and chief advantage that Azure DevOps provide are the availability of automation techniques such as infrastructure as code and the seamless integration of verifiable frameworks such as Machine Learning Operations (MLOps) with the DevOps automated pipelines to provision and configure the infrastructure that applications need to run.With the increase in application complexity and with the infusion of Machine Learning (ML) and Artificial Intelligence (AI) techniques as part of the software development lifecycle, the Azure DevOps is the most important framework that many organizations are rapidly progressing to incorporate it in their business processes to reduce the cost of building product and improve customer success.As part of the paper, we would like to propose a novel DevOps framework for building intelligent Tiny ML dairy agriculture sensors and the advantages that DevOps provide to develop high quality product in the most cost-efficient manner and serve small scale farmers who are at the bottom economic pyramid.","","978-1-7281-6251-5","10.1109/BigData50022.2020.9377755","","https://ieeexplore.ieee.org/stamp/stamp.jsp?arnumber=9377755","Azure;DevOps;Infrastructure as code;CI/CD","Automation;Planets;Buildings;Machine learning;Tools;Big Data;Intelligent sensors","","15","","28","IEEE","19 Mar 2021","10-13 Dec. 2020","10-13 Dec. 2020","IEEE","IEEE Conferences"
"Enhancing Autonomous Robotics Through Cloud Computing","A. Subramaniam; D. H. Prajapati; K. Alremeithi; W. Sealy","School of Engineering Technology Purdue University, West Lafayette, USA; School of Engineering Technology Purdue University, West Lafayette, USA; School of Engineering Technology Purdue University, West Lafayette, USA; School of Engineering Technology Purdue University, West Lafayette, USA","2024 IEEE International Conference on Industry 4.0, Artificial Intelligence, and Communications Technology (IAICT)","13 Aug 2024","2024","","","259","265","This paper presents a comprehensive study on the integration of Cyber-Physical Systems (CPS) and the Industrial Internet of Things (IIoT), with a focus on cloud-based swarm robotics systems for virtual commissioning. Utilizing Pololu Romi robots equipped with Lidar sensors and leveraging advanced SLAM algorithms from ROS2, the research explores the enhancement of robotics autonomy and coordination through cloud computing. The study emphasizes the significance of digital twins in testing and refining swarm strategies, reducing operational risks and commissioning resources. The adoption of Docker and Portainer for efficient container orchestration and GitLab for a robust CI/CD framework underlines the application of cutting-edge methodologies in virtual commissioning. The paper highlights the practical implications of digital twins and containerization in industrial robotics, showcasing scalability and efficiency in swarm deployment. Moreover, it contributes to the discourse on cloud computing and IoT in advancing robotic autonomy. Through a systematic investigation, the paper outlines the technological architecture, virtual commissioning processes, and the operational effectiveness of the explored cloud-based swarm robotics system, marking a significant stride in the field of industrial automation and robotics.","2834-8249","979-8-3503-5346-4","10.1109/IAICT62357.2024.10617458","","https://ieeexplore.ieee.org/stamp/stamp.jsp?arnumber=10617458","Cyber-Physical Systems (CPS);Industrial In-ternet of Things (IIoT);Swarm robotics;Cloud computing;Digital twins","Cloud computing;Simultaneous localization and mapping;Service robots;Robot kinematics;Swarm robotics;Containers;Digital twins","","3","","15","IEEE","13 Aug 2024","4-6 July 2024","4-6 July 2024","IEEE","IEEE Conferences"
"Advanced Securing Cloud Environments using Quantum Convolutional Neural Network-based Multi-Channel Cryptographic","K. K. T. M; C. Mavani; H. Mistry; C. Thacker; R. M. Shirish; M.SivaramKrishnan","Department of Computer Science and Engineering, Siddaganga Institute of Technology, Tumkur, Karnataka, India; Cloud/DevOps & Cybersecurity Engineer, Fremont, CA, USA; Sr. Linux Administrator & Cloud Engineer, Milpitas, CA, USA; Computer Science and Engineering, Faculty of Engineering and Technology, Parul Institute of Engineering and Technology, Parul University, Waghodia, Gujarat, India; Department of Research and Innovation, Saveetha School of Engineering, SIMATS, Chennai, Tamil Nadu, India; Department of Electrical and Electronics Engineering, Karpagam College of Engnieering, India","2025 9th International Conference on Electronics, Communication and Aerospace Technology (ICECA)","13 Feb 2026","2025","","","464","469","The rapid proliferation of Internet of Things (IoT) devices has led to an unprecedented aggregation of sensitive information within cloud infrastructures, consequently accentuating vulnerabilities associated with confidentiality, data integrity, and infrastructural resilience. Furthermore, extant privacy frameworks not only face imminent threat from forthcoming quantum decryption capabilities but also exhibit inherent weaknesses attributable to centralized data architectures. In order to confront this intricate and evolving risk landscape, we present a multi-layered security architecture that integrates heuristic anomaly detection, countermeasures against inference-based and anomaly attacks, post-quantum encryption, and a distributed ledger architecture—thereby establishing a coherent and uniform defensive paradigm. Suspicious transaction detection at the initial screening stage relies upon the identification of multi-canonical anomalous transactions, applied through a Multi-Channel Quantum Convolution Neural Network. This core mechanism is synergistically enhanced by a Walk-Spread search algorithm, which prioritises the identification of anomalous transaction patterns across temporal scales mediated by quantum temporal frameworks, effectively strengthening detection capabilities. Recorded transaction payloads within the proposed system are secured through the McEliece post-quantum encryption scheme, thereby constructing a formidable cryptographic bulwark against a wide array of adversarial efforts, including those mounted by both classical and quantum computational means. Building upon this foundation, a streamlined adaptation of Practical Byzantine Fault Tolerance (PBFT) is engineered, realising a declarative and resource-efficient blockchain architecture that retains key attributes of consensus, immutability, cryptographic tamper-resistance, and thoroughly decentralised ledger operation while maintaining a and of very modest persistent computational cost. Evaluation against realistically emulative workload parameters demonstrates an anomaly detection accuracy exceeding 99%, with both precision and F1-score metrics achieving consensus at the operational maximum, collectively corroborating the system's resilience and effective adherence to operational metrics across contend time horizon.","","979-8-3315-9929-4","10.1109/ICECA66444.2025.11383295","","https://ieeexplore.ieee.org/stamp/stamp.jsp?arnumber=11383295","Cloud Computing;Security;Multi-Channel Quantum Convolutional Neural Network;McEliece Post-Quantum Cryptosystem;Walk-Spread Algorithm","Measurement;Fault tolerance;Quantum computing;Fluctuations;Fault tolerant systems;Computer architecture;Encryption;Internet of Things;Convolutional neural networks;Resilience","","","","17","IEEE","13 Feb 2026","5-7 Nov. 2025","5-7 Nov. 2025","IEEE","IEEE Conferences"
"A Model-Driven Engineering Framework to Support the Functional Safety Process","B. Meyers; K. Gadeyne; B. Oakes; M. Bernaerts; H. Vangheluwe; J. Denil","CodesignS, Flanders Make, Belgium; CodesignS, Flanders Make, Belgium; AnSyMo/CoSys, University of Antwerp, Antwerp, Belgium; AnSyMo/CoSys, University of Antwerp and Flanders Make, Belgium; AnSyMo/CoSys, University of Antwerp and Flanders Make, Belgium; AnSyMo/CoSys, University of Antwerp and Flanders Make, Belgium",2019 ACM/IEEE 22nd International Conference on Model Driven Engineering Languages and Systems Companion (MODELS-C),"21 Nov 2019","2019","","","619","623","The design of safety-related systems traditionally has long and costly development cycles due to the highly manual safety engineering process, which is guided by industry standards. In this paper, we present a modelling framework that supports DevOps principles of continuous testing and fast development iterations for the design of safety-critical systems. We show how modelling can help introducing DevOps in the context of functional safety analysis, and we also report how DevOps was used during the development of the framework.","","978-1-7281-5125-0","10.1109/MODELS-C.2019.00094","","https://ieeexplore.ieee.org/stamp/stamp.jsp?arnumber=8904799","devops;safety critical;verification;automotive;iso26262","Industries;DevOps;Manuals;Cyber-physical systems;Model driven engineering;Safety;Stakeholders;Standards;Testing;Context modeling","","10","","21","IEEE","21 Nov 2019","15-20 Sept. 2019","15-20 Sept. 2019","IEEE","IEEE Conferences"
"Early Prediction of Rainfall Using Automated Integrated Prediction Approach (AIPA)","M. V. D. N. S. Madhavi; D. Rajani; P. V. S. Sairam; S. Ponnapalli","Department of Mathematics, Velagapudi Ramakrishna Siddhartha Engineering College, Deemed to be University, Kanuru, Vijayawada; Department of Mathematics, Velagapudi Ramakrishna Siddhartha Engineering College, Deemed to be University, Kanuru, Vijayawada; Department of Physics, Andhra Loyola College, Vijayawada; Lead DevOps Engineer, USA",2024 Second International Conference on Intelligent Cyber Physical Systems and Internet of Things (ICoICI),"4 Oct 2024","2024","","","1247","1253","Agriculture is one of the significant fields in the world nowadays. It is essential to improve agricultural yield by using various advanced techniques. Rainfall prediction is the most challenging task for regular users, and it helps to improve crop yielding based on rainfall. Prediction of rainfall in the early stages provides accurate information to the farmers who need preventive measures. The proposed approach is an Automated Integrated Prediction Approach (AIPA) which is the combination of machine learning models, such as deep neural networks (DNNs), support vector machines (SVMs), and gradient boosting devices (GBMs), to accurately predict rainfall. Finally, the algorithm's versatility suits various geographical regions and climates, promoting sustainable agriculture and food security. Finally, merging DL and meteorological data analysis to develop a hybrid algorithm shows significant promise for increasing rainfall prediction accuracy. This research addresses climate change challenges while promoting agricultural sustainability and increased food production. Experimental results show that the proposed approach obtained high performance in terms of performance metrics.","","979-8-3315-4066-1","10.1109/ICoICI62503.2024.10696408","","https://ieeexplore.ieee.org/stamp/stamp.jsp?arnumber=10696408","Rainfall;Machine Learning (ML);Deep Neural Networks (DNNs);Support Vector Machines (SVMs);Gradient Boosting Devices (GBMs)","Support vector machines;Performance evaluation;Rain;Machine learning algorithms;Accuracy;Crops;Artificial neural networks;Prediction algorithms;Boosting;Agriculture","","1","","15","IEEE","4 Oct 2024","28-30 Aug. 2024","28-30 Aug. 2024","IEEE","IEEE Conferences"
"VeriDevOps: Automated Protection and Prevention to Meet Security Requirements in DevOps","A. Sadovykh; G. Widforss; D. Truscan; E. P. Enoiu; W. Mallouli; R. Iglesias; A. Bagnto; O. Hendel","Innopolis University, Russia; Mälardalen University, Sweden; Åbo Akademi University, Finland; Mälardalen University, Sweden; Montimage EURL, France; Ikerlan Technology Research Centre, Basque Research and Technology Alliance (BRTA), Spain; Softeam, France; Mälardalen University, Sweden","2021 Design, Automation & Test in Europe Conference & Exhibition (DATE)","16 Jul 2021","2021","","","1330","1333","Current software development practices are increasingly based on using both COTS and legacy components which make such systems prone to security vulnerabilities. The modern practice addressing ever changing conditions, DevOps, promotes frequent software deliveries, however, verification methods artifacts should be updated in a timely fashion to cope with the pace of the process. VeriDevOps, Horizon 2020 project, aims at providing a faster feedback loop for verifying the security requirements and other quality attributes of large scale cyber-physical systems. VeriDevOps focuses on optimizing the security verification activities, by automatically creating verifiable models directly from security requirements formulated in natural language, using these models to check security properties on design models and then generating artefacts such as, tests or monitors that can be used later in the DevOps process. The main drivers for these advances are: Natural Language Processing, a combined formal verification and model-based testing approach, and machine-learning-based security monitors. VeriDevOps is in its initial stage - the project started on 1.10.2020 and it will run for three years. In this paper we will present the major conceptual ideas behind the project approach as well as the organizational settings.","1558-1101","978-3-9819263-5-4","10.23919/DATE51398.2021.9474185","","https://ieeexplore.ieee.org/stamp/stamp.jsp?arnumber=9474185","Model-Driven Engineering;Cybersecurity;Security-by-design;Prevention and Reaction;Requirement;Design checking;Testing and validation;Runtime Analysis;Root cause analysis;Natural Language Processing;Machine Learning","Analytical models;Root cause analysis;Leadership;Runtime;Natural language processing;Security;Monitoring","","14","","11","","16 Jul 2021","1-5 Feb. 2021","1-5 Feb. 2021","IEEE","IEEE Conferences"
"Towards DevOps in the Embedded Systems Domain: Why is It So Hard?","L. E. Lwakatare; T. Karvonen; T. Sauvola; P. Kuvaja; H. H. Olsson; J. Bosch; M. Oivo",University of Oulu; University of Oulu; University of Oulu; University of Oulu; Malmö University; Chalmers University of Technology; University of Oulu,2016 49th Hawaii International Conference on System Sciences (HICSS),"10 Mar 2016","2016","","","5437","5446","DevOps is a predominant phenomenon in the web domain. Its two core principles emphasize collaboration between software development and operations, and the use of agile principles to manage deployment environments and their configurations. DevOps techniques, such as collaboration and behaviour-driven monitoring, have been used by web companies to facilitate continuous deployment of new functionality to customers. The techniques may also offer opportunities for continuous product improvement when adopted in the embedded systems domain. However, certain characteristics of embedded software development present obstacles for DevOps adoption, and as yet, there is no empirical evidence of its adoption in the embedded systems domain. In this study, we present the challenges for DevOps adoption in embedded systems using a multiple-case study approach with four companies. The contribution of this paper is to introduce the concept of DevOps adoption in the embedded systems domain and then to identify key challenges for the DevOps adoption.","1530-1605","978-0-7695-5670-3","10.1109/HICSS.2016.671","","https://ieeexplore.ieee.org/stamp/stamp.jsp?arnumber=7427859","DevOps;continuous deployment;embedded systems","Embedded systems;Companies;Production;Collaboration;Interviews;Software as a service","","78","","22","IEEE","10 Mar 2016","5-8 Jan. 2016","5-8 Jan. 2016","IEEE","IEEE Conferences"
"An Actuation Conflicts Management Flow for Smart IoT-based Systems","G. Rocher; T. Gonnin; F. Dechavanne; S. Lavirotte; J. -Y. Tigli; L. Capocchi; J. -F. Santucci","Laboratoire I3S, Université Côte d’Azur, CNRS, Sophia-Antipolis, France; Laboratoire I3S, Université Côte d’Azur, CNRS, Sophia-Antipolis, France; Laboratoire I3S, Université Côte d’Azur, CNRS, Sophia-Antipolis, France; Laboratoire I3S, Université Côte d’Azur, CNRS, Sophia-Antipolis, France; Laboratoire I3S, Université Côte d’Azur, CNRS, Sophia-Antipolis, France; SPE UMR CNRS 6134, Université de Corse, Corte, France; SPE UMR CNRS 6134, Université de Corse, Corte, France","2020 7th International Conference on Internet of Things: Systems, Management and Security (IOTSMS)","2 Feb 2021","2020","","","1","8","IoT-based applications have long been limited to collecting field information; at the edge of their underlying infrastructure, IoT devices utilization is mainly motivated by their capacity at gathering environmental information from sensors as means to support users in decision making. However, in numerous domains like home automation, smart factory, intelligent transportation systems, etc., so-called `smart' IoT-based applications also involve devices interacting with the physical environment through actuators. Throughout their life cycle, from the design, the deployment to operation, the ability to prevent conflicting actuation commands and antagonistic effects (possibly harmful), represents a new challenge in the realm of trustworthy smart IoT-based applications. In this paper, we introduce a complete flow for identifying and resolving actuation conflicts at design time. The proposed approach is part of the DevOps software development life cycle. It advocates the reuse of conflict management solutions through local resolution strategies, considering asynchronous timings of targeted hardware platforms they are deployed on. An illustration of the flow is provided on a use-case.","","978-0-7381-2460-5","10.1109/IOTSMS52051.2020.9340196","European Commission; ","https://ieeexplore.ieee.org/stamp/stamp.jsp?arnumber=9340196","IoT;actuation conflicts;features interaction;model driven engineering;trustworthiness;Discrete Event Specification Formalism;DevOps","Software;Timing;Security;Internet of Things;Intelligent transportation systems;Intelligent sensors;Smart manufacturing","","4","","22","IEEE","2 Feb 2021","14-16 Dec. 2020","14-16 Dec. 2020","IEEE","IEEE Conferences"
"Qualitative Analysis for Validating IEC 62443-4-2 Requirements in DevSecOps","C. Göttel; M. Kabir-Querrec; D. Kozhaya; T. Sivanthi; O. Vuković","Corporate Research Center, ABB Schweiz AG, Baden-Dättwil, Switzerland; Corporate Research Center, ABB Schweiz AG, Baden-Dättwil, Switzerland; Corporate Research Center, ABB Schweiz AG, Baden-Dättwil, Switzerland; Corporate Research Center, ABB Schweiz AG, Baden-Dättwil, Switzerland; Corporate Research Center, ABB Schweiz AG, Baden-Dättwil, Switzerland",2023 IEEE 28th International Conference on Emerging Technologies and Factory Automation (ETFA),"12 Oct 2023","2023","","","1","8","Validation of conformance to cybersecurity standards for industrial automation and control systems is an expensive and time consuming process which can delay the time to market. It is therefore crucial to introduce conformance validation stages into the continuous integration/continuous delivery pipeline of products. However, designing such conformance validation in an automated fashion is a highly non-trivial task that requires expert knowledge and depends upon available security tools, ease of integration into the DevOps pipeline, as well as support for IT and OT interfaces and protocols.This paper addresses the aforementioned problem focusing on the automated validation of ISA/IEC 62443-4-2 standard component requirements. We present an extensive qualitative analysis of the standard requirements and the current tooling landscape to perform validation. Our analysis demonstrates the coverage established by the currently available tools and sheds light on current gaps to achieve full automation and coverage. Furthermore, we showcase for every component requirement where in the CI/CD pipeline stage it is recommended to test it and the tools to do so.","1946-0759","979-8-3503-3991-8","10.1109/ETFA54631.2023.10275637","","https://ieeexplore.ieee.org/stamp/stamp.jsp?arnumber=10275637","cybersecurity;IEC 62443;DevOps;security testing;CI/CD;continuous integration","Pipelines;Time to market;Process control;Focusing;Control systems;Delays;Task analysis","","7","","61","IEEE","12 Oct 2023","12-15 Sept. 2023","12-15 Sept. 2023","IEEE","IEEE Conferences"
"Experimental Survey Results on Azure.DevOps Application for Management Student’s Projects","A. C. Bento; D. A. C. Delgado; S. Camacho-Leon","Computing and Science Schools, Instituto Tecnológico de Estudios Superiores de Monterrey, Monterrey, Nuevo León; Computing and Science Schools, Instituto Tecnológico de Estudios Superiores de Monterrey, Monterrey, Nuevo León; Computing and Science Schools, Instituto Tecnológico de Estudios Superiores de Monterrey, Monterrey, Nuevo León",2023 Future of Educational Innovation-Workshop Series Data in Action,"21 Apr 2023","2023","","","1","5","This material presents the results of experimental studies carried out with the Azure.DevOps application in classrooms for computing projects between the years 2021 and 2022, in which the Agile and Scrum process models were applied, according to the needs of the project, the variables used in this research represent an assessment of students’ opinion, as well as the presentation of results according to their disciplines, innovation is represented by the use of this tool in internal disciplines of Instituto Tecnológico de Monterrey, presenting excellent results and satisfaction of the students. The results of this study allowed us to conclude on the efficiency of using the Azure.DevOps application in classrooms, allowing an empirical analysis to make decisions, the results presented were positive, allowing its application in classes for the computing area in which they need a project management to control student activities.","","978-1-6654-9416-8","10.1109/IEEECONF56852.2023.10104593","","https://ieeexplore.ieee.org/stamp/stamp.jsp?arnumber=10104593","projects;Azure DevOps;class;computing;education","Technological innovation;Computational modeling;Project management;Process control;Software;Data models;Stakeholders","","","","21","IEEE","21 Apr 2023","16-18 Jan. 2023","16-18 Jan. 2023","IEEE","IEEE Conferences"
"Visibility & Control: Addressing Supply Chain Challenges to Trustworthy Software-Enabled Things","R. A. Martin","Trust & Assurance Cyber Technologies Department, The MITRE Corporation, Bedford, MA, USA",2020 IEEE Systems Security Symposium (SSS),"24 Aug 2020","2020","","","1","4","Software is playing a pivotal role in most enterprises, whether they realize it or not, and with the proliferation of Industrial Internet of Things (IoT) and other cyber/physical systems across our society and critical infrastructure and our collective love affair with automation, optimization, and “smart” devices, the role of these types of systems is only going to increase. This talk addresses the myriad of issues that underlie unsafe, insecure, and unreliable software and provides the insights of the Industrial Internet Consortium and other government and industry efforts on how to conquer them and pave the way to a marketplace of trustworthy software-enabled connected things.As the experience of several sectors has shown, the dependence on connected software needs to be met with a strong understanding of the risks to the overall trustworthiness of our software-based capabilities that we, our enterprises, and our world utilize. In many of these new connected systems issues of safety, reliability, and resilience rival or dominate concerns for security and privacy, the long-time focus of many in the IT world. Without a scalable and efficient method for managing these risks so our enterprises can continue to benefit from these advancements that powers our military, commercial industries, cities, and homes to new levels of efficiency, versatility, and cost effectiveness we face the potential for harm, death, and destructiveness.In such a marketplace, creating, exchanging, and integrating components that are trustworthy as well as entering into value-chain relationships with trustworthy partners and service suppliers will be common if we can provide a method for explicitly defining what is meant by the word trustworthy. The approach being pursued by these groups for applying Software Assurance to these systems and their Supply Chains by leveraging Structured Assurance Cases, Software Bill of Materials (the focus of this paper), and secure development practices applied to the evolving Agile and DevSecOps methodologies, is to explicitly identify the detailed requirements “about what we need to know about something for it to be worthy of our trust” and to do that in a way that we can convey that basis of trust to others that: can scale; is consistent within different workflows; is flexible to differing sets of hazards and environments; and is applicable to all sectors, domains, and industries.","","978-1-7281-4316-3","10.1109/SSS47320.2020.9174365","","https://ieeexplore.ieee.org/stamp/stamp.jsp?arnumber=9174365","software;IoT;CyberPhysical;software assurance;software bill of materials;SBOM;DevSecOps","Industries;Privacy;Supply chains;Bills of materials;Urban areas;Software;Software reliability;Security;Smart devices;Resilience","","13","","2","IEEE","24 Aug 2020","1 July-1 Aug. 2020","1 July-1 Aug. 2020","IEEE","IEEE Conferences"
"A Systematic Literature Review on Asterisk: Teach More than VoIP Communication","L. P. Oliveira; G. A. do Nascimento","Federal Institute of Paraíba (IFPB), João Pessoa, Brazil; Federal Institute of Paraíba (IFPB), João Pessoa, Brazil",2023 29th International Conference on Telecommunications (ICT),"29 Dec 2023","2023","","","1","6","Asterisk is a free and open-source software for telecommunication scenarios. It was created in 1999 and used by organizations of various types and sizes worldwide. It is software that can serve as the business infrastructure for telephony with different phone systems. This paper examines the relevance of this tool for teaching electrical engineering, computer science, and other areas. The study investigated the evolution, technologies, the benefits of learning it for students, and its applicability in practical activities to teach new concepts. The methodology of this study is a systematic review of searches in electronic repositories until 2020. The results found 3,221 documents, selecting 179 to extract data. The study identified several scenarios in hands-on exercises to improve knowledge skills in security, artificial intelligence, network quality, measurement, and programming. Furthermore, this research suggests that teachers can use the tool to motivate and engage students in learning about the latest network concepts, such as Software Defined Networks (SDN), Virtualization, the Internet of Things (IoT), and Blockchain.","","979-8-3503-6110-0","10.1109/ICT60153.2023.10374064","","https://ieeexplore.ieee.org/stamp/stamp.jsp?arnumber=10374064","Asterisk;review;education;telecommunication;open-source","Systematics;DevOps;Education;Telephony;Communications technology;Security;Internet of Things","","2","","13","IEEE","29 Dec 2023","8-9 Nov. 2023","8-9 Nov. 2023","IEEE","IEEE Conferences"
"Cloud Simulation for Continuous Integration and Deployment in Robotics","S. Teixeira; R. Arrais; G. Veiga","INESC TEC - INESC Technology and Science, FEUP campus, Porto, Portugal; INESC TEC - INESC Technology and Science, FEUP campus, Porto, Portugal; INESC TEC - INESC Technology and Science, FEUP campus, Porto, Portugal",2021 IEEE 19th International Conference on Industrial Informatics (INDIN),"11 Oct 2021","2021","","","1","8","Continuous Integration and Deployment in the robotics domain is still underutilized when compared to other fields of software development. Also, conventional testing techniques used in CI/CD pipelines are usually not enough to fully test a robotic project in its integrity. In this paper, an analysis is made regarding the usage of CI/CD techniques in robotic related repositories to both verify the veracity of these statements, as well as finding their causes. Additionally, a novel approach in the scope of CI/CD is explored, making use of cloud-based technologies to add additional automated simulation tests to the pipeline and integrate them with ease in the development of robotic software. Finally, the proposed approach is showcased in an industrial application.","","978-1-7281-4395-8","10.1109/INDIN45523.2021.9557476","","https://ieeexplore.ieee.org/stamp/stamp.jsp?arnumber=9557476","Continuous Integration;Continuous Deployment;Cloud Robotics;Software Engineering;Robotic Simulation;Robotic Software Development;ROS","Service robots;Conferences;Pipelines;Software;Informatics;Testing","","6","","21","IEEE","11 Oct 2021","21-23 July 2021","21-23 July 2021","IEEE","IEEE Conferences"
"A Kubernetes Algorithm for scaling Virtual Objects","B. El Khalyly; A. Belangour","Faculty of sciences Ben M'sik, Laboratory of Information Technology and Modeling, Hassan II University, Casablanca, Morocco; Faculty of sciences Ben M'sik, Laboratory of Information Technology and Modeling, Hassan II University, Casablanca, Morocco",2020 3rd International Seminar on Research of Information Technology and Intelligent Systems (ISRITI),"13 Jan 2021","2020","","","638","641","Continuous scalability of applications operating in the Internet of Things domain has raised the issue of continuous integration. Users and operators involved in the establishment of connected object ecosystems want to have the ability to change and modify their applications without having to stop the function of the physical components in order to deploy their various applications that run these objects. In this article we propose a continuous integration and scaling approach based on Kubernetes and object virtualization to deploy different types of appropriate microservices.","","978-1-7281-8406-7","10.1109/ISRITI51436.2020.9315393","","https://ieeexplore.ieee.org/stamp/stamp.jsp?arnumber=9315393","Devops;Kubernetes;Virtual Object;BDI","Internet of Things;Cloud computing;Ecosystems;Containers;Computer architecture;Virtualization;Edge computing","","2","","28","IEEE","13 Jan 2021","10-11 Dec. 2020","10-11 Dec. 2020","IEEE","IEEE Conferences"
"A Microservices Platform for Monitoring and Analysis of IoT Traffic Data in Smart Cities","A. De Iasio; A. Furno; L. Goglia; E. Zimeo","University of Sannio, Benevento, Italy; ENTPE, IFSTTAR LICIT UMR T9401, Univ. of Lyon, Lyon, France; University of Sannio, Benevento, Italy; CINI Smart City Lab, University of Sannio, Benevento, Italy",2019 IEEE International Conference on Big Data (Big Data),"24 Feb 2020","2019","","","5223","5232","The ongoing digitization of cities, enabled by the diffusion of interconnected sensors and devices, makes it possible to continuously collect and analyze huge streams of data at extremely large spatio-temporal scales and fine resolutions. These data can be used to monitor, detect and anticipate different kinds of infrastructure vulnerabilities and anomalies, as well as to implement more personalized services that could improve citizens' life. In this new context, full of opportunities, it is difficult to foresee and develop, in advance, the set of applications and services that can be potentially useful for administrators and citizens to solve the manifold compelling needs a city may have to face. Novel ICT paradigms and technologies can help designing agile, general-purpose smart city platforms aimed at supporting the collection and treatment of large-scale, multi-source (streams of) data and the development of novel applications that could fulfill diverse functional requirements under strict non-functional constraints. This paper presents the reference architecture, a prototype implementation and a city-scale case-study evaluation of PROMENADE, a platform that exploits IoT/Fog/Cloud paradigms, microservices and DevOps infrastructures to guarantee continuous development of robust and reliable applications for real-time monitoring and analysis of traffic data generated by IoT devices in large smart cities. The prototype has been evaluated in a case study concerning the quasi real-time detection of road networks vulnerabilities via centrality measures from on-line traffic conditions, emulated from off-line real datasets available for the city of Lyon, France.","","978-1-7281-0858-2","10.1109/BigData47090.2019.9006025","","https://ieeexplore.ieee.org/stamp/stamp.jsp?arnumber=9006025","IoT Platform;Microservices;Smart cities;Traffic monitoring;Resilience","Smart cities;Real-time systems;Big Data;Roads;Cloud computing;Monitoring","","14","","45","IEEE","24 Feb 2020","9-12 Dec. 2019","9-12 Dec. 2019","IEEE","IEEE Conferences"
"The Systems Engineering DevOps Lemniscate and Model-Based System Operations","J. T. J. Mathieson; T. Mazzuchi; S. Sarkani","Northrop Grumman Corporation, Falls Church, VA, USA; Department of Engineering Management and Systems Engineering, School of Engineering and Applied Science, George Washington University, Washington, DC, USA; Department of Engineering Management and Systems Engineering, School of Engineering and Applied Science, George Washington University, Washington, DC, USA",IEEE Systems Journal,"26 Aug 2021","2021","15","3","3980","3991","Systems engineering is defined as a “full life cycle” discipline and provides methodologies and processes to support the design, development, verification, sustainment, and disposal of systems. While this cradle-to-grave concept is well documented throughout literature, there has been recent emphasis on evolving and digitally transforming systems engineering methodologies, practices, and tools for the latter phases of system life cycles. This article adapts principles from the software engineering domain DevOps concept (a collaborative merger of system development and operations) into a Systems Engineering DevOps (SEDevOps) life cycle model. This facilitates a merger of systems engineering processes, tools, and products into a surrogate operational environment in which the sustainment of a system is tied closely to the curation of a system model expanded to include the enabling system elements necessary for operations and sustainment (procedures, scripts, etc.). This progression of the systems engineering mindset, focused on digitally transforming and enhancing system operations and sustainment, improves agility in later life cycle phases. A framework for applying SEDevOps is introduced as a new systems modeling language profile. A use-case leveraging this “model-based system operations” framework, shows how merging support elements into a spacecraft system model improves adaptability during operations, exemplifying elements of a DevOps approach to cyber-physical system sustainment.","1937-9234","","10.1109/JSYST.2020.3015595","","https://ieeexplore.ieee.org/stamp/stamp.jsp?arnumber=9179780","Agile;DevOps;digital transformation;life cycle;model-based systems engineering (MBSE);systems engineering","Modeling;Tools;Unified modeling language;Systems operation;Software engineering;Adaptation models","","14","","44","IEEE","28 Aug 2020","Sept. 2021","","IEEE","IEEE Journals"
"Cybersecurity in DevOps Environments: A Systematic Literature Review","R. Carlos Bautista Ramos; S. G. Yoo","Departamento de Informática y Ciencias de la Computación, Escuela Politécnica Nacional, Quito, Ecuador; Departamento de Informática y Ciencias de la Computación, Escuela Politécnica Nacional, Quito, Ecuador",IEEE Access,"12 Nov 2025","2025","13","","191959","191979","This systematic literature review provides a comprehensive analysis of the most critical cybersecurity challenges in DevOps environments. Through a rigorous examination of 62 peer-reviewed articles published between 2016 and 2025, we identified recurring threats, active attack vectors, structural vulnerabilities, mitigation strategies, and their technical impact on system performance and operational resilience. The analysis revealed that the most significant threats are related to uncontrolled automation, exposure of sensitive secrets in CI/CD pipelines, lack of mutual authentication between distributed services, supply chain attacks, and the use of unauthorized tools (Shadow IT). These threats simultaneously compromise core security principles, including integrity, confidentiality, and traceability. The most frequent attack vectors include code injection in CI/CD pipelines, unrestricted access to public repositories, remote execution via default configurations, and lateral movement in flat architectures. We identified 27 recurrent vulnerabilities throughout the DevOps lifecycle. The most critical include the absence of automated security testing, poor management of secrets, and reliance on unverified third-party components. More than 30 technical and organizational countermeasures were documented, such as SAST/DAST/IAST scans, infrastructure-as-code validation, secure credential storage via vaults, and integrated practices like DevSecOps and compliance-as-code. When properly implemented, these strategies do not degrade system performance and may even enhance resilience and stability. Nonetheless, a lack of comparative empirical validation in most reviewed studies limits the generalizability of proposed solutions. These findings establish a foundation for future research in emerging domains, such as the Internet of Things, where continuous, adaptive, and verifiable security is paramount for automated and dynamic environments.","2169-3536","","10.1109/ACCESS.2025.3582892","","https://ieeexplore.ieee.org/stamp/stamp.jsp?arnumber=11050425","DevOps;cybersecurity;threats;vulnerabilities;attack vectors;mitigation;systematic literature review","DevOps;Security;Computer security;Protocols;Systematic literature review;Vectors;Prevention and mitigation;Pipelines;Libraries;Codes","","2","","77","CCBY","25 Jun 2025","2025","","IEEE","IEEE Journals"
"Telcoformrix: An AI-Augmented Framework for Declarative and Scalable Provisioning of Real-Time Communication Infrastructure (Work in Progress)","S. K. Davuluri; V. Challagulla; V. Mudapaka; U. Konka","University of the Cumberlands, USA; Tempus AI, USA; Care.com, USA; Hanwa Qcells, USA",2025 IEEE International Conference and Expo on Real Time Communications at IIT (RTC),"23 Oct 2025","2025","","","1","4","The growing demand for real-time communication (RTC) services necessitates more efficient and reliable infrastructure provisioning methods. This work-inprogress paper introduces Telcoformrix, an AI-native Infrastructure-as-Code (IaC) framework designed to simplify the deployment of RTC infrastructure. By leveraging a fine-tuned large language model (LLM), Telcoformrix translates high-level YAML declarations into Terraform JSON configurations, abstracting the complexities of cloud and edge network setup. Integrated with GitOps workflows, the framework aims to automate validation and deployment via CI/CD pipelines. This paper outlines the motivation, design, and planned evaluation of Telcoformrix, positioning it as a promising approach to reducing cognitive load and configuration errors in RTC infrastructure management.","","979-8-3315-5601-3","10.1109/RTC66985.2025.11211725","","https://ieeexplore.ieee.org/stamp/stamp.jsp?arnumber=11211725","Infrastructure-as-Code;DevOps;AIOps;RealTime Communication;WebRTC;IoT;Terraform","Translation;DevOps;Large language models;Pipelines;Manuals;Cognitive load;Complexity theory;Safety;Reliability;WebRTC","","","","9","IEEE","23 Oct 2025","7-8 Oct. 2025","7-8 Oct. 2025","IEEE","IEEE Conferences"
"MQTT-Based Prototype Rover with Vision-As-A-Service (VAAS)in an IoT Dual-Stack Scenario","G. D. Salazar Ch; C. Venegas; L. Marrone","Facultad de Informática, Universidad Nacional de La Plata, La Plata, Argentina; Departamento de Eléctrica y Electrónica, Universidad de las Fuerzas Armadas - ESPE, Quito, Ecuador; Facultad de Informática, Universidad Nacional de La Plata, La Plata, Argentina",2019 Sixth International Conference on eDemocracy & eGovernment (ICEDEG),"13 Jun 2019","2019","","","344","349","This research and proof-of-concept paper presents the design and implementation of a wireless local and remote-controlled prototype Rover endowed with live video streaming capability (VAAS - Vision-as-a-Service)using MQTT, one of the most effective protocols in IoT environments. This prototype works under an IPv6 WAN connection to Cloud Computing Services and IPv4 WLAN connectivity for local control. Intelligent and Autonomous transportation systems will contribute significantly to develop Smart-Cities, intelligent logistics scenarios, and unmanned search vehicles for places not suitable for human beings, and that is the importance of the present practical paper, as well as to prove the feasibility of using MQTT through dual-stack IoT scenarios.","2573-1998","978-1-7281-1704-1","10.1109/ICEDEG.2019.8734341","","https://ieeexplore.ieee.org/stamp/stamp.jsp?arnumber=8734341","MQTT;Cloud Computing;IoT Prototype Rover;Vision-as-a-Service;Dual-Stack connectivity;DevOps;Python","Cloud computing;Robots;Prototypes;Streaming media;Wireless communication;Protocols","","5","","10","IEEE","13 Jun 2019","24-26 April 2019","24-26 April 2019","IEEE","IEEE Conferences"
"Applying Monolithic to Microservices Strategy for Elastic Container Deployment for AI Applications","A. H. P. A; A. O; B. A. Jose; A. Harikrishnan; K. Elengickal","Department of Computer Science, Cyber Physical Systems Lab, Cochin University of Science and Technology, Kochi, India; Department of Computer Science, Cyber Physical Systems Lab, Cochin University of Science and Technology, Kochi, India; Department of Computer Science, Cyber Physical Systems Lab, Cochin University of Science and Technology, Kochi, India; Abilytics Inc, Pleasanton, California, USA; Siemba Inc, Alpharetta, GA, USA",2025 IEEE World AI IoT Congress (AIIoT),"12 Aug 2025","2025","","","0346","0351","As applications adopt Artificial Intelligence (AI), cloud deployment of AI models becomes a challenge due to size, cost and latency. This paper presents a study on adopting a monolithic AI application to a microservices-based AI architecture for cloud. The study involves containerizing services using Docker, deploying them via AWS ECS with both Fargate and EC2 backends and evaluating the performance of the application based on latency and cost. Experimental results demonstrate that, while serverless containers via Fargate offer cost benefits and ease of deployment, GPU-intensive services significantly benefit from ECS with EC2 instances. The microservices approach, combined with strategic deployment choices, improves scalability, maintainability, and system reliability for AI workloads in cloud-native environments.","","979-8-3315-2508-8","10.1109/AIIoT65859.2025.11105358","","https://ieeexplore.ieee.org/stamp/stamp.jsp?arnumber=11105358","DevOps;machine learning;MLOps;Performance analysis;Microservices;Distributed Computing;Software Architecture","Cloud computing;Costs;Software architecture;Scalability;Microservice architectures;Containers;Throughput;Maintenance;Resource management;Artificial intelligence","","","","15","IEEE","12 Aug 2025","28-30 May 2025","28-30 May 2025","IEEE","IEEE Conferences"
"Scalable Impact Range Detection against Newly Added Rules for Smart Network Verification","Y. Takita; M. Miyabe; H. Tomonaga; N. Oguchi","ICT Systems Laboratory/DevOps Innovation Unit, Fujitsu Laboratories Limited, Kawasaki, Japan; ICT Systems Laboratory/DevOps Innovation Unit, Fujitsu Laboratories Limited, Kawasaki, Japan; ICT Systems Laboratory/DevOps Innovation Unit, Fujitsu Laboratories Limited, Kawasaki, Japan; ICT Systems Laboratory/DevOps Innovation Unit, Fujitsu Laboratories Limited, Kawasaki, Japan","2020 IEEE 44th Annual Computers, Software, and Applications Conference (COMPSAC)","22 Sep 2020","2020","","","1471","1476","Technological progress in cloud networking, 5G networks, and the IoT (Internet of Things) are remarkable. In addition, demands for flexible construction of SoEs (Systems on Engagement) for various type of businesses are increasing. In such environments, dynamic changes of network rules, such as access control (AC) or packet forwarding, are required to ensure function and security in networks. On the other hand, it is becoming increasingly difficult to grasp the exact situation in such networks by utilizing current well-known network verification technologies since a huge number of network rules are complexly intertwined. To mitigate these issues, we have proposed a scalable network verification approach utilizing the concept of ""Packet Equivalence Class (PEC),"" which enable precise network function verification by strictly recognizing the impact range of each network rule. However, this approach is still not scalable for very large-scale networks which consist of tens of thousands of routers. In this paper, we enhanced our impact range detection algorithm for practical large-scale networks. Through evaluation in the network with more than 80,000 AC rules, we confirmed that our enhanced algorithm can achieve precise impact range detection in under 600 seconds.","0730-3157","978-1-7281-7303-0","10.1109/COMPSAC48688.2020.00-47","","https://ieeexplore.ieee.org/stamp/stamp.jsp?arnumber=9202792","network verification, access control, packet forwarding, packet equivalence class, impact range recognition, Hasse diagram","Firewalls (computing);Internet of Things;Access control;Servers;IP networks;Detection algorithms;Cloud computing","","","","12","IEEE","22 Sep 2020","13-17 July 2020","13-17 July 2020","IEEE","IEEE Conferences"
"Blockchain for Securing CI/CD Pipeline: A Review on Tools, Frameworks, and Challenges","S. M. Saleh; N. Madhavji; J. Steinbacher","Department of Computer Science, University of Western Ontario, London, ON, Canada; Department of Computer Science, University of Western Ontario, London, ON, Canada; IBM Canada Lab, Markham, ON, Canada",2024 7th Conference on Cloud and Internet of Things (CIoT),"22 Nov 2024","2024","","","1","5","Cloud security is an essential concern in cloud environments. Several sectors (e.g., business, healthcare, government, etc.) have witnessed recent cyber-attacks (e.g., HEalthEquity Data Breach, Capital One, Midnight Blizzard on Microsoft, etc.) on their computing systems. Our research focuses on security issues and conducts a literature review to address the integration of blockchain technology into Continuous Integration and Deployment (CI/CD) in the cloud environment pipeline to enhance security. The key idea rests on separating entities such as code, data, design, change history, etc., as “blocks” in the blockchain technology through “separation of concern”. Such modularisation should help contain any threats locally in the block concerned without affecting other blocks. Our initial focus is conducting a comprehensive review of existing literature to analyse and synthesise tools and technologies for integrating blockchain into the CI/CD pipeline on cloud services. We also highlight the challenges associated with current solutions. Through this research, we aim to identify and address the existing research gaps in this critical area.","2159-6972","979-8-3503-5671-7","10.1109/CIoT63799.2024.10757084","","https://ieeexplore.ieee.org/stamp/stamp.jsp?arnumber=10757084","Cloud;Security;Continuous Integration;Continuous Deployment;CI/CD;Blockchain;Literature Review","Reviews;Pipelines;Government;Medical services;Data breach;Blockchains;Security;Internet of Things;History;Cyberattack","","4","","21","IEEE","22 Nov 2024","29-31 Oct. 2024","29-31 Oct. 2024","IEEE","IEEE Conferences"
"A Cost-effective High-throughput Testbed for Supporting AI-enabled DevSecOps Services","U. Khamdamov; M. Usman; J. Kim","AI Graduate School Gwangju Institute of Science and Technology, Gwangju, Korea; Department of Mathematics and Computer Science, Karlstad University, Karlstad, Sweden; AI Graduate School Gwangju Institute of Science and Technology, Gwangju, Korea",2023 10th International Conference on Future Internet of Things and Cloud (FiCloud),"29 Jan 2024","2023","","","95","102","OF@TEIN Playground is a multi-site cloud with distributed edge nodes, which, while offering reduced application latency by processing data at the edge of the network, also introduces new security challenges. To ensure the continuous and secure operation of these nodes, the SmartX Multi-View Visibility and SmartX MultiSec frameworks were introduced. However, these frameworks have limitations regarding AI-powered security mechanisms. The recent surge in data and AI technologies has amplified the need for AI-based and data-driven smart services that can process large amounts of real-time data and provide actionable insights to users. In particular, AI-inspired DevSecOps services can be highly effective in enhancing cybersecurity of the OF@TEIN Playground. However, developing and deploying these services at scale can be a challenge, due to the high costs associated with procuring and maintaining the necessary hardware and software resources. Therefore, this work aims to upgrade the OF@TEIN Playground to flexibly support cloud based AI-inspired DevSecOps services and to adequately meet the current and future demands of playground users. The results show that our effort has resulted in a more reliable, cost-effective, and flexible edge computing research and experimentation testbed.","","979-8-3503-1635-3","10.1109/FiCloud58648.2023.00022","","https://ieeexplore.ieee.org/stamp/stamp.jsp?arnumber=10410811","SmartX Playground;Artificial Intelligence (AI);DevSecOps;Edge Clouds;Testbed;GPU Utilization","Cloud computing;Costs;Graphics processing units;Hardware;Software reliability;Surges;Edge computing","","2","","19","IEEE","29 Jan 2024","14-16 Aug. 2023","14-16 Aug. 2023","IEEE","IEEE Conferences"
"Towards Automating Model-Based Systems Engineering in Industry - An Experience Report","J. Cederbladh; L. Berardinelli; H. Bruneliere; A. Cicchetti; M. Dehghani; C. Di Sipio; J. Miranda; A. Rahimi; R. Rubei; J. Suryadevara","Mälardalen University, Västerås, Sweden; Johannes Kepler University, Linz, Austria; LS2N (CNRS), IMT Atlantique, Nantes, France; Mälardalen University, Västerås, Sweden; Johannes Kepler University, Linz, Austria; Università Degli Studi Dell’Aquila, L’Aquila, Italy; LS2N (CNRS), IMT Atlantique, Nantes, France; Johannes Kepler University, Linz, Austria; Università Degli Studi Dell’Aquila, L’Aquila, Italy; Volvo Construction Equipment, Eskilstuna, Sweden",2024 IEEE International Systems Conference (SysCon),"17 Jun 2024","2024","","","1","8","Designing modern Cyber-Physical Systems (CPSs) is posing new challenges to both industrial practitioners and academics. In this context, adopting cutting-edge paradigms, such as Model-Based Systems Engineering (MBSE), DevOps, and Artificial Intelligence (AI), can offer new opportunities for improving CPS design automation. While such paradigms are already jointly used in the research community to support system design activities, there is a need to fill the gap between academia and industrial practitioners. Indeed, system specification is still mainly performed manually in many industrial projects. In this paper, we present a collaboration between industrial and academic partners of the AIDOaRt European project towards a model-based approach for CPS engineering applied in one of the project use cases. We identify key challenges and corresponding solutions to enhance the automation of CPS design processes. Notably, we consider a combination of prescriptive modeling, model transformations, model views, modeling process mining, and AI-based modeling recommendations. As an initial evaluation, the proposed approach is applied to a practical industrial case study.","2472-9647","979-8-3503-5880-3","10.1109/SysCon61195.2024.10553610","","https://ieeexplore.ieee.org/stamp/stamp.jsp?arnumber=10553610","Model-Based Systems Engineering;Artificial Intelligence;DevOps;Cyber-Physical Systems","Industries;Adaptation models;DevOps;Software packages;Modeling;Artificial intelligence;System analysis and design","","4","","41","IEEE","17 Jun 2024","15-18 April 2024","15-18 April 2024","IEEE","IEEE Conferences"
"Secure Deployment of 5G/B5G Core Network","A. Landa-Arrue; M. Barceló; I. Garitano; A. Urbieta","Ikerlan Technology Research Centre (BRTA), Arrasate/Mondragón, Spain; Ikerlan Technology Research Centre (BRTA), Arrasate/Mondragón, Spain; Department of Electronics and Computing, Mondragon Unibertsitatea, Arrasate/Mondragón, Spain; Ikerlan Technology Research Centre (BRTA), Arrasate/Mondragón, Spain",2025 14th Mediterranean Conference on Embedded Computing (MECO),"27 Jun 2025","2025","","","1","4","The deployment of secure and resilient FithGeneration (5G) core networks in industrial environments necessitates adopting methodologies that integrate security seamlessly into the entire development lifecycle. This paper presents a Development, Security, and Operations-based (DevSecOps) Continuous Integration/Continuous Deployment (CI/CD) pipeline designed to enhance the security of distributed 5G core networks. The proposed pipeline systematically analyzes Docker images and Kubernetes templates, detecting and mitigating vulnerabilities early in the deployment process. Automated tools such as Trivy, Checkov, Kubelinter, and Kube-bench are employed to significantly reduce security risks associated with outdated dependencies, misconfigurations, and network vulnerabilities. Additionally, integrating Lamassu IoT, a specialized PKI, enables automated digital certificate management. Results demonstrate substantial improvements in security practices, showing a marked reduction in vulnerabilities and enhanced compliance with industry standards.","2637-9511","979-8-3315-1341-2","10.1109/MECO66322.2025.11049157","","https://ieeexplore.ieee.org/stamp/stamp.jsp?arnumber=11049157","5G;DevSecOps;CI/CD;pipeline;PKI","Industries;Embedded computing;Protocols;5G mobile communication;Scalability;Pipelines;Public key;Real-time systems;Security;Standards","","","","8","IEEE","27 Jun 2025","10-14 June 2025","10-14 June 2025","IEEE","IEEE Conferences"
"Cloud-Native Hybrid Deployment Technology Under Narrowband Communication Conditions","L. Wang; Z. Yang; C. Zhong; W. Zhang","The 29th Research Institute of China Electronics, Technology Group Corporation, Chengdu, China; The 29th Research Institute of China Electronics, Technology Group Corporation, Chengdu, China; The 29th Research Institute of China Electronics, Technology Group Corporation, Chengdu, China; Xidian University, Xi'an, China","2025 21st International Conference on Natural Computation, Fuzzy Systems and Knowledge Discovery (ICNC-FSKD)","20 Oct 2025","2025","","","737","746","Edge computing extends cloud capabilities to the network periphery to reduce latency and bandwidth usage, but implementing cloud-native technologies in these environments poses unique challenges. This paper surveys cloud-native hybrid deployment strategies under narrowband communication conditions, as encountered in IoT and remote edge scenarios. We review the state of the art in general-purpose edge computing, focusing on containerization and orchestration frameworks that bridge cloud and edge deployments despite constrained network bandwidth. Key platforms and tools are examined in depth, including Kubernetes for container orchestration, lightweight Kubernetes variants like K3s and edge-specific frameworks like KubeEdge, package management with Helm, GitOps continuous delivery via Argo CD, event-driven scaling with KEDA, and the integration of security through DevSecOps practices. We describe architectural approaches for hybrid cloud-edge orchestration, evaluate each solution's design, and discuss how they accommodate intermittent connectivity and low data rates. Through careful analysis of existing literature and industry practices, we highlight how cloud-native paradigms can be adapted to bandwidth-constrained edge environments, identify open challenges in managing deployments over narrowband links, and outline future research directions in optimizing cloud-edge synergy under network limitations.","","979-8-3315-7535-9","10.1109/ICNC-FSKD67701.2025.11198011","","https://ieeexplore.ieee.org/stamp/stamp.jsp?arnumber=11198011","edge computing;cloud-native;Kubernetes;narrowband IoT;hybrid cloud;DevSecOps;orchestration","Surveys;Cloud computing;Technological innovation;Solution design;Image edge detection;Containers;Reliability;Synchronization;Edge computing;Narrowband","","","","27","IEEE","20 Oct 2025","26-28 July 2025","26-28 July 2025","IEEE","IEEE Conferences"
"IoT Data Analytics as a Network Edge Service","L. Sanabria-Russo; D. Pubill; J. Serra; C. Verikoukis",Centre Tecnològic de Telecomunicacions de Catalunya (CTTC/CERCA); Centre Tecnològic de Telecomunicacions de Catalunya (CTTC/CERCA); Centre Tecnològic de Telecomunicacions de Catalunya (CTTC/CERCA); Centre Tecnològic de Telecomunicacions de Catalunya (CTTC/CERCA),IEEE INFOCOM 2019 - IEEE Conference on Computer Communications Workshops (INFOCOM WKSHPS),"23 Sep 2019","2019","","","969","970","Current IoT trends reveal an increase in computational requirements for data processing. Traditionally, data from sensors was uploaded to compute nodes at a backend cloud. Nevertheless, ever-growing amount of data generated by IoT devices have rendered this option too expensive in terms of network traffic, possibly leading to delays due to bottlenecks. Moreover, even if network connectivity were to be guaranteed, live processing of sensitive data (e.g.: biomedical) at a remote location may not comply with data protection policies. A popular approach tries to circumvent these issues by performing computational operations locally, that is, at the IoT Gateway level. This demo leverages open source lightweight virtualization tools and a container orchestration engine (i.e.: Docker and Ku-bernetes, respectively) in an cluster of IoT devices at the edge of the network, enabling the creation of a distributed pool of computing resources on top of which data analytics algorithms could be deployed, updated, or terminated. This approach guarantees that resource-hungry operations, such as live monitoring and real-time processing of sensitive data, are performed locally, reducing the overall delay and without risking data leaking to the outside world.","","978-1-7281-1878-9","10.1109/INFCOMW.2019.8845207","","https://ieeexplore.ieee.org/stamp/stamp.jsp?arnumber=8845207","Virtualization;IoT;devOps;edge;container orchestration","Cloud computing;Logic gates;Sensors;Data analysis;Containers;Computer architecture;Measurement","","9","","6","IEEE","23 Sep 2019","29 April-2 May 2019","29 April-2 May 2019","IEEE","IEEE Conferences"
"Quantitative DevSecOps Metrics for Cloud-Based Web Microservices","J. Y. Zhang; Y. Zhang","Department of Computer Science, Boston University, Boston, MA, USA; Department of Computer Science, Boston University, Boston, MA, USA",IEEE Access,"6 Nov 2024","2024","12","","160317","160342","The widespread adoption of Cloud-Based Web Microservices (CBWMs) and DevSecOps (Development, Security, and Operations) methodologies has significantly improved modern software development, particularly regarding scalability, agility, and security. However, the true success of these implementations hinges on the ability to measure their effectiveness accurately. Metrics serve as a critical tool in this process, providing quantifiable data on service performance, security, and operational efficiency. By leveraging these metrics, organizations can better assess the efficiency of their DevSecOps practices, making them invaluable for informed decision-making, trend analysis, process management, and continuous improvement. This paper introduces 12 key quantitative metrics specifically designed to evaluate the quality of CBWMs developed through DevSecOps practices. These metrics were identified using a Multi-Vocal Literature Review methodology, sourcing information from 92 relevant studies (2018-2023) on IEEE Xplore, Springer, and Google Scholar. The selected metrics are widely applicable across CBWMs and are easy to measure with existing tools, offering a comprehensive framework for thorough assessment.","2169-3536","","10.1109/ACCESS.2024.3486314","","https://ieeexplore.ieee.org/stamp/stamp.jsp?arnumber=10735195","Cloud;DevSecOps;metrics;microservices;web","Security;Measurement;Microservice architectures;DevOps;Software;Organizations;Codes;Cloud computing;Automation;Pipelines","","9","","120","CCBY","25 Oct 2024","2024","","IEEE","IEEE Journals"
"MicroMatic: Fully Automated Microservices Identification Approach from Monolithic Systems","I. Trabelsi; B. Popa; J. Péreyrol; P. -O. Beaulieu; N. Moha","École de technologie supérieure ÉTS, Montréal, QC, Canada; École de technologie supérieure ÉTS, Montréal, QC, Canada; École de technologie supérieure ÉTS, Montréal, QC, Canada; École de technologie supérieure ÉTS, Montréal, QC, Canada; École de technologie supérieure ÉTS, Montréal, QC, Canada",2024 IEEE/ACM 6th International Workshop on Software Engineering Research & Practices for the IoT (SERP4IoT),"27 Aug 2024","2024","","","7","13","The Internet of Things (IoT) revolution is transforming system interactions and functionalities, necessitating more adaptable, scalable, and responsive systems architectures. These IoT systems build on recent advances in software architectures, particularly Microservices Architecture (MSA), enabling scalability, facilitating cloud deployment, and supporting seamless integration with DevOps practices. While new IoT applications can seamlessly integrate Microservices Architecture from their design, the migration of existing mono-lithic IoT systems to MSA is essential to leverage its benefits yet it remains a challenging and costly process. To facilitate this migration, we propose Micromatic, a tooled fully automated microser-vices identification approach that is based on static-relationship analyses between code elements as well as semantic analyses of the source code. Our approach relies on Machine Learning (ML) techniques and uses service types to guide the identification of microservices from IoT monolithic systems. We validate the effectiveness of our tool through a detailed case study, comparing our results with established ground truths. This process included a quantitative evaluation of the microservices generated, focusing on their business capabilities. Our findings demonstrate the efficiency of Micromatic in automating one of the most labour-intensive aspects of migrating legacy systems to a microservices framework, successfully identifying architecturally significant microservices with 62.5% precision and 45.5% recall.","","979-8-4007-0578-6","10.1145/3643794.3648283","","https://ieeexplore.ieee.org/stamp/stamp.jsp?arnumber=10647210","Migration;Microservices;Service Types;Machine learning;Semantic Analysis;Automation;Tool","Training;Software architecture;Source coding;Semantics;Microservice architectures;Systems architecture;Computer architecture","","2","","29","","27 Aug 2024","20-20 April 2024","20-20 April 2024","IEEE","IEEE Conferences"
"DevDocOps: Automated Documentation in DevOps Through Infrastructure as Code Using the CALMS Framework","A. Ali; M. A. Zia; F. Mehmood; M. A. Nawaz; A. Basit; M. A. Naeem","Department of Computer Science, University of Agriculture Faisalabad, Faisalabad, Punjab, Pakistan; Department of Computer Science, University of Agriculture Faisalabad, Faisalabad, Punjab, Pakistan; College of Civil and Transportation Engineering, Shenzhen University, Shenzhen, China; Department of Computer Science, University of Agriculture Faisalabad, Faisalabad, Punjab, Pakistan; Department of Computer Science, University of Agriculture Faisalabad, Faisalabad, Punjab, Pakistan; Department of Computer Science, University of Agriculture Faisalabad, Faisalabad, Punjab, Pakistan",2025 International Conference on Engineering & Computing Technologies (ICECT),"17 Feb 2026","2025","","","1","6","Integrating DevOps into software development has transformed workflows by emphasizing automation and seamless communication. However, challenges in software documentation, such as ensuring security, integrity, dependability, and timely delivery, continue to hinder development and support processes. To address these problems, an innovative approach called DevDocOps has emerged, boosting the software documentation process and accelerating development activities. This research highlights DevDocOps as an enhancement of DevOps, leveraging automation to improve documentation accuracy and decrease delivery time while bridging the gap between customers and support teams. A key component of this study is implementing the iDoc tool, which mechanizes software documentation, improves process reliability, and reduces the time required for documentation tasks. The procedure centers on approving the CALMS (Culture, Automation, Lean, Measurement, and Sharing) framework, prioritizing efficient service delivery, client procedures, and an ethos of rapid reaction loops. The study also unites DevSecOps principles to support security throughout the software development lifecycle to integrate Site Reliability Engineering (SRE) practices, encouraged by Google’s approach to merging software engineering with IT operations. By joining these methodologies, the suggested approach delivers a robust, adjustable, and secure documentation process that aligns with modern DevOps prototypes. Results determine that adopting DevDocOps expressively improves the productivity and consistency of software documentation, decreases manual effort, and confirms alignment with future technological changes.","","979-8-3315-9538-8","10.1109/ICECT66235.2025.11381694","","https://ieeexplore.ieee.org/stamp/stamp.jsp?arnumber=11381694","DevOps;Continuous Transfer;Records;software engineering;DevDocOps","Productivity;DevOps;Automation;Codes;Documentation;Reliability engineering;Software reliability;Security;Software engineering;Resilience","","","","25","IEEE","17 Feb 2026","13-14 Nov. 2025","13-14 Nov. 2025","IEEE","IEEE Conferences"
"Automatic Deployment Pipeline for Containerized Application of IoT Device","Y. Yulianto; E. Utami; Kusnawi","Master of Informatics Engineering, AMIKOM Yogyakarta University, Yogyakarta, Indonesia; Master of Informatics Engineering, AMIKOM Yogyakarta University, Yogyakarta, Indonesia; Master of Informatics Engineering, AMIKOM Yogyakarta University, Yogyakarta, Indonesia","2022 6th International Conference on Information Technology, Information Systems and Electrical Engineering (ICITISEE)","10 Mar 2023","2022","","","81","86","In this modern era, many companies in the technology field compete to win the hearts of customers. To keep up with the competition and meet customers' needs, companies must be able to adapt to changes in their products. One software development methodology that focuses on customer satisfaction is the agile methodology. This approach is popular among software development teams because it allows them to quickly respond to changes in customer needs. This study aims to apply a combination of Gitlab CI and Jenkins to implement a CI/CD pipeline on two software applications called Fishee Backend App and Fishee Frontend App, which use different technologies and also use agile methodology approach in development process. The study aims to evaluate the quality of the pipeline and the time required for the deliver changes to customer. The results show that the Fishee Backend App takes time 153.7 seconds and The Fishee Frontend App takes 174.2, In terms of successful pipeline jobs, the Fishee Backend App reached 70.45% and Fishee Frontend App reached 83,3%. Based on these findings, the use of a combination of Jenkins and Gitlab CI in the CI/CD process can be effective and more faster than previous research for automating the deployment of container-based applications. However, the study was limited to implementation on the Digital Ocean platform and did not compare with other VPS provider platforms. It is recommended that future research extend the scope of the study to include other technology stacks and compare the performance of different CI/CD tools on a range of VPS provider platforms.","","979-8-3503-9961-5","10.1109/ICITISEE57756.2022.10057699","","https://ieeexplore.ieee.org/stamp/stamp.jsp?arnumber=10057699","Agile;CI/CD;Docker;Automation;Software Development","Performance evaluation;Heart;Web services;Oceans;Pipelines;Companies;Software","","2","","25","IEEE","10 Mar 2023","13-14 Dec. 2022","13-14 Dec. 2022","IEEE","IEEE Conferences"
"Incident-Aware CI/CD Pipelines: Learning from Production Failures to Prevent Certificate Rotation Drift","Y. S. Thanvi; L. V. Peri; Y. K. Gangaiah","Independent Researcher, Cambridge, MA, USA; Board of Director, TMMi America, Austin, TX, USA; Independent Researcher, Austin, TX, USA",2026 14th International Symposium on Digital Forensics and Security (ISDFS),"8 Apr 2026","2026","","","1","6","Modern microservices architectures rely on mutual TLS (mTLS) for inter-service authentication, yet certificate authority (CA) rotation remains a leading source of production incidents due to trust bundle drift across distributed regions. Traditional CI/CD pipelines test against static configurations and lack awareness of failure modes previously observed in production, allowing the same class of incidents to escape repeatedly. This paper presents an incident-aware CI/CD pipeline that closes this gap by integrating production incident signals into automated testing through typed guardrails. We validate the approach on a CA rotation trust drift scenario across a multi-region Kubernetes architecture with nine services in three regions. Experimental evaluation in five paired trials (ten total runs) demonstrates that incident-aware pipelines block 100 % of escaped incidents versus 0 % for static pipelines ($\mathrm{p}=0.0079$, Fisher's exact test). The mean CI overhead of 20 % is not statistically significant ($\mathrm{p}=0.8413$, Mann-Whitney U test), and incident-aware pipelines eliminate all deployment restarts by preventing runtime failures. These results show that encoding production failure modes as CI guardrails effectively prevents incident recurrence without meaningful impact on development velocity.","2768-1831","979-8-3315-7310-2","10.1109/ISDFS69419.2026.11459041","","https://ieeexplore.ieee.org/stamp/stamp.jsp?arnumber=11459041","CI/CD;incident response;mTLS;certificate rotation;DevSecOps;Kubernetes;chaos engineering;TMMi","Telemetry;Aerospace and electronic systems;Feeds;Feedback;Circuits;Communication systems;Internet of Things;Radio access networks;Regional area networks;Feedback loop","","","","25","IEEE","8 Apr 2026","19-20 March 2026","19-20 March 2026","IEEE","IEEE Conferences"
"A Survey on Observability of Distributed Edge & Container-Based Microservices","M. Usman; S. Ferlin; A. Brunstrom; J. Taheri","Department of Computer Science, Karlstad University, Karlstad, Sweden; Department of Computer Science, Karlstad University, Karlstad, Sweden; Department of Computer Science, Karlstad University, Karlstad, Sweden; Department of Computer Science, Karlstad University, Karlstad, Sweden",IEEE Access,"24 Aug 2022","2022","10","","86904","86919","Edge computing is proposed as a technical enabler for meeting emerging network technologies (such as 5G and Industrial Internet of Things), stringent application requirements and key performance indicators (KPIs). It aims to alleviate the problems associated with centralized cloud computing systems by placing computational resources to the network’s edge, closer to the users. However, the complexity of distributed edge infrastructures grows when hosting containerized workloads as microservices, resulting in hard to detect and troubleshoot outages on critical use cases such as industrial automation processes. Observability aims to support operators in managing and operating complex distributed infrastructures and microservices architectures by instrumenting end-to-end runtime performance. To the best of our knowledge, no survey article has been recently proposed for distributed edge and containerized microservices observability. Thus, this article surveys and classifies state-of-the-art solutions from various communities. Besides surveying state-of-the-art, this article also discusses the observability concept, requirements, and design considerations. Finally, we discuss open research issues as well as future research directions that will inspire additional research in this area.","2169-3536","","10.1109/ACCESS.2022.3193102","Knowledge Foundation of Sweden (KKS) through the Synergy Project AIDA—A Holistic AI-Driven Networking and Processing Framework for Industrial IoT(grant numbers:Rek:20200067); ","https://ieeexplore.ieee.org/stamp/stamp.jsp?arnumber=9837035","Automation;cloud-native;containers;DevOps;edge;Industrial Internet of Things (IIoT);microservices;monitoring;observability;operation;software-defined infrastructure;visibility","Monitoring;Observability;Cloud computing;Microservice architectures;Computer architecture;Industrial Internet of Things;Image edge detection","","99","","106","CCBY","21 Jul 2022","2022","","IEEE","IEEE Journals"
"Cost-Optimized Microservice Deployment for IoT Application in Cloud-Edge Collaborative Environment","X. Zhang; B. Tang; Q. Yang; W. Xu; F. Guo","School of Computer Science and Engineering, Hunan University of Science and Technology, and Hunan Key Laboratory for Service Computing and Novel Software Technology, Xiangtan, China; School of Computer Science and Engineering, Hunan University of Science and Technology, and Hunan Key Laboratory for Service Computing and Novel Software Technology, Xiangtan, China; School of Information and Communication Engineering, Guangzhou Maritime University, Guangzhou, China; School of Computer Science and Engineering, Hunan University of Science and Technology, and Hunan Key Laboratory for Service Computing and Novel Software Technology, Xiangtan, China; School of Computer Science and Engineering, Hunan University of Science and Technology, and Hunan Key Laboratory for Service Computing and Novel Software Technology, Xiangtan, China",2023 26th International Conference on Computer Supported Cooperative Work in Design (CSCWD),"22 Jun 2023","2023","","","873","878","With the popularity of cloud native and DevOps, container technology is widely used and combined with microservices. The deployment of container-based microservices in distributed cloud-edge infrastructure requires suitable strategies to ensure the quality of service for users. However, the existing container orchestration tools cannot flexibly select the best deployment location according to the user’s cost budget, and are insufficient in personalized deployment solutions. From the perspective of application providers, this paper considers the location distribution of users, application dependencies, and server price differences, and proposes a genetic algorithm-based Internet-of-Things (IoT) application deployment strategy for personalized cost budgets. The application deployment problem is defined as an optimization problem that minimizes user service latency under cost constraints. This problem is an NP-hard problem, and genetic algorithm is introduced to solve the optimization problem effectively and improve the deployment efficiency. The proposed algorithm is compared with four baseline algorithms, Time-Greedy, Cost-Greedy, Random and PSO, using real datasets and some synthetic datasets. The results show that the proposed algorithm outperforms other competing baseline algorithms.","2768-1904","979-8-3503-3168-4","10.1109/CSCWD57460.2023.10152549","Natural Science Foundation of Hunan Province; ","https://ieeexplore.ieee.org/stamp/stamp.jsp?arnumber=10152549","Edge Computing;IoT Application;Microservice Deployment;Container;Genetic Algorithm","Costs;Heuristic algorithms;Microservice architectures;Quality of service;Containers;Servers;Internet of Things","","4","","13","IEEE","22 Jun 2023","24-26 May 2023","24-26 May 2023","IEEE","IEEE Conferences"
"NOVAAS: A Reference Implementation of Industrie4.0 Asset Administration Shell with best-of-breed practices from IT engineering","G. di Orio; P. Maló; J. Barata","Departamento de Engenharia Electrotécnica, FCT-UNL, UNINOVA, Caparica, Portugal; Departamento de Engenharia Electrotécnica, FCT-UNL, UNINOVA, Caparica, Portugal; Departamento de Engenharia Electrotécnica, FCT-UNL, UNINOVA, Caparica, Portugal",IECON 2019 - 45th Annual Conference of the IEEE Industrial Electronics Society,"9 Dec 2019","2019","1","","5505","5512","The fundamental role played by “new technologies” to enhance the manufacturing infrastructure, products and services is confirmed by the strategies, roadmaps and initiatives established by the developed countries such as EU-28, US, China and Japan. Putting the light on Europe, the key priorities for manufacturing are aligned with the Industry 4.0 strategy/program where the proliferation of cyber-physical systems (CPSs) and technologies like predictive data analytics, cloud and edge computing are creating the foundation for smart factory, i.e. the efficient and effective connection between products, processes and their related services. However, even if the smart factory vision is quite clear, in practice, it is still unclear how it can be implemented in a way to allow the transparent data exchange between all the layers of a manufacturing company, as well as, between the manufacturing company and the value chain partners. Within the German Industrie4.0 program, the Asset Administration Shell concept is defined to create a standardized digital representation of the asset while ensuring interoperability between all the applications within the manufacturing ecosystem. In this paper, an implementation of the asset administration shell is provided - also called NOVAAS - based on the deep usage of internet technologies, languages and software engineering techniques and methods (such as DevOps, microservices, continuous integration, etc.). The main goal is to contribute towards a generic and extensible reference implementation of the concept.","2577-1647","978-1-7281-4878-6","10.1109/IECON.2019.8927081","","https://ieeexplore.ieee.org/stamp/stamp.jsp?arnumber=8927081","Cyber-physical systems;Industry 4.0;RAMI 4.0;Asset administration shell;interoperability","Manufacturing;Industries;Companies;Interoperability;Sensors;Monitoring;Data mining","","33","","39","IEEE","9 Dec 2019","14-17 Oct. 2019","14-17 Oct. 2019","IEEE","IEEE Conferences"
"A Brief History of Liquid Software","C. Pautasso","Software Institute – USI, Lugano, Switzerland",2023 IEEE International Conference on Edge Computing and Communications (EDGE),"1 Sep 2023","2023","","","354","363","The concept of liquid software, i.e., software with flexible deployment, over the past two decades has appeared in the fields of edge computing, Internet of Things (IoT), Human-Computer Interaction, DevOps and Web engineering. In this paper, we survey, compare, and provide a comprehensive definition of liquid software by analyzing how the metaphor has been used in existing literature and identifying gaps and inconsistencies in the current vs. past understanding of the concept. Overall, liquid software can be seamlessly deployed and redeployed within a dynamic and distributed runtime environment in response to changes applied to the set of available devices and to the software itself. Liquid software has been introduced in the context of active networks and intelligent environments, it has been applied to describe the user interaction with multi and cross-device user interfaces, it has found a promising foundation in Web technology, continuous software delivery pipelines, as well as isomorphic software architectures running across the IoT, edge and Cloud continuum.","2767-9918","979-8-3503-0483-1","10.1109/EDGE60047.2023.00058","","https://ieeexplore.ieee.org/stamp/stamp.jsp?arnumber=10234252","Liquid Software;Software Deployment;Isomorphic Software Architecture;Continuum;Liquid User Experience;Multi-Device User Interface;Cross-Device User Interface","Surveys;Runtime environment;Privacy;Liquids;Software architecture;Software;Internet of Things","","2","","79","IEEE","1 Sep 2023","2-8 July 2023","2-8 July 2023","IEEE","IEEE Conferences"
"RainCloud: Decentralized Coordination and Communication in Heterogeneous IoT Swarms","F. Loisel; G. Zeqo; A. Morichetta; A. Lackinger; S. Dustdar","DSG@TU Wien, AUXO GmbH; DSG@TU Wien, AUXO GmbH; Distributed Systems Group, TU Wien; Distributed Systems Group, TU Wien; Distributed Systems Group, TU Wien",2024 International Symposium on Parallel Computing and Distributed Systems (PCDS),"11 Nov 2024","2024","","","1","10","The increasing volume and complexity of IoT systems demand a transition from the cloud-centric model to a decentralized IoT architecture in the so called Computing Continuum, with no or minimal reliance on central servers. This paradigm shift, however, raises novel research concerns for decentralized coordination, calling for accurate policies. However, building such strategies is not trivial. Our work aims to relieve the DevOps engineers from this concern and propose a solution for autonomous, decentralized task allocation at runtime for IoT systems. To this end, we present a semantic communication approach and an ad-hoc lightweight coordination strategy based on Ant Colony Optimization (ACO). We compare the ACO strategy with Random Search and Gossip protocol-based algorithms. We conduct accurate experiments with up to a hundred nodes in both a static and a dynamic environment, i.e., with device outages. We show that ACO finds a matching node with the smallest hops and messages sent. While the Gossip strategy can allocate the most tasks successfully, ACO scales better, thus being a promising candidate for decentralized task coordination in IoT clusters.","","979-8-3503-4965-8","10.1109/PCDS61776.2024.10743766","","https://ieeexplore.ieee.org/stamp/stamp.jsp?arnumber=10743766","Decentralized IoT;Ant-Colony Optimization;Decentralized Coordination;Communication;IoT Computing","Ant colony optimization;Solid modeling;Accuracy;Runtime;Rain;Clouds;Metaheuristics;Parallel processing;Servers;Resource management","","","","32","IEEE","11 Nov 2024","21-22 Sept. 2024","21-22 Sept. 2024","IEEE","IEEE Conferences"
"Online Power Consumption Estimation for Functions in Cloud Applications","N. Schmitt; L. Iffländer; A. Bauer; S. Kounev","Chair of Software Engineering, University of Würzburg, Würzburg, Germany; Chair of Software Engineering, University of Würzburg, Würzburg, Germany; Chair of Software Engineering, University of Würzburg, Würzburg, Germany; Chair of Software Engineering, University of Würzburg, Würzburg, Germany",2019 IEEE International Conference on Autonomic Computing (ICAC),"12 Sep 2019","2019","","","63","72","The growth of cloud services leads to more and more data centers that are increasingly larger and consume considerable amounts of power. To increase energy efficiency, informed decisions on workload placement and provisioning are essential. Micro-services and the upcoming serverless platforms with more granular deployment options exacerbate this problem. For this reason, knowing the power consumption of the deployed application becomes crucial, providing the necessary information for autonomous decision making. However, the actual power draw of a server running a specific application under load is not available without specialized measurement equipment or power consumption models. Yet, granularity is often only down to machine level and not application level. In this paper, we propose a monitoring and modeling approach to estimate power consumption on an application function level. The model uses performance counters that are allocated to specific functions to assess their impact on the total power consumption. Hence our model applies to a large variety of servers and for micro-service and serverless workloads. Our model uses an additional correction to minimize falsely allocated performance counters and increase accuracy. We validate the proposed approach on real hardware with a dedicated benchmarking application. The evaluation shows that our approach can be used to monitor application power consumption down to the function level with high accuracy for reliable workload provisioning and placement decisions.","2474-0756","978-1-7281-2411-7","10.1109/ICAC.2019.00018","","https://ieeexplore.ieee.org/stamp/stamp.jsp?arnumber=8831214","Energy efficiency, serverless, micro-services, code offloading, DevOps","Power demand;Data centers;Power measurement;Load modeling;Monitoring;Hardware;Software","","7","","38","IEEE","12 Sep 2019","16-20 June 2019","16-20 June 2019","IEEE","IEEE Conferences"
"On the fading of organizational interfaces in the era of Internet-of-Things","F. Lustenberger",Helmut Fischer AG,IEEE Engineering Management Review,"7 Apr 2016","2016","44","1","14","15","THE previous article discussed the adaptation from a Greek temple structure to the tightly packed atomic structure, when tackling the organizational issues related to the transformation of a (hardware) product centric company to the business-driven entity. It turned out that tight interaction is necessary if fast- evolving data-driven business services or software products are to be developed and marketed. Therefore, it might be interesting to investigate a unique approach nowadays often used in the software world: DevOps, a term first forged by Andrew Clay Shafer and Patrick Debois at the Agile 2008 conference [1].","1937-4178","","10.1109/EMR.2016.2530642","","https://ieeexplore.ieee.org/stamp/stamp.jsp?arnumber=7448777","","Agile software development;Internet of things;Organizational aspects;Product life cycle management","","2","","","IEEE","7 Apr 2016","First Quarter 2016","","IEEE","IEEE Journals"
"A 88.6%-Efficient Multi-Input Capacitive-Based Energy Combiner with Adaptive Path Control for WSN-IoT Applications","T. I. V. Arboleda; K. L. P. Laure; M. M. C. Diangco; J. A. Hora; X. Zhu","Department of Electronics Engineering, Microelectronics Laboratory, Mindanao State University–Iligan Institute of Technology, Iligan City, Philippines; Department of Electronics Engineering, Microelectronics Laboratory, Mindanao State University–Iligan Institute of Technology, Iligan City, Philippines; Department of Electronics Engineering, Microelectronics Laboratory, Mindanao State University–Iligan Institute of Technology, Iligan City, Philippines; Center for Integrated Circuits Design (CICD-Microlab), Mindanao State University–Iligan Institute of Technology, Iligan City, Philippines; University of Technology, Sydney, NSW, Australia",2024 IEEE Asia Pacific Conference on Circuits and Systems (APCCAS),"27 Dec 2024","2024","","","749","753","This work introduces the integration of an adaptive path control within a capacitive-based energy combiner for Wireless Sensor Nodes (WSN) in Internet-of-Things (IoT) applications. This scheme detects available input transducers and optimally routes energy to the combiner, addressing the reduced efficiency usually observed in conventional approaches. This scheme has been shown to remain effective even when one or two of the sources is/are weak or unavailable, resulting in highly consistent combining efficiency regardless of the number and placement of sources and minimizing power loss within the circuit. Simulation results showed an average PCE of 99.4% for single sources, 88.4% for dual sources, and 81.8% for triple sources. This work is implemented using $\mathbf{6 5 n m}$ process technology and occupies a total chip area of $0.077 \mathrm{~mm}^{2}$, integrating components such as comparators, voltage reference, frequency divider, clock generator, digital control unit, and the combiner core. Furthermore, this work achieves a peak output power ($\mathrm{P}_{\text {out }}$) of up to $260.7 \mu \mathrm{~W}$.","2768-3516","979-8-3503-7877-1","10.1109/APCCAS62602.2024.10808926","Research and Development; ","https://ieeexplore.ieee.org/stamp/stamp.jsp?arnumber=10808926","path control;high efficiency;energy combiner;internet-of-things;wireless sensor nodes","Wireless communication;Wireless sensor networks;Adaptive systems;Transducers;Simulation;Frequency conversion;Generators;Voltage control;Frequency control;Clocks","","1","","24","IEEE","27 Dec 2024","7-9 Nov. 2024","7-9 Nov. 2024","IEEE","IEEE Conferences"
"Leveraging AI and MLOps for IoT-Edge-Cloud Industrial Digital Twins: a Practical Case Study","M. A. Farooq; P. Bellavista; A. Bujari; A. Sita","Department of Computer Science and Engineering, University of Bologna, Italy; Department of Computer Science and Engineering, University of Bologna, Italy; Department of Computer Science and Engineering, University of Bologna, Italy; Marposs S.p.A, Italy",2025 IEEE Conference on Standards for Communications and Networking (CSCN),"14 Nov 2025","2025","","","1","6","Artificial Intelligence (AI) and Machine Learning Operations (MLOps) are crucial for the practical application of Digital Twins (DT) in industrial environments. DT facilitate enhanced modelling, forecasting, and optimisation of assets and processes, while MLOps ensure resilient, reliable, and continuously updated models. This paper proposes an industrial-grade DT example for the manufacturing industry, utilising cloud/edge-based AI technologies from the Microsoft Azure ecosystem. Data handling and ML model training are performed at the cloud layer, while models are deployed and maintained at the edge. To enhance interoperability and portability, trained ML models are converted into lightweight and portable models using the Open Neural Network Exchange format (ONNX) standard. Continuous Integration and Continuous Deployment (CI/CD) are performed on an industrial edge device using GitHub Actions. REST APIs are implemented using standard HTTP methods to manage the IoT Central edge manifest. In-the-field experimental results demonstrate the effectiveness of our DT prototype in a specific industrial use case.","2644-3252","979-8-3315-5495-8","10.1109/CSCN67557.2025.11230711","","https://ieeexplore.ieee.org/stamp/stamp.jsp?arnumber=11230711","Digital Twin;AutoML;Industry 4.0;IoT-edge-cloud Continuum;MLOps;CI/CD;ONNX;ML","Performance evaluation;Training;Biological system modeling;Prototypes;Predictive models;Data models;Digital twins;Reliability;Standards;Optimization","","","","30","IEEE","14 Nov 2025","15-17 Sept. 2025","15-17 Sept. 2025","IEEE","IEEE Conferences"
"Zero Loss Active Rectifier with Op-Amp for Piezoelectric Acoustic Energy Harvesting Applications in 22nm FDSOI Technology","G. M. M. J. Ramos; J. A. Hora; X. Zhu","Center for Integrated Circuits Design (CICD-Microlab) Mindanao State University-Iligan Institute of Technology, Iligan City, Philippines; University of Technology Sydney, NSW, Australia; University of Technology Sydney, NSW, Australia",2024 23rd International Symposium on Communications and Information Technologies (ISCIT),"18 Dec 2024","2024","","","192","197","Comparator-based active rectifier is often used in piezoelectric energy harvesting applications. However, it has mismatch problems and leakage current or oscillation that degrades its power conversation efficiency (PCE). This paper proposes a new active rectifier that is based on an Op-amp operational amplifier to address these issues. The proposed operational amplifier in the active rectifier for piezoelectric acoustic energy harvesting applications operates as a comparator but there is no oscillation or leakage current compared to the comparator as active diodes. The rectifier is designed in 22nm FDSOI technology. Simulation shows that the novel active rectifier attains a maximum power efficiency of 94.1% at 1.2V peak-to-peak AC input voltage amplitude and 300Ω loading resistor and an output voltage of 1.18V. The rectifier achieves full chip integration without the need for any external components.","2643-6175","979-8-3503-5395-2","10.1109/ISCIT63075.2024.10793666","","https://ieeexplore.ieee.org/stamp/stamp.jsp?arnumber=10793666","Operational amplifier as active-diode;Active Rectifiers;piezoelectric acoustic energy harvesting;22nm FD-SOI;AC-DC Converter","Operational amplifiers;Resistors;Rectifiers;Silicon-on-insulator;Voltage;Oral communication;Acoustics;Energy harvesting;Leakage currents;Oscillators","","2","","42","IEEE","18 Dec 2024","23-25 Sept. 2024","23-25 Sept. 2024","IEEE","IEEE Conferences"
"AI-Driven Predictive Patient Monitoring System Using Kubeflow and CI/CD Enabled MLOps Framework","D. Sundaram","Independent Researcher, USA",2025 International Conference on Computer and Applications (ICCA),"17 Mar 2026","2025","","","1","6","Continuous and intelligent patient monitoring is essential for improving clinical outcomes and preventing avoidable deterioration in hospitals and remote care environments. Traditional systems rely on static thresholds and manual review, often missing subtle changes in patient status and contributing to alarm fatigue. This paper presents an AI-driven predictive monitoring system that integrates real-time physiological data streams with a Kubeflow-based MLOps pipeline and a fully automated CI/CD workflow. The system continuously learns from patient-specific baselines and adapts to evolving clinical patterns through automated retraining, validation, and deployment. By combining personalized risk modeling, scalable cloud-native architecture, and explainable AI, the proposed solution enhances early-warning capabilities and supports timely decision-making across ICU, chronic-care, and remote-monitoring scenarios.","","979-8-3315-9953-9","10.1109/ICCA66035.2025.11430793","","https://ieeexplore.ieee.org/stamp/stamp.jsp?arnumber=11430793","Predictive monitoring;patient deterioration;Kubeflow;MLOps;CI/CD;real-time analytics;deep learning;explainable AI;IoT healthcare;clinical decision support","Deep learning;Patient monitoring;Hospitals;Explainable AI;Reviews;Pipelines;Manuals;Predictive models;Real-time systems;Maintenance","","","","14","IEEE","17 Mar 2026","22-24 Dec. 2025","22-24 Dec. 2025","IEEE","IEEE Conferences"
"Design and Comparison of Enhanced P&O and FOCV-Based MPPT for Indoor Light Energy Harvesting in 65 NM CMOS Process","R. M. Sabarillo; Q. P. S. Patulin; L. M. M. Mamburao; W. K. V. Pitogo","Center for Integrated Circuits Design (CICD), Mindanao State University - Institute of Technology Iligan City, Iligan, Philippines; Center for Integrated Circuits Design (CICD), Mindanao State University - Institute of Technology Iligan City, Iligan, Philippines; Center for Integrated Circuits Design (CICD), Mindanao State University - Institute of Technology Iligan City, Iligan, Philippines; Center for Integrated Circuits Design (CICD), Mindanao State University - Institute of Technology Iligan City, Iligan, Philippines",TENCON 2025 - 2025 IEEE Region 10 Conference (TENCON),"18 Feb 2026","2025","","","1648","1652","This paper presents a comparative study of two maximum power point tracking (MPPT) algorithms-Enhanced Perturb and Observe (P&O) and Fractional Open-Circuit Voltage (FOCV)-targeted for indoor photovoltaic (PV) energy harvesting applications. Both designs were implemented using the 65 nm CMOS process in Cadence Virtuoso and integrated with a boost converter to ensure efficient energy transfer under low-light conditions. The evaluation focuses on key performance metrics including output voltage, settling time, ripple voltage, boost accuracy, and power consumption. Simulation results show that both algorithms achieve comparable performance in terms of output voltage stability and ripple control, with post-simulation ripple voltages of 0.622 % for Enhanced $\mathrm{P} \& \mathrm{O}$ and 0.641 % for FOCV, and boost accuracies above 99 % for both. However, Enhanced P&O clearly outperforms FOCV in terms of settling time, achieving $370 \mu ~\mathrm{s}$ compared to $810 \mu ~\mathrm{s}$, making it more suitable for applications requiring dynamic adaptation and fasttracking response. On the other hand, while FOCV demonstrates slightly higher power consumption and slower response, it offers lower circuit complexity and simplified control implementation due to the absence of current sensing and a feedback loop. These trade-offs highlight the strengths of each technique depending on application-specific constraints.","2159-3450","979-8-3315-3772-2","10.1109/TENCON66050.2025.11375001","","https://ieeexplore.ieee.org/stamp/stamp.jsp?arnumber=11375001","MPPT;energy harvesting systems;fractional open-circuit voltage;perturb and observe;PV cells","Maximum power point trackers;Accuracy;Power demand;Simulation;Layout;CMOS process;Stability analysis;Steady-state;Energy harvesting;Voltage control","","","","6","IEEE","18 Feb 2026","27-30 Oct. 2025","27-30 Oct. 2025","IEEE","IEEE Conferences"
"A Generic Method to Rapidly Release Internet Services on Commercial Platforms","X. Zhou; Z. Feng; J. Xiao; S. Chen; X. Xue; H. Wu","College of Intelligence and Computing, Tianjin University, Tianjin, China; College of Intelligence and Computing, Tianjin University, Tianjin, China; College of Intelligence and Computing, Tianjin University, Tianjin, China; College of Intelligence and Computing, Tianjin University, Tianjin, China; College of Intelligence and Computing, Tianjin University, Tianjin, China; College of Intelligence and Computing, Tianjin University, Tianjin, China",2021 IEEE International Conference on Web Services (ICWS),"11 Nov 2021","2021","","","364","371","The prosperous development of Internet services such as O2O, IoT, and Web API has brought new vitality to service commercial platforms. However, these services involve online and offline business, which are widely diverse without a unified design and development standard. In addition, Internet services update frequently, which leads to repeat releases on commercial platforms. Therefore, in this paper, we present a generic method to rapidly release Internet services on commercial platforms. The method uses a highly abstract metamodel to express service business extensively and realizes service functions by executing metamodel objects. This method has wide versatility. Meanwhile, it extends the DevOps theory to solve the frequent changes of service functions during use after the release. Finally, we verified the usability of this method in the elderly healthcare domain.","","978-1-6654-1681-8","10.1109/ICWS53863.2021.00055","National Natural Science Foundation of China(grant numbers:62032016,61832014,61972276); ","https://ieeexplore.ieee.org/stamp/stamp.jsp?arnumber=9590282","Internet service;commercial platform;DevOps;service release;metamodel;elderly healthcare","Automation;Supply and demand;Web and internet services;Senior citizens;Medical services;Tools;Internet of Things","","3","","16","IEEE","11 Nov 2021","5-10 Sept. 2021","5-10 Sept. 2021","IEEE","IEEE Conferences"
"Lemons: Leveraging Model-Based Techniques to Enable Non-Intrusive Semantic Enrichment in Wireless Sensor Networks","J. Novacek; A. Kühlwein; S. Reiter; A. Viehl; O. Bringmann; W. Rosenstiel","FZI Research Center for Information Technology, Karlsruhe; FZI Research Center for Information Technology, Karlsruhe, India; FZI Research Center for Information Technology, Karlsruhe; FZI Research Center for Information Technology, Karlsruhe; FZI Research Center for Information Technology, Karlsruhe; FZI Research Center for Information Technology, Karlsruhe",2020 46th Euromicro Conference on Software Engineering and Advanced Applications (SEAA),"16 Oct 2020","2020","","","561","568","The paper presents an efficient approach to the semantic enrichment of measured sensor data in Wireless Sensor Networks (WSNs), by bridging techniques from Model-driven Software Development (MDSD) and Semantic Web Technology (SWT). Our approach reinforces data interoperability, fostering data sharing and reuse, by utilizing SWT. Model-based and type-agnostic configuration reduces the overall effort for WSN setup and maintenance, which are traditionally complex and time-consuming tasks. The presented approach addresses the problem of large-scale WSN management through the application of SWT in WSN configuration and management without requiring expert knowledge. Additionally, we present a generic architecture and an implementation which is also supplemented by hands-on descriptions of an illustrative use case. Our experimental results demonstrate that our model-based approach provides non-intrusive semantic enrichment with sub-millisecond computational overhead, as well as partially automated configuration of WSNs.","","978-1-7281-9532-2","10.1109/SEAA51224.2020.00092","","https://ieeexplore.ieee.org/stamp/stamp.jsp?arnumber=9226280","Internet of Things;Semantic Web of Things;Wireless Sensor Networks;Knowledge-based Engineering;Model-Driven Software Development;DevOps","Wireless sensor networks;Semantics;Ontologies;Software;Data models;Robot sensing systems;OWL","","3","","31","IEEE","16 Oct 2020","26-28 Aug. 2020","26-28 Aug. 2020","IEEE","IEEE Conferences"
"Applying Artificial Intelligence to DevOps: A Study on AI-Driven Anomaly Detection and Predictive Maintenance in Cloud Environments","A. Patel; R. Laudya; H. Ragothaman; P. Pandey","NA; NA; Advanced Micro Devices, Inc (AMD); Tiffany & Co.","2025 1st International Conference on Secure IoT, Assured and Trusted Computing (SATC)","4 Sep 2025","2025","","","1","8","This research focuses on adopting AI as an innovative technology in the DevOps framework for detecting anomalies and implementing predictive maintenance in compute clouds. The use of DevOps in cloud computing has become popular due to the new complexities that need to be effectively dealt with by prior forms of DevOps. AI’s automated way can detect anomalies, explore the possibility of System Failure, and prevent them from happening with the help of such technology. This research aims to analyze the main options for enhancing DevOps employing AI and consider the effectiveness of AI solutions in cloud environments. In some areas, such as anomaly detection and predictive maintenance, ensuring the key aims are defined and quantifiable in the evaluation metric data will be essential. The major measures are accuracy, the measure of precision, and the measure of recall and F1 measure.","","979-8-3315-1420-4","10.1109/SATC65530.2025.11137316","","https://ieeexplore.ieee.org/stamp/stamp.jsp?arnumber=11137316","DevOps;Anomaly Detection;AI Integration;Workflow Automation;Artificial Intelligence","Measurement;Cloud computing;Trusted computing;DevOps;Automation;Accuracy;Complexity theory;Artificial intelligence;Anomaly detection;Predictive maintenance","","1","","17","IEEE","4 Sep 2025","25-27 Feb. 2025","25-27 Feb. 2025","IEEE","IEEE Conferences"
"Keynote Speech 1 : AI For 4ir: Sofware Engineering Challenges","S. B. Sahibuddin","Universiti Teknologi Malaysia, Kuala Lumpur, Malaysia",2019 2nd International Conference of Computer and Informatics Engineering (IC2IE),"27 Dec 2019","2019","","","1","1","Artificial intelligence (AI) is gaining a strong foothold across numerous applications, lowering the barriers to the use and availability of data. The development of AI cannot be separated from the Industrial Revolution 4.0. AI itself is the senses cognitive and machine learning process in problem- solving. AI systems modeled after the way that human brains operate; taking in information and activating neurons that themselves are not smart, but combine to create probabilistic models that mimic our pattern-recognizing intelligence. Considering this notion of similarity, it subsequently seems abundantly evident that problems facing human-created artificial intelligence will be those that plague human intelligence. The Cyber-Physical System (CPS), together with the Internet of Things, Big Data, Cloud Computing, and Industrial Wireless Networks, are the core technologies related to Industry 4.0. It is crucial to identify the specificities of AI software in software engineering to cope with the Industrial Revolution 4.0. The software used in AI-related with industrial revolution 4.0 needs to follow the rules of software engineering as the AI used is a part of the application used in industrial revolutions 4.0. The challenges in the software related AI can be solved using the PDCA approach, SDLC model, and DevOps practices.","","978-1-7281-2384-4","10.1109/IC2IE47452.2019.8940877","","https://ieeexplore.ieee.org/stamp/stamp.jsp?arnumber=8940877","","Artificial intelligence;Software;Software engineering;Brain modeling;Wireless networks;Probabilistic logic;Neurons","","","","","IEEE","27 Dec 2019","10-11 Sept. 2019","10-11 Sept. 2019","IEEE","IEEE Conferences"
"Rider Optimization based Optimized Deep-CNN towards Attack Detection in IoT","S. K. Sarma","Working for UST global, Technopark, Trivandrum",2020 4th International Conference on Intelligent Computing and Control Systems (ICICCS),"19 Jun 2020","2020","","","163","169","More researchers have made efforts on introducing various models for IoT security frameworks, however, no single IoT framework could assure the optimal security in opposition to varied kinds of attacks. Thereby, this paper intends to propose a new attack detection system by interlinking the Development and Operations (DevOps) concept. The proposed attack detection system involves two stages: Proposed Feature Extraction and Classification. In the first stage, the concatenation of statistical and higher-order statistical features is extracted. These extracted features are then subjected to Deep Convolutional Neural Network (CNN) based classification to identify the attacks in the network. To improve the classification accuracy, the convolution layers in DCNN are optimally tuned using Rider Optimization Algorithm (ROA). Finally, analysis is carried out for validating the betterment of the adopted scheme.","","978-1-7281-4876-2","10.1109/ICICCS48265.2020.9121042","","https://ieeexplore.ieee.org/stamp/stamp.jsp?arnumber=9121042","IoT;Attack Detection;Proposed Feature Extraction;Classification;ROA model","Analytical models;Convolution;Computational modeling;Feature extraction;Control systems;Classification algorithms;Security","","1","","21","IEEE","19 Jun 2020","13-15 May 2020","13-15 May 2020","IEEE","IEEE Conferences"
"Continuous Integration for Electronic Products–Enabled by Digital Twins","C. Wolff; P. Schulz; J. Rettkowski; N. Sleibi; S. Trimech; C. Hensen","Fachhochschule Dortmund IDiAL Sonnenstr. 96; HAW Hamburg Berliner Tor 7, Hamburg; Fachhochschule Dortmund IDiAL Sonnenstr. 96; Fachhochschule Dortmund IDiAL Sonnenstr. 96; Fachhochschule Dortmund IDiAL Sonnenstr. 96; CP contech electronic GmbH Westring 31a, Leopoldshöhe",2025 IEEE 13th International Conference on Intelligent Data Acquisition and Advanced Computing Systems: Technology and Applications (IDAACS),"13 Jan 2026","2025","","","1","7","The need for frequent new features, bug fixes and updates has led to the development of the continuous integration/continuous deployment (CI/CD) paradigm in software production. For embedded systems, this transformation is inhibited mainly by the constraints of electronics manufacturing, both in prototyping and in production and delivery of the final product. Nevertheless, the agile transformation of the embedded systems market requires a more flexible and continuous integration of new features while the growing complexity leads to more frequent bug fixes. The main inhibiting factor is the high effort and turn-around time (TAT) for changes of the hardware of the product or the production systems. This contribution presents the concept of a CI engineering chain and design flow for electronic products based on the adaptation of the concept of the digital twin. This concept connects the model-based systems engineering (MBSE) approaches used in the frontend of the engineering chain (development, verification) with the established concept of the digital twin in the backend of the chain (production, product test, logistics, deployment) by enhancing the structural system descriptions contained in “classical” digital twins with the functional models used in MBSE. The concept is illustrated by mapping it to the case of an electronics manufacturing service (EMS) provider.","2770-4254","979-8-3315-8045-2","10.1109/IDAACS68557.2025.11322082","","https://ieeexplore.ieee.org/stamp/stamp.jsp?arnumber=11322082","CI/CD;DevOps;Electronic Manufacturing;Digital Twin","Production systems;Embedded systems;Computer bugs;Continuous integration;Software;Hardware;Digital twins;Manufacturing;Consumer electronics;Logistics","","","","21","IEEE","13 Jan 2026","4-6 Sept. 2025","4-6 Sept. 2025","IEEE","IEEE Conferences"
"The Automotive Take on Continuous Experimentation: A Multiple Case Study","F. Giaimo; H. Andrade; C. Berger","Chalmers| University of Gothenburg, Gothenburg, Sweden; Chalmers| University of Gothenburg, Gothenburg, Sweden; University of Gothenburg, Gothenburg, Sweden",2019 45th Euromicro Conference on Software Engineering and Advanced Applications (SEAA),"21 Nov 2019","2019","","","126","130","Recently, an increasingly growing number of companies is focusing on achieving self-driving systems towards SAE level 3 and higher. Such systems will have much more complex capabilities than today's advanced driver assistance systems (ADAS) like adaptive cruise control and lane-keeping assistance. For complex software systems in the Web-application domain, the logical successor for Continuous Integration and Deployment (CI/CD) is known as Continuous Experimentation (CE), where product owners jointly with engineers systematically run A/B experiments on possible new features to get quantifiable data about a feature's adoption from the users. While this methodology is increasingly adopted in software-intensive companies, our study is set out to explore advantages and challenges when applying CE during the development and roll-out of functionalities required for self-driving vehicles. This paper reports about the design and results from a multiple case study that was conducted at four companies including two automotive OEMs with a long history of developing vehicles, a Tier-1 supplier, and a start-up company within the area of automated driving systems. Unanimously, all expect higher quality and fast roll-out cycles to the fleet; as major challenges, however, safety concerns next to organizational structures are mentioned.","","978-1-7281-3421-5","10.1109/SEAA.2019.00028","","https://ieeexplore.ieee.org/stamp/stamp.jsp?arnumber=8906771","Continuous Experimentation;Automotive;Cyber Physical Systems;Autonomous Driving","Companies;Software;Automotive engineering;Conferences;Safety;Industries;Autonomous vehicles","","9","","13","IEEE","21 Nov 2019","28-30 Aug. 2019","28-30 Aug. 2019","IEEE","IEEE Conferences"
"Multi-Grained Trace Collection, Analysis, and Management of Diverse Container Images","Z. Huang; Q. Zhang; H. Fan; S. Wu; C. Yu; H. Jin; J. Deng; J. Gu; Z. Tang","National Engineering Research Center for Big Data Technology and System, Services Computing Technology and System Lab, Cluster and Grid Computing Lab, School of Computer Science and Technology, Huazhong University of Science and Technology, Wuhan, China; National Engineering Research Center for Big Data Technology and System, Services Computing Technology and System Lab, Cluster and Grid Computing Lab, School of Computer Science and Technology, Huazhong University of Science and Technology, Wuhan, China; National Engineering Research Center for Big Data Technology and System, Services Computing Technology and System Lab, Cluster and Grid Computing Lab, School of Computer Science and Technology, Huazhong University of Science and Technology, Wuhan, China; National Engineering Research Center for Big Data Technology and System, Services Computing Technology and System Lab, Cluster and Grid Computing Lab, School of Computer Science and Technology, Huazhong University of Science and Technology, Wuhan, China; National Engineering Research Center for Big Data Technology and System, Services Computing Technology and System Lab, Cluster and Grid Computing Lab, School of Computer Science and Technology, Huazhong University of Science and Technology, Wuhan, China; National Engineering Research Center for Big Data Technology and System, Services Computing Technology and System Lab, Cluster and Grid Computing Lab, School of Computer Science and Technology, Huazhong University of Science and Technology, Wuhan, China; Alibaba Group, Hangzhou, China; Alibaba Group, Hangzhou, China; Alibaba Group, Hangzhou, China",IEEE Transactions on Computers,"10 Jun 2024","2024","73","7","1698","1710","Container technology is getting popular in cloud environments due to its lightweight feature and convenient deployment. The container registry plays a critical role in container-based clouds, as many container startups involve downloading layer-structured container images from a container registry. However, the container registry is struggling to efficiently manage images (i.e., transfer and store) with the emergence of diverse services and new image formats. The reason is that the container registry manages images uniformly at layer granularity. On the one hand, such uniform layer-level management probably cannot fit the various requirements of different kinds of containerized services well. On the other hand, new image formats organizing data in blocks or files cannot benefit from such uniform layer-level image management. In this paper, we perform the first analysis of image traces at multiple granularities (i.e., image-, layer-, and file-level) for various services and provide an in-depth comparison of different image formats. The traces are collected from a production-level container registry, amounting to 24 million requests and involving more than 184 TB of transferred data. We provide a number of valuable insights, including request patterns of services, file-level access patterns, and bottlenecks associated with different image formats. Based on these insights, we also propose two optimizations to improve image transfer and application deployment.","1557-9956","","10.1109/TC.2024.3383966","National Key Research and Development Program of China(grant numbers:2022YFB4500704); National Science Foundation of China(grant numbers:62032008,62232012,62202196); ","https://ieeexplore.ieee.org/stamp/stamp.jsp?arnumber=10494783","Container image;on-demand image;cache;prefetch","Containers;Prefetching;DevOps;Optimization;Peer-to-peer computing;Internet of Things;Fans","","4","","37","CCBYNCND","8 Apr 2024","July 2024","","IEEE","IEEE Journals"
"IoT Apiary Fleet Management with Jenkins","C. Campell; J. Graber; R. Tashakkori; W. O’Brien","Appalachian State University, Boone, United States of America; Appalachian State University, Boone, United States of America; Appalachian State University, Boone, United States of America; Appalachian State University, Boone, United States of America","2022 IEEE 13th Annual Ubiquitous Computing, Electronics & Mobile Communication Conference (UEMCON)","1 Dec 2022","2022","","","0328","0335","In recent years, a large number of honey bee colonies have collapsed due to various causes including Varroa Mites. Computerized honey bee monitoring systems have gained significant attention as part of the efforts by scientists and beekeepers to both learn more about the bee’s behavior, and to determine their health. AppMAIS was funded in 2021 by the North Carolina General Assembly to obtain audio and video recordings as well as humidity, temperature, and weight data from 30 hives in Western North Carolina. In addition to this data, the project also collects genetic data from these hives in order to determine their genetic diversity. The monitoring system for this project is called Beemon which has been actively developed in the Department of Computer Science for the past eight years. Managing Beemon at all 30 hive locations while keeping up with software updates was a tedious task which needed to be significantly improved. We utilized Jenkins for this purpose. This paper provides details regarding how we manage software updates on the AppMAIS beehives.","","978-1-6654-9299-7","10.1109/UEMCON54665.2022.9965635","Appalachian State University; ","https://ieeexplore.ieee.org/stamp/stamp.jsp?arnumber=9965635","apiology;informatics;IoT;Jenkins;CI/CD","Performance evaluation;Temperature distribution;Pipelines;Process control;Genetics;Software;Internet of Things","","2","","30","IEEE","1 Dec 2022","26-29 Oct. 2022","26-29 Oct. 2022","IEEE","IEEE Conferences"
"Security-Integrated DevOps Pipeline System with Context-Aware Hybrid Stimulation Engine for Continuous Software Assurance","S. Kurapati; V. R; A. K. Bhardwaj; S. R K; P. Anugula","Governor's State University, USA; Department of Artificial Intelligence and Data Science, Nitte Meenakshi Institute of Technology, Nitte (Deemed to be University), Bengaluru, India; Truist Bank, Atlanta, GA, USA; Department of Information Science and Engineering, Dayananda Sagar Academy of Technology and Management, Bengaluru, India; Truist Bank, Atlanta, GA, USA","2025 2nd International Conference on Software, Systems and Information Technology (SSITCON)","22 Jan 2026","2025","","","1","6","Recently, DevOps pipelines have allowed continuous delivery, but treat security as a late-stage checklist by leaving a blind spot for stealthy supply chains that are activated only in specific environments. However, the existing dynamic analysis fails to detect stealthy malicious behaviors. Hence, this study proposes a Context-Aware Hybrid Stimulation Engine (CAHSE) to address this issue by creating realistic conditions that trick hidden malicious code into execution. Initially, the static probe extracts seeds and hotspots using Abstract Syntax Tree (AST)-based scanning and produces a stimulation plan for targeted testing. Then, an environment emulation and sandbox setup recreate realistic external contexts through a per-package Docker sandbox; thus, environmentgated logic runs. Subsequently, guided fuzzing with lightweight concolic exploration synthesizes realistic parameters to unlock the hidden branches and produce execution traces. Furthermore, Reinforcement Learning (RL)-based steering prioritizes promising environmental strategies to focus on computing high-yield tests and provides a shortlist of suspicious runs. Finally, behavioral differential analysis and heuristic rule matching compare the baseline and stimulated runs to generate an explainable detection report. The proposed CAHSE achieved better results than the existing Open-Source Software Supply Chain Attack Robust Detection (OSCAR) in terms of recall $\boldsymbol{(} 0.93$) and $\mathbf{F 1}$-score (0.92) respectively.","","979-8-3315-2623-8","10.1109/SSITCON66133.2025.11342186","","https://ieeexplore.ieee.org/stamp/stamp.jsp?arnumber=11342186","abstract syntax tree-based scanning;behavioural differential analysis;context-aware hybrid stimulation engine;reinforcement learning;security-integrated devops pipeline system","DevOps;Pipelines;Supply chains;Reinforcement learning;Syntactics;Malware;Security;Probes;Engines;Testing","","","","17","IEEE","22 Jan 2026","17-18 Oct. 2025","17-18 Oct. 2025","IEEE","IEEE Conferences"
"Challenges and Opportunities of DevOps in Cyber-Physical Production Systems Engineering","I. Koren; F. Rinker; K. Meixner; J. Matevska; J. Walter","Chair of Process and Data Science, RWTH Aachen University, Aachen, Germany; Christian Doppler Laboratory SQI, Institute of Information Systems Engineering, TU Wien, Vienna, Austria; Christian Doppler Laboratory SQI, Institute of Information Systems Engineering, TU Wien, Vienna, Austria; School of Electrical Engineering and Computer Science, City University of Applied Sciences, Bremen, Germany; Distributed Computing and Communication, OFFIS - Institute for Information Technology, Oldenburg, Germany",2023 IEEE 6th International Conference on Industrial Cyber-Physical Systems (ICPS),"24 May 2023","2023","","","1","6","DevOps is a set of practices that combines software development and operations to enable a continuous software product life cycle to improve the quality of software systems. Although DevOps is considered successful for typical software systems, it has not yet been widelyadopted in the area of - Physlcal Production Systems (CPPSs) that integrate physical components with computer-based control and communication systems. Related to industrial settings, many new challenges arise, like long-term investments, missing flexibility in asset-heavy production environments, and the inherent physicality of hardware. This paper examines the use of the DevOps methodology in the manufacturing domain. It identifies and discusses the unique challenges and describes first solution proposals to overcome those challenges, based on literature and experiences from the industry. The article provides useful guidance to researchers and practitioners on potential pitfalls and exciting opportunities.","2769-3899","979-8-3503-1125-9","10.1109/ICPS58381.2023.10128073","","https://ieeexplore.ieee.org/stamp/stamp.jsp?arnumber=10128073","DevOps;Continuous Integration;Digital Transformation;Cyber-Physical Production Systems Engineering;Research Challenges","Production systems;Data collection;Software systems;Hardware;Safety;Stakeholders;Security","","18","","17","IEEE","24 May 2023","8-11 May 2023","8-11 May 2023","IEEE","IEEE Conferences"
"Model-Based DevOps: Foundations and Challenges","B. Combemale; J. -M. Jézéquel; Q. Perez; D. Vojtisek; N. Jansen; J. Michael; F. Rademacher; B. Rumpe; A. Wortmann; J. Zhang","University of Rennes 1, Rennes, France; University of Rennes 1, Rennes, France; University of Rennes 1, Rennes, France; University of Rennes 1, Rennes, France; Software Engineering, RWTH Aachen University, Aachen, Germany; Software Engineering, RWTH Aachen University, Aachen, Germany; Software Engineering, RWTH Aachen University, Aachen, Germany; Software Engineering, RWTH Aachen University, Aachen, Germany; Institute for Control Engineering of Machine Tools and Manufacturing Units (ISW), University of Stuttgart, Stuttgart, Germany; Institute for Control Engineering of Machine Tools and Manufacturing Units (ISW), University of Stuttgart, Stuttgart, Germany",2023 ACM/IEEE International Conference on Model Driven Engineering Languages and Systems Companion (MODELS-C),"22 Dec 2023","2023","","","429","433","Time-to-market and continuous improvement are key success indicators to deliver for Industry 4.0 Cyber-Physical Systems (CPSs). There is thus a growing interest in adapting DevOps approaches coming from software systems to CPSs. However, CPSs are made not only of software but also of physical parts that need to be monitored at runtime. In this paper, we claim that Model-Driven Engineering can facilitate DevOps for CPSs by automatically connecting a CPS design model to its runtime monitoring, in the form of a digital twin.","","979-8-3503-2498-3","10.1109/MODELS-C59198.2023.00076","","https://ieeexplore.ieee.org/stamp/stamp.jsp?arnumber=10350755","DevOps;digital twins;evolution of engineering models;models at runtime;self-adaptation;model-based software engineering","Adaptation models;Runtime;Software systems;Model driven engineering;Fourth Industrial Revolution;Digital twins;Monitoring","","9","","28","IEEE","22 Dec 2023","1-6 Oct. 2023","1-6 Oct. 2023","IEEE","IEEE Conferences"
"Design Concepts of the ASSIST-IoT Smart Orchestrator for Managing the Realization of NGIoT Systems","A. Fornes-Leal; F. M. Biot; R. Vaño; R. R. Simón; P. Szmeja; I. Lacalle; C. E. Palau","Universitat Politècnica de València, València, Spain; Universitat Politècnica de València, València, Spain; Universitat Politècnica de València, València, Spain; Universitat Politècnica de València, València, Spain; Systems Research Institute, Polish Academy of Sciences, Warsaw, Poland; Universitat Politècnica de València, València, Spain; Universitat Politècnica de València, València, Spain",2023 IEEE 9th World Forum on Internet of Things (WF-IoT),"30 May 2024","2023","","","1","6","This paper presents the design of the ASSIST-IoT's smart orchestrator. This solution aims at controlling the lifecycle of next-generation IoT enablers in distributed, multi-cluster environments, easing the communication of such enablers and increasing the overall network security. The presented high-level architecture is based on three main design concepts: cloud-nativeness, encapsulation, and automation. A preliminary realization of such architecture is described, along with some graphical interfaces specifically developed to manage it. Its practical use has served for validating its expected performance, allowing the instantiation and communication of enablers in Kubernetes-based distributed ecosystems, and has shown some potential areas of improvement: better support to broader number of use cases, optimization of installation procedures considering a unique packaging format, and enabling the integration of DevOps tools for both automated system and enablers' upgrading.","2768-1734","979-8-3503-1161-7","10.1109/WF-IoT58464.2023.10539440","European Union's Horizon 2020 research and innovation program(grant numbers:957258); ","https://ieeexplore.ieee.org/stamp/stamp.jsp?arnumber=10539440","orchestration;NGIoT;virtualization;Kubernetes","Encapsulation;Cloud computing;DevOps;Ecosystems;Microservice architectures;Network security;User experience","","","","13","IEEE","30 May 2024","12-27 Oct. 2023","12-27 Oct. 2023","IEEE","IEEE Conferences"
"A Cloud-Based Real-Time Weather Forecasting Application","Y. Beeharry; T. P. Fowdur; J. A. Sunglee","Department of Electrical and Electronic Engineering, University of Mauritius, Réduit; Department of Electrical and Electronic Engineering, University of Mauritius, Réduit; Department of Electrical and Electronic Engineering, University of Mauritius, Réduit","2019 14th International Conference on Advanced Technologies, Systems and Services in Telecommunications (TELSIKS)","20 Feb 2020","2019","","","294","297","With the advent of Internet of Things (IoT) applications requiring massive streaming data collections, the need for new cloud databases has risen. This work focusses on the implementation of an end-to-end system from real-time data collection to real-time prediction. The storage system is implemented on the International Business Machines (IBM) cloud platform using the Cloudant NoSQL database service. The prediction algorithm is implemented in JAVA using the Devops Insights service together with a web interface and an android mobile application. The system demonstrates rapid real-time prediction when deployed on the IBM cloud platform as well as real-time storage capabilities.","","978-1-7281-0878-0","10.1109/TELSIKS46999.2019.9002327","","https://ieeexplore.ieee.org/stamp/stamp.jsp?arnumber=9002327","Weather prediction;IBM;Cloudant;DevOPs Insights;real-time","Cloud computing;Weather forecasting;Real-time systems;Databases;Prediction algorithms;Business;Mobile applications","","7","","20","IEEE","20 Feb 2020","23-25 Oct. 2019","23-25 Oct. 2019","IEEE","IEEE Conferences"
"Enabling Cyberanalytics using IoT Clusters and Containers","S. A. Kassif Traore; M. Valero; H. Shahriar; L. Zhao; S. Ahamed; A. Lee","Computer Science Department, Kennesaw State University; Information Technology Department, Kennesaw State University; Information Technology Department, Kennesaw State University; Information Technology Department, Kennesaw State University; Computer Science Department, Marquette University; Computer Science Department, Kennesaw State University","2022 IEEE 46th Annual Computers, Software, and Applications Conference (COMPSAC)","10 Aug 2022","2022","","","1798","1803","Many tech stars like Netflix, Amazon, PayPal, eBay, and Twitter are evolving from monolithic to a microservice (containerization) architecture due to the benefits for Agile and DevOps teams. Microservices architecture can be applied to multiple industries, like IoT, using containerization. Since the IoT industry has exponential growth, universities' responsibility is to teach IoT with hands-on labs to minimize the gap between what the students learn and what is on-demand in the job market. There are many approaches in the containerization field, but they can be challenging to use without depth knowledge in virtualization and code encapsulation. After a deep analysis of the containerization challenges, in this paper, we present a cyberinfrastructure based on containers to solve the virtualization and code-encapsulation problems. The cyberinfrastructure will provide the necessary tools for data collection and code development and testing using an IoT Cluster. It is a web-based platform that allows users to securely go into containerization without spending time learning virtualization. Results show that our proposed cyberinfrastructure allows the creation and deployment of microservices in multiple IoT devices and ensures easy data collection for posterior cyberanalysis.","0730-3157","978-1-6654-8810-5","10.1109/COMPSAC54236.2022.00286","","https://ieeexplore.ieee.org/stamp/stamp.jsp?arnumber=9842500","Containerization;web-based cyberinfrastructure;Cyberanalytics;IoT Cluster","Industries;Codes;Microservice architectures;Computer architecture;Containers;Data collection;Internet of Things","","","","10","IEEE","10 Aug 2022","27 June-1 July 2022","27 June-1 July 2022","IEEE","IEEE Conferences"
"Dynamic Integration and Full-Process Automation of Agile R&D Toolchain for Software Factories","L. Zheng; X. Xie; B. Hou; D. Zhang","Institute of Computer Application, China Academy of Engineering Physics, Mianyang, China; Institute of Computer Application, China Academy of Engineering Physics, Mianyang, China; Institute of Computer Application, China Academy of Engineering Physics, Mianyang, China; Institute of Computer Application, China Academy of Engineering Physics, Mianyang, China","2025 7th International Conference on Internet of Things, Automation and Artificial Intelligence (IoTAAI)","29 Oct 2025","2025","","","427","430","As software development methodologies evolve toward Agile and DevOps practices, the demands for automation and efficient collaboration in product development and delivery processes have become increasingly stringent. Traditional R&D toolchains suffer from insufficient integration and severe data silos, which constrain delivery efficiency and quality control in software factories. Against the backdrop of enterprise digital transformation, this paper designs and implements a research and development toolchain integration solution tailored to actual software development scenarios, covering product automated delivery, automated testing, and continuous integration/continuous deployment (CI/CD). Through interface integration, RPA-based automated operations, containerized deployment, and digital model-driven approaches, the solution enables end-to-end connectivity of development data, automated generation of deliverables, closed-loop regression testing, and full-process automation of CI/CD pipelines. Practical applications demonstrate that this solution significantly improves delivery efficiency, traceability of quality issues, and observability of development processes, verifying the engineering application value of R&D toolchain integration.","","979-8-3315-9417-6","10.1109/IoTAAI66837.2025.11213096","","https://ieeexplore.ieee.org/stamp/stamp.jsp?arnumber=11213096","Toolchain Integration;Automated Delivery;Automated Testing;Continuous Integration;Continuous Deployment","Automation;DevOps;Digital transformation;Pipelines;Software;Production facilities;Data models;Observability;Research and development;Testing","","","","8","IEEE","29 Oct 2025","12-14 Sept. 2025","12-14 Sept. 2025","IEEE","IEEE Conferences"
"IntelligentMonitor: Empowering DevOps Environments with Advanced Monitoring and Observability","P. Thantharate",NA,2023 International Conference on Information Technology (ICIT),"29 Aug 2023","2023","","","800","805","In the dynamic field of software development, De-vOps has become a critical tool for enhancing collaboration, streamlining processes, and accelerating delivery. However, monitoring and observability within DevOps environments pose significant challenges, often leading to delayed issue detection, inefficient troubleshooting, and compromised service quality. These issues stem from DevOps environments' complex and ever-changing nature, where traditional monitoring tools often fall short, creating blind spots that can conceal performance issues or system failures. This research addresses these challenges by proposing an innovative approach to improve monitoring and observability in DevOps environments. Our solution, Intelligent-Monitor, leverages realtime data collection, intelligent analytics, and automated anomaly detection powered by advanced tech-nologies such as machine learning and artificial intelligence. The experimental results demonstrate that IntelligentMonitor effectively manages data overload, reduces alert fatigue, and improves system visibility, thereby enhancing performance and reliability. For instance, the average CPU usage across all components showed a decrease of 9.10%, indicating improved CPU efficiency. Similarly, memory utilization and network traffic showed an average increase of 7.33% and 0.49%, respectively, suggesting more efficient use of resources. By providing deep insights into system performance and facilitating rapid issue resolution, this research contributes to the DevOps community by offering a comprehensive solution to one of its most pressing challenges. This fosters more efficient, reliable, and resilient software development and delivery processes.","2831-3399","979-8-3503-2006-0","10.1109/ICIT58056.2023.10226123","","https://ieeexplore.ieee.org/stamp/stamp.jsp?arnumber=10226123","DevOps Monitoring;Intelligent Monitor;Observability in Distributed Systems;Intelligent Analytics;Anomaly Detection;Performance and Reliability Improvements","System performance;Memory management;Telecommunication traffic;Pressing;Machine learning;Software;Software reliability","","18","","7","IEEE","29 Aug 2023","9-10 Aug. 2023","9-10 Aug. 2023","IEEE","IEEE Conferences"
"Architectural Vision of Cloud Computing in the Indian Government","N. V. Choudhari; A. B. Sasankar","RTM, Nagpur University,Department of Electronics and Computer Science,Nagpur,India; New Arts Commerce and Science College, Wardha RTM, Nagpur University,Nagpur,India",2021 International Conference on Innovative Trends in Information Technology (ICITIIT),"14 Apr 2021","2021","","","1","7","The GI (Govt. of India) cloud started in 2014 is built on the state of art technologies and rich architecture with the nationwide network infrastructure and Data Centres located across the country on National and State data centres. This paper investigates, study and analyze the cloud architecture of Govt. of India and suggests modifications that need to be adapted for sustainable development as per the global changing scenario and fulfill the future needs with improved service delivery, increased throughput, and increased efficiency to provide secured cloud services and to minimize the gap between the cloud service providers and end-users. The cloud services are designed for centralized storage and processing. The cloud data centers are generally located thousands of miles away from the end-users where the data is actually generated. The physical distance between the cloud infrastructure and the data source at edge level end-users produces latency for the real-time processing of the huge amount of data generated at the source level. In recent years the automation scenario is changing globally with various emerging technologies such as the Internet of Things (IoT), Wireless Fidelity 6 (Wi-Fi 6), Fifth Generation Mobile Network connectivity (5G), Artificial Intelligence (AI), and Machine Learning, etc. Emerging technologies like IoT, Wi-Fi 6, 5G gives large scope for boundary level computing and generates a very huge amount of data at the data source level produced by the end-users. These technologies require agile real-time processing and analysis of the data at the source level. Edge computing and Fog computing are the distributed architectures that work together, for reduced latency and speedy real-time processing where the data is actually generated by the end-user. According to the new implementation demands, various emerging cloud technologies such as Mobile Cloud Apps, Containers, Serverless, Microservices, Development and Information Technology Operations (DevOps), BlockChain, Fog computing, Edge Computing, and Software-Defined Infrastructure (SDI), etc are proposed for implementation.","","978-1-6654-0467-9","10.1109/ICITIIT51526.2021.9399598","","https://ieeexplore.ieee.org/stamp/stamp.jsp?arnumber=9399598","GI Cloud Architecture;VMware Technology Stack;Open Stack-based cloud technology;emerging cloud architectures","Cloud computing;Data centers;Computer architecture;Real-time systems;Security;Internet of Things;Edge computing","","","","21","IEEE","14 Apr 2021","11-12 Feb. 2021","11-12 Feb. 2021","IEEE","IEEE Conferences"
"Real-Time Dashboarding using Big Data Tools","S. R; D. Pulakhandam; V. Nirmalrani","Dept. Computer Science and Engineering, Sathyabama Institute of Science and Technology, Chennai, India; Dept. Computer Science and Engineering, Sathyabama Institute of Science and Technology, Chennai, India; Dept. Computer Science and Engineering, Sathyabama Institute of Science and Technology, Chennai, India",2024 International Conference on Inventive Computation Technologies (ICICT),"7 Jun 2024","2024","","","629","635","Real-time dashboarding software empowers organizations to harness the burgeoning IoT data stream, transforming raw sensor readings into actionable insights through a secure and scalable architecture. Data from connected devices seamlessly flows via lightweight protocols like MQTT and is managed by a robust streaming platform like Kafka. Big data tools like Spark then extract meaning from this high-velocity data, preparing it for visualization on dynamic dashboards hosted by cloud platforms. These user-centric dashboards track key metrics, identify trends, and drive informed decision-making, but tackling challenges like scalability, security, and data quality is crucial to unlock the full potential of this transformative technology.","2767-7788","979-8-3503-5929-9","10.1109/ICICT60155.2024.10545021","","https://ieeexplore.ieee.org/stamp/stamp.jsp?arnumber=10545021","Big Data;Real-time processing;Producer;Consumer;Apache Kafka;Amazon Web Services (AWS);Elastic cloud compute(EC2);Data Security;Data Visualization;Docker;Containerization;Continuous Integration and Continuous Deployment workflow(CI/CD);GitHub Actions","Cloud computing;Web services;Scalability;Data visualization;Big Data;Real-time systems;Software","","2","","15","IEEE","7 Jun 2024","24-26 April 2024","24-26 April 2024","IEEE","IEEE Conferences"
"Blockchain technology innovations","T. Ahram; A. Sargolzaei; S. Sargolzaei; J. Daniels; B. Amaba","Institute for Advanced Systems Engineering, University of Central Florida, Orlando, FL, USA; Department of Electrical Engineering, Florida Polytechnic University, Lakeland, FL, USA; Rancs Group LLC, Wilmington, DE, USA; Lockheed Martin, Dallas, TX, USA; IBM Corporation, Miami, FL, USA",2017 IEEE Technology & Engineering Management Conference (TEMSCON),"3 Aug 2017","2017","","","137","141","Digital world has produced efficiencies, new innovative products, and close customer relationships globally by the effective use of mobile, IoT (Internet of Things), social media, analytics and cloud technology to generate models for better decisions. Blockchain is recently introduced and revolutionizing the digital world bringing a new perspective to security, resiliency and efficiency of systems. While initially popularized by Bitcoin, Blockchain is much more than a foundation for crypto currency. It offers a secure way to exchange any kind of good, service, or transaction. Industrial growth increasingly depends on trusted partnerships; but increasing regulation, cybercrime and fraud are inhibiting expansion. To address these challenges, Blockchain will enable more agile value chains, faster product innovations, closer customer relationships, and quicker integration with the IoT and cloud technology. Further Blockchain provides a lower cost of trade with a trusted contract monitored without intervention from third parties who may not add direct value. It facilitates smart contracts, engagements, and agreements with inherent, robust cyber security features. This paper is an effort to break the ground for presenting and demonstrating the use of Blockchain technology in multiple industrial applications. A healthcare industry application, Healthchain, is formalized and developed on the foundation of Blockchain using IBM Blockchain initiative. The concepts are transferable to a wide range of industries as finance, government and manufacturing where security, scalability and efficiency must meet.","","978-1-5090-1114-8","10.1109/TEMSCON.2017.7998367","","https://ieeexplore.ieee.org/stamp/stamp.jsp?arnumber=7998367","Blockchain;Business;Cloud computing;Cloud services;Control Systems;Cybersecurity;DevOps;Finance;Government;Healthcare;IoT;Industry 4.0.","Bitcoin;Medical services;Standards;Cloud computing;Ethics","","403","","14","IEEE","3 Aug 2017","8-10 June 2017","8-10 June 2017","IEEE","IEEE Conferences"
"DevOps for Edge Computing: Challenges and Solutions","S. i. Abbas; M. Singh","Apex Institute of Technology (CSE), Chandigarh University, Mohali, Punjab, India; Apex Institute of Technology (CSE), Chandigarh University, Mohali, Punjab, India",2023 3rd International Conference on Pervasive Computing and Social Networking (ICPCSN),"4 Oct 2023","2023","","","1267","1273","This research work explores the challenges and solutions of implementing DevOps for Edge Computing. It provides an overview of DevOps principles and practices, as well as the characteristics of Edge Computing. The integration of DevOps and Edge Computing is discussed, highlighting the benefits and challenges. The study addresses the challenges of implementing DevOps for Edge Computing, including specialized skills, limited resources, and complex infrastructure. The research methodology section describes the design, approach, and data collection and analysis methods. Case studies and examples are included to illustrate the challenges and proposed solutions. The results and analysis section presents an overview of the collected data and findings, indicating that implementing DevOps for Edge Computing can improve development speed, efficiency, and reliability. The conclusion summarizes the research findings, their implications, limitations, and recommendations for future research. Overall, this research work provides valuable insights into the challenges and solutions associated with implementing DevOps for Edge Computing.","","979-8-3503-2284-2","10.1109/ICPCSN58827.2023.00213","","https://ieeexplore.ieee.org/stamp/stamp.jsp?arnumber=10266227","DevOps;Edge Computing;Challenges;Solutions;Integration;Best Practices","Pervasive computing;Social networking (online);Data collection;Reliability;Edge computing","","2","","17","IEEE","4 Oct 2023","19-20 June 2023","19-20 June 2023","IEEE","IEEE Conferences"
"A Digital Twin with Runtime-Verification for Industrial Development-Operation Integration","S. D. C. Saratha; C. Grimm; F. Wawrzik","Faculty of Computer Science, TU Kaiserslautern, Kaiserslautern, Germany; Faculty of Computer Science, TU Kaiserslautern, Kaiserslautern, Germany; Faculty of Computer Science, TU Kaiserslautern, Kaiserslautern, Germany","2021 IEEE International Conference on Engineering, Technology and Innovation (ICE/ITMC)","1 Nov 2021","2021","","","1","9","This paper gives an overview of a data model of a digital twin for industrial development-operation integration (DevOps). The data model structures the models from development and links it with data from operation. The models from development are represented by ontologies that describe the functional decomposition in parts and associated properties. The properties are linked with symbolic reachability information that is created during development. This can be used as a basis for runtime verification. The approach is demonstrated by a water level monitor example.","2693-8855","978-1-6654-4963-2","10.1109/ICE/ITMC52061.2021.9570222","","https://ieeexplore.ieee.org/stamp/stamp.jsp?arnumber=9570222","Runtime Verification;Digital Twin;DevOps integration;ontologies;affine arithmetic;Arrowhead;Arrowhead Tools","Vocabulary;Technological innovation;Runtime;Digital twin;Conferences;Ontologies;Tools","","5","","17","IEEE","1 Nov 2021","21-23 June 2021","21-23 June 2021","IEEE","IEEE Conferences"
"xSTART: xApp Simulated Evaluation Environment for Developers","J. L. Herrera Gonzalez; S. Montebugnoli; D. Scotece; L. Foschini","Department of Computer Science and Engineering, University of Bologna, Bologna, Italy; Department of Computer Science and Engineering, University of Bologna, Bologna, Italy; Department of Computer Science and Engineering, University of Bologna, Bologna, Italy; Department of Computer Science and Engineering, University of Bologna, Bologna, Italy",2024 IEEE International Workshop on Metrology for Industry 4.0 & IoT (MetroInd4.0 & IoT),"9 Jul 2024","2024","","","366","371","The advent of the Open Radio Access Network (Open RAN) in 5G, as delineated in the standards introduced by 3GPP and O-RAN Alliance, posed a pivotal shift in revolutionizing the telecommunications landscape. Central to this transformation is the Open RAN control-plane architecture. Control plane encompasses containerized network functions, operating as intelligent controllers for RAN nodes and resources with non-Real-Time and near-Real-Time constraints. These functions, called Near Real-Time RAN Intelligent Controller (Near-RT RIC) and Non Real-Time RAN Intelligent Controller (Non-RT RIC), include operators-defined applications, respectively named xApps and rApps, serving as common cloud-native applications controlling and optimizing Open RAN elements. Understanding the entire development process and runtime behaviour for these applications becomes an essential prerequisite for providing support for next-generation networks. However, the lack of ready-to-use tools that allow developers to test and evaluate their applications in simulated and real environments makes it difficult to study and experiment with xApps. In this work, we propose xSTART, a ready-to-deploy environment based on Docker technology that allows xApp developers to quickly deploy and incorporate their xApps in a simulated ns-3 environment to test and evaluate their functionalities. Then, we evaluate an IIoT Network use-case scenario showing a machine learning (ML)-based xApp applied to the O-RAN environment. The results compare the use of different ML techniques and show the correct behavior of the simulation. Finally, we make xSTART available to the community to ease the development and evaluation of future xApps.","2837-0872","979-8-3503-8582-3","10.1109/MetroInd4.0IoT61288.2024.10584214","","https://ieeexplore.ieee.org/stamp/stamp.jsp?arnumber=10584214","Open RAN;xApp;DevOps;Industrial IoT;5G","Runtime;5G mobile communication;Open RAN;Machine learning;Real-time systems;Telecommunications;Standards","","2","","14","IEEE","9 Jul 2024","29-31 May 2024","29-31 May 2024","IEEE","IEEE Conferences"
"TDD4Fog: A Test-Driven Software Development Platform for Fog Computing Systems","R. Li; X. Liu; X. Zheng; C. Zhang; H. Liu","School of Information Technology Deakin University, Geelong, Australia; School of Information Technology Deakin University, Geelong, Australia; Department of Computing, Macquarie University, Sydney, Australia; School of Information Technology Deakin University, Geelong, Australia; School of Software and Electrical Engineering, Swinburne University of Technology, Melbourne, Australia","2020 20th IEEE/ACM International Symposium on Cluster, Cloud and Internet Computing (CCGRID)","14 Jul 2020","2020","","","673","676","As an ideal infrastructure for smart services, Fog Computing is becoming the next wave of IT investment harnessing the successful models of Cloud Computing and latest technologies such as 5G and Internet of Things (IoT). However, the development of Fog Computing systems is a big challenge due to its complex, heterogeneous and distributed nature. Currently, there are a few SDKs released by some public Cloud service providers to support the development of Fog services in a top-down fashion as the key motive is to leverage their business Cloud services. However, Fog Computing systems are usually designed in a bottom-up fashion as the major functionalities are centred around the Edge Nodes and the End Devices. Meanwhile, significant efforts are required to verify the conformance of software behaviours as the collaboration between the End Devices, Edge Nodes and Cloud Servers is vital to the success of a Fog Computing System. Therefore, a holistically designed software development platform is urgently required. In this paper, we propose TDD4Fog, a test-driven software development platform for Fog Computing systems. Following the Test-Driven Development (TDD) methodology and a bottom-up design fashion, TDD4Fog supports the microservice architecture and provides the Test-Driven utilities such as metamorphic testing, mutation testing and random testing for the whole software development lifecycle of Fog Computing systems. To demonstrate the feasibility of TDD4Fog, we have presented some preliminary results on the key components of TDD4Fog and discussed some important future research directions.","","978-1-7281-6095-5","10.1109/CCGrid49817.2020.00-25","","https://ieeexplore.ieee.org/stamp/stamp.jsp?arnumber=9139723","Test-Driven Development;DevOps;Microservices;Fog Computing;Smart Services","Edge computing;Testing;Cloud computing;Software;Autonomous vehicles;Computer architecture;Servers","","4","","9","IEEE","14 Jul 2020","11-14 May 2020","11-14 May 2020","IEEE","IEEE Conferences"
"A Blockchain Integrated DevSecOps Framework for Secure and Transparent Pipelines","J. J; H. S; N. N","Department of Computer Science and Engineering, Sathyabama Institute of Science and Technology, Chennai, India; Department of Computer Science and Engineering, Sathyabama Institute of Science and Technology, Chennai, India; Department of Computer Science and Engineering, Sathyabama Institute of Science and Technology, Chennai, India",2025 6th International Conference on IoT Based Control Networks and Intelligent Systems (ICICNIS),"1 Jan 2026","2025","","","690","696","DevSecOps pipelines are increasingly adopted to automate software integration, testing, security analysis, and deployment. However, centralized mechanisms for access control and logging remain vulnerable to unauthorized access, log tampering, and insider threats. To address these issues, this work proposes a blockchain-enabled DevSecOps framework that enhances security, transparency, and auditability. Smart contracts implement Role-Based Access Control (RBAC), ensuring that sensitive operations such as deployments or access to critical security data are performed only by authorized users. Security events, vulnerability reports, and deployment records are immutably stored on the blockchain, creating a verifiable and tamper-resistant audit trail. The framework integrates standard DevSecOps practices with a decentralized trust layer to reduce risks of manipulation and compliance failures. By combining blockchain with CI/CD automation, security scanning, and monitoring, the proposed system strengthens resilience against cyber threats and insider risks while providing a scalable, trustworthy approach for securing modern software delivery pipelines.","","979-8-3315-1520-1","10.1109/ICICNIS66685.2025.11315771","","https://ieeexplore.ieee.org/stamp/stamp.jsp?arnumber=11315771","DevSecOps;Blockchain;Smart Contract;Role-based access control;Continuous Integration and Deployment","Access control;Scalability;Pipelines;Smart contracts;Supply chains;Software;Blockchains;Standards;Resilience;Testing","","","","23","IEEE","1 Jan 2026","15-17 Dec. 2025","15-17 Dec. 2025","IEEE","IEEE Conferences"
"Enhancing DevSecOps Pipelines with AI-Driven Threat Detection and Response","S. Yulianto; G. N. Cac Ngo","Doctor in Information Technology, School of Graduate Studies, AMA University, Quezon City, Philippines; Doctor in Information Technology, School of Graduate Studies, AMA University, Quezon City, Philippines",2024 International Conference on ICT for Smart Society (ICISS),"19 Nov 2024","2024","","","1","8","DevSecOps incorporates security into the software development lifecycle, enhancing application delivery. This study proposes an AI-driven framework to address traditional security limitations. Partnering with a crypto asset exchange, we tested our framework on 8,000 events, including 15% security incidents. Despite data preparation challenges, our machine learning models-convolutional neural networks, long short-term memory networks, and autoencoders-demonstrated high performance. The framework achieved an average F1-score of 0.92 and increased threat detection accuracy by 25% compared to rule-based methods. These results significantly improve the security posture of DevSecOps environments without compromising development speed. Our research offers a scalable, adaptable approach, laying the foundation for resilient software development practices. Future work will focus on model interpretability and broader security event coverage.","","979-8-3503-8965-4","10.1109/ICISS62896.2024.10751269","","https://ieeexplore.ieee.org/stamp/stamp.jsp?arnumber=10751269","DevSecOps;artificial intelligence;threat detection;software development lifecycle;security integration","Adaptation models;Accuracy;Pipelines;Neural networks;Machine learning;Threat assessment;Data models;Security;Long short term memory;Software development management","","8","","28","IEEE","19 Nov 2024","4-5 Sept. 2024","4-5 Sept. 2024","IEEE","IEEE Conferences"
"A Triple-Tap Hybrid Load Balancing System (TTHLB) for Health Monitoring System","S. Ponnapalli; R. R. Dornala; S. P. Vallabaneni","Lead DevOps Engineer, USA; Cloud Architect, USA; Department of IT, PVP Siddhartha Institute of Technology, Vijayawada, India","2023 7th International Conference on I-SMAC (IoT in Social, Mobile, Analytics and Cloud) (I-SMAC)","26 Oct 2023","2023","","","616","622","With the rapid development in innovation and a rising need for efficient healthcare services, innovative approaches to healthcare system design are required. In recent years, integrating cloud computing, edge computing, and fog computing has emerged as a promising solution to enhance the efficiency and effectiveness of healthcare systems. The paper proposes a triple-tap hybrid load balancing method (TTHLB) that leverages the capabilities of cloud computing, edge computing, and fog computing to provide seamless and efficient healthcare services. The TTHLB architecture comprises three layers: the cloud layer, the edge layer, and the fog layer. The cloud layer is the central repository for storing and processing large volumes of healthcare data. It provides on-demand access to computational resources and supports advanced data analytics techniques for decision-making and predictive analysis. The edge layer, consisting of edge devices such as wearable’s and sensors, collects real-time patient data and performs initial data processing. It enables real-time monitoring, early detection of health issues, and timely intervention. Between the cloud and edge layers, the fog layer acts as an intermediate data processing and storage layer. It reduces latency and bandwidth requirements by performing data processing closer to the edge devices. The TTHLB leverages the benefits of cloud computing, such as scalability, flexibility, and cost-effectiveness, by offloading resource-intensive tasks to the cloud layer. It also utilizes the capabilities of edge and fog computing to provide low-latency, real-time data processing and analysis, ensuring timely and personalized healthcare services. Integrating these computing paradigms enables seamless data exchange and collaboration among healthcare providers, patients, and other stakeholders, improving diagnosis, treatment, and patient outcomes. Finally, the TTHLB presented in this research work provides a comprehensive solution to traditional healthcare systems' challenges. It uses cloud, edge, and fog computing to deliver efficient, personalized, and timely healthcare services. The TTHLB can transform the healthcare industry and improve overall patient care quality.","2768-0673","979-8-3503-4148-5","10.1109/I-SMAC58438.2023.10290416","","https://ieeexplore.ieee.org/stamp/stamp.jsp?arnumber=10290416","Fog computing;Cloud computing;Edge computing;A Triple-Tap Hybrid Load Balancing System (TTHLB)","Performance evaluation;Industries;Cloud computing;Image edge detection;Decision making;Medical services;Load management","","15","","16","IEEE","26 Oct 2023","11-13 Oct. 2023","11-13 Oct. 2023","IEEE","IEEE Conferences"
"Competency Model for Programming Courses in Information Technology Education (ITE) Programs from Industry Perspective: A Delphi Method","J. E. E. Goh; C. V. Mojado; H. J. T. Manaligod","Information Systems Program, De La Salle – College of Saint Benilde, Manila, Philippines; Information Systems Program, De La Salle – College of Saint Benilde, Manila, Philippines; Information Systems Program, De La Salle – College of Saint Benilde, Manila, Philippines","2022 IEEE 14th International Conference on Humanoid, Nanotechnology, Information Technology, Communication and Control, Environment, and Management (HNICEM)","1 May 2023","2022","","","1","6","This study aimed to develop a competency model for software development courses in ITE programs as perceived by the IT industry in the Philippines in the new normal. A review of previous studies revealed existing software engineering competency models being referenced by the IT industry along with the Commission on Higher Education (CHED) General Education Curriculum (GEC) being referenced by the academe. However, things drastically changed during this global pandemic which may have affected these current standards. Thus, this study aimed to determine the current competency needs in the IT industry in the new normal in relation to the programming courses being offered by the ITE programs in the Philippines; A mixed method three-round Delphi technique was used to solicit a unified expert opinion from the point of view of nine (9) IT industry experts in the Philippines. Twenty-three (23) technical skills and eleven (11) soft skills were extracted from online interviews using thematic analysis. Out of 23 technical skills, nineteen (19) have consensus. The findings produced a competency model for software development courses in the new normal consisting of must-have technical skills, game-changer technical skills, and must-have soft skills. The must-have technical skills include Web Development, Cyber Security, Cloud Computing, Agile Project Management, Mobile Development, and DevOps. The game changer technical skills include Data Science and Data Analytics, Artificial Intelligence and Machine Learning, the Internet of Things, and Research and Development. And the must-have soft skills include Communication skills, Results-Oriented, and Collaboration skills.","2770-0682","978-1-6654-6493-2","10.1109/HNICEM57413.2022.10109471","","https://ieeexplore.ieee.org/stamp/stamp.jsp?arnumber=10109471","competency model;Delphi method;Information Technology Education (ITE);programming courses;software development","Industries;Computational modeling;Education;Machine learning;Games;Software;Internet of Things","","4","","12","IEEE","1 May 2023","1-4 Dec. 2022","1-4 Dec. 2022","IEEE","IEEE Conferences"
"Architecting Observability for AI-Driven Microservices at Scale","M. K. Gaddam","Solutions Architect Computer Science Fedex Express Corporation, Little Elm, Texas",2025 3rd International Conference on Intelligent Cyber Physical Systems and Internet of Things (ICoICI),"1 Dec 2025","2025","","","1830","1838","The increasing adoption of AI-driven microservices in large-scale distributed systems has amplified the complexity of system monitoring, performance tuning, and failure resolution. This paper presents a scalable observability architecture tailored specifically for AI-driven microservices, addressing the inherent opacity and dynamism of AI workloads. By integrating fine-grained telemetry, trace correlation, anomaly detection, and model-centric metrics, the proposed framework enables enhanced visibility across the entire AI pipeline—from data ingestion to model inference. Our approach demonstrates improved root cause analysis, reduced system downtime, and increased transparency in model performance behavior. The architecture is validated through a real-world deployment on a Kubernetes-based AI platform, showing minimal performance overhead while maintaining high fidelity in observability signals. This work contributes a blueprint for building resilient, transparent, and scalable AI-driven systems, critical for operations in production environments.","","978-1-6654-5753-8","10.1109/ICoICI65217.2025.11252857","","https://ieeexplore.ieee.org/stamp/stamp.jsp?arnumber=11252857","Observability;Microservices;Artificial Intelligence;Distributed Systems;Telemetry;Anomaly Detection;Kubernetes;DevOps;AI-Ops;Monitoring","Correlation;Architecture;Pipelines;Microservice architectures;Data models;Complexity theory;Telemetry;Observability;Artificial intelligence;Monitoring","","","","18","IEEE","1 Dec 2025","17-19 Sept. 2025","17-19 Sept. 2025","IEEE","IEEE Conferences"
"An Open-Source Approach for Emulating Complex Embedded Systems: Enhancing Software Verification with Radiation-Induced Fault Injection","M. De Clercq","EDGX bv, Ghent, Belgium",2025 European Data Handling & Data Processing Conference (EDHPC),"19 Jan 2026","2025","","","1","6","The growing complexity of embedded systems in safety-critical domains such as automotive, aerospace, and New Space demands verification methods that are both comprehensive and scalable. Traditional hardware-based testing, while indispensable for final certification, is time-consuming and costly to adapt for early-stage development and continuous integration pipelines. This paper introduces a novel open-source approach that integrates two powerful emulation platforms, Renode and QEMU, for software-centric correctness testing. The proposed approach supports complex multi-node configurations, enabling the emulation of both low-power microcontrollers and high-performance systems-on-chip (SoCs). A key feature is the ability to perform advanced fault injection — including simulation of radiation-induced SEUs and transient faults — which are notoriously difficult to replicate on physical hardware. We present a proof-of-concept case study featuring an emulated Raspberry Pi Pico (Cortex-M0+) and a Linux-class ARM SoC node (QEMU AArch64 virt, approximating a Raspberry Pi 5–class system) communicating through CAN and UART. Experimental results show that our proposed approach provides broad fault coverage, flexible integration into CI/CD pipelines, and a reduction in testing overhead compared to traditional methods in our experiments.","","979-8-3503-7954-9","","","https://ieeexplore.ieee.org/stamp/stamp.jsp?arnumber=11325927","Software Verification;Simulation;Emulation;Open-Source;Renode;QEMU;Embedded Systems;CI/CD","Embedded systems;Emulation;Pipelines;Continuous integration;Hardware;Software;Virtualization;Transient analysis;Testing;Automotive engineering","","","","9","","19 Jan 2026","13-17 Oct. 2025","13-17 Oct. 2025","IEEE","IEEE Conferences"
"An Iterative Lifecycle Model for Engineering and Operating Digital Twins","C. Klaassen; G. Steindl; R. Hofmann","Institute of Energy Systems and Thermodynamics, TU Wien, Vienna, Austria; Department of Information Technology, University of Applied Sciences Burgenland, Eisenstadt, Austria; Institute of Energy Systems and Thermodynamics, TU Wien, Vienna, Austria",IEEE Open Journal of the Industrial Electronics Society,"28 Jan 2026","2026","7","","257","278","Digital Twins (DTs) play a key role in shaping intelligent ecosystems. They create precise digital representations of components, harmonizing the virtual and physical worlds. Traditional DT design processes do not cover the complete lifecycle, as a result of high evolution complexity, leading to integration challenges. Addressing those barriers and inspired by the software development and operations (DevOps) framework, this article introduces a methodology to offer a more adaptable and holistic DT lifecycle approach. It integrates existing DevOps phases with DT-specific aspects, representing the evolution and operation progress of DT components. The methodology is embodied in a comprehensive and adaptable development, operate, monitor, and analysis (DevOMA) lifecycle model, which is designed to evolve and operate all components of a DT. A feasibility study applied the DevOMA lifecycle model to deploy and operate a DT for research purposes in the industrial energy sector. This DT represents a laboratory-scale distributed energy system, enabling the optimization of its components and various scenarios. This article aims to contribute to the advancement of engineering and operating DTs through handling their complexity while offering a flexible DevOMA lifecycle model, proven in a real-world case study.","2644-1284","","10.1109/OJIES.2026.3654869","Vienna University of Technology; TU Wien Bibliothek, Austria; ","https://ieeexplore.ieee.org/stamp/stamp.jsp?arnumber=11355861","Digital twins (DTs);development and operations (DevOps);development process;engineering;lifecycle representation;software;systems","Software;Modeling;DevOps;Synchronization;Monitoring;Optimization;Industrial electronics;Digital twins;Complexity theory;Analytical models","","","","55","CCBY","16 Jan 2026","2026","","IEEE","IEEE Journals"
"CI-CD Workflow For Embedded System Design","M. Talekar; V. K. Harpale","Department of Electronics And Telecommunication Engineering, Pimpri Chinchwad College Of Engineering, Pune; Department of Electronics And Telecommunication Engineering, Pimpri Chinchwad College Of Engineering, Pune","2023 7th International Conference On Computing, Communication, Control And Automation (ICCUBEA)","22 Jan 2024","2023","","","1","3","Current hot topics in software development include continuous integration (CI) and continuous delivery (CD) [3]. As quality and stability are crucial components of embedded systems, several methodologies and tools are utilized to produce embedded software more quickly [4]. Developers receive feedback on their changes immediately after committing code when CI is effectively implemented, and issues are repaired more quickly. However, for many embedded systems, the use of CI is constrained by a lack of hardware and complexity. Using a virtual platform and simulation techniques, it is feasible to run code meant for even deeply embedded target systems on standard PCs and servers. This enables an effective CI solution that is both more versatile and less expensive than just depending on hardware[3]. By taking into account hardware dependencies and interface constraints, certain ways have been proposed, such as: Automating continuous integration to minimize build and test times, Static code analysis to examine the code's structure and find abnormalities that lead to actual bugs, Automated continuous deployment and Automate the deployment process to analyze drastically reduce the time and enable faster feedback [4].","2771-1358","979-8-3503-0426-8","10.1109/ICCUBEA58933.2023.10392168","","https://ieeexplore.ieee.org/stamp/stamp.jsp?arnumber=10392168","Continuous Integration;Continuous Delivery;Design Under Test;Hardware In Loop","Embedded systems;Codes;Computer bugs;Time to market;Hardware;Stability analysis;Software reliability","","2","","12","IEEE","22 Jan 2024","18-19 Aug. 2023","18-19 Aug. 2023","IEEE","IEEE Conferences"
"Monitoring V2X applications using DevOps and docker","J. Rufino; M. Alam; J. Ferreira","Instituto de Telecomunicaçòes, Aveiro, Portugal; Instituto de Telecomunicaçòes, Aveiro, Portugal; Instituto de Telecomunicaçòes, Aveiro, Portugal",2017 International Smart Cities Conference (ISC2),"2 Nov 2017","2017","","","1","5","Vehicular communications are gaining one of the largest share of the automotive IoT market. The combination of the automotive sector with the transportation resulted in the emergence of the concept of connected vehicles. Therefore, motivating new proposals for real-time applications for managing traffic and incident alerts to improve the overall mobility and road safety. The growing demand for new and better solutions lead to two of the biggest challenges faced in IoT - scalability and interoperability. Therefore in this paper, we propose an highly modular and easily distributable architecture built upon DevOps practices and relying on edge computing to enable V2X applications to be easily deployed and monitored in real-time. The architecture was implemented and a vehicular application was divided in small modules to validate the functionalities of the proposed architecture.","","978-1-5386-2524-8","10.1109/ISC2.2017.8090868","","https://ieeexplore.ieee.org/stamp/stamp.jsp?arnumber=8090868","Vehicular Networks;V2X;Docker;DevOps;Wireless Communication","Computer architecture;Monitoring;Automotive engineering;Sensors;Logic gates;Real-time systems;Scalability","","8","","12","IEEE","2 Nov 2017","14-17 Sept. 2017","14-17 Sept. 2017","IEEE","IEEE Conferences"
"Investigating the Impact of Containerization on the Deployment Process in DevOps","M. Narasimhulu; D. V. Mounika; P. Varshini; A. K; T. R. K. Rao","Department of Computer Science and Information Technology, Koneru Lakshmaiah Education Foundation, Vaddeswaram, Andhra Pradesh, India; Department of Computer Science and Information Technology, Koneru Lakshmaiah Education Foundation, Vaddeswaram, Andhra Pradesh, India; Department of Computer Science and Information Technology, Koneru Lakshmaiah Education Foundation, Vaddeswaram, Andhra Pradesh, India; Department of Computer Science and Engineering, Koneru Lakshmaiah Education Foundation, Vaddeswaram, Andhra Pradesh, India; Department of Computer Science and Engineering, Koneru Lakshmaiah Education Foundation, Vaddeswaram, Andhra Pradesh, India",2023 2nd International Conference on Edge Computing and Applications (ICECAA),"16 Aug 2023","2023","","","679","685","This research investigates the impact of containerization on the deployment process in DevOps. Containerization is a technology that enables developers to package their applications and dependencies into lightweight, portable containers that can run anywhere. This study aims to explore how containerization affects various aspects of the deployment process, such as speed, consistency, portability, scalability, and security. Through a comprehensive review of existing literature and case studies, the study identifies the benefits and challenges of using containers in DevOps and highlights best practices and security considerations for organizations adopting containerization. The research findings provide insights into how containerization can improve the deployment process in DevOps, enabling organizations to make informed decisions about incorporating containerization into their software development and deployment workflows.","","979-8-3503-4757-9","10.1109/ICECAA58104.2023.10212240","","https://ieeexplore.ieee.org/stamp/stamp.jsp?arnumber=10212240","Containerization;DevOps;Deployment process;Orchestration;Scalability","Training;Scalability;Time to market;Organizations;Containers;Software;Software reliability","","8","","17","IEEE","16 Aug 2023","19-21 July 2023","19-21 July 2023","IEEE","IEEE Conferences"
"Process Model for Integrated Product Lifecycles Using Digital Twins and Predictive Analytics","F. Reiche; H. Timinger","Institute for Data and Process Science University of Applied Sciences Landshut, Landshut, Germany; Institute for Data and Process Science University of Applied Sciences Landshut, Landshut, Germany",2021 IEEE Technology & Engineering Management Conference - Europe (TEMSCON-EUR),"26 Jul 2021","2021","","","1","5","Digital development processes and methods are already established in software development. They promise speed, more flexibility in case of changes and thus customer-oriented products. In mechanical and plant engineering, as well as in mechanical products in general, these methods and this approach are not yet common. With our process model, we show how digitalisation can bring these development processes and methods. Therefore, a process model based on DevOps, known from software development, was created to allow iterative and digital engineering in hardware design. According to a case study concerned, this process model allows to accept changes during development at a later point in time and enable iterative testing. The concept has to be proven in practice in a planned development project based on this method.","","978-1-6654-4091-2","10.1109/TEMSCON-EUR52034.2021.9488653","","https://ieeexplore.ieee.org/stamp/stamp.jsp?arnumber=9488653","developing;Devops;digital twin;integrated product life cycle;predictive analytics;process model;virtual engineering","Analytical models;Digital twin;Time to market;Tools;Software;Hardware;Iterative methods","","4","","22","IEEE","26 Jul 2021","17-20 May 2021","17-20 May 2021","IEEE","IEEE Conferences"
"Identifying and Architecting Microservices for Edge Computing","U. Vora","College of Information Sciences and Technology, Pennsylvania State University, State College, Unites States",2025 IEEE 22nd International Conference on Software Architecture Companion (ICSA-C),"30 May 2025","2025","","","173","174","Microservices architecture (MSA) paradigm extends Service Oriented Architecture (SOA) to focus on specific aspects such as design of small lightweight services as independent cohesive components, development and service management using agile and DevOps methodologies and service delivery based on distributed data management and decentralized service governance and more. MSA thus has become a widely used architectural style for designing modern applications due to advantages like granular scalability and maintainability, especially in today's world of ‘system of systems’. Edge computing facilitates segregation of computing responsibilities between edge devices and cloud infrastructure to process and analyze data acquired by edge devices. The number of IoT devices is increasing at such a high rate that the need for Edge AI is expected to reach the value of investment to USD 72.6 billion by 2030. The edge analytics bring correlated research challenges from the areas of cyber and physical security, data privacy, maintenance support, access, latency, reliability, power consumption and remoteness into the scope and require innovation at architecture level as does the improvement in all systems' quality related attributes. In this tutorial we discuss how microservices paradigm can be used effectively for edge computing-based systems resulting in a sustainable architecture with lower dependency on the data-center / cloud architecture.","2768-4288","979-8-3315-3336-6","10.1109/ICSA-C65153.2025.00032","","https://ieeexplore.ieee.org/stamp/stamp.jsp?arnumber=11015071","Microservices architecture;Edge Computing;Process Decomposition;Activities;Precepts;Quality of Service","Cloud computing;Technological innovation;Power demand;Software architecture;Scalability;Microservice architectures;Computer architecture;Tutorials;Quality of service;Security","","1","","6","IEEE","30 May 2025","31 March-4 April 2025","31 March-4 April 2025","IEEE","IEEE Conferences"
"FADI - A Deployment Framework for Big Data Management and Analytics","R. Sellami; F. Zalila; A. Nuttinck; S. Dupont; J. -C. Deprez; S. Mouton","CETIC - Centre d’Excellence en Technologies de l’Information et de la Communication, Charleroi, Belgium; CETIC - Centre d’Excellence en Technologies de l’Information et de la Communication, Charleroi, Belgium; CETIC - Centre d’Excellence en Technologies de l’Information et de la Communication, Charleroi, Belgium; CETIC - Centre d’Excellence en Technologies de l’Information et de la Communication, Charleroi, Belgium; CETIC - Centre d’Excellence en Technologies de l’Information et de la Communication, Charleroi, Belgium; CETIC - Centre d’Excellence en Technologies de l’Information et de la Communication, Charleroi, Belgium",2020 IEEE 29th International Conference on Enabling Technologies: Infrastructure for Collaborative Enterprises (WETICE),"1 Feb 2021","2020","","","153","158","The production of huge amount of data and the emergence of new technologies in the industry sector have introduced new requirements for big data management. Many applications need to interact with several heterogeneous data sources to ingest, harmonise (normalise), persist, analyse and synthesize results to enable informed decisions and draw benefits from data. These operations are ensured by different tools and these tools are heterogeneous and not connected with each other. Besides, the whole tool-chain lacks automation in terms of its deployment, its operational workflow and its orchestration for satisfying the elastic and resilient properties needed by Industry. In this paper, we present FADI, a framework for deploying and orchestrating a Big Data management and analysis platform fully composed of open source tools. FADI has been developed through several research projects, namely, BigData@MA, Grinding 4.0, Quality 4.0 and ARTEMTEC where Industry use cases are used for validation purposes.","2641-8169","978-1-7281-6975-0","10.1109/WETICE49692.2020.00038","","https://ieeexplore.ieee.org/stamp/stamp.jsp?arnumber=9338535","Big Data;Deployment;DevOps;Kubernetes (K8s);Helm;Open Source","Industries;Pipelines;Tools;Big Data;Security;Testing;Software development management","","4","","11","IEEE","1 Feb 2021","10-13 Sept. 2020","10-13 Sept. 2020","IEEE","IEEE Conferences"
"Human Centric Private & Secure Onboarding for Network Applications in 6G","D. E. J. Santos; C. Fonseca; V. A. Cunha; J. P. Barraca; R. L. Aguiar","Instituto de Telecomunicações, DETI, Universidade de Aveiro; Instituto de Telecomunicações, DETI, Universidade de Aveiro; Instituto de Telecomunicações, DETI, Universidade de Aveiro; Instituto de Telecomunicações, DETI, Universidade de Aveiro; Instituto de Telecomunicações, DETI, Universidade de Aveiro",2025 4th International Conference on 6G Networking (6GNet),"1 Jan 2026","2025","","","42","49","In the 5G and emerging 6G networks, Network Applications (NAs) are critical to delivering diverse and innovative services. NAs are groups of Network Services (NSs) that provide functionalities for verticals. They have been pivotal in domains like enhanced Mobile Broadband (eMBB), Ultra Reliable Low Latency Communications (URLLC), and Internet of Everything (IoE), and their importance will only grow as we transition further into 6G. Therefore, understanding and addressing the challenges and opportunities posed by NAs are crucial as we advance towards 6G. This article proposes an approach for designing and onboarding secure and private NAs, ensuring their compliance with policies in closed loops (e.g., Security Orchestration, Automation, and Response (SOAR) loops). The introduced architecture leverages OpenSlice and incorporates best practices from DevOps with SecOps and PrivOps (DevPrivSecOps). These NAs are designed to be configurable both at the time of ordering and during runtime, with predefined characteristics that can be adjusted, for example, through Moving Target Defense (MTD) mechanisms. Furthermore, the definitions for privacy quantification services and their configuration are introduced to determine the privacy and risk scores of NAs, feeding the loop continuously. At a high level, security and privacy policies can be manually defined, or automatically generated in response to malicious attacks, and they can be dynamically translated and enforced within existing NAs. The early results show that the approach is sound, with promising results from the Proof of Concept (PoC) and custom-built tooling.","","979-8-3315-5141-4","10.1109/6GNet68413.2025.11314140","","https://ieeexplore.ieee.org/stamp/stamp.jsp?arnumber=11314140","6G;DevPrivSecOps;Network Applications;Onboarding","6G mobile communication;Measurement;Privacy;DevOps;Runtime;Prevention and mitigation;Ultra reliable low latency communication;Security;Logic;Internet of Things","","","","16","IEEE","1 Jan 2026","17-19 Dec. 2025","17-19 Dec. 2025","IEEE","IEEE Conferences"
"MLCAE: A Multi-Layered Configuration for Architectural Elements in Large-Scale Software Applications","H. Hristov","Dept. of Computer Science and Engineering, Technical University of Varna, Varna, Bulgaria","2025 6th International Conference on Communications, Information, Electronic and Energy Systems (CIEES)","25 Dec 2025","2025","","","1","6","The increasing complexity of large-scale software applications, such as ERP, CRM and DMS, requires advanced approaches for organizing and managing architectural elements (AEs) including architectures, architectural patterns, technologies, frameworks, standards, methodologies, etc. This paper introduces MLCAE (Multi-Layered Configuration for Architectural Elements), a novel model for architectural modeling that provides a structured, flexible and scalable way of positioning AEs across multiple layers. MLCAE defines a set of standard layers (Core, Communication, Deployment) and allows for the dynamic creation of non-standard layers (Security, Monitoring, DevOps pipelines, Integration, etc.), depending on project-specific requirements. The model supports role-based placement of AEs (Primary Layer Placement, Secondary Layer Presence, Interface Anchors, Deployment Bindings), indexing mechanisms for managing overlapping AEs across multiple systems and categorization to differentiate between architectural types. Furthermore, MLCAE introduces layer priorities for conflict resolution and architectural packages to group cross-layer AEs. A case study with ERP, CRM, DMS, PLM and SCM demonstrates the practical applicability of MLCAE in enterprise environments, showing improvements in coverage, conflict resolution and integration compared to traditional architectural modeling. The results indicate that MLCAE can serve as a strategic tool for enterprise architecture management and future research directions include AI-assisted classification of AEs and automated visualization dashboards.","","979-8-3315-0119-8","10.1109/CIEES66347.2025.11300077","","https://ieeexplore.ieee.org/stamp/stamp.jsp?arnumber=11300077","software architecture;architectural elements;multi-layered configuration;architectural modeling","Analytical models;Visualization;DevOps;Software architecture;Customer relationship management;Computer architecture;Complexity theory;Monitoring;Industrial Internet of Things;Indexing","","","","16","IEEE","25 Dec 2025","26-28 Nov. 2025","26-28 Nov. 2025","IEEE","IEEE Conferences"
"On the Taxonomy of Developers’ Discussion Topics with ChatGPT","E. Sagdic; A. Bayram; M. R. Islam","Lamar University, Beaumont, Texas, USA; Lamar University, Beaumont, Texas, USA; Lamar University, Beaumont, Texas, USA",2024 IEEE/ACM 21st International Conference on Mining Software Repositories (MSR),"18 Jun 2024","2024","","","197","201","Large language models (LLMs) like ChatGPT can generate text for various prompts. With exceptional reasoning capabilities, ChatGPT (particularly the GPT-4 model) has achieved widespread adoption across many tasks - from creative writing to domain-specific inquiries, code generation, and more. This research analyzed the DevGPT dataset to determine common topics posed by developers interacting with ChatGPT. The DevGPT dataset comprises ChatGPT interactions from GitHub issues, pull requests and discussions. By employing a mixed-methods approach combining unsupervised semantic modeling and expert qualitative analysis we categorize the topics developers discuss when interacting with ChatGPT.Our approach reveals 17 topics within seven categories, with over 25% of prompts focused on advanced programming guidance. Additional areas of significant query volume include DevOps workflows, SQL, databases, and specialized domains, such as localization, streaming media, and image processing. This research effectively illuminates core topics and dependencies that motivate developers to leverage ChatGPT. The taxonomy classification further clarifies critical areas to better customize AI tools for aligning with workflows and needs within software engineering contexts.CCS CONCEPTS• Software and its engineering → Programming teams.","2574-3864","979-8-4007-0587-8","","","https://ieeexplore.ieee.org/stamp/stamp.jsp?arnumber=10555669","DevGPT;ChatGPT;Software Engineering;Topic Taxonomy","Analytical models;DevOps;Taxonomy;Semantics;Programming;Chatbots;Software","","2","","32","","18 Jun 2024","15-16 April 2024","15-16 April 2024","IEEE","IEEE Conferences"
"The Next Generation Platform as a Service Cloudifying Service Deployments in Telco-Operators Infrastructure","A. Mimidis; E. Ollora; J. Soler; S. Bessem; L. Roullet; S. Van Rossem; S. Pinneterre; M. Paolino; D. Raho; X. Du; J. Chesterfield; M. Flouris; L. Mariani; O. Riganelli; M. Mobilio; A. Ramos; I. Labrador; A. Broadbent; P. Veitch; M. Zembra","DTU Fotonik, Lyngby, Denmark; DTU Fotonik, Lyngby, Denmark; DTU Fotonik, Lyngby, Denmark; Nokia-Bell Labs, Paris, France; Nokia-Bell Labs, Paris, France; Ghent University - imec, Ghent, Belgium; Virtual Open Systems, Grenoble, France; Virtual Open Systems, Grenoble, France; Virtual Open Systems, Grenoble, France; OnApp, London, United Kingdom; OnApp, London, United Kingdom; OnApp, London, United Kingdom; University of Milano-Bicocca, Milano, Italy; University of Milano-Bicocca, Milano, Italy; University of Milano-Bicocca, Milano, Italy; ATOS, Madrid, Spain; ATOS, Madrid, Spain; British Telecom, London, UnitedKingdom; British Telecom, London, UnitedKingdom; Vertical M2M, París, France",2018 25th International Conference on Telecommunications (ICT),"16 Sep 2018","2018","","","399","404","5G standard emerges at a particular time in technology history when cloud transforms deeply almost all industries and services: it becomes obvious that innovations have to be made cloud-native for being successful. 5G must become the ubiquitous fabric blending universal connectivity (to humans, robots, sensors...) with cloud versatility and scalability. For realizing this vision, another model than laaS must be adopted, the Platform as a Service (PaaS), which should be built to support telco-grade requirements and combine all sort of third-party applications. These are the core objectives of the Next Generation Platform as a Service (NGPaaS) project, a H2020 5G PPP Phase 2 project. The paper presents the project fundamentals, its architectural proposal and most relevant features.","","978-1-5386-2321-3","10.1109/ICT.2018.8464838","","https://ieeexplore.ieee.org/stamp/stamp.jsp?arnumber=8464838","telco;microservices;5G;PaaS;DevOps;Dev-for-Operations;SDN;NFV;FPGA;vSwitch;ioT;cloud native","5G mobile communication;Monitoring;Field programmable gate arrays;Business;Virtualization;Platform as a service","","9","","31","IEEE","16 Sep 2018","26-28 June 2018","26-28 June 2018","IEEE","IEEE Conferences"
"ALLSTAR: A Blockchain Based Decentralized Ecosystem for Cloud and Edge Computing","H. Zhou; X. Ouyang; Z. Zhao","School of Computer Science, National University of Defense Technology, Changsha, China; School of Electronic Science, National University of Defense Technology, Changsha, China; System and Networking Lab, University of Amsterdam, Amsterdam, the Netherlands",2020 IEEE International Conference on Joint Cloud Computing,"1 Sep 2020","2020","","","55","62","Last decades, Cloud computing has made significant impacts on traditional applications to change their development and operation methods. We witnessed ever more newly-built Clouds and data centers. However, the centralized management mechanism of current Clouds lacks the dispersion to satisfy the requirements of emerging collaborative applications, including AI, IoT, and autopilot. On the other hand, the Edge computing stays at the conceptual and experimental stage. Most organizations construct their own Edge nodes to operate applications. An efficient and incentive mechanism is missing to motivate the Edge and micro Cloud resource providers to join and constitute a more generalized and decentralized ecosystem. To address this issue, we propose ALLSTAR, a blockchain based architecture for equally combining all the Cloud and Edge resources to be seamlessly leveraged by the application in the DevOps (development and operations) lifecycle. The ALLSTAR architecture is a systematic solution to realize the ""Cloud+Edge"" management and contributes to constructing the corresponding ALLSTAR ecosystem. This paper describes the overall architecture of ALLSTAR, the related key techniques, and detailed application DevOps processes as well as the new business model.","","978-1-7281-6981-1","10.1109/JCC49151.2020.00018","","https://ieeexplore.ieee.org/stamp/stamp.jsp?arnumber=9183596","Edge computing;Blockchain;DevOps;Resource management","Cloud computing;Ecosystems;Collaboration;Data centers;Computer architecture;Business","","2","","14","IEEE","1 Sep 2020","3-6 Aug. 2020","3-6 Aug. 2020","IEEE","IEEE Conferences"
"Detecting Software Security Vulnerability during an Agile Development by Testing the Changes to the Security Posture of Software Systems","B. Arnold; Y. Qu","School of Computer Science, Colorado Technical Univesrity, Colorado Springs, CO, USA; School of Computer Science, Colorado Technical Univesrity, Colorado Springs, CO, USA",2020 International Conference on Computational Science and Computational Intelligence (CSCI),"23 Jun 2021","2020","","","1743","1748","The purpose of this quantitative quasi-experimental study is to identify the possible correlation between software changes and the likelihood that software releases developed using an agile methodology like DevOps will introduce vulnerabilities into the software application when integrated. There are several scholarly articles that provide details on how Agile development methodologies like scrum and DevOps rely on automated testing for security. The majority of literature on the subject recommend manual security and penetration testing, but there is currently no objective measure to determine when this manual testing should take place. In Agile scrum and in DevOps, manual security testing is usually conducted after a large feature is completed and integrated into production. If a correlation can be found between aspects of software changes and their propensity to introduce vulnerabilities into a software application, then that data can be used to build an objective process for measuring when manual security testing should be performed in Agile development.","","978-1-7281-7624-6","10.1109/CSCI51800.2020.00323","","https://ieeexplore.ieee.org/stamp/stamp.jsp?arnumber=9458121","Agile Development;Software Testing;DevOps;Vulnerability;SDLC","Software testing;Correlation;Scientific computing;Manuals;Production;Tools;Software systems","","4","","28","IEEE","23 Jun 2021","16-18 Dec. 2020","16-18 Dec. 2020","IEEE","IEEE Conferences"
"Deployment and Design of AI-Powered Edge Systems for Wildlife Monitoring: A Survey","M. Martinský; J. Papán; S. Tatarka","Faculty of Management Science and Informatics, University of Žilina, Žilina, Slovakia; Faculty of Management Science and Informatics, University of Žilina, Žilina, Slovakia; Faculty of Management Science and Informatics, University of Žilina, Žilina, Slovakia",2025 International Conference on Emerging eLearning Technologies and Applications (ICETA),"15 Dec 2025","2025","","","566","571","Wildlife monitoring increasingly employs artificial intelligence (AI) for automated detection, classification, and tracking in natural habitats. While cloud-based approaches provide strong computational resources, they face latency, connectivity, and energy limitations in remote areas. Edge computing addresses these constraints by enabling local inference on distributed devices, reducing bandwidth demand and supporting real-time analytics. This survey reviews deployment and design strategies for AI-powered edge systems in wildlife monitoring, with focus on standalone, edge–cloud and federated architectures. We further examine containerization, orchestration frameworks, and continuous integration/continuous deployment (CI/CD) practices in distributed environments. Specific attention is given to device heterogeneity, energy management, and long-term reliability under field conditions. Finally, we outline open challenges and research directions toward scalable, sustainable and autonomous wildlife monitoring with edge AI.","","979-8-3315-7426-0","10.1109/ICETA67772.2025.11280041","","https://ieeexplore.ieee.org/stamp/stamp.jsp?arnumber=11280041","Edge AI;Edge Computing;IoT;Deployment;Wildlife Monitoring","Surveys;Soft sensors;Scalability;Wildlife;Edge AI;Computer architecture;Real-time systems;Reliability;Energy management;Monitoring","","","","15","IEEE","15 Dec 2025","13-14 Nov. 2025","13-14 Nov. 2025","IEEE","IEEE Conferences"
"DevOps based migration aspects from Legacy Version Control System to Advanced Distributed VCS for deploying Micro-services","V. Singh; A. Singh; A. Aggarwal; S. Aggarwal","6032 Blue Ridge Dr, Apt#A, Highlands, Ranch, Colorado, USA; 710 Duncan Ave Apt#1409 Pittsburgh, Pennsylvania, USA; School of Computer Science, University of Petroleum & Energy Studies, Dehradun, India; Uttaranchal Intt. of Mgt, Uttaranchal University, Dehradun, India",2021 IEEE International Conference on Computation System and Information Technology for Sustainable Solutions (CSITSS),"25 Jan 2022","2021","","","1","5","Out of all version control system existed in development world, now a days 79% version control systems are on Git and it’s growing. Many organizations have already left older version control system and adopted Git as their VCS. Although there are some migration tools available in the software industry, their options are somewhat lacking, especially when it comes to pre-migration checks such as empty directories, failover capability and reporting as steps of post-migration. In this work, various aspects of the migration work are explored within the sort of problems and their respective solutions. Four migration aspects - Project structure validation and self-resiliency capabilities, Sensing the SVN & Git SSH network connectivity using NodeMCU IoT platform, SVN users and Git author mapping pattern validation, Remote Git server filing system & space pre-validation - are covered in this work along with possible solutions. Various DevOps systems for version control migration are investigated like Kubernetes, AppDynamics, Chef, Jenkins. It is observed that current legacy migration DevOps tools do not provide the direct solutions for the version control migration like software project structure validation and self-resiliency approach but they indirectly speedup the migration by providing infrastructure provisioning, validation, monitoring and scaleup/down as and when required. It means no single migration tool pre-check that if the software project structure is 100% compatible for Git server and if there’s any discrepancy then automatically correct that structure. One of the main aims of DevOps is to bridge the gap between Business, Dev and IT with the aim of converting the SDLC into a strategic resource for the firm. However, to achieve this goal, it is imperative to choose the right tools.","","978-1-6654-0610-9","10.1109/CSITSS54238.2021.9683718","","https://ieeexplore.ieee.org/stamp/stamp.jsp?arnumber=9683718","Version Control System;Git;Subversion (SVN);Prevalidation;Auto resilient;NodeMCU;IoT","Industries;Conferences;Organizations;Control systems;Software;Sensors;Servers","","15","","17","IEEE","25 Jan 2022","16-18 Dec. 2021","16-18 Dec. 2021","IEEE","IEEE Conferences"
"Dynamic Autoselection and Autotuning of Machine Learning Models for Cloud Network Analytics","R. R. Karn; P. Kudva; I. A. M. Elfadel","Center for Cyber-Physical Systems, Khalifa University, Abu Dhabi, UAE; IBM Research, Yorktown Heights, NY, USA; Center for Cyber-Physical Systems, Khalifa University, Abu Dhabi, UAE",IEEE Transactions on Parallel and Distributed Systems,"11 Apr 2019","2019","30","5","1052","1064","Cloud network monitoring data is dynamic and distributed. Signals to monitor the cloud can appear, disappear or change their importance and clarity over time. Machine learning (ML) models tuned to a given data set can therefore quickly become inadequate. A model might be highly accurate at one point in time but may lose its accuracy at a later time due to changes in input data and their features. Distributed learning with dynamic model selection is therefore often required. Under such selection, poorly performing models (although aggressively tuned for the prior data) are retired or put on standby while new or standby models are brought in. The well-known method of Ensemble ML (EML) may potentially be applied to improve the overall accuracy of a family of ML models. Unfortunately, EML has several disadvantages, including the need for continuous training, excessive computational resources, requirement for large training datasets, high risks of overfitting, and a time-consuming model-building process. In this paper, we propose a novel cloud methodology for automatic ML model selection and tuning that automates model building and selection and is competitive with existing methods. We use unsupervised learning to better explore the data space before the generation of targeted supervised learning models in an automated fashion. In particular, we create a Cloud DevOps architecture for autotuning and selection based on container orchestration and messaging between containers, and take advantage of a new autoscaling method to dynamically create and evaluate instantiations of ML algorithms. The proposed methodology and tool are demonstrated on cloud network security datasets.","1558-2183","","10.1109/TPDS.2018.2876844","IBM T. J. Watson Research Center, Yorktown Heights, NY; Joint Study Agreement(grant numbers:W1463335); IBM Research; Khalifa University, Abu Dhabi, UAE; ","https://ieeexplore.ieee.org/stamp/stamp.jsp?arnumber=8500348","Cloud analytics;machine learning;ensemble learning;distributed learning;clustering;classification;autoselection;autotuning;decision feedback;cloud DevOps;containers;docker;Kafka","Machine learning;Cloud computing;Containers;Data models;Machine learning algorithms;Tuning;Computational modeling","","18","","34","IEEE","19 Oct 2018","1 May 2019","","IEEE","IEEE Journals"
"InSECTS Cloud Agnostic On-Orbit Processing for Satellite Development","A. G. Obst; J. Eng; R. A. Decker; H. McNamara; A. Knuth; L. Becker","Johns Hopkins University, Whiting School of Engineering, Baltimore, MD; Johns Hopkins University, Whiting School of Engineering, Baltimore, MD; Johns Hopkins University, Whiting School of Engineering, Baltimore, MD; Johns Hopkins University, Whiting School of Engineering, Baltimore, MD; Johns Hopkins University, Whiting School of Engineering, Baltimore, MD; Johns Hopkins University, Whiting School of Engineering, Baltimore, MD",2023 IEEE Aerospace Conference,"15 May 2023","2023","","","1","7","Interplanetary Simulation Environment for Communication and Thermal Subsystems (InSECTS) is an environment designed to support rapid prototyping of spacecraft containerized software on-orbit. The InSECTS digital architecture was developed to support NASA/JHU-APL Dragonfly autonomous software development and proliferated space-based containerized processing at Johns Hopkins Whiting School of Engineering. Processing needs for deep space, scientific, and National Security spacecraft software are continually evolving to support exceedingly diverse mission requirements. As a result of this evolution, Spacecraft software engineers require a pathway for rapidly testing, updating, and deploying software to on-orbit cloud processing clusters in an economical and responsible way. InSECTS supports this need by providing a low-cost prototype of an on-orbit processing architecture affording developers the capability to test and deploy cloud-based software to operational spacecraft, while mitigating the risks involved with traditional space system development. The InSECTS digital architecture supports any open-source initiative compliant containerized application on a hardware agnostic distributed Commercial Off the Shelf (COTS) computing environment. Additionally, by utilizing preexisting container orchestration software the environment is inherently redundant across multiple independent processing suites. Finally, InSECTS design is configurable which allows it to function as a payload on a small satellite or as its own microsatellite. The InSECTS cloud-agnostic ground system is accessible with Internet of Things (IoT) devices and has a Development Operations (DEVOPS) pipeline that supports open-source software code development. This gives engineers and researchers building software the ability to write, integrate, and deploy software containers into the InSECTS environment using development tools broadly accessible across the industry. To verify these technical solutions, an InSECTS prototype was demonstrated at Johns Hopkins University by deploying an autonomy software cluster able to control a thermal control system model designed after the NASA/APL Dragonfly thermonuclear generator. As a result of this successful test, further InSECTS development at Johns Hopkins is planned and may include a functional small satellite for on-orbit testing. This satellite would provide a testbed for containerized processing in the space environment utilizing COTS hardware for cloud-agnostic software deployments capable of supporting the diverse processing requirements of future National Security and deep space systems.","1095-323X","978-1-6654-9032-0","10.1109/AERO55745.2023.10115658","","https://ieeexplore.ieee.org/stamp/stamp.jsp?arnumber=10115658","","Space vehicles;Cloud computing;Insects;Small satellites;Computer architecture;Software;Hardware","","","","6","IEEE","15 May 2023","4-11 March 2023","4-11 March 2023","IEEE","IEEE Conferences"
"Continuous Integration of Applications for ONOS","M. Großmann; C. Ioannidis","Computer Networks Group, University of Bamberg, Bamberg, Germany; Computer Networks Group, University of Bamberg, Bamberg, Germany",2019 IEEE Conference on Network Softwarization (NetSoft),"22 Aug 2019","2019","","","213","217","Micro-services dominate tomorrows virtualized network infrastructures and are going to abolish monolithic software. Paradigms like fog computing and the Internet of Things require virtualized packages of software to be distributed all over the network to form a service chain that enhances the overall Quality of Service. Therefore, SDN controllers need to be extendable, flexible, updatable, and manageable, which necessitates automation in the controller's application development and deployment. Such novel agile service management up-rose due to the increasing demand of micro-service structures in data centers and nowadays falls into the scope of DevOps activities. In our paper, we build a sample application for ONOS and deploy it within a virtualized environment to different infrastructures. Additionally, we provide an evaluation of different Continuous Integration (CI) tools for building and deploying our ONOS controller application. Our investigation shows the applicability of current CI solutions regarding an automated build, test, and deploy chain for SDN controller applications.","","978-1-5386-9376-6","10.1109/NETSOFT.2019.8806696","","https://ieeexplore.ieee.org/stamp/stamp.jsp?arnumber=8806696","SDN;Virtualization;ONOS;Docker;ARM;Continuous Integration","Software;Topology;Control systems;Buildings;Containers;Network topology;Computer architecture","","12","","8","IEEE","22 Aug 2019","24-28 June 2019","24-28 June 2019","IEEE","IEEE Conferences"
"On-Demand Cardiac Digital Twins: A Case Study on DevOps workflows for Digital Twin Platforms","P. Yelkotwar; R. Raj; A. Pingle; P. Talasila; N. Goveas","Department of Computer Science and Information Systems, BITS Pilani, K K Birla Goa Campus, India; Department of Computer Science and Information Systems, BITS Pilani, K K Birla Goa Campus, India; Department of Computer Science and Information Systems, BITS Pilani, K K Birla Goa Campus, India; Department of Electrical and Computer Engineering, Aarhus University, Denmark; Department of Computer Science and Information Systems, BITS Pilani, K K Birla Goa Campus, India",2025 ACM/IEEE 28th International Conference on Model Driven Engineering Languages and Systems Companion (MODELS-C),"10 Dec 2025","2025","","","236","242","Digital Twins (DTs), when integrated with physical systems and their virtual representations, can support real-time analysis, simulations, and decision-making. A major barrier to creating DTs is the effort required to put together the techniques and technologies developed by subject experts. The Digital Twin as a Service (DTaaS) is a DT platform that helps in DT development by creating collaborative environments in which users can develop, use, and share DTs. While experts can create and customize DTs to their needs, non-expert users benefit from automated solutions for on-demand deployment and execution of DTs. Modern software engineering practices such as Development and Operations (DevOps) have produced architectural solutions for a scalable deployment of software products. In this work, we present our contribution to the integration of DevOps workflows with the DTaaS platform. We develop a cardiac DT for ECGbased preventive diagnostics of the human heart. The same DT is used to demonstrate an implementation of DevOps workflows on the DTaaS platform. We find that our proposed solution is suitable for time-sensitive applications and flexible enough to be used with other DT platforms.","","979-8-3315-7990-6","10.1109/MODELS-C68889.2025.00041","Innovation Fund; ","https://ieeexplore.ieee.org/stamp/stamp.jsp?arnumber=11273305","Digital Twins;ECG;IoT Systems;Continuous Integration;Cloud Deployment;DTaaS;3D Simulation","Heart;Solid modeling;DevOps;Three-dimensional displays;Electrocardiography;Software;Real-time systems;Model driven engineering;Digital twins;Software engineering","","","","31","IEEE","10 Dec 2025","5-10 Oct. 2025","5-10 Oct. 2025","IEEE","IEEE Conferences"
"If Docker is the Answer, What is the Question?","H. Zhu; I. Bayley","School of Engineering, Oxford Brookes University, Oxford OX33 1HX, UK; School of Engineering, Oxford Brookes University, Oxford OX33 1HX, UK",2018 IEEE Symposium on Service-Oriented System Engineering (SOSE),"17 May 2018","2018","","","152","163","The recent rise of cloud computing poses serious challenges for software engineering because it adds complexity not only to the platform and infrastructure, but to the software too. The demands on system scalability, performance and reliability are ever increasing. Industry solutions with widespread adoption include the microservices architecture, the container technology and the DevOps methodology. These approaches have changed software engineering practice in such a profound way that we argue that it is becoming a paradigm shift. In this paper, we examine the current support of programming languages for the key concepts behind the change in software engineering practice and argue that a novel programming language is required to support the new paradigm. We report a new programming language CAOPLE and its associated Integrated DevOps Environment CIDE and demonstrate the utility of both.","","978-1-5386-5207-7","10.1109/SOSE.2018.00027","","https://ieeexplore.ieee.org/stamp/stamp.jsp?arnumber=8359160","Cloud computing;Microservices;Container technology;DevOps;Service agent orientation;Software engineering paradigms;Parallel and distributed programming models;Software development methodology;Programming languages;Integrated Software Development Environment.","Containers;Object oriented modeling;Computational modeling;Software;Software engineering;Computer architecture;Computer languages","","8","","39","IEEE","17 May 2018","26-29 March 2018","26-29 March 2018","IEEE","IEEE Conferences"
"Continuous Integration and Continuous Delivery with Microcontrollers Applications","F. G. Tinetti; A. A. Santi; M. Méndez","Facultad de Informática, UNLP CIC Provincia de Buenos Aires, La Plata, Argentina; Facultad de Informática, Universidad Nacional de La Plata, La Plata, Argentina; Facultad de Ingeniería, Universidad de Buenos Aires Ciudad Autónoma de Bs. As., Argentina",2023 International Conference on Computational Science and Computational Intelligence (CSCI),"19 Jul 2024","2023","","","1085","1090","This paper presents an approach to streamline the software development process using microcontrollers via a popular practice of recent years: CI/CD (Continuous Integration/ Continuous Delivery or Deployment). Essentially, this practice involves automating different stages of the development process to save time, such as building, testing, and subsequent deployment. By doing so, a system is created to work smoothly and continuously, partially relieving developers of tasks that can be automated. Our approach involves the design and implementation of a compact server for interacting with various agents/tasks related to microcontrollers-based applications development. Thus, the created system is capable of automating at least a portion of the software development process, ultimately providing significant advantages for microcontrollers applications programmers.","2769-5654","979-8-3503-6151-3","10.1109/CSCI62032.2023.00179","","https://ieeexplore.ieee.org/stamp/stamp.jsp?arnumber=10590376","Microcontrollers;ESP32;CI/CD;Arduino;Over-The-Air (OTA) Updates;Distributed Systems;Real-Time Systems","Microcontrollers;Scientific computing;Buildings;Continuous integration;Servers;Task analysis;Computational intelligence","","","","21","IEEE","19 Jul 2024","13-15 Dec. 2023","13-15 Dec. 2023","IEEE","IEEE Conferences"
"Model Drift Detection and Automated Retraining in Production ML System","V. Srinivasan; J. R; A. R; Chethan","Department of MCA, Dayananda Sagar College of Engineering, Bengaluru, India; Department of MCA, Dayananda Sagar College of Engineering, Bengaluru, India; Department of MCA, Dayananda Sagar College of Engineering, Bengaluru, India; Department of MCA, Dayananda Sagar College of Engineering, Bengaluru, India",2025 6th International Conference on Smart Electronics and Communication (ICOSEC),"7 Apr 2026","2025","","","1560","1564","This paper presents DRIFT-ACT (Drift-Aware Continuous Training), a practical and modular framework designed to tackle the persistent challenge of model performance degradation in real-world AI systems. DRIFT-ACT combines real-time drift detection using lightweight statistical monitoring techniques with automated retraining pipelines powered by MLOps tools. Instead of modifying the core model architecture, DRIFT-ACT operates as a thin, flexible layer on top of existing systems monitoring, detecting, and adapting to shifts in data or concept distributions without human intervention. Tested across synthetic and real-world production scenarios, DRIFT-ACT significantly improves model robustness over time, reduces manual maintenance effort, and ensures sustained performance consistency. Beyond the technical solution, this work serves as a practical blueprint for deploying resilient ML systems in dynamic, high-impact environments.","","979-8-3315-9859-4","10.1109/ICOSEC67334.2025.11459598","","https://ieeexplore.ieee.org/stamp/stamp.jsp?arnumber=11459598","Model Drift;Concept Drift;Data Drift;Automated Retraining;MLOps;Monitoring;CI/CD;MLflow;Evidently AI (key words)","Feedback;Circuits;Internet of Things;LoRa;Internet;Communication systems;Protocols;Data communication;HTTP;Feedback loop","","","","14","IEEE","7 Apr 2026","24-26 Sept. 2025","24-26 Sept. 2025","IEEE","IEEE Conferences"
"Open Banking & APIs for Transformation in Banking","A. Premchand; A. Choudhry","DevOps Architect, Presales & Solutions, Banking Technology Group, Tata Consultancy Services, Chennai, India; Solution Architect, Banking Technology Group, Tata Consultancy Services, New Delhi, India","2018 International Conference on Communication, Computing and Internet of Things (IC3IoT)","18 Mar 2019","2018","","","25","29","Open Banking and Open APIs have gained momentum and have grown from purely technical capabilities to being of business relevance. Open Banking is an innovative model for the financial industry not only from competition perspective but also from customer engagement perspective. Banks will have to help their customers with superior and more agile offerings. Banks should enable their customers to manage their financial affairs, make better decisions, save money etc. Digital disruption, FinTechs and Regulatory compliance such as Revised Payment Services Directive (PSD2) have accelerated the competition and forced banks to open up their systems. Using API, banks can transform their core systems for innovations and can integrate with internal system and external partners in a simpler, secure and controlled way.This paper takes a look at why open API is the foundation of open banking, values creating using open APIs, open banking framework/building blocks, and challenges faced by banks in implementing the open banking. It also highlights the various initiatives taken for API standardization.","","978-1-5386-2459-3","10.1109/IC3IoT.2018.8668107","","https://ieeexplore.ieee.org/stamp/stamp.jsp?arnumber=8668107","Open banking;open API;PSD2;open banking framework;API standardization;open data;financial institutions;banks","Banking;Standards;Organizations;Security","","42","","5","IEEE","18 Mar 2019","15-17 Feb. 2018","15-17 Feb. 2018","IEEE","IEEE Conferences"
"Architecture Simplification at Large Institutions using Micro Services","A. Premchand; A. Choudhry","DevOps Architect, Presales & Solutions, Banking Technology Group, Tata Consultancy Services, Chennai, India; Solution Architect, Banking Technology Group, Tata Consultancy Services, New Delhi, India","2018 International Conference on Communication, Computing and Internet of Things (IC3IoT)","18 Mar 2019","2018","","","30","35","As technocrats and technical architects, each day we are challenged by the maze of complex monolithic applications that have become characteristic of large organizations, especially financial institutions. In this paper, we focus on rehabilitation of such monstrous architectural spaces using the lever of microservices. In our recent experience, there is a lot of interest in the field of microservices especially elicited due to the complexity of architecture and near impossibility of managing them as-is rationally. It is our effort to focus on what microservices are and how they can be used to great advantage for architecture simplification exercises especially at large institutions.","","978-1-5386-2459-3","10.1109/IC3IoT.2018.8668173","","https://ieeexplore.ieee.org/stamp/stamp.jsp?arnumber=8668173","Microservices;micro service;architecture;simplification;rationalization;financial institutions;banks;monolithic applications","Computer architecture;Organizations;Scalability;Banking;Complexity theory;Maintenance engineering","","3","1","8","IEEE","18 Mar 2019","15-17 Feb. 2018","15-17 Feb. 2018","IEEE","IEEE Conferences"
"Software Services Engineering Manifesto - A Cross-Cutting Declaration","C. K. Chang; P. Ceravolo; R. N. Chang; S. Helal; Z. Jin; X. Liu; H. Ming","Iowa State University; University of Milan; IBM T.J., Watson Research Center; University of Florida; Peking University; Peking University; Oakland University",2021 IEEE International Conference on Web Services (ICWS),"11 Nov 2021","2021","","","703","709","As we have entered the Internet-of-Things (IoT) era, further blessed with rapid advances in several key technological areas including DevOps, AI/ML, 5G/6G/, neurocomputing, to name a few, it is imperative we think big and aim high. This new venture will require professionals in both software engineering and services computing to collaborate with an unprecedented intensity, and jointly develop the new interdisciplinary field hereby named Software Services Engineering (SSE). In SSE, the ever-deepening system dynamics emerging from both environments and humans in varying contexts are imposing steep challenges to both researchers and practitioners. Humans, both developers and the vast number of end users, are embedded ever closer to IoT environments, and are being afforded ample opportunities to continuously inject inputs during system development and after deployment. In fact, humans are increasingly playing the roles of both sensor and actuator. Traditional requirements engineering researchers are being lured more than ever into exploiting the IoT environments where human users are deeply embedded, to gather contextual information that inevitably introduces lots of ambiguity and uncertainty. Provisioning of highly adaptable and scalable microservices would be key to timely meeting ever-changing human desires and ever-evolving system requirements in the nimblest manner. As such, an ultra-agile and field-programmable development methodology and environment will be imperative to achieving such ultrafine grained microservices provisioning. Such ultra-agility and ultrafine granularity requirements imposed to the services industry obligate company executives to expect extreme manageability assurance to become the centroid of system operations and administration. The ultimate goal in pursuit of such a noble dream will be to provide genuinely individualized and trustworthy service, possibly enabled by AI, but it should be both explainable and ethical. Facing such grand challenges, this declaration samples a subset of burning issues in SSE through observations in seven themes, only meant to be starting points for the SSE community to further investigate. Through our declarations we also call for heightened attention to an assorted array of existing, barely emerging or non-existent services computing and software engineering methods for a concerted effort to research and explore.","","978-1-6654-1681-8","10.1109/ICWS53863.2021.00014","","https://ieeexplore.ieee.org/stamp/stamp.jsp?arnumber=9590227","agile;AI;context-aware;DevOps;IoT;microservice;ML;requirements engineering;services computing;situation-aware;software engineering;software services engineering;uncertainty","Industries;Ethics;Uncertainty;Web services;System dynamics;Systems operation;Service computing","","5","","53","IEEE","11 Nov 2021","5-10 Sept. 2021","5-10 Sept. 2021","IEEE","IEEE Conferences"
"Walker: DevOps Inspired Workflow for Experimentation","M. Chwalisz; K. Geissdoerfer; A. Wolisz","Telecommunication Networks Group, Technische Universität Berlin, Berlin, Germany; Networked Embedded Systems Group, Technische Universität Dresden, Dresden, Germany; Telecommunication Networks Group, Technische Universität Berlin, Berlin, Germany",IEEE INFOCOM 2019 - IEEE Conference on Computer Communications Workshops (INFOCOM WKSHPS),"23 Sep 2019","2019","","","277","282","Experimentation with computer networks under realistic conditions is a necessary step in debugging, profiling and validation towards real deployments and applications. Although the definition of relevant experimentation scenarios is usually relatively straightforward, their implementation and execution are unfortunately difficult and tedious. Generation of extensive experiment documentation assuring replicability is increasingly challenging even for experienced researchers. In this paper, we explain how a typical experimentation workflow can be supported using properly selected tools and components from the DevOps ecosystem, leading to repeatable, well-defined measurements. We start with a general approach using ad-hoc setups. Next, we show how the featured set of tools can be used with, and benefit from, existing testbeds.","","978-1-7281-1878-9","10.1109/INFCOMW.2019.8845199","","https://ieeexplore.ieee.org/stamp/stamp.jsp?arnumber=8845199","Experimentation;Wireless Networks;Monitoring;Wireless Testbeds","Tools;Hardware;Linux;Automation;Operating systems;Ad hoc networks","","2","","24","IEEE","23 Sep 2019","29 April-2 May 2019","29 April-2 May 2019","IEEE","IEEE Conferences"
"Beyond Container CVE Analysis: A GitOps-Based Attestation and Sandbox Framework for Container Supply Chains","E. Syrmos; P. Radoglou-Grammatikis; E. Katsaros; J. S. Banerjee; A. Kazakli; K. Panitsidis; V. Vitsas; P. Sarigiannidis","K3Y, Sofia, Studentski District, Bulgaria; K3Y, Sofia, Studentski District, Bulgaria; K3Y, Sofia, Studentski District, Bulgaria; Department of Computer Science and Engineering (AI & ML), Bengal Institute of Technology, Kolkata, India; K3Y, Sofia, Studentski District, Bulgaria; Department of Management Science & Technology, University of Western Macedonia, Kozani, Greece; Department of Information and Electronic Systems Engineering, International Hellenic University, Thessaloniki, Greece; Department of Electrical and Computer Engineering, University of Western Macedonia, Kozani, Greece","2025 10th South-East Europe Design Automation, Computer Engineering, Computer Networks and Social Media Conference (SEEDA-CECNSM)","19 Jan 2026","2025","","","1","6","As software supply chain accelerate through DevOps automation and continuous delivery, container images have become the primary vector for both application development and security compromise. While static vulnerability scanners can detect known CVEs, they are unable to uncover zero-day malware or runtime threats- particularly in container images sourced from public registries, which are maintained by individual contributors of varying intent and trustworthiness. In this paper, we introduce a GitOps-drive sandboxing framework for proactive and tamper-resistant container image attestation, addressing the urgent need for deeper analysis before deployment. Our approach combines static vulnerability detection with dynamic behavioral inspection using gVisor-based sandboxing. Through filesystem analysis, system call tracing, and network activity monitoring, the framework identifies malicious patterns and anomalies. Adopting this framework will empower developers and security teams to enforce stronger trust guarantees even in the absence of SBOMs or SLSA levels. This framework lays the foundations for a resilient, trustworthy software delivery at scale in compliance with NIST SP 800-218 and ISO/IEC 27001 standards.","","979-8-3315-7102-3","10.1109/SEEDA-CECNSM68644.2025.11329724","","https://ieeexplore.ieee.org/stamp/stamp.jsp?arnumber=11329724","docker;oci;docker containers;devops;cybersecurity;malware detection;tracing;cloud native security","DevOps;Runtime;Social networking (online);Supply chains;Containers;NIST;Malware;Vectors;Computer security;Standards","","","","19","IEEE","19 Jan 2026","19-21 Sept. 2025","19-21 Sept. 2025","IEEE","IEEE Conferences"
"Impedance Matching Technique for Dual-Band Radio Frequency Energy Harvesting Unit utilizing 900MHz (UHF) and 2.45GHz (Wi-Fi) Frequency Band","M. A. T. S. Teleron; A. M. M. Vergara; F. X. Zhu; J. A. Hora","Dept. of Electronics Engineering, Microelectronics Lab, Mindanao State University –Iligan Institute of Technology, Iligan, Philippines; Dept. of Electronics Engineering, Microelectronics Lab, Mindanao State University –Iligan Institute of Technology, Iligan, Philippines; School of Electrical and Data Engineering, University of Technology Sydney, NSW, Australia; Center for Integrated Circuits Design (CICD-Microlab), Mindanao State University - Iligan Institute of Technology, Iligan, Philippines",TENCON 2025 - 2025 IEEE Region 10 Conference (TENCON),"18 Feb 2026","2025","","","1584","1588","This study presents a dual-band impedance matching technique designed for wireless power transfer (WPT) applications operating at 900 MHz (UHF/GSM) and 2.45 GHz (Wi-Fi/ISM) frequencies. The proposed method employs a bridged-T coil (BTC) network integrated with a single-stub tuning approach to simultaneously match the input impedance at both frequency bands, ensuring efficient power delivery. Fabricated using 65nm CMOS technology, the rectifier circuit demonstrates promising performance metrics. At an input power of −15dBm, the power conversion efficiency (PCE) reaches 58.01 percent at 900 MHz and 50.52 percent at 2.45 GHz. Under higher input power of −3 dBm, the peak PCE improves to 68.57 and 57.44 percent for 900 MHz and 2.45 GHz, respectively. The design also achieves a dynamic range of 19.04 dB at 2.45 GHz, indicating robust performance across varying input levels. Furthermore, excellent return loss (S11) values are observed, with −34.48 dB and −13.27 dB at 900 MHz, and −11.28 dB and −16.27 dB at 2.45 GHz for GSM and Wi-Fi bands, respectively.","2159-3450","979-8-3315-3772-2","10.1109/TENCON66050.2025.11375430","Department of Science and Technology (DOST) of the Philippines; DOST-Philippine Council for Industry; ","https://ieeexplore.ieee.org/stamp/stamp.jsp?arnumber=11375430","Energy Harvesting;Dual Band;Bridged T-Coil (BTC);Radio Frequency (RF);Impedance Matching Network (IMN)","GSM;Radio frequency;Tuners;Impedance matching;Dual band;Wireless power transfer;UHF measurements;Reflection;Energy harvesting;Wireless fidelity","","","","33","IEEE","18 Feb 2026","27-30 Oct. 2025","27-30 Oct. 2025","IEEE","IEEE Conferences"
"Weight based Load Balancing in Kubernetes using AWS","S. B; K. T; N. R. G; N. S; J. Noronha","Electronics and Communication Dept, RV College of Engineering, Bangalore, India; Electronics and Communication Dept, RV College of Engineering, Bangalore, India; Electronics and Communication Dept, RV College of Engineering, Bangalore, India; Electronics and Communication Dept, RV College of Engineering, Bangalore, India; Electronics and Communication Dept, RV College of Engineering, Bangalore, India",2023 International Conference on Intelligent Data Communication Technologies and Internet of Things (IDCIoT),"1 Mar 2023","2023","","","629","634","Kubernetes is a container orchestration system to automate software deployment,scaling and management of containers. Kubernetes offers Load Balancer service to distribute external traffic to the pods.Load balancing is the process of distributing network traffic across multiple servers and prevent a single server from being overloaded. This article has discussed about the existing load balancing algorithms and different performance met that affects the load balancing. Canary releases helps to deploy applications or services to a small percentage of users which minimizes the scope, impact, and risk associated with introducing new software assets into production.To implement a weight-based load balancer in Kubernetes using AWS, an healthy Kubernetes cluster is deployed in the AWS. An automated canary deployment approach is utilized, to distribute traffic based on weights assigned to the services. Linkerd and Flagger traffic split functionality helps to dynamically switch the traffic across services. Deployed sample applications, primary version and canary version in the cluster and configured weights of the application. The load balancer shifts the traffic from 10% ,100% with the step size of 10% to Canary version. All the target environment can be updated with small increments such as 10%, 25%, 75%, and 100% traffic load increments.","","978-1-6654-7451-1","10.1109/IDCIoT56793.2023.10053466","","https://ieeexplore.ieee.org/stamp/stamp.jsp?arnumber=10053466","Devops;Cloud Computing;Amazon Web services;Canary deployment;Kubernetes;LoadBalancer;Linkerd;Flagger","Software algorithms;Telecommunication traffic;Production;Switches;Organizations;Containers;Load management","","5","","20","IEEE","1 Mar 2023","5-7 Jan. 2023","5-7 Jan. 2023","IEEE","IEEE Conferences"
"Streamlining Kubernetes Deployments through GitOps Methodologies","S. Kurrewar; S. Dhomane; A. Dahake; R. K. Yadav; N. Wyawahare; N. C. Morris","Department of Data Science, IoT and Cyber Security, GHRCE, Nagpur, India; Department of Data Science, IoT and Cyber Security, GHRCE, Nagpur, India; Department of Data Science, IoT and Cyber Security, GHRCE, Nagpur, India; Department of Data Science and Engineering, Manipal University, Jaipur, India; Department of Data Science, IoT and Cyber Security, GHRCE, Nagpur, India; Department of Data Science, IoT and Cyber Security, GHRCE, Nagpur, India","2025 IEEE International Students' Conference on Electrical, Electronics and Computer Science (SCEECS)","2 Apr 2025","2025","","","1","7","A clear process for automating the deployment of apps on Kubernetes using GitOps concepts is shown, with an emphasis on tools like Helm and Argo CD. The method demonstrates how to improve the effectiveness and reliability of application delivery by utilizing techniques like infrastructure- as-code, YAML configuration files, and CI/CD pipelines through GitHub Actions. The entities can accomplish reliable and repeatable deployments while developing teamwork among development teams by considering Git as the primary source of information. Applications remain in their original state with the support of Argo CD's continuous delivery, and monitoring tools provide data that is insightful on resource use and performance. By optimizing the management of cloud-native apps, our research helps people remain effective in the face of rapidly evolving technology. All things considered, the results demonstrate how applying GitOps techniques can streamline deployment procedures and improve application management in Kubernetes systems.","2688-0288","979-8-3315-2983-3","10.1109/SCEECS64059.2025.10941164","","https://ieeexplore.ieee.org/stamp/stamp.jsp?arnumber=10941164","Kubernetes;GitOps;Infrastructure as code (IAC);Helm;Argo CD;GitHub Actions;CI/CD (continuous integration / continuous delivery) pipeline;Kubernetes manifest files;YAML configuration;Cloud-native applications;multi-cluster management","Computer science;Pipelines;Continuous integration;Reliability engineering;Teamwork;Monitoring;Faces","","3","","22","IEEE","2 Apr 2025","18-19 Jan. 2025","18-19 Jan. 2025","IEEE","IEEE Conferences"
"On Automating FPGA Design Build Flow Using GitLab CI","C. Eguzo; B. Scherer; D. Keßel; I. Bekman; M. Streun; M. Schlosser; S. van Waasen","Central Institute of Engineering, Electronics and Analytics-Electronic Systems (ZEA-2), Forschungszentrum Jülich GmbH, Jülich, Germany; Central Institute of Engineering, Electronics and Analytics-Electronic Systems (ZEA-2), Forschungszentrum Jülich GmbH, Jülich, Germany; Central Institute of Engineering, Electronics and Analytics-Electronic Systems (ZEA-2), Forschungszentrum Jülich GmbH, Jülich, Germany; Central Institute of Engineering, Electronics and Analytics-Electronic Systems (ZEA-2), Forschungszentrum Jülich GmbH, Jülich, Germany; Central Institute of Engineering, Electronics and Analytics-Electronic Systems (ZEA-2), Forschungszentrum Jülich GmbH, Jülich, Germany; Central Institute of Engineering, Electronics and Analytics-Electronic Systems (ZEA-2), Forschungszentrum Jülich GmbH, Jülich, Germany; Central Institute of Engineering, Electronics and Analytics-Electronic Systems (ZEA-2), Forschungszentrum Jülich GmbH, Jülich, Germany",IEEE Embedded Systems Letters,"29 May 2024","2024","16","2","227","230","Building and testing software for embedded systems can be challenging with an impact on delivery time, design reproducibility, and collaboration among project contributors. To accelerate project development, presented here is an automated build flow that utilizes Xilinx PetaLinux, and field programmable gate array (FPGA) hardware description and integrates with the GitLab continuous integration and continuous deployment (CI/CD) framework for embedded targets. This build flow automates the complete process of FPGA implementation, PetaLinux configuration, and cross-compilation of software essentials for the target system-on-chip (SoC). The system has been successfully deployed in cross-compiling the control and command toolset for the Positron Emission Tomography scanner (PhenoPET) and the implementation of the message queuing telemetry transport (MQTT) service on a Xilinx Zynq Ultrascale MPSoC. This approach can be easily adapted to other projects with specific requirements.","1943-0671","","10.1109/LES.2023.3314148","","https://ieeexplore.ieee.org/stamp/stamp.jsp?arnumber=10247255","Automation;continuous integration and continuous deployment (CI/CD);cross-compilation;embedded Linux;field programmable gate array (FPGA);PetaLinux;software development","Field programmable gate arrays;Hardware;Testing;Pipelines;Automation;Computer architecture;Positron emission tomography","","2","","17","IEEE","12 Sep 2023","June 2024","","IEEE","IEEE Journals"
"1 μA Quiescent All-MOS Subthreshold Design Technique of Voltage Reference for Biomedical and IoT Device Applications","J. M. A. Gorospe; J. A. Hora; X. Zhu","Center for Integrated Circuits Design (CICD-Microlab), Mindanao State University-Iligan Institute of Technology, Iligan City, Philippines; Center for Integrated Circuits Design (CICD-Microlab), Mindanao State University-Iligan Institute of Technology, Iligan City, Philippines; University of Technology Sydney, NSW, Australia",TENCON 2024 - 2024 IEEE Region 10 Conference (TENCON),"5 Mar 2025","2024","","","230","233","Novel low-voltage, low-power voltage reference circuit is introduced, capable of functioning down to 350m V with a power consumption of 6.2n W (with a quiescent current of 4.3nA) at room temperature. Implemented in a 65nm process node, the circuit utilizes a topology in the weak inversion region of transistors. Although weak inversion operation is sensitive to temperature and process variability, the circuit employs compensation techniques ensuring independence from process, voltage, and temperature variations. Simulation results using Monte Carlo Analysis shows that VTH dependence can be reduced to less than ± 1 % (3σ) and with minimum PSRR of 50.52 dB and 56.19 dB at 100Hz and 10MHz respectively. Furthermore since it is a resistor-less voltage reference, it only consumes a very small die area which is advantageous in biomedical and portable applications.","2159-3450","979-8-3503-5082-1","10.1109/TENCON61640.2024.10902720","","https://ieeexplore.ieee.org/stamp/stamp.jsp?arnumber=10902720","65nm process;low voltage ultra-low power;process variation;sub-threshold","Temperature sensors;Low voltage;Power demand;Monte Carlo methods;Simulation;Low power electronics;Voltage;Topology;Transistors;Standards","","","","25","IEEE","5 Mar 2025","1-4 Dec. 2024","1-4 Dec. 2024","IEEE","IEEE Conferences"
"Multi-Domain Modeling for Change Management in Cyber-Physical Production Systems Engineering","F. Rinker; K. Meixner; D. Vysoká; S. Biffl",Christian Doppler Laboratory for Security and Quality Improvement in the Production System Lifecycle (CDL-SQI); Christian Doppler Laboratory for Security and Quality Improvement in the Production System Lifecycle (CDL-SQI); Christian Doppler Laboratory for Security and Quality Improvement in the Production System Lifecycle (CDL-SQI); Christian Doppler Laboratory for Security and Quality Improvement in the Production System Lifecycle (CDL-SQI),2024 IEEE 29th International Conference on Emerging Technologies and Factory Automation (ETFA),"16 Oct 2024","2024","","","1","8","To develop Cyber-Physical Production Systems (CPPSs), engineers from various domains work together from their respective work environments. However, exchanging arti-facts between these domain-specific views is hard, if the representations of similar concepts differ. This paper introduces the Multi-Domain Modeling for CPPS (MDM-CPPS) method to facilitate (i) defining view-specific local concepts; (ii) negotiating a common concept view for collaborating domains and their dependencies; and (iii) for reviewing the impact of local property changes on related domain views, based on established GitOps practices and on semantic analysis. We evaluated MDM-CPPS with a tool chain prototype in a feasibility study on an industrial use case. The study results indicate MDM-CPPS to provide (i) effective means for common system understanding, (ii) efficient change coordination, and (iii) effective CPPS asset management.","1946-0759","979-8-3503-6123-0","10.1109/ETFA61755.2024.10710656","Christian Doppler Research Association; ","https://ieeexplore.ieee.org/stamp/stamp.jsp?arnumber=10710656","multi-domain modeling;change management;GitOps;DevOps;LSP;domain-specific languages;CPPS engi-neering;multi-disciplinary engineering","Production systems;Analytical models;Semantics;Prototypes;Asset management;Manufacturing automation","","","","25","IEEE","16 Oct 2024","10-13 Sept. 2024","10-13 Sept. 2024","IEEE","IEEE Conferences"
"The Science of Threat Modeling in Complex Industrial Systems","S. Singh; P. Desai; S. Amilkanthwar",NA; NA; NA,2025 Cyber Awareness and Research Symposium (CARS),"21 Jan 2026","2025","","","1","7","As modern computing environments evolve into intricate, distributed ecosystems that span native cloud architectures, microservices, IoT networks, and multi-cloud infrastructures, the need for robust, scalable, and adaptive threat modeling has never been more urgent. Traditional methodologies such as STRIDE and PASTA, while foundational, fall short in addressing the dynamic nature, scale, and interdependencies of complex systems. This paper dives into a comprehensive analysis of the limitations of classical approaches and highlights emerging advances designed to meet contemporary security challenges that are immediately applicable to complex systems that are typical in the industry. We synthesize the recent literature across multiple domains to evaluate adaptive methodologies that incorporate automation, graph based modeling, DevSecOps pipeline integration, infrastructure-as-code (IaC) scanning, and AI assisted threat analysis. The paper also introduces a comparative framework to assess traditional and modern techniques across representative system architectures, including IoT, microservices, and native cloud deployments. We identify open research challenges, such as continuous threat modeling, collaborative usability, and integration of run time telemetry, and offer actionable recommendations for building context aware, scalable, and living threat models. By uniting classical rigor with modern agility, this work aims to guide industry practitioners and researchers toward the next generation of threat modeling solutions for complex and rapidly evolving environments.","","979-8-3315-9628-6","10.1109/CARS67163.2025.11337795","","https://ieeexplore.ieee.org/stamp/stamp.jsp?arnumber=11337795","Threat Modeling;Complex systems;IoT;Microservices;DevSecOps;Cloud;Multi-Cloud","Threat modeling;Industries;Cloud computing;Adaptation models;Automation;Pipelines;Microservice architectures;Collaboration;Security;Complex systems","","","","20","IEEE","21 Jan 2026","27-30 Oct. 2025","27-30 Oct. 2025","IEEE","IEEE Conferences"
"Automated Consulting for Cloud Native Architectures","A. Rosilier; M. A. Demir; J. J. Prevost","Department of Electrical Engineering, University of Texas at San Antonio, San Antonio, TX, USA; Department of Electrical Engineering, University of Texas at San Antonio, San Antonio, TX, USA; Department of Electrical Engineering, University of Texas at San Antonio, San Antonio, TX, USA",2022 17th Annual System of Systems Engineering Conference (SOSE),"6 Jul 2022","2022","","","472","477","The rapidly growing interest in cloud native applications means more users than ever are needing guidance on how to design and deploy their systems. The Cloud Native Computing Foundation (CNCF) has developed a landscape map that provides the most current collection of both open source and proprietary tools and services, but the breadth of options and the complex relationships between various tools and services can be quite overwhelming. Most users interested in exploring the cloud native space will need to hire an experienced consultant to guide them through the choices, but this can be both cost prohibitive and logistically challenging. This paper describes our work to automate this consulting process and enable users to make intelligent, informed decisions about their architecture design and then deploy the architecture for immediate use.","","978-1-6654-9623-0","10.1109/SOSE55472.2022.9812695","","https://ieeexplore.ieee.org/stamp/stamp.jsp?arnumber=9812695","cloud native architecture;CNCF;consulting;DevOps;tool selection","Technological innovation;Costs;Ecosystems;Computer architecture;Companies;Market research;Service-oriented architecture","","1","","23","IEEE","6 Jul 2022","7-11 June 2022","7-11 June 2022","IEEE","IEEE Conferences"
"DeepRIoT: Continuous Integration and Deployment Of Robotic-IoT Applications","M. Qu; J. He; Z. Tucaković; E. Bartocci; D. Ničković; H. Isaković; R. Grosu",Technische Universität Wien; Technische Universität Wien; Technische Universität Wien; Technische Universität Wien; AIT Austrian Institute of Technology; Technische Universität Wien; Technische Universität Wien,2024 61st ACM/IEEE Design Automation Conference (DAC),"1 Jan 2026","2024","","","1","6","We present DeepRIoT, a continuous integration and continuous deployment (CI/CD) based architecture that accelerates the learning and deployment of a Robotic-IoT system trained from deep reinforcement learning (RL). We adopted a multi-stage approach that agilely trains a multi-objective RL controller in the simulator. We then collected traces from the real robot to optimize its plant model, and used transfer learning to adapt the controller to the updated model. We automated our framework through CI/CD pipelines, and finally, with low cost, succeeded in deploying our controller in a real F1tenth car that is able to reach the goal and avoid collision from a virtual car through mixed reality.","","979-8-3503-4948-1","","","https://ieeexplore.ieee.org/stamp/stamp.jsp?arnumber=11294334","Deep Reinforcement Learning;Sim2Real;DevOps;CI/CD","Training;Adaptation models;Costs;Uncertainty;Transfer learning;Continuous integration;Deep reinforcement learning;Automobiles;Collision avoidance;Robots","","","","25","","1 Jan 2026","23-27 June 2024","23-27 June 2024","IEEE","IEEE Conferences"
"Perceived benefits of Continuous Deployment in Software-Intensive Embedded Systems","A. Dakkak; D. I. Mattos; J. Bosch","Ericsson AB, Stockholm, Sweden; Chalmers University of Technology, Gothenburg, Sweden; Chalmers University of Technology, Gothenburg, Sweden","2021 IEEE 45th Annual Computers, Software, and Applications Conference (COMPSAC)","9 Sep 2021","2021","","","934","941","Continuous Deployment (CD) advocates for quick and frequent deployments of software to production. The goal is to bring new functionality as early as possible to users while learning from their usage. CD has emerged from web-based applications where it has been gaining traction over the past years. While CD is appealing for many software development organizations, empirical evidence on perceived benefits in software-intensive embedded systems is scarce. The objective of this paper is to identify perceived benefits after transitioning to continuous deployment from a long-cycle release and deployment process. To do that, a case study at a multinational telecommunication company was conducted focusing on large and complex embedded software; the Third Generation (3G) Radio Access Network (RAN) software.","0730-3157","978-1-6654-2463-9","10.1109/COMPSAC51774.2021.00126","","https://ieeexplore.ieee.org/stamp/stamp.jsp?arnumber=9529712","Continuous deployment;Agile Software Development;Continuous Software Engineering;DevOps;Software-intensive embedded system","Embedded systems;3G mobile communication;Focusing;Production;Software;Communications technology;Object recognition","","7","","35","IEEE","9 Sep 2021","12-16 July 2021","12-16 July 2021","IEEE","IEEE Conferences"
"Runbook Mesh: MCP-Orchestrated Terraform and Ansible Co-Execution on Azure","S. B. Venkata","The University of Texas at Dallas, Richardson, TX, USA","2026 Second International Conference on Intelligent Systems for Communication, IoT and Security (ICISCoIS)","27 Mar 2026","2026","","","1","7","Hybrid use of Terraform for infrastructure and Ansible for configuration is common on Azure, but the two tools are often joined only by ad hoc scripts and fragile handoffs in CI pipelines. Runbook Mesh proposes a small MCP based control plane that treats Terraform and Ansible as one coordinated change unit rather than two independent stages. Azure DevOps triggers an MCP server that drives a deployment state machine: it receives Terraform plans and apply results, derives a dynamic Ansible inventory from Terraform outputs, and orchestrates configuration playbooks with drain, cordon, and health checks for VM scale sets, AKS nodes, and virtual machines. The MCP enforces simple invariants on ordering, handoff safety, and rollback reachability, and packages each deployment into a witness bundle containing plan digests, state and inventory hashes, play outcomes, and Azure Resource Graph snapshots. The result is an Azure native pattern where infrastructure and configuration share a single timeline, a defined rollback path, and a tamper evident change ledger suited to regulated environments.","","979-8-3315-4596-3","10.1109/ICISCoIS62701.2026.11447687","","https://ieeexplore.ieee.org/stamp/stamp.jsp?arnumber=11447687","Azure;Terraform;Ansible;MCP;infrastructure as code;configuration management;Azure DevOps","DevOps;Codes;Pipelines;Configuration management;Virtual machines;Safety;Servers;Security;Intelligent systems","","","","13","IEEE","27 Mar 2026","8-10 Jan. 2026","8-10 Jan. 2026","IEEE","IEEE Conferences"
"XI Commandments of Kubernetes Security: A Systematization of Knowledge Related to Kubernetes Security Practices","M. S. Islam Shamim; F. Ahamed Bhuiyan; A. Rahman","Dept. of Computer Science, Tennessee Technological University, Cookeville, TN, USA; Dept. of Computer Science, Tennessee Technological University, Cookeville, TN, USA; Dept. of Computer Science, Tennessee Tech. University, Cookeville, TN, USA",2020 IEEE Secure Development (SecDev),"21 Oct 2020","2020","","","58","64","Kubernetes is an open-source software for automat- ing management of computerized services. Organizations, such as IBM, Capital One and Adidas use Kubernetes to deploy and manage their containers, and have reported benefits related to deployment frequency. Despite reported benefits, Kubernetes deployments are susceptible to security vulnerabilities, such as those that occurred at Tesla in 2018. A systematization of Kubernetes security practices can help practitioners mitigate vulnerabilities in their Kubernetes deployments. The goal of this paper is to help practitioners in securing their Kubernetes installations through a systematization of knowledge related to Kubernetes security practices. We systematize knowledge by applying qualitative analysis on 104 Internet artifacts. We identify 11 security practices that include (i) implementation of role-based access control (RBAC) authorization to provide least privilege, (ii) applying security patches to keep Kubernetes updated, and (iii)	implementing pod and network specific security policies.","","978-1-7281-8388-6","10.1109/SecDev45635.2020.00025","","https://ieeexplore.ieee.org/stamp/stamp.jsp?arnumber=9230176","containers;devops;devsecops;grey literature;kubernetes;practices;review;security;systematization of knowledge","Security;Internet;Containers;Servers;Authorization;Authentication;Peer-to-peer computing","","69","","30","IEEE","21 Oct 2020","28-30 Sept. 2020","28-30 Sept. 2020","IEEE","IEEE Conferences"
"Workload Deployment and Configuration Reconciliation at Scale in Kubernetes-Based Edge-Cloud Continuums","D. Hass; J. Spillner","Endress+Hauser InfoServe, Weil am Rhein, Germany; Zurich University of Applied Sciences, Winterthur, Switzerland",2022 21st International Symposium on Parallel and Distributed Computing (ISPDC),"4 Nov 2022","2022","","","121","128","Continuum computing promises the abstraction of physical node location and node platform stack in order to create a seamless application deployment and execution across edges and cloud data centres. For industrial IoT applications, the demand to generate data insights in conjunction with an installed base of increasingly capable edge devices is calling for appropriate continuum computing interfaces. Derived from a case study in industrial water flow monitoring and based on the industry’s de-facto standard Kubernetes to deploy complex containerised workloads, we present an appropriate continuum deployment mechanism based on custom Kubernetes controllers and CI/CD, called Kontinuum Controller. Through synthetic experiments and a holistic cross-provider deployment, we investigate its scalability with emphasis on reconciling adjusted configuration per application and per node, a critical requirement by industrial customers. Our findings convey that Kubernetes by default would enter undesirable oscillation already for modestly sized deployments. Thus, we also discuss possible solutions.","2379-5352","978-1-6654-8802-0","10.1109/ISPDC55340.2022.00026","","https://ieeexplore.ieee.org/stamp/stamp.jsp?arnumber=9934988","Continuum computing;scalability;configuration management","Data centers;Scalability;Distributed computing;Standards;Oscillators;Monitoring;Industrial Internet of Things","","2","","34","IEEE","4 Nov 2022","11-13 July 2022","11-13 July 2022","IEEE","IEEE Conferences"
"Smart Tools in Software Engineering: A Systematic Mapping Study","D. Savchenko; J. Kasurinen; O. Taipale","LUT University / School of Engineering Science (LENS), Lappeenranta, Finland; LUT University / School of Engineering Science (LENS), Lappeenranta, Finland; LUT University / School of Engineering Science (LENS), Lappeenranta, Finland","2019 42nd International Convention on Information and Communication Technology, Electronics and Microelectronics (MIPRO)","11 Jul 2019","2019","","","1509","1513","Software development processes such as waterfall development model have been around for over fifty years, but still, even modern software development approaches, such as DevOps or Test-driven development, fundamentally rely on the same principles and phases as everything before them. Yet, the modern world imposes new challenges for software businesses, and new ways of digital distribution require new ways of resource provisioning and ability to reduce the time-to-market to its absolute minimum. In this study, we identify and analyze the technologies which may be useful for software companies to ease the development and maintenance work by assisting the experts to collect relevant information and observe issues before they cause process disturbances. As a result, we describe a mapping study, which identifies different approaches to developing a smart software engineering tools applying potential technologies such as artificial intelligence, cloud-based service models, adaptive measurement, and other approaches, which could offer significant benefits to the software development process.","2623-8764","978-953-233-098-4","10.23919/MIPRO.2019.8756975","","https://ieeexplore.ieee.org/stamp/stamp.jsp?arnumber=8756975","","Tools;Software;Software engineering;Systematics;Unified modeling language;Technological innovation;Industries","","6","","21","","11 Jul 2019","20-24 May 2019","20-24 May 2019","IEEE","IEEE Conferences"
"A Microservices Identification Method Based on Spectral Clustering for Industrial Legacy Systems","T. Zhong; Y. Teng; S. Ma; J. Chen; S. Yu","Beijing Key Laboratory of Work Safety Intelligent Monitoring, Beijing University of Post and Telecommunications, Beijing, China; Beijing Key Laboratory of Work Safety Intelligent Monitoring, Beijing University of Post and Telecommunications, Beijing, China; Beijing Key Laboratory of Work Safety Intelligent Monitoring, Beijing University of Post and Telecommunications, Beijing, China; Beijing Key Laboratory of Work Safety Intelligent Monitoring, Beijing University of Post and Telecommunications, Beijing, China; Technology and Standards Research Institute, China Academy of Information and Communications Technology, Beijing, China",2023 IEEE Globecom Workshops (GC Wkshps),"21 Mar 2024","2023","","","1331","1337","The advent of Industrial Internet of Things (IIoT) has imposed more stringent requirements on industrial software in terms of communication delay, scalability, and maintainability. Microservice architecture (MSA), a novel software architecture that has emerged from cloud computing and DevOps, presents itself as the most promising solution due to its independently deployable and loosely coupled nature. Currently, practitioners are inclined to migrate industrial legacy systems to MSA, despite numerous challenges it presents. In this paper, we propose an automated microservice decomposition method for extracting microservice candidates based on spectral graph theory to address the problems associated with manual extraction, which is time-consuming, labor-intensive, and highly subjective, The method is divided into three steps. Firstly, static and dynamic analysis tools are employed to extract dependency information of the legacy system. Subsequently, information is transformed into a graph structure that captures inter-class structure and performance relationships in legacy systems. Finally, graph-based clustering algorithm is utilized to identify potential microservice candidates that conform to the principles of high cohesion and low coupling. Comparative experiments with state-of-the-art methods demonstrate the significant advantages of our proposed method in terms of performance metrics. Moreover, Practice show that our method can yield favorable results even without the involvement of domain experts.","","979-8-3503-7021-8","10.1109/GCWkshps58843.2023.10464508","","https://ieeexplore.ieee.org/stamp/stamp.jsp?arnumber=10464508","Industrial Networks;Microservice Architecture;Program Analysis;Spectral Clustering;Cloud Computing","Software architecture;Scalability;Microservice architectures;Clustering algorithms;Computer architecture;Aging;Software","","4","","14","IEEE","21 Mar 2024","4-8 Dec. 2023","4-8 Dec. 2023","IEEE","IEEE Conferences"
"Resilient Cloud Architectures with AI Agents for Enhancing Cybersecurity in Health Information Systems","A. Gundaboina; A. K S","Senior DevsecOps and Cloud Architect, USA; Department of Electronics and Communication Engineering, A.R.J College of Engineering and Technology, Edayarnatham, Tamil Nadu","2025 9th International Conference on Electronics, Communication and Aerospace Technology (ICECA)","13 Feb 2026","2025","","","547","553","The growing adoption of electronic health records (EHRs), Internet of Medical Things (IoMT) devices and cloud-hosted platforms have not only improved healthcare efficiency but also expanded the cybersecurity vulnerabilities by expanding the attack surface. This highlights the need for resilient, adaptive and robust security frameworks in cloud environments. This study presents a resilient cloud architecture with AI agents for enhancing cybersecurity in healthcare information systems. The framework integrates an Isolation Forest (iForest) as a first-layer anomaly detector and XGBoost classifier for supervised intrusion detection, forming a two-layered defense mechanism. The iForest module isolates abnormal traffic patterns and filters potential intrusions, while the XGBoost classifier performs fine-grained classification of retained traffic flows. Together, this hybrid design minimizes false alarms, reduces misclassifications and ensures that benign and attack traffic are accurately distinguished in real time. Using the CIC IoMT 2024 dataset, the hybrid framework achieved an accuracy of 98.48%, a precision of 99.23%, a recall of 98.85%, and an F1-score of 99.04%, outperforming standalone baselines. ROC analysis further confirmed the framework’s superior detection capability with an AUC of 0.99. The framework’s layered adaptability and scalability make it well-suited for securing sensitive medical data and ensuring the continuity of healthcare services.","","979-8-3315-9929-4","10.1109/ICECA66444.2025.11383493","","https://ieeexplore.ieee.org/stamp/stamp.jsp?arnumber=11383493","Resilient Cloud Architecture;Healthcare Cybersecurity;Isolation Forest;XGBoost;Hybrid Model;Intrusion Detection","Cloud computing;Accuracy;Scalability;Transfer learning;Intrusion detection;Medical services;Forestry;Traffic control;Computer security;Information systems","","","","19","IEEE","13 Feb 2026","5-7 Nov. 2025","5-7 Nov. 2025","IEEE","IEEE Conferences"
"Acceptance Testing Optimization Method for Continuous Delivery","P. Hu; C. Chaowen; Y. Ma; X. Wang","Information Engineering University, Zhengzhou, China; Information Engineering University, Zhengzhou, China; Information Engineering University, Zhengzhou, China; Jiaxing University, Jiaxing, China","2021 2nd International Conference on Electronics, Communications and Information Technology (CECIT)","1 Apr 2022","2021","","","168","173","From agile to DevOps, development methods have been extended from continuous integration to continuous delivery. In the acceptance testing before software delivery, the constantly changing software configuration, real user environment, and user-led testing, all of these extend the delivery time and increase the risk of testing. How to further optimize the test and shorten the delivery cycle are problem that must be considered to realize the end-to-end value flow in DevOps. In the testing optimization research, the methods are mainly for regression testing. There are few researches on acceptance testing, and the methods for the acceptance testing mainly focus on specific scenario, that almost none research consider how to shorten the continuous delivery cycle. Aiming at the characteristics of acceptance testing, this paper proposes an acceptance testing optimization method for continuous delivery. For different levels of test cases, test case selection and prioritization are used to optimize test cases. Firstly, the test suite related to requirements is constructed, and the test cases are selected according to the requirements. Then, the test suites are divided into two levels to prioritize. During the test execution, the use case execution actions are streamlined to shorten execution time of the acceptance testing, meet user needs as soon as possible and achieve rapid value delivery. Finally, the method is applied to actual industrial projects for experiments. The results show that the method can reduce the scale of test cases, shorten the test execution times and improve the efficiency of demand satisfaction.","","978-1-6654-3757-8","10.1109/CECIT53797.2021.00037","Natural Science Foundation of Zhejiang Province(grant numbers:LQ22F020004); ","https://ieeexplore.ieee.org/stamp/stamp.jsp?arnumber=9741963","testing optimization;acceptance testing;test case selection;test case prioritization","Diversity reception;Optimization methods;Software;Information and communication technology;Testing","","3","","18","IEEE","1 Apr 2022","27-29 Dec. 2021","27-29 Dec. 2021","IEEE","IEEE Conferences"
"""Unleashing the Potential of Grafana: A Comprehensive Study on Real-Time Monitoring and Visualization""","A. Mehdi; M. K. Bali; S. I. Abbas; M. Singh","Department of Computer Science and Engineering, Apex Institute of Technology, Mohali; Department of Computer Science and Engineering, Apex Institute of Technology, Mohali; Department of Computer Science and Engineering, Apex Institute of Technology, Mohali; Department of Computer Science and Engineering, Apex Institute of Technology, Mohali",2023 14th International Conference on Computing Communication and Networking Technologies (ICCCNT),"23 Nov 2023","2023","","","1","8","Grafana is a powerful and widely adopted open-source tool designed for real-time monitoring and visualization purposes. Its extensive features and functionalities empower organizations to create interactive and customizable dashboards, enabling them to monitor and analyze data from a multitude of sources in real-time. One of the key strengths of Grafana lies in its ability to integrate and visualize data from diverse systems. Whether it's servers, databases, IoT devices, or business applications, Grafana provides a unified platform for consolidating and visualizing data from these sources. This allows users to gain holistic insights into their infrastructure, applications, and business metrics. The user-friendly interface of Grafana makes it accessible to users with varying technical backgrounds. Its intuitive design enables users to easily configure and customize dashboards, selecting the most relevant visualizations and arranging them to suit their specific monitoring needs. This flexibility makes Grafana a versatile solution across multiple domains, including IT operations, DevOps, business intelligence, and IoT monitoring. Efficiency, performance optimizations, and scalability are key considerations in Grafana's design.","2473-7674","979-8-3503-3509-5","10.1109/ICCCNT56998.2023.10306699","","https://ieeexplore.ieee.org/stamp/stamp.jsp?arnumber=10306699","Grafana;DevOps;Monitoring;Operations","Measurement;Scalability;Data visualization;Organizations;Real-time systems;Internet of Things;Visual databases","","6","","20","IEEE","23 Nov 2023","6-8 July 2023","6-8 July 2023","IEEE","IEEE Conferences"
"Responsible Generative AI for Software Development Life Cycle","J. A. Shah; G. Bajpai","Cyber Security Engineering Canada DevOps Community of Pracitce & IEEE YP Toronto, Ontario, Canada; Sofware Development & AI Engineering Canada DevOps Community of Pracitce Ottawa, Ontario, Canada",2025 IEEE World AI IoT Congress (AIIoT),"12 Aug 2025","2025","","","0056","0061","Software practitioners are driving a paradigm shift in software engineering practices by integrating generative AI technology into software development and lifecycle management. Integration of generative AI to plan, design, develop, test and maintain software brings productivity gains and enables rapid software releases, however it also presents ethical challenges. This paper examines strategies for developing software through integration of responsible Generative AI that endures, emphasizing primarily the ethical considerations, and the responsible use of Generative technology. It covers the benefits and challenges of collaborative development with responsible Generative AI technologies. The paper focuses on responsible use of generative AI considerations which are likely to induce software integrity and trust. The paper presents best practices, audits, assessments and benchmarking concepts for Gen AI integrated software development and lifecycle management. Subsequently, the paper highlights the importance of safeguarding the integrity of the software development lifecycle through incorporating responsible AI principles, mainly fairness, bias mitigation, privacy and data security, transparency and accountability. Lastly, presenting recommendation for built-in and add-on capabilities for responsible use of GenAI integration into SDLC which paves the way to the trusted ecosystem of GenAI integration for software practitioners.","","979-8-3315-2508-8","10.1109/AIIoT65859.2025.11105309","","https://ieeexplore.ieee.org/stamp/stamp.jsp?arnumber=11105309","Artificial Intelligence;Generative AI;Software Development Life Cycle;Software Engineering;Security","Productivity;Ethics;Technological innovation;Generative AI;Reviews;Biological system modeling;Organizations;Software;Software development management;Software engineering","","2","","13","IEEE","12 Aug 2025","28-30 May 2025","28-30 May 2025","IEEE","IEEE Conferences"
"Security Scenarios Automation and Deployment in Virtual Environment using Ansible","R. Acheampong; T. C. Bălan; D. -M. Popovici; A. Rekeraho","Electronics and Computers, Transilvania University of Brasov, Brasov, Romania; Electronics and Computers, Transilvania University of Brasov, Brasov, Romania; Faculty of Mathematics and Computer Science, Ovidius University of Constanta, Constanta, Romania; Electronics and Computers, Transilvania University of Brasov, Brasov, Romania",2022 14th International Conference on Communications (COMM),"13 Jul 2022","2022","","","1","7","Cyber security is a 21st-century challenge doubled by the risk introduced by the lack of cyber security workforce. To bridge this workforce gap, cyber security learning environment are necessary. The Cyber range is cyber virtual environment for security training for cyber security professionals. This study presents the next-generation tools for developing Cyber ranges in the cloud and integrates automation with Ansible hence, orchestrating the virtual environment for the efficacy of security testsbeds, equipping the user with cyber security readiness to defend against real-life cyber-attacks. The proposed automation methodology can be also incorporated in continuous integration queues, defining the Infrastructure as Code (IaC) DevSecOps strategy. The developed scalable and reusable platform allows malicious cyber activities to be simulated through automation. The exercises and the tools employed gives security professionals a good understanding of adversary's operations. while the vulnerabilities are mapped to MITRE ATT &CK knowledge base. Our results show that, the developed Cyber range platform is suitable and effective for cyber security training. Notwithstanding, we propose future studies be carried out to look into cyber security problematic in virtual reality (VR) platforms.","","978-1-6654-9485-4","10.1109/COMM54429.2022.9817150","","https://ieeexplore.ieee.org/stamp/stamp.jsp?arnumber=9817150","Cyber range;automation;cyber security;cloud","Training;Bridges;Cloud computing;Automation;Codes;Knowledge based systems;Virtual environments","","5","","19","IEEE","13 Jul 2022","16-18 June 2022","16-18 June 2022","IEEE","IEEE Conferences"
"Container Orchestration Engines: A Thorough Functional and Performance Comparison","I. M. A. Jawarneh; P. Bellavista; F. Bosi; L. Foschini; G. Martuscelli; R. Montanari; A. Palopoli","Dipartimento di Informatica – Scienza e Ingegneria, University of Bologna, Bologna, Italy; Dipartimento di Informatica – Scienza e Ingegneria, University of Bologna, Bologna, Italy; Imola Informatica, Imola (BO), Italy; Dipartimento di Informatica – Scienza e Ingegneria, University of Bologna, Bologna, Italy; Dipartimento di Informatica – Scienza e Ingegneria, University of Bologna, Bologna, Italy; Dipartimento di Informatica – Scienza e Ingegneria, University of Bologna, Bologna, Italy; Dipartimento di Informatica – Scienza e Ingegneria, University of Bologna, Bologna, Italy",ICC 2019 - 2019 IEEE International Conference on Communications (ICC),"15 Jul 2019","2019","","","1","6","In the last decade, novel software architectural patterns, such as microservices, have emerged to improve application modularity and to streamline their development, testing, scaling, and component replacement. To support these new trends, new practices as DevOps methodologies and tools, promoting better cooperation between software development and operations teams, have emerged to support automation and monitoring throughout the whole software construction lifecycle. That affected positively several IT companies, but also helped the transition to the softwarization of complex telco infrastructures in the last years. Container-based technologies played a crucial role by enabling microservice fast deployment and their scalability at low overhead; however, modern container-based applications may easily consist of hundreds of microservices services with complex interdependencies and call for advanced orchestration capabilities. While there are several emerging container orchestration engines, such as Docker Swarm, Kubernetes, Apache Mesos, and Cattle, a thorough functional and performance assessment to help IT managers in the selection of the most appropriate orchestration solution is still missing. This paper aims to fill that gap. Collected experimental results show that Kubernetes outperforms its counterparts for very complex application deployments, while other engines can be a better choice for simpler deployments.","1938-1883","978-1-5386-8088-9","10.1109/ICC.2019.8762053","","https://ieeexplore.ieee.org/stamp/stamp.jsp?arnumber=8762053","","Cows;Containers;Complexity theory;Tools","","76","","16","IEEE","15 Jul 2019","20-24 May 2019","20-24 May 2019","IEEE","IEEE Conferences"
"Anomaly Detection in a Large-Scale Cloud Platform","M. S. Islam; W. Pourmajidi; L. Zhang; J. Steinbacher; T. Erwin; A. Miranskyy","Department of Computer Science, Ryerson University, Toronto, Canada; Department of Computer Science, Ryerson University, Toronto, Canada; Department of Computer Science, Ryerson University, Toronto, Canada; Cloud Platform, IBM Canada Lab, Toronto, Canada; Watson and Cloud Platform, IBM, Austin, USA; Department of Computer Science, Ryerson University, Toronto, Canada",2021 IEEE/ACM 43rd International Conference on Software Engineering: Software Engineering in Practice (ICSE-SEIP),"7 May 2021","2021","","","150","159","Cloud computing is ubiquitous: more and more companies are moving the workloads into the Cloud. However, this rise in popularity challenges Cloud service providers, as they need to monitor the quality of their ever-growing offerings effectively. To address the challenge, we designed and implemented an automated monitoring system for the IBM Cloud Platform. This monitoring system utilizes deep learning neural networks to detect anomalies in near-real-time in multiple Platform components simultaneously. After running the system for a year, we observed that the proposed solution frees the DevOps team's time and human resources from manually monitoring thousands of Cloud components. Moreover, it increases customer satisfaction by reducing the risk of Cloud outages. In this paper, we share our solutions' architecture, implementation notes, and best practices that emerged while evolving the monitoring system. They can be leveraged by other researchers and practitioners to build anomaly detectors for complex systems.","","978-1-6654-3869-8","10.1109/ICSE-SEIP52600.2021.00024","","https://ieeexplore.ieee.org/stamp/stamp.jsp?arnumber=9402147","","Cloud computing;Time series analysis;Detectors;Reliability;Monitoring;Best practices;Software engineering","","37","","57","IEEE","7 May 2021","25-28 May 2021","25-28 May 2021","IEEE","IEEE Conferences"
"OpenWolf: A Serverless Workflow Engine for Native Cloud-Edge Continuum","C. Sicari; L. Carnevale; A. Galletta; M. Villari","Department of Mathematics and Computer Sciences, Physical Sciences and Earth Sciences, University of Messina, Messina, Italy; Department of Mathematics and Computer Sciences, Physical Sciences and Earth Sciences, University of Messina, Messina, Italy; Department of Mathematics and Computer Sciences, Physical Sciences and Earth Sciences, University of Messina, Messina, Italy; Department of Mathematics and Computer Sciences, Physical Sciences and Earth Sciences, University of Messina, Messina, Italy","2022 IEEE Intl Conf on Dependable, Autonomic and Secure Computing, Intl Conf on Pervasive Intelligence and Computing, Intl Conf on Cloud and Big Data Computing, Intl Conf on Cyber Science and Technology Congress (DASC/PiCom/CBDCom/CyberSciTech)","13 Dec 2022","2022","","","1","8","Nowadays, Serverless computing is emerging as one of the most used Cloud services. In particular, the Function as Service (FaaS) is bringing to Cloud consumers, developers, and devops many advantages in terms of service costs, speed of development, and ease of deployment. In fact, it stands to be a key technology for enabling the Cloud-Edge Continuum. Regardless of these features, it is still not possible to build FaaS native applications without a Cloud broker that coordinates the functions. Therefore, FaaS usage is limited to very simple and specific jobs. In this work, we brush up on the concept of Scientific Workflow using the FaaS paradigm, in order to realize full Native Serverless Workflows-based applications. We define a custom Workflow Manifest DSL used to describe function interactions, then we describe the implementation of an agent able to deploy architecture-independent functions and coordinate them according to the Manifest. Finally, federating the Cloud-Fog-Edge tiers in a single Continuum environment, we allow functions to take advantage of the Continuum tier’s characteristics where they are deployed. This project is called OpenWolf, it’s repository is published on GitHub, under GNU General Public License v3.0.","","978-1-6654-6297-6","10.1109/DASC/PiCom/CBDCom/Cy55231.2022.9927926","","https://ieeexplore.ieee.org/stamp/stamp.jsp?arnumber=9927926","Workflow;Serverless;Cloud-Edge Continuum;FaaS Composition;FaaS","Costs;Brushes;Serverless computing;Licenses;Big Data;DSL;Engines","","10","","27","IEEE","13 Dec 2022","12-15 Sept. 2022","12-15 Sept. 2022","IEEE","IEEE Conferences"
"The Impact of TV White Space (TVWS) and 5G Networks on Bimodal Learning for Master's Programs in Engineering Science at the Higher Institute of Technology, University of Bangui","N. Edgard; Z. -P. Nathan; K. G. M. Saint-Juste","Department of computer engineering, Doctoral School of Science and Technology (EDST) Faculty of Science University of Bangui, Bangui, Central African Republic; Department of computer engineering, Doctoral School of Science and Technology (EDST) Faculty of Science University of Bangui, Bangui, Central African Republic; Department of computer engineering, Doctoral School of Science and Technology (EDST) Faculty of Science University of Bangui, Bangui, Central African Republic","2025 International Conference on Computational, Communication and Information Technology (ICCCIT)","24 Mar 2025","2025","","","880","885","In this study, we presente digital solution for training master's students in engineering sciences, using a bimodal learning approach at the Higher Institute of Technology of Bangui's University. This proposal addresses the lack of master's-level programs in DevOps and Network Telecommunications, as well as the insufficient expertise of local educators in Information and Communication Technology (ICT). It also aims to strengthen the instruction of science, technology, engineering, and mathematics (STEM). The solution is based on remote learning platforms hosted in the public cloud, engaging students and teachers in a bimodal teaching model that delivers simultaneous instruction to both inperson and remote students via a high-speed TV White Space (TVWS) and 5G network. The expected impact is the training of competent engineers capable of successfully carrying out projects in the domain of information and communication technology, thereby contributing to the development of the Central African Republic.","","979-8-3315-1296-5","10.1109/ICCCIT62592.2025.10927912","","https://ieeexplore.ieee.org/stamp/stamp.jsp?arnumber=10927912","Digital Training;STEM;Bimodal Teaching;High-Speed Networks","Training;TV;DevOps;Distance learning;5G mobile communication;White spaces;Information and communication technology;Telecommunications;Proposals;STEM","","","","24","IEEE","24 Mar 2025","7-8 Feb. 2025","7-8 Feb. 2025","IEEE","IEEE Conferences"
"Agile, Continuous Integration, and DevOps","C. K. Chang","Iowa State University, USA",2019 IEEE 43rd Annual Computer Software and Applications Conference (COMPSAC),"9 Jul 2019","2019","1","","211","211","The following topics are dealt with: learning (artificial intelligence); Internet; mobile computing; security of data; pattern classification; program testing; Internet of Things; smart phones; neural nets; data mining.","0730-3157","978-1-7281-2607-4","10.1109/COMPSAC.2019.00038","","https://ieeexplore.ieee.org/stamp/stamp.jsp?arnumber=8753966","","Software;Software engineering;Education;Conferences;Floors;Organizations","","2","","0","IEEE","9 Jul 2019","15-19 Jul 2019","15-19 Jul 2019","IEEE","IEEE Conferences"
"GATEKEEPER Platform: Secure Processing Environment for European Health Data Space","E. Gaeta; M. Salman Haleem; L. Lopez-Perez; M. Manea; M. Fernanda Cabrera Umpierrez; M. Teresa Arredondo Waldmeyer; L. Pecchia; G. Fico","ETSIT, Universidad Politécnica de Madrid-Life Supporting Technologies Research Group, Madrid, Spain; School of Engineering, University of Warwick, Coventry, U.K.; ETSIT, Universidad Politécnica de Madrid-Life Supporting Technologies Research Group, Madrid, Spain; Hewlett Packard Enterprise—Network and Security Practice, Cernusco sul Naviglio, Italy; ETSIT, Universidad Politécnica de Madrid-Life Supporting Technologies Research Group, Madrid, Spain; ETSIT, Universidad Politécnica de Madrid-Life Supporting Technologies Research Group, Madrid, Spain; School of Engineering, University of Warwick, Coventry, U.K.; ETSIT, Universidad Politécnica de Madrid-Life Supporting Technologies Research Group, Madrid, Spain",IEEE Access,"28 Feb 2025","2025","13","","34627","34638","The European Health Data Space (EHDS) is a significant initiative within the European Union aimed at improving healthcare through better use of health data and collaboration. This involves sharing and utilization of health data in a secure and interoperable manner across EU member states. With the advent of modern technology, different types of health data are being acquired ranging from traditional electronic health records to real-time wearable signals for improved healthcare delivery and management. However, there are certain challenges associated with compliance to EHDS, such as secure continuous integration (CI) and continuous delivery (CD), scalability and adaptability towards new technologies and applications, tolerance against IoT cyber-attacks, requirement of advanced data storage methods, processing power, interoperability solutions for data analysis and connectivity. In order to address these, a flagship project of the European Commission, GATEKEEPER, represents a pioneering effort designed to transform healthcare delivery through the utilization of sophisticated digital technologies. The architecture of the GATEKEEPER platform has been meticulously crafted, in compliance with the EHDS, to integrate a multitude of data sources, deploying advanced analytical tools to enable the development of novel solutions for the effective prediction, detection, and management of chronic health conditions. GATEKEEPER addresses the aforementioned challenges by integrating collaborative tools for data management and consistency, machine learning modelling and management tool, activity feeds and issue tracking tools with developers authentication, CI/CD tools allowing, among others scalability in multiple formats, tools for assessing security, vulnerability and dependency for third party packages.","2169-3536","","10.1109/ACCESS.2025.3539559","European Union’s Horizon 2020 Research and Innovation Program under GATEKEEPER co-funded by European Regional Development Fund “A Way to Make Europe”(grant numbers:857223); ","https://ieeexplore.ieee.org/stamp/stamp.jsp?arnumber=10883983","CI/CD;data scalability;data security;European health data space;healthcare platform;SecDevOps","Security;Logic gates;Europe;Scalability;Collaboration;Microservice architectures;Computer architecture;Interoperability;DevOps;Electronic healthcare","","5","","35","CCBYNCND","13 Feb 2025","2025","","IEEE","IEEE Journals"
"A DevSecOps-based Assurance Process for Big Data Analytics","M. Anisetti; N. Bena; F. Berto; G. Jeon","Department of Computer Science, Università degli Studi di Milano, Milan, Italy; Department of Computer Science, Università degli Studi di Milano, Milan, Italy; Department of Computer Science, Università degli Studi di Milano, Milan, Italy; Department of Embedded Systems Engineering, Incheon National Univerisity, Seoul, Korea",2022 IEEE International Conference on Web Services (ICWS),"16 Sep 2022","2022","","","1","10","Today big data pipelines are increasingly adopted by service applications representing a key enabler for enterprises to compete in the global market. However, the management of non-functional aspects of the big data pipeline (e.g., security, privacy) is still in its infancy. As a consequence, while functionally appealing, the big data pipeline does not provide a transparent environment, impairing the users’ ability to evaluate its behavior. In this paper, we propose a security assurance methodology for big data pipelines grounded on the DevSecOps development paradigm to increase trustworthiness allowing reliable security and privacy by design. Our methodology models and annotates big data pipelines with non-functional requirements verified by assurance checks ensuring requirements to hold along with the pipeline lifecycle. The performance and quality of our methodology are evaluated in a real walkthrough analytics scenario.","","978-1-6654-8143-4","10.1109/ICWS55610.2022.00017","Università degli Studi di Milano; ","https://ieeexplore.ieee.org/stamp/stamp.jsp?arnumber=9885738","Assurance;Big Data;Trustworthiness;DevSec-Ops","Data privacy;Web services;Pipelines;Globalization;Big Data;Reliability engineering;Data models","","8","","26","IEEE","16 Sep 2022","10-16 July 2022","10-16 July 2022","IEEE","IEEE Conferences"
"MLOps: Automatic, Zero-Touch and Reusable Machine Learning Training and Serving Pipelines","D. Panchal; I. Baran; D. Musgrove; D. Lu","AT&T Middletown, NJ, USA; AT&T Middletown, NJ, USA; AT&T Middletown, NJ, USA; AT&T Dallas, TX, USA",2023 IEEE International Conference on Internet of Things and Intelligence Systems (IoTaIS),"14 Dec 2023","2023","","","175","181","Due to increased interest in Machine Learning, Deep Learning and AI and easy availability of ML toolk-its/libraries/ frameworks as well as talent that has ML skillsets and know-how to use these ML tools, Machine learning model building has become easier and is now being employed to solve a variety of problems across different fields. But when the time comes to be able to take these ML/DL models to production i.e., integrate them with business applications, it is often a challenge. This is due to the many skillsets in software development, cloud, DevOps, system design, data engineering, that this requires. Furthermore, we see that ML engineers or data scientists and software developers often work in silos to make locally optimum decisions without thinking about how the model is going to be used in production, how it is going to be trained on fresh new incoming data and how and when it is going to be replaced with a new better model. In short, most of the time, there is no plan for how models will behave when in production nor any automatic pipelines to manage them. This leads to lots of difficulty in productionalizing the ML models and leads to wasted time and effort. We we will demonstrate how we can take an ML model to production very easily using components from the Acumos AI project and do much more by creating zero-touch i.e., automatic and reusable ML model training and ML model serving pipelines and reusable model infrastructures using Acumos and Nifi. We will create a Cloud Forensics ML model, productionalize it and show how it can be consumed in a business application.","2832-1383","979-8-3503-1904-0","10.1109/IoTaIS60147.2023.10346079","","https://ieeexplore.ieee.org/stamp/stamp.jsp?arnumber=10346079","Acumos;Machine Learning;Deep Learning;MLOps;Platform;ML Pipelines;Microservices;Nifi;Reusable ML;Open Source;AI4EU","Training;Cloud computing;Forensics;Pipelines;Production;Software;Data models","","10","","33","IEEE","14 Dec 2023","28-30 Nov. 2023","28-30 Nov. 2023","IEEE","IEEE Conferences"
"Transformation of Vulnerability Management Through Artificial Intelligence: An Overview of Generative and Learning Models","G. Siewruk; M. Berej","Warsaw University of Technology, Warsaw, Poland; Warsaw University of Technology, Warsaw, Poland",IEEE Access,"20 Feb 2026","2026","14","","24732","24752","Software teams now uncover far more vulnerabilities than they can reasonably triage or fix. At the same time, learning-based analysis and large code models have matured. They can now move beyond pattern matching and into semantic reasoning over code, binaries, dependencies, and infrastructure-as-code (IaC). This article brings these threads together. We organize the field around how models “see” software (tokens and sequences; Abstract Syntax Trees (ASTs)/Control Flow Graphs (CFGs)/Data Flow Graphs (DFGs)/Code Property Graphs (CPGs); Intermediate Representations (IRs) and bytecode; and deployment/configuration artifacts). We then compare families of detectors on both technical and operational grounds. Building on that view, we outline a risk-aware prioritization model. This model combines signals of likelihood, exposure, and impact into clear, auditable policies that reduce effort for the same level of exploited coverage. We also examine how large models can assist with scoring and remediation. Finally, we specify the guardrails-tests, static checks, and policy constraints-needed to keep generated changes reliable and traceable. The result is a practical map: where to integrate capabilities in Continuous Integration/Continuous Deployment (CI/CD), what evidence to retain for audit, and how to measure success using program metrics such as triage time, developer acceptance, and change-failure rate. The paper closes with concrete research directions in multi-modal learning, privacy-preserving training, and safe autonomy for remediation.","2169-3536","","10.1109/ACCESS.2026.3663784","","https://ieeexplore.ieee.org/stamp/stamp.jsp?arnumber=11393471","Cybersecurity;AI;LLM;DevSecOps;vulnerability management;vulnerability analysis;security scanning;AppSec","Codes;Artificial intelligence;Surveys;Measurement;Software;Flow graphs;Databases;Testing;Systematics;Syntactics","","","","96","CCBY","11 Feb 2026","2026","","IEEE","IEEE Journals"
"A Study on the Paradigm Shift in the Validation of Automated Vehicles","T. Düser; D. Fischer; J. Freyer","Institute of Product Engineering (IPEK), Karlsruhe Institute of Technology (KIT), Karlsruhe, Germany; Institute of Product Engineering (IPEK), Karlsruhe Institute of Technology (KIT), Karlsruhe, Germany; Institute of Product Engineering (IPEK), Karlsruhe Institute of Technology (KIT), Karlsruhe, Germany",2023 IEEE International Automated Vehicle Validation Conference (IAVVC),"29 Nov 2023","2023","","","1","6","Due to the increasing level of automation in vehicles, the complexity of the interaction between the vehicle and its surrounding systems is increasing towards a system of systems (SoS). At the same time, the amount of software in the vehicle is expanding, which entails development paradigms for software development. Current validation strategies are no longer suitable for efficient and effective approval of these vehicles. Hence, this paper identifies important challenges in the context of validation and proposes initial solutions.","","979-8-3503-2253-8","10.1109/IAVVC57316.2023.10328076","","https://ieeexplore.ieee.org/stamp/stamp.jsp?arnumber=10328076","validation;cyber-physical systems;credibility;autonomous driving;CI/CD","Automation;Training data;Solids;Software;Data models;Safety;Complexity theory","","2","","29","IEEE","29 Nov 2023","16-18 Oct. 2023","16-18 Oct. 2023","IEEE","IEEE Conferences"
"An Intelligent Hybrid Intrusion Detection and Prevention System for Threat Mitigation in High Bandwidth 5G/6G Network","K. Mavale; A. Ingle; K. P. Kshirsagar; C. M. Reddy; P. D. Honawadajkar; V. M. Marathe","Dept. of Electronics and Telecommunication, Vishwakarma Institute of Information Technology, Pune, India; Dept. of Electronics and Telecommunication, Vishwakarma Institute of Technology, Pune, India; Dept. of Electronics and Telecommunication, Vishwakarma Institute of Technology, Pune, India; School of Computer Science and Artificial Intelligence, SR University, Warangal, Telangana, India; Dept. of Electronics and Telecommunication, JSPM’s RSCOE, Tathwade, Pune, India; Dept. of Engineering Science and Humanities, Vishwakarma Institute of Technology, Pune, India",2025 3rd International Conference on Sustainable Computing and Data Communication Systems (ICSCDS),"24 Sep 2025","2025","","","1888","1893","Fifth Generation (5G) and the impending Sixth Generation (6G) wireless communications revolutionize modern wireless communication with their record-breaking data speeds, low latency, and wide-ranging device connections. Standard Intrusion Detection and Prevention Systems are ineffective in toxic security situations, which are brought on by current developments. In addition to anomaly-detection and signature-matching systems, this presents a new IDS and IPS system that leverages deep learning artificial intelligence to maximize high-speed network protection. The suggested approach is built on Software-Defined Networking, which enables dynamic security policy enforcement and quick threat responses. According to evaluation criteria of processing speed and detection accuracy with low false positive occurrence rates, the integrated solution performs optimally for securing next-generation mobile networks.","","979-8-3315-1250-7","10.1109/ICSCDS65426.2025.11167585","","https://ieeexplore.ieee.org/stamp/stamp.jsp?arnumber=11167585","IDS;IPS;CNN;SVM;Random Forest;Hybrid Detection Model;Cyber Threat Detection;Feature Extraction;Anomaly Detection;Signature Based Detection;Network Traffic Analysis;Machine Learning in Cybersecurity;Software-Defined Networking (SDN);Kaggle dataset;CICD 2017","6G mobile communication;Wireless communication;Deep learning;Prevention and mitigation;Intrusion detection;Feature extraction;Convolutional neural networks;IP networks;Software defined networking;Next generation networking","","1","","15","IEEE","24 Sep 2025","6-8 Aug. 2025","6-8 Aug. 2025","IEEE","IEEE Conferences"
"Performance Evaluation of COINS Framework for Wireless Network Automation","I. Boškov; H. Yetgin; C. Fortuna; M. Mohorčič","Jožef Stefan International Postgraduate School, Ljubljana, Slovenia; Department of Electrical and Electronics Engineering, Bitlis Eren University, Bitlis, Turkey; Department of Communication Systems, Jožef Stefan Institute, Ljubljana, Slovenia; Department of Communication Systems, Jožef Stefan Institute, Ljubljana, Slovenia",2021 Joint European Conference on Networks and Communications & 6G Summit (EuCNC/6G Summit),"28 Jul 2021","2021","","","466","471","With the evolution of mobile communications towards fifth-generation (5G) and beyond, all layers of the wireless networks are increasingly virtualized and software-controlled using automated tools. DevOps tools enabling smooth and fast testing through continuous integration (CI) and rapid deployment through continuous delivery (CD) of the software in cloud environments are permeating also communication infrastructures, eventually leading to the so-called “zero-touch network automation”. Such automation frameworks have been actively used in wireless testing infrastructures, such as FIRE and GENI. For instance, the continuous integration in wireless (COINS) technology development framework has been used in the LOG-a-TEC testbed facility of the FIRE federation. In this paper, we propose a task-based operational structure of COINS for a thorough evaluation of the time for operation (TFO) performance of each task. Moreover, we analyse the impact of different experiments and the number of nodes participating in the experiment on the TFO performance of the COINS framework. The results; i) demonstrate that the device tasks within COINS framework are the bottleneck occupying up to 92.6% of the total TFO, and ii) reveal that the TFO performances of the receive details task on the device side and the gather results task on the server side are significantly diminished with the increased number of nodes participating in the same type of experiment.","2575-4912","978-1-6654-1526-2","10.1109/EuCNC/6GSummit51104.2021.9482454","Slovenian Research Agency(grant numbers:P2-0016); ","https://ieeexplore.ieee.org/stamp/stamp.jsp?arnumber=9482454","Continuous integration;continuous delivery;wireless networks;DevOps;experimentation;network automation;evaluation;operation time;automated operation;Internet of things","Performance evaluation;Automation;Wireless networks;Scalability;Tools;Software;Servers","","2","","10","IEEE","28 Jul 2021","8-11 June 2021","8-11 June 2021","IEEE","IEEE Conferences"
"RobotKube: Orchestrating Large-Scale Cooperative Multi-Robot Systems with Kubernetes and ROS","B. Lampe; L. Reiher; L. Zanger; T. Woopen; R. van Kempen; L. Eckstein","Institute for Automotive Engineering (ika), RWTH Aachen University, Aachen, Germany; Institute for Automotive Engineering (ika), RWTH Aachen University, Aachen, Germany; Institute for Automotive Engineering (ika), RWTH Aachen University, Aachen, Germany; Institute for Automotive Engineering (ika), RWTH Aachen University, Aachen, Germany; Institute for Automotive Engineering (ika), RWTH Aachen University, Aachen, Germany; Institute for Automotive Engineering (ika), RWTH Aachen University, Aachen, Germany",2023 IEEE 26th International Conference on Intelligent Transportation Systems (ITSC),"13 Feb 2024","2023","","","2719","2725","Modern cyber-physical systems (CPS) such as Cooperative Intelligent Transport Systems (C-ITS) are increasingly defined by the software which operates these systems. In practice, microservice architectures can be employed, which may consist of containerized microservices running in a cluster comprised of robots and supporting infrastructure. These microservices need to be orchestrated dynamically according to ever changing requirements posed at the system. Additionally, these systems are embedded in DevOps processes aiming at continually updating and upgrading both the capabilities of CPS components and of the system as a whole. In this paper, we present RobotKube, an approach to orchestrating containerized microservices for large-scale cooperative multi-robot CPS based on Kubernetes. We describe how to automate the orchestration of software across a CPS, and include the possibility to monitor and selectively store relevant accruing data. In this context, we present two main components of such a system: an event detector capable of, e.g., requesting the deployment of additional applications, and an application manager capable of automatically configuring the required changes in the Kubernetes cluster. By combining the widely adopted Kubernetes platform with the Robot Operating System (ROS), we enable the use of standard tools and practices for developing, deploying, scaling, and monitoring microservices in C-ITS. We demonstrate and evaluate RobotKube in an exemplary and reproducible use case that we make publicly available at github.com/ika-rwth-aachen/robotkube.","2153-0017","979-8-3503-9946-2","10.1109/ITSC57777.2023.10422370","","https://ieeexplore.ieee.org/stamp/stamp.jsp?arnumber=10422370","","Microservice architectures;Detectors;Computer architecture;Software;Robots;Monitoring;Standards","","9","","35","IEEE","13 Feb 2024","24-28 Sept. 2023","24-28 Sept. 2023","IEEE","IEEE Conferences"
"Enhancing Operational Efficiency and User Experience in Virtual Workspaces: A Comprehensive Analysis and Action Plan","S. I. Abbas; M. Singh","CSE-APEX, Chandigarh University, Mohali, Punjab, India; CSE-APEX, Chandigarh University, Mohali, Punjab, India",2024 3rd International Conference on Sentiment Analysis and Deep Learning (ICSADL),"25 Jul 2024","2024","","","52","58","The effectiveness and user experience of virtual collaboration technologies become critical as the distant work environment changes. The conclusions and recommendations drawn from a thorough examination of the “Virtual Workspace” feature—a crucial part of the cloud-based collaboration capabilities offered by a fictional SaaS company—are summarized in this abstract. Key operational obstacles were found by the investigation, including inconsistent user engagement, platform responsiveness, and connectivity problems. The diverse range of experiences had by prominent individuals like Elon Musk, Sundar Pichai, and others highlights the complexity of these issues. The remedies that are suggested take a comprehensive approach, addressing technical issues by means of network infrastructure upgrades, honing platform responsiveness through focused development sprints, and encouraging user participation by means of feature improvements. Establishing an ongoing feedback loop and monitoring system also guarantees proactive problem detection and fixing.","","979-8-3503-9615-7","10.1109/ICSADL61749.2024.00014","","https://ieeexplore.ieee.org/stamp/stamp.jsp?arnumber=10601402","IaC;AWS;Azure;Cloud Computing;IoT;DevOps","Deep learning;Feedback loop;Sentiment analysis;Cloud computing;Collaboration;User experience;Remote working","","1","","16","IEEE","25 Jul 2024","13-14 March 2024","13-14 March 2024","IEEE","IEEE Conferences"
"Industry Practice of LLM-Assisted Protocol Fuzzing for Commercial Communication Modules","Q. Fu; C. Liu; Y. Ding; C. Fan; Y. Fu; Y. Chen; Y. Fu; R. Shi; F. Ma; H. Shi","Central South University, Changsha, China; Central South University, Changsha, China; China Mobile IoT Co., Ltd, Chongqing, China; China Mobile IoT Co., Ltd, Chongqing, China; Central South University, Changsha, China; Central South University, Changsha, China; National University of Defense Technology, Changsha, China; Central South University, Changsha, China; Tsinghua University, Beijing, China; Central South University, Changsha, China",2025 40th IEEE/ACM International Conference on Automated Software Engineering (ASE),"28 Jan 2026","2025","","","3157","3167","Fuzzing is widely used for software robustness testing. However, its application in commercial communication modules remains limited due to several key challenges, including labor-intensive template generation, lack of coverage collection support, limited testing performance, and inconsistencies between practical hardware and software CI/CD processes. In collaboration with China Mobile IoT, we present FuzzCM, a comprehensive protocol fuzzing framework tailored for commercial communication modules. FuzzCM employs a Retrieval-Augmented Generation (RAG)-enhanced large language model (LLM) to automate template generation and utilizes GPIO-based instrumentation for efficient runtime coverage data collection. Additionally, it leverages a knowledge base constructed from prior tests to guide hybrid mutation strategies and integrates CI/CD across both software and hardware layers, enabling continuous and environment-aware testing. We conducted an industrial practice with FuzzCM on five LTE Cat.1 bis modules, identifying 21 previously unknown bugs, 15 of which have been fixed. The results demonstrate that FuzzCM outperforms both manual methods and the Peach* approach, achieving average coverage improvements of 51% and 29%, respectively, with overall coverage reaching 85%.","2643-1572","979-8-3503-5733-2","10.1109/ASE63991.2025.00260","","https://ieeexplore.ieee.org/stamp/stamp.jsp?arnumber=11334423","Protocol Fuzzing;Communication Module;Large Language Model","Protocols;Runtime;Large language models;Instruments;Computer bugs;Fuzzing;Software;Hardware;Long Term Evolution;Testing","","","","42","IEEE","28 Jan 2026","16-20 Nov. 2025","16-20 Nov. 2025","IEEE","IEEE Conferences"
"AI-Driven Signal Processing: Improving Communication Systems with Machine Learning-Based Noise Reduction","T. R. Singasani; M. S. Shaik; C. Gangajaliya; S. S. Ogety; V. A. B. Nallam; S. K. R. Katta","AI Innovator and Software Developer, University of Cumberlands, Louisville, USA; Computer Science, Germania Insurance, Melissa, Texas; RCG Global Services, Dallas, TX, USA; Cloud Computing & DevOps Specialist, Independent Researcher, Raleigh, NC, USA; EEE, Sagi Rama Krishnam Raju Engineering College, Bhimavaram, India; KIETW, Kakinada, India",2025 1st International Conference on Radio Frequency Communication and Networks (RFCoN),"25 Jul 2025","2025","","","1","6","Signal processing plays an important role for transforming and analysing real-world signals like audio Important to process the signal efficiently and precisely. An AI approach to noise reduction using machine learning techniques are investigated in this work. We then use modern techniques such as Fourier Transform, Principal Component Analysis (PCA) and de-noising autoencoders in order to remove noise while retaining important signal features. Method One proposed to employ machine learning models to adaptively eliminate the noise according to communication system, thus to improve the performance of communication systems. The experimental results suggest that using the artificial intelligence models to suppress the noise can suppress the noising efficiency and restore the signal nearly completely. These results illustrate the tremendous potential of AI as applied to signal processing in background noise. The AI models have also proved that, because they are trained to adapt to the kind of noise in the moment that it happens, they deliver a much better-quality signal than traditional methods. These characteristics are essential for the future communication systems which are required very high robustness and clearness.","","979-8-3315-1316-0","10.1109/RFCoN62306.2025.11085381","","https://ieeexplore.ieee.org/stamp/stamp.jsp?arnumber=11085381","Artificial intelligence;Machine Learning;Noise Reduction","Adaptation models;Fourier transforms;Communication systems;Noise reduction;Machine learning;Real-time systems;Robustness;Background noise;Principal component analysis;Signal to noise ratio","","2","","15","IEEE","25 Jul 2025","19-20 June 2025","19-20 June 2025","IEEE","IEEE Conferences"
"Enhancing Intrusion Prevention with Explainable Convolutional Neural Networks: Recent Developments and Promising Applications","A. Chitnis; P. Chandre; S. Pathan","DevOps Architect HCL Technologies, UK Limited, Pune, India; Department of Computer Science & Engineering, MIT School of Computing, MIT Art Design & Technology University, Pune, India; Department of Computer Science & Engineering, MIT School of Computing, MIT Art Design & Technology University, Pune, India",2023 8th International Conference on Communication and Electronics Systems (ICCES),"1 Aug 2023","2023","","","912","917","The proliferation of cyberattacks in recent years has led to an increased demand for effective intrusion prevention systems (IPS). Convolutional Neural Networks (CNNs) have shown promise in improving the accuracy of IPS, but their lack of interpretability hinders their wider adoption. Explainable AI (XAI) techniques have emerged to address this issue, allowing users to understand the reasoning behind a model's predictions. This survey paper provides an overview of recent developments in enhancing IPS with XAI techniques in CNNs. This study reviews state-of-the-art research on integrating interpretability into CNN models, including methods such as attention mechanisms, saliency maps, and LIME. Also, this study discusses about the promising applications of CNN-based IPS with XAI, including network traffic analysis, malware detection, and anomaly detection. Finally, we highlight some of the challenges and opportunities for future research in this area, including the need for standardized evaluation metrics and the potential for combining XAI techniques with other AI methods such as reinforcement learning. Overall, this survey paper aims to provide a comprehensive understanding of the recent advances in using CNNs with XAI for enhancing IPS, and to identify promising directions for future research in this field.","","979-8-3503-9663-8","10.1109/ICCES57224.2023.10192764","","https://ieeexplore.ieee.org/stamp/stamp.jsp?arnumber=10192764","convolutional neural networks;intrusion prevention systems;XAI","Surveys;Training data;Telecommunication traffic;Reinforcement learning;Malware;IP networks;Convolutional neural networks","","2","","19","IEEE","1 Aug 2023","1-3 June 2023","1-3 June 2023","IEEE","IEEE Conferences"
"AI Assisted Cloud Resources Allocation for Edge Computing","S. K. Khanday","Devops Engineer Canon, Hyderabad, India",2025 IEEE International Conference on Emerging Technologies and Applications (MPSec ICETA),"19 Aug 2025","2025","","","1","6","The growing adoption of edge-cloud computing has underscored the need for intelligent resource allocation frameworks capable of managing dynamic and heterogeneous workloads. This paper proposes a novel hybrid AI-driven framework that integrates convolutional neural networks (CNNs) and transformers to address the complexities of spatial and temporal data in edge-cloud environments. The framework leverages spatial-temporal attention mechanisms to capture critical workload patterns, cross-attention fusion to dynamically integrate spatial and temporal features, and adaptive filters to optimize resource allocation. Extensive experiments on a realworld edge computing dataset demonstrate that the proposed framework outperforms state-of-the-art methods in terms of workload prediction accuracy, energy efficiency, and latency reduction. Specifically, the model achieves a 20.7% reduction in latency and an 18% improvement in energy efficiency compared to the best-performing baseline. Furthermore, scalability analysis highlights the robustness of the framework under increasing workloads, making it suitable for real-world deployment. This study contributes to the advancement of intelligent and adaptive resource management in edge-cloud computing systems, addressing key challenges such as heterogeneity, scalability, and real-time performance optimization.","","979-8-3315-2131-8","10.1109/MPSecICETA64837.2025.11118808","","https://ieeexplore.ieee.org/stamp/stamp.jsp?arnumber=11118808","Edge-cloud computing;resource allocation;spatial-temporal attention;convolutional neural networks;transformers;dynamic fusion;adaptive filters;workload prediction","Adaptation models;Scalability;Adaptive filters;Transformers;Dynamic scheduling;Energy efficiency;Real-time systems;Robustness;Resource management;Optimization","","","","15","IEEE","19 Aug 2025","21-23 Feb. 2025","21-23 Feb. 2025","IEEE","IEEE Conferences"
"Computational Offloading for Non-Time-Critical Applications","R. Patsch","Technikum Wien, University of Applied Sciences, Vienna, Austria",2022 IEEE 42nd International Conference on Distributed Computing Systems (ICDCS),"13 Oct 2022","2022","","","1260","1261","The increasing demand for computational resources keeps outpacing available User Equipment (UE). To overcome intrinsic hardware limitations of UEs, computational offloading was proposed. The combination of UE and seemingly endless computational capacity in the cloud aims to cope with those limitations. Numerous frameworks leverage Edge Computing (EC) but a significant drawback of this is the required infrastructure. Some use cases however, do not benefit from lower response time and can remain in the cloud, where more potent resources are at one’s disposal. Main contributions are to determine computational demands, allocate serverless resources, partition code and integrate computational offloading into a modern software deployment process. By focusing on non-time-critical use cases, drawbacks of EC can be neglected to create a more developer-friendly approach. Originality lies in the resource allocation of serverless resources for such endeavours, appropriate deployment of partitions and integration into CI/CD pipelines. Methodology used will be Design Science Research. Thus, many iterations and proof-of-concept implementations yield knowledge and artefacts.","2575-8411","978-1-6654-7177-0","10.1109/ICDCS54860.2022.00124","","https://ieeexplore.ieee.org/stamp/stamp.jsp?arnumber=9912300","computational offloading;mobile cloud computing;partitioning;serverless","Codes;Pipelines;Focusing;Software;Hardware;Time factors;Resource management","","","","13","IEEE","13 Oct 2022","10-13 July 2022","10-13 July 2022","IEEE","IEEE Conferences"
"Professional and 21st Century Skills for Data Driven Digital Economy","Y. Demchenko; V. Degeler; A. Oprescu; S. Brewer","Complex Cyber Infrastructure Research Group, University of Amsterdam, Amsterdam, The Netherlands; Complex Cyber Infrastructure Research Group, University of Amsterdam, Amsterdam, The Netherlands; Complex Cyber Infrastructure Research Group, University of Amsterdam, Amsterdam, The Netherlands; The University of Lincoln, Lincoln, UK",2023 IEEE Global Engineering Education Conference (EDUCON),"22 May 2023","2023","","","1","8","Emerging data driven digital economy and Industry 4.0 transforms all sectors including industry, research and business. It requires new types of the general workforce and specialists that can effectively use digital and data technologies, variety of tools and global infrastructure services, and are capable for personal skills management and self-study. The paper provides an overview of the existing frameworks for competences, skills and qualifications that sets up a baseline for further research and definition of the skills for emerging data driven digital economy. The paper analyses the general profile of the modern agile data driven companies, their culture and required competences. The paper shares the experience of introducing professional and 21st Century skills in the bachelor and master courses. The project based learning model is proven to be effective in this cases combining the student initiative and self-organisation given the well defined course objectives and reporting requirements.","2165-9567","979-8-3503-9943-1","10.1109/EDUCON54358.2023.10125263","","https://ieeexplore.ieee.org/stamp/stamp.jsp?arnumber=10125263","21st Century Skills;Professional Skills: Agile Data Driven Enterprise;Technology Education;Software Engineering;Digital and Data Skills;DevOps;Design Thinking;Data Centric Thinking","Industries;Transforms;Companies;Fourth Industrial Revolution;Engineering education;Qualifications;Business","","9","","42","IEEE","22 May 2023","1-4 May 2023","1-4 May 2023","IEEE","IEEE Conferences"
"MLCOps: a Platform to Support Cloud Continuum Machine Learning Operations","A. Sabbioni; L. Serfilippi; S. Montebugnoli; A. Bujari; A. Corradi","Department of Computer Science and Engineering, University of Bologna, Bologna, Italy; Department of Computer Science and Engineering, University of Bologna, Bologna, Italy; Department of Computer Science and Engineering, University of Bologna, Bologna, Italy; Department of Computer Science and Engineering, University of Bologna, Bologna, Italy; Department of Computer Science and Engineering, University of Bologna, Bologna, Italy",2025 IEEE Symposium on Computers and Communications (ISCC),"13 Jan 2026","2025","","","1","6","The increasing reliance on Machine Learning (ML) to extract insights and value from data is driving researchers and businesses to seamlessly integrate it throughout the entire Cloud Continuum (CC), spanning from large-scale cloud infrastructures to edge computing and end devices. However, traditional service orchestration frameworks are fine-tuned to manage single-site general-purpose applications, struggling with the complexity of CC ML deployments, which seek customized strategies for enhanced performance and resiliency. To this end, we propose Machine Learning cloud Continuum Operations (MLCOps), an overlay solution that supports ML applications in CC deployments. MLCOps implements an innovative multisite orchestration layer and provides a new service runtime support, allowing one to react quickly to changing conditions. MLCOps advocates a layered approach to carry out specialized strategies, implementing global and local actions on infrastructure and environment to ensure the performance and availability of the deployed ML services. Without loss of generality, we show how the framework could be instantiated to support an anomaly detection task. In this context, we assess various (re)configuration strategies that can take place in actual deployments, assessing the ability of MLCOps to preserve the reliability of CC ML application deployments under dynamic workload conditions.","2642-7389","979-8-3315-2420-3","10.1109/ISCC65549.2025.11326358","","https://ieeexplore.ieee.org/stamp/stamp.jsp?arnumber=11326358","Cloud Continuum;Cloud;Edge;Machine Learning;MLOPS;DevOps;Operator;Orchestration","Performance evaluation;Runtime;Protocols;Fluctuations;Scalability;Machine learning;Complexity theory;Resource management;Resilience;Edge computing","","","","12","IEEE","13 Jan 2026","2-5 July 2025","2-5 July 2025","IEEE","IEEE Conferences"
"Trustworthy Software Development — practical view of security processes through MVP methodology","C. Shiang-Jiun; P. Yu-Chun; M. Yi-Wei; C. Cheng-Mou; T. Chi-Chin",NA; NA; NA; NA; NA,2022 24th International Conference on Advanced Communication Technology (ICACT),"11 Mar 2022","2022","","","412","416","With the popularization of 5G, one of its characteristics supports a large amount of IoT devices and a lot of open sources will be introduced. Therefore, trustworthiness has become more important for users and developers. According to IBM Systems Sciences Institute, we understand that taking software security into consideration in the early stages of development will save 99% cost. Therefore, security by design can not only save development costs but also improve the overall security of the software.In this paper, we mainly focus on the trustworthiness aspect in the software development process based on ISO/IEC/IEEE15288, NIST800-160, DoD Enterprise DevSecOps Reference, and A Guide to the Project Management Body of Knowledge (PMBOK Guide) - Seventh Edition and the Standard for Project Management concept. A trustworthiness framework will be proposed to make software more reliable and trustworthy for users and allows enterprises and developers to control and test the trustworthiness of production. After that, the analysis of software security is provided. This platform will provide the guidance for industries easier to use and apply to their product.","1738-9445","979-11-88428-08-3","10.23919/ICACT53585.2022.9728811","","https://ieeexplore.ieee.org/stamp/stamp.jsp?arnumber=9728811","Security by Design;trustworthiness;vulnerability;security development lifecycle;National Vulnerability Database;National Institute of Standards and Technology (NIST);Open Web Application Security Project (OWASP);DevSecOps;V Model","Industries;Costs;ISO Standards;Project management;Production;Software;US Department of Defense","","3","","6","","11 Mar 2022","13-16 Feb. 2022","13-16 Feb. 2022","IEEE","IEEE Conferences"
"Bridging the Gap Between Java and Python in Mobile Software Development to Enable MLOps","R. Dautov; E. J. Husom; F. Gonidis; S. Papatzelos; N. Malamas","SINTEF Digital, Oslo, Norway; SINTEF Digital, Oslo, Norway; Gnomon Informatics S.A., Thessaloniki, Greece; Gnomon Informatics S.A., Thessaloniki, Greece; Gnomon Informatics S.A., Thessaloniki, Greece","2022 18th International Conference on Wireless and Mobile Computing, Networking and Communications (WiMob)","15 Nov 2022","2022","","","363","368","The role of Machine Learning (ML) engineers in mobile development has become increasingly important in recent years, as more and more business-critical mobile applications depend on AI components. Many development teams already include dedicated ML engineers who aim to follow agile development practices in their work, as part of the larger MLOps concept. However, the availability of MLOps tools tailored specifically towards mobile platforms is scarce, often due the limited support for non-native programming languages such as Python, as well as the unsuitability of native programming languages such as Java and Kotlin to support ML-related programming tasks. This paper aims to address this gap and describes a plug-in architecture for developing, deploying and running data ingestion and processing components written in Python on the Android platform. With the possibility to pass a user-defined schema with the data format and structure, the proposed architecture ensures that time-series datasets are correctly interpreted by multiple ML modules dealing with both data ingestion and processing,. The proposed approach benefits from modularity, extensibility, customisation, and separation of concerns, which enable ML engineers to be fully involved in a mobile development lifecycle following agile MLOps practices.","2160-4894","978-1-6654-6975-3","10.1109/WiMob55322.2022.9941679","","https://ieeexplore.ieee.org/stamp/stamp.jsp?arnumber=9941679","Internet of Things;Mobile Development;Android;MLOps;DevOps;Machine Learning;Plug-in Architecture","Wireless communication;Java;Operating systems;Computer architecture;Programming;Software;Mobile applications","","1","","16","IEEE","15 Nov 2022","10-12 Oct. 2022","10-12 Oct. 2022","IEEE","IEEE Conferences"
"Best Practices for Cloud, IT and Digital Infrastructure Programs Across Government Agencies","J. A. Shah; N. Ramesh Iyer","Cyber Security Engineering Canada DevOps Community of Pracitce & IEEE YP Toronto, Ontario, Canada; Data Analytics & Data Science Engineering Walmart Inc & IEEE Section 5 YP Rogers, Arkansas, USA",2025 IEEE World AI IoT Congress (AIIoT),"12 Aug 2025","2025","","","0078","0083","Federal governments globally are evolving from a cloud-first policy to cloud-smart. This shift in approach allowed organizations to mature in their cloud journey, which increased the importance and need for the centralized IT cloud infrastructure program. A centralized cloud IT infrastructure program is a common operating model in federal public sector agencies and their service provides agencies and departments with crucial services in the broader cloud adoption and cloud operating journey. Serving agencies and departments as a technology partner is key from an infrastructure perspective, but there is a continued opportunity to serve as a business partner through the advisory lens. When measuring cloud IT infrastructure services, performance indicators and measures should be leveraged and monitored on an ongoing basis. The excellent or poor performance of a cloud IT infrastructure service directly impacts agencies and departments. Such cloud programs in the public sector position governments to be early adopters of innovations like AI, IoT, edge computing, and advanced data analytics. These innovations are almost always tied to clouds, data centers and AI foundational pillars as part of an organization’s digital business technology platform. As agencies embrace digital technologies and increase connectivity, both internally and externally, new vulnerabilities arise, exposing them to cyber threats. To mitigate these risks, cloud IT infrastructure programs must evolve alongside cloud adoption, implementing advanced security measures to stay ahead of emerging threats.","","979-8-3315-2508-8","10.1109/AIIoT65859.2025.11105321","","https://ieeexplore.ieee.org/stamp/stamp.jsp?arnumber=11105321","Cloud Computing;Infrastructure;Technology;Cyber Security;Cloud Adoption;Artificial Intelligence;Government Agencies","Procurement;Measurement;Cloud computing;Technological innovation;Government;Service-oriented architecture;Security;Artificial intelligence;Monitoring;Best practices","","","","19","IEEE","12 Aug 2025","28-30 May 2025","28-30 May 2025","IEEE","IEEE Conferences"
"Energy Efficient Next-Gen of Virtualization for Cloud-native Applications in Modern Data Centres","B. Dharan G.; S. Jayalakshmi","Dept. Of Computer Science, VISTAS, Pallavaram, Chennai; Dept. Of Computer Applications, VISTAS, Pallavaram, Chennai","2020 Fourth International Conference on I-SMAC (IoT in Social, Mobile, Analytics and Cloud) (I-SMAC)","10 Nov 2020","2020","","","203","210","In the new software-driven world this is the need of the hour to achieve success by accelerating development, delivery of applications and services rapidly that make customers happy and business competitive. To achieve faster delivery of resources and applications to strengthen the business with more transformations containers have been introduced. At the existing scenario, the hyper-converged data centre uses the concept of virtualization which creates software abstraction of the underlying hardware using Hypervisor software that enables to execute several Virtual Machines (VMs) with dissimilar Operating System (OS) flavours. But virtualization is heavyweight and it may take more time to boot. The proposed containerization and docker in hybrid cloud composable data centre is lightweight supports Operating System (OS) level virtualization that isolates resources, libraries and other binaries bundled into a single package for agile modern scalable workloads. This paper focuses on the container-based virtualization to shape the future cloud-based modern data centre for supporting the micro-services based applications for faster deployment to Developer Operations (DevOps) teams in IT with resiliency, High Availability and better resource management with energy savings.","","978-1-7281-5464-0","10.1109/I-SMAC49090.2020.9243497","","https://ieeexplore.ieee.org/stamp/stamp.jsp?arnumber=9243497","Hypervisor;Container;Docker;Virtualization;Agile;High Availability;Hyper-Converged;DevOps;Micro-services","Data centers;Cloud computing;Operating systems;Software;Virtual machining;Virtualization;Business","","","","28","IEEE","10 Nov 2020","7-9 Oct. 2020","7-9 Oct. 2020","IEEE","IEEE Conferences"
"Training Developers to Code Securely: Theory and Practice","I. Ryan; U. Roedig; K. -J. Stol","SFI ADVANCE Centre for Research Training School of Computer Science and IT, University College Cork, Cork, Ireland; Connect, the SFI Research Centre for Future Networks and Communications School of Computer Science and IT, University College Cork, Cork, Ireland; Lero, the SFI Research Centre for Software School of Computer Science and IT, University College Cork, Cork, Ireland",2024 IEEE/ACM 4th International Workshop on Engineering and Cybersecurity of Critical Systems and 2024 IEEE/ACM Second International Workshop on Software Vulnerability (EnCyCriS/SVM),"29 Aug 2024","2024","","","37","44","Software security is essential. Flaws in software design and coding produce vulnerabilities that can be exploited by hostile actors, resulting in ransomware, espionage and the hacking of critical infrastructure. Meanwhile, DevOps and continuous integration introduce speed imperatives, often bypassing traditional security gates. Software security responsibility is increasingly shifting to software developers. Industry insiders advise that this extra responsibility should be accompanied by developer training. But is it? Analysis of what constitutes good software security training is sparse, and there is little information on the amount and quality of training actually offered to developers in industry. We analyse recent literature to find the positive features of effective secure development training. We examine training information from a large developer survey (n=962) to assess how training in the field matches key positive features. We find that while some developers experience excellent secure-coding training, others receive inadequate training, and the majority receive none.CCS CONCEPTS• Security and privacy → Software and application security; Human and societal aspects of security and privacy.","","979-8-4007-0565-6","","Science Foundation Ireland; ","https://ieeexplore.ieee.org/stamp/stamp.jsp?arnumber=10649741","secure software development;security;secure coding training","Training;Industries;Surveys;Privacy;Software design;Conferences;Software","","1","","58","CCBY","29 Aug 2024","15-15 April 2024","15-15 April 2024","IEEE","IEEE Conferences"
"The Information System Factory – Return to Simplicity","W. Koch; R. Ortiz; O. Benda; A. K. Mishra","Steinbeis Innovation Transfer Centre IMCHI, Graz, Austria; Angewandte Informationstechnik Forschungsgesellschaft mbH, Graz, Austria; Angewandte Informationstechnik Forschungsgesellschaft mbH, Graz, Austria; University West Sweden AGH University, Poland","2025 5th International Conference on Electrical, Computer, Communications and Mechatronics Engineering (ICECCME)","15 Dec 2025","2025","","","1","6","This paper presents the concept of a tool (Information System Factory) which uses a Fourth Generation Language ($\mathbf{4 G L}$) environment for the production of Information Systems in an agile Software Development Style (RAD: Rapid Application Development). The production process follows the principle of a factory, which assembles the final product by reusing already developed components and adding new components either by in house development or by acquiring external components (Component Based Development). The final system follows a three layer architecture (MVC: Model View Control) separating Data Base (Model) Management, User Interaction (View), and Programming (Control). Modern Micro Computers can be used to execute this “4GL-RAD-Tool” locally on user’s premises or in the field (powered by a battery) without the need of accessing facilities in a global network (cloud). The power of a low cost, energy saving Single Board Computer (SBC) is enough e.g. for developing and running business information systems using this tool. SBCs are frequently used in embedded Systems, which interact with sensors and actuators to control physical processes. Since SBCs can be equipped with large storage devices, there is no need in many cases to use programs in the cloud for the further on processing of big data. A realization of this 4GL-RAD Tool is based on an INFORMIX-4GL compatible system, which is available as an open source productivity tool. The System provides a menu driven IDE, which supports a standard System Development Life Cycle (SDLC) as linear or iterative model. The different phases of the SDLC are delivering various artifacts like User Requirement Documents, Code, and Software User Manuals, which can be enhanced by using Artificial Intelligence (AI). Restricting the system development to classes like Business Administration, Cultural Heritage, IoT-Computing to name a few, can support the development process by introducing “domain ontologies” in the “DevOps""-Environment. The development of a Sensor Network provides a practical example in the field of Mechatronic Engineering.","","979-8-3315-3556-8","10.1109/ICECCME64568.2025.11277453","","https://ieeexplore.ieee.org/stamp/stamp.jsp?arnumber=11277453","rapid application development;fourth generation language;INFORMIX-4GL;single board computer;model view control;system development life cycle;information system factory","Cloud computing;Mechatronics;Computational modeling;Production facilities;Data models;Software;Artificial intelligence;Standards;Information systems;Business","","","","16","IEEE","15 Dec 2025","16-19 Oct. 2025","16-19 Oct. 2025","IEEE","IEEE Conferences"
"Bolstering the Mobile Cloud: Addressing Emerging Threats and Strengthening Multi-Layered Defenses for Robust Mobile Security","S. V. Ilapakurthy","Samueli School of Engineering, University of California Irvine, Irvine, USA","2023 10th International Conference on Internet of Things: Systems, Management and Security (IOTSMS)","23 Nov 2023","2023","","","1","7","The proliferation of mobile devices as the primary computing platform for billions of users worldwide introduces escalating security threats, especially as mobile interactions with sensitive data and cloud services increase. This paper provides an analysis of emerging mobile security issues including malware stealing credentials and data from mobile cloud services, lower-level operating system and hardware vulnerabilities enabling exploits on mobile cloud confidentiality and integrity, weaknesses in mobile apps enabling attacks, and rising user privacy risks from excessive tracking. Current security limitations are also reviewed, including signature-based malware detection, coarse-grained access control, and fragmented visibility across the mobile ecosystem. An integrated cross-layer security strategy is proposed combining formal verification of critical mobile components, pervasive hardware-anchored security, intelligence-driven malware adaptation, robust devsecops processes, and coordinated defense visibility. As mobile continues dominating personal and enterprise computing, constructing resilient security foundations through research and awareness of mobile security issues and countermeasures is imperative for realizing the potential of mobile cloud computing.","2832-3033","979-8-3503-9389-7","10.1109/IOTSMS59855.2023.10325824","","https://ieeexplore.ieee.org/stamp/stamp.jsp?arnumber=10325824","Mobile security;Mobile malware;Mobile vulnerabilities;Mobile exploits;Mobile cloud computing;Mobile hardware security;Advanced mobile defenses;Integrated security strategies","Cloud computing;Cross layer design;Operating systems;Ecosystems;Pressing;Malware;Hardware","","2","","63","IEEE","23 Nov 2023","23-25 Oct. 2023","23-25 Oct. 2023","IEEE","IEEE Conferences"
"Self Evolving AI Systems for Proactive Multi Cloud Compatibility, Resilience and Autonomous Optimization","S. K. Khanday","Devops Engineer Canon, Hyderabad, India",2025 IEEE International Conference on Contemporary Computing and Communications (InC4),"1 Dec 2025","2025","","","1","6","The increasing adoption of multi-cloud architectures has introduced significant challenges in ensuring compatibility, resilience, and optimization across diverse cloud platforms. Traditional static and reactive approaches have proven inadequate for addressing the dynamic nature of multi-cloud ecosystems. This paper presents a novel self-evolving AI framework designed to proactively manage multi-cloud environments by leveraging advanced predictive models, fault-tolerant mechanisms, and optimization algorithms. The proposed framework integrates three core components: Compatibility Analyzer, Resilience Manager, and Optimization Agent, which work in tandem through an orchestration layer to ensure seamless operations. Experimental evaluations demonstrate the framework’s efficacy in achieving a $99 \%$ compatibility success rate, reducing downtime by over $65 \%$, and improving resource utilization efficiency by approximately $12 \%$ compared to baseline methods. Scalability analysis highlights the framework’s adaptability to increasing workloads, while a real-world case study validates its practical applicability. This work contributes a robust and adaptive solution for modern multi-cloud management, with potential extensions into edge computing, quantum cloud systems, and IoT-centric environments.","","979-8-3315-2118-9","10.1109/InC465408.2025.11256234","","https://ieeexplore.ieee.org/stamp/stamp.jsp?arnumber=11256234","Multi-cloud computing;self-evolving AI;proactive compatibility;fault tolerance;resource optimization;scalability;resilience;hybrid cloud management","Fault tolerance;Quantum computing;Scalability;Fault tolerant systems;Predictive models;Prediction algorithms;Resource management;Artificial intelligence;Optimization;Resilience","","","","13","IEEE","1 Dec 2025","14-15 March 2025","14-15 March 2025","IEEE","IEEE Conferences"
"5GTANGO: An Approach for Testing NFV Deployments","P. Twamley; M. Müller; P. -B. Bök; G. K. Xilouris; C. Sakkas; M. A. Kourtis; M. Peuster; S. Schneider; P. Stavrianos; D. Kyriazis","Huawei Technologies, Ireland; Weidmüller Group; Weidmüller Group; National Center of Scientific Research Demokritos; National Center of Scientific Research Demokritos; National Center of Scientific Research Demokritos; Paderborn University; Paderborn University; University of Piraeus; University of Piraeus",2018 European Conference on Networks and Communications (EuCNC),"23 Aug 2018","2018","","","1","218","Programmability, control and flexibility can be considered as some of the indirect enablers for the success of 5G technologies. A key driver towards this are mechanisms or methodologies to drive shorter time to market for suppliers and operators of virtual network functions (VNFs) and network services. 5GTANGO includes a DevOps approach that can be utilized for the validation and verification (V&V) of VNFs and network services. In this paper, we elaborate further on the approaches made in the areas of testing, catalogues and package management as a means to enable that full DevOps V&V workflow. Finally, we explore the deployment requirement of the V&V via one of our pilot use cases.","2575-4912","978-1-5386-1478-5","10.1109/EuCNC.2018.8442844","","https://ieeexplore.ieee.org/stamp/stamp.jsp?arnumber=8442844","","Testing;Probes;Europe;Engines;Time to market;Software;Hardware","","21","1","15","IEEE","23 Aug 2018","18-21 June 2018","18-21 June 2018","IEEE","IEEE Conferences"
"Distributed Middleware for Edge Vision Systems","A. George; A. Ravindran","Department of Electrical and Computer Engineering, University of North Carolina at Charlotte, Charlotte, NC, USA; Department of Electrical and Computer Engineering, University of North Carolina at Charlotte, Charlotte, NC, USA",2019 IEEE 16th International Conference on Smart Cities: Improving Quality of Life Using ICT & IoT and AI (HONET-ICT),"21 Nov 2019","2019","","","193","194","Recent advances in Deep Learning, have made possible distributed multi-camera vision analytics targeted at a variety of surveillance applications involving automated real-time analysis of events from multiple video perspectives. However, the latency critical nature of these applications necessitates computing at the Edge of the network, close to the cameras [1] . The required Edge computing infrastructure is necessarily distributed, with cloud like capabilities such as fault tolerance, scalability, multi-application tenancy, and security, while functioning at the unique operating environment of the Edge. Characteristics of the Edge include, highly heterogeneous hardware platforms with limited computational resources, variable latency wireless networks, and minimal physical security. To enable vision analytics at the Edge, application developers need a distributed middleware layer that provides a suitable abstraction of the Edge computing system, allowing cloud like DevOps workflow at the Edge. Middleware layers facilitate application development by providing suitable system abstractions thereby allowing the application programmers to focus on the applications needs rather than system details. In this poster, we present the requirements of such a middleware system. We propose a distributed messaging system with storage capabilities as a potential candidate for the middleware layer.","1949-4106","978-1-7281-3971-5","10.1109/HONET.2019.8908023","","https://ieeexplore.ieee.org/stamp/stamp.jsp?arnumber=8908023","","Image edge detection;Middleware;Servers;Streaming media;Peer-to-peer computing;Machine vision;Tuning","","13","","2","IEEE","21 Nov 2019","6-9 Oct. 2019","6-9 Oct. 2019","IEEE","IEEE Conferences"
"Enhancing Autonomous Driving Systems through ROS2 and AWS Cloud: V2I Interaction and HPC Data Processing","S. W. Lee; Y. G. Choi; J. W. Jeon","Department of Computer Science and Engineering, Sungkyuwan University, Suwon, Korea; Department of Electrical and Computer Engineering, Sungkyunkwan University, Suwon, Korea; Department of Electrical and Computer Engineering, Sungkyunkwan University, Suwon, Korea",2024 IEEE 33rd International Symposium on Industrial Electronics (ISIE),"19 Jul 2024","2024","","","1","6","The automotive industry is undergoing a significant shift towards software-defined computing to meet the evolving demands of technology and the increasing complexity of software systems. This transition is giving rise to innovations such as Software Defined Vehicles (SDVs), which aim to enhance safety and convenience features, relying on technologies like Artificial Intelligence (AI), Advanced driver assistance systems (ADAS), and Robot Operating System2 (ROS2) for autonomous driving research. To effectively manage the growing amount of software in vehicles, strategies such as partitioned processing and infrastructure utilization are being proposed to optimize High-Performance Computing (HPC) usage and ensure reliable real-time data processing while minimizing resource consumption. In this paper, we propose a system that utilizes infrastructure to reduce the services to be handled by HPC to meet the SDV research trend and builds a pipeline to manage and deploy application Software. To demonstrate the proposed system, we utilized ROS2, Docker technology, and continuous integration and continuous delivery/continuous deployment (CI/CD) deployment for Over-The-Air (OTA).","2163-5145","979-8-3503-9408-5","10.1109/ISIE54533.2024.10595834","","https://ieeexplore.ieee.org/stamp/stamp.jsp?arnumber=10595834","SDV;V2I;ROS2;Middleware;Docker","Technological innovation;Vehicle-to-infrastructure;Wireless networks;Memory management;Data processing;Throughput;Software systems","","1","","26","IEEE","19 Jul 2024","18-21 June 2024","18-21 June 2024","IEEE","IEEE Conferences"
"Recent Advancements in Automated Penetration Testing Tools for Web Application Security","P. C. Bandhapaday; M. J. Islam; M. Saifuddin; L. Ismail; H. Salarian; S. S. Chaeikar","Department of cybersecurity, Sydney International School of Technology and Commerce, Sydney, Australia; Department of cybersecurity, Sydney International School of Technology and Commerce, Sydney, Australia; Department of cybersecurity, Sydney International School of Technology and Commerce, Sydney, Australia; Department of cybersecurity, Sydney International School of Technology and Commerce, Sydney, Australia; Department of cybersecurity, Sydney International School of Technology and Commerce, Sydney, Australia; Department of cybersecurity, Sydney International School of Technology and Commerce, Sydney, Australia",2025 2nd International Symposium on Parallel Computing and Distributed Systems (PCDS),"6 Mar 2026","2025","","","1","6","This paper provides a survey on the latest developments of tools for Web application security with a comprehensive assessment of eight published studies from 2020 to 2025 – insight into their efficiency, how much they are integrated into artificial intelligence (AI), and regulations such as PCI DSS/GDPR. Improvements in the detection of well-known flaws are evident, as demonstrated by Burp Suite reaching 70%+ coverage of OWASP Top 10 risks and OWASP ZAP with the best cost-effective scanning at this post from a set of tools including AI-driven frameworks such as the Intelligent Automated Penetration Testing System (IAPTS). The MDDQN (relational) algorithm shows promising results in few-shot adversarial robustness via acceleration of attack path planning from reinforcement learning and deep neural networks for efficiency. Still, some are quite challenging, e.g., high computational costs, misidentifications, and inability to detect zero-days necessitate the motivations for hybrid approaches combining automated and manual testing. Reviewed studies stress the critical need for evolving threats tackled by multi-tool strategies and integrations in continues integration/continuous delivery (CI/CD) pipelines for ongoing testing. Regulatory compliance is important, so tools to allow the regular upgrades of compliance will be useful. Investigation directions should focus on establishing benchmarks, lowering the barriers to implementation of AI, and improving detection of advanced attacks. Through synthesis of technical developments and practitioner experiences, this research aimed to improve the comprehension of automated penetration testing capabilities in securing web apps from evolving cyberattacks as of 2025.","","979-8-3315-8027-8","10.1109/PCDS68697.2025.11415292","","https://ieeexplore.ieee.org/stamp/stamp.jsp?arnumber=11415292","automated penetration testing;web application security;ethical hacking;AI-driven testing;vulnerability assessment;compliance","Surveys;Pipelines;Reinforcement learning;Application security;Robustness;Regulation;Artificial intelligence;Computer crime;Stress;Penetration testing","","","","25","IEEE","6 Mar 2026","11-13 Dec. 2025","11-13 Dec. 2025","IEEE","IEEE Conferences"
"Towards Secure Agile Software Development Process: A Practice-Based Model","A. A. Ardo; J. M. Bass; T. Gaber","Department of Computer Science & Software Engineering, University of Salford, Manchester, UK; Department of Computer Science & Software Engineering, University of Salford, Manchester, UK; Department of Computer Science & Software Engineering, University of Salford, Manchester, UK",2022 48th Euromicro Conference on Software Engineering and Advanced Applications (SEAA),"16 Jan 2023","2022","","","149","156","Agile methods are a well-established paradigm in the software development field. Agile adoption has contributed to improving software quality. However, software products are vulnerable to security challenges and susceptible to cyberattacks. This study aims to improve security of software products when using an agile software development process. A multi-methods qualitative research approach was adopted in this study. First, we conducted semi-structured interviews with 23 agile practitioners having varied years of cybersecurity experiences. An approach informed by grounded theory methodology was adopted for data analysis. Second, we developed a novel practice-based agile software development process model derived from the results of the data analysis conducted. Third, we validated the model through a focus group comprising five senior agile cybersecurity professionals to evaluate its relevancy and novelty. The study has identified 26 security practices, organized into the six - software development life-cycle phases: planning, requirements, design, implementation, testing, and deployment. We have mapped the practices onto four swim lanes each representing an agile role. The self-organizing team is exclusively involved in three security practices, the security specialist in nine, penetration tester in one and the DevOps team collaborates on one with the security specialist. There are also seven practices that are collaboratively performed by the self-organizing team and the security specialist. Each of the practices in the model was examined during the validation phase of the study. There are two contributions in this study. First, the paper proposes a novel practice-based model comprising of 26 security practices mapped to agile roles. Second, we propose a new practice, in response to an observed lack of collaborative ceremonies, to disseminate awareness of and hence compliance with security standards.","","978-1-6654-6152-8","10.1109/SEAA56994.2022.00031","","https://ieeexplore.ieee.org/stamp/stamp.jsp?arnumber=10011194","Agile Software Development;Secure Process Model;Multi-methods;Grounded theory;Cybersecurity","Data analysis;Agile software development;Collaboration;Software quality;Software;Interviews;Computer crime","","9","","26","IEEE","16 Jan 2023","31 Aug.-2 Sept. 2022","31 Aug.-2 Sept. 2022","IEEE","IEEE Conferences"
"Research on the Technology Architecture of Full-stack Cloud-Native Hosted Cloud","B. Sun; H. Zhou; G. Song; Q. Zhang","school of information and business management Dalian, Dalian Neusoft University of Information, Dalian, China; school of information and business management Dalian, Dalian Neusoft University of Information, Dalian, China; Cloud BU, Dawning Information Industry Co., Ltd, Beijing, China; school of information and business management Dalian, Dalian Neusoft University of Information, Dalian, China",2024 11th International Conference on Machine Intelligence Theory and Applications (MiTA),"15 Nov 2024","2024","","","1","7","As cloud computing technology matures and becomes more widespread, internet-based businesses and applications of artificial intelligence become increasingly intricate. Enterprises are now more sensitive to factors such as data sensitivity, compliance requirements, and personalized needs. The surge in demand for extensive and diversified computing power is propelling the growth of the cloud hosting industry. Consequently, the expectations from cloud hosting now encompass requirements for comprehensive capabilities, security, and open compatibility. Enabling computing power, ensuring compatibility with the full-stack ecosystem, and optimizing security systems have emerged as inevitable trends in the evolution of cloud hosting services. This paper delves into the technical architecture and operational framework of full-stack cloud hosting, leveraging a range of cloud-native technologies including containers, micro-services, and DevOps. Additionally, a holistic approach to security system design is proposed to address the security challenges inherent in full-stack cloud hosting. Through tiered deployment and multi-level isolation, this approach aims to enhance the efficiency of cloud hosting business operations while providing robust security protection for cloud resources from various angles.","","979-8-3503-8567-0","10.1109/MiTA60795.2024.10751724","","https://ieeexplore.ieee.org/stamp/stamp.jsp?arnumber=10751724","cloud computing;cloud native;Full-stack Hosted Cloud;cloud security","Industries;Cloud computing;Technological innovation;Computational modeling;Biological system modeling;Ecosystems;Computer architecture;Security;Artificial intelligence;Business","","4","","7","IEEE","15 Nov 2024","14-23 July 2024","14-23 July 2024","IEEE","IEEE Conferences"
"Utilization of Kubeflow for Deploying Machine Learning Models Across Several Cloud Providers","K. S. Gill; V. Anand; R. Chauhan; R. Rawat; P. -A. Hsiung","Chitkara University Institute of Engineering and Technology, Chitkara University, Punjab, India; Chitkara University Institute of Engineering and Technology, Chitkara University, Punjab, India; Computer Science and Engineering, Graphic Era Hill University, Dehradun, Uttarakhand, India; Computer Science & Engineering, Graphic Era Deemed to be University, Dehradun, Uttarakhand, India; Dept. of Computer Science and Information Engineering, National Chung Cheng university, Chiayi County, Taiwan R.O.C.","2023 3rd International Conference on Smart Generation Computing, Communication and Networking (SMART GENCON)","28 Feb 2024","2023","","","1","7","Kubeflow is a global machine learning platform that is open-source in nature. Its primary objective is to streamline the process of deploying, managing, and scaling machine learning (ML) and deep learning (DL) workflows. This platform is specifically built to operate on Kubernetes, which is a widely used container orchestration platform. Kubeflow offers a comprehensive platform for managing machine learning operations (MLOps), facilitating efficient collaboration across data scientists, ML engineers, and DevOps teams at every stage of the machine learning lifecycle. The use of Kubernetes' containerization capabilities facilitates the establishment of a portable and scalable environment specifically designed for innovative machine learning applications. The objective of this study is to investigate the procedure of installing Machine Learning models on Kubernetes by using Kubeflow, an open-source technology recognised as an end-to-end ML Stack orchestration toolkit. In this study, development of comprehensive Machine Learning models is done using Kubeflow in the form of pipelines. Then many aspects of the tool are analysed, including the simplicity of its setup, the deployment of models, their performance, restrictions, and features. This project aims to serve as a seminar or introduction report, providing assistance to vanilla cloud/Kubernetes users who possess no prior knowledge of Kubeflow. The objective is to guide them in using Kubeflow for the deployment of machine learning models. This research provides comprehensive information and analytics on the performance of Kubeflow, including many aspects such as the setup on multiple cloud platforms and the deployment of our trained model for serving over the internet.","","979-8-3503-1912-5","10.1109/SMARTGENCON60755.2023.10442069","","https://ieeexplore.ieee.org/stamp/stamp.jsp?arnumber=10442069","Data Science;Kubeflow;Kserve;Kubernetes;Docker;Machine Learning;Deep Learning;Artificial Intelligence","Seminars;Cloud computing;Analytical models;Pipelines;Machine learning;Task analysis;Testing","","3","","20","IEEE","28 Feb 2024","29-31 Dec. 2023","29-31 Dec. 2023","IEEE","IEEE Conferences"
"Exploring Solutions for Container Image Security","F. Campo; H. Wang; J. Coffman","Engineering for Professionals, Whiting School of Engineering, Johns Hopkins University; Engineering for Professionals, Whiting School of Engineering, Johns Hopkins University; Engineering for Professionals, Whiting School of Engineering, Johns Hopkins University","2023 IEEE 14th Annual Ubiquitous Computing, Electronics & Mobile Communication Conference (UEMCON)","17 Nov 2023","2023","","","82","88","Guided by NIST’s Application Container Security Guide, we explore workflows to address container image vulnerabilities that have known fixes. The approach stems from the idea that a DevOps team should always build container images that meet a specified security standard.We outline a blueprint that leverages a vulnerability scanner to establish a baseline of security issues and reduces that list via an automated patching process. We target popular images in common use: scanning each image identifies potential vulnerabilities and misconfigurations, and we compare the results of our automated pipeline against both the original image and a manually patched one. Through our work, we identified technical barriers to patching fixable vulnerabilities in off-the-shelf (OTS) images, a lack of accountability for badges used by popular container registries, and that responsibility for container security falls heavily on the shoulders of users.","","979-8-3503-0413-8","10.1109/UEMCON59035.2023.10316032","","https://ieeexplore.ieee.org/stamp/stamp.jsp?arnumber=10316032","containers;images;container registry;vulnerability analysis;Docker;Trivy","Navigation;Pipelines;Production;Manuals;Containers;Wounds;Mobile communication","","2","","18","IEEE","17 Nov 2023","12-14 Oct. 2023","12-14 Oct. 2023","IEEE","IEEE Conferences"
"Big Data as a Service: A Neo-Metropolis Model Approach for Innovation","H. -M. Chen; R. Kazman; S. Haziyev; V. Kropov; D. Chtchourov","Shidler College of Business, University Of Hawaii at Manoa, Honolulu, USA; Shidler College of Business, University Of Hawaii at Manoa, Honolulu, USA; SoftServe Inc., Austin, TX, USA; SoftServe Inc., Austin, TX, USA; Cisco System Inc., San Francisco, USA",2016 49th Hawaii International Conference on System Sciences (HICSS),"10 Mar 2016","2016","","","5458","5467","Big data as a Service (BDaaS) provides a viable alternative to circumvent many obstacles in implementing a big data strategy. Many BDaaS vendors are providing cloud platforms utilizing microservices and DevOps technologies to enable big data analytics for organizations that seek cost-effective and elastic deployments. However, existing models of BDaaS are mostly proprietary, closed-world operations and this can limit the potential for innovation. In this article, we argue for a new model called the Neo-Metropolis model -- a variant of the Metropolis model -- that offers an organized, coherent set of open-world innovation opportunities for vendors as well as for the platform's edge customers. We identify Neo-Metropolis model characteristics and illustrate Neo-Metropolis principles for developing BDaaS using a case study of Cisco's Intercloud Analytics platform. The implications of the Neo-Metropolis model are far beyond just BDaaS and it is foreseen to be an important model for future service platform development.","1530-1605","978-0-7695-5670-3","10.1109/HICSS.2016.674","","https://ieeexplore.ieee.org/stamp/stamp.jsp?arnumber=7427862","Big data;BDaaS;Neo-Metropolis model;Metropolis Model;Intercloud;Service platform","Cloud computing;Big data;Technological innovation;Data models;Market research;Computational modeling","","2","","22","IEEE","10 Mar 2016","5-8 Jan. 2016","5-8 Jan. 2016","IEEE","IEEE Conferences"
"Evaluating the Performance of Containerized Webservers against web servers on Virtual Machines using Bombardment and Siege","D. Ukene; H. Wimmer; J. Kim","Department of Information Technology, Georgia Southern University, Statesboro, GA, U.S.A; Department of Information Technology, Georgia Southern University, Statesboro, GA, U.S.A; Department of Information Technology, Georgia Southern University, Statesboro, GA, U.S.A","2023 IEEE/ACIS 21st International Conference on Software Engineering Research, Management and Applications (SERA)","3 Aug 2023","2023","","","144","152","Containerization is becoming an increasingly common aspect of DevOps. Adding a container layer increases the complexity and could impact system performance. This study explores the performance differences of the Apache and Nginx web servers on Virtual Machines (VMs) and Docker Containers with official web server images from Docker Hub. A sandbox environment was created with both containerized and non-containerized versions of the web servers, and their performance was analyzed using line graphs. The results showed differences in performance between VMs and Docker Containers, with some variation from previous research due to the virtualization being done locally rather than on the cloud. This study would be advantageous for organizations with on-premises infrastructure due to security or governing regulations.","2770-8209","979-8-3503-4588-9","10.1109/SERA57763.2023.10197818","","https://ieeexplore.ieee.org/stamp/stamp.jsp?arnumber=10197818","Siege;Docker Container;Performance evaluation","Cloud computing;System performance;Organizations;Containers;Web servers;Virtual machining;Workstations","","","","24","IEEE","3 Aug 2023","23-25 May 2023","23-25 May 2023","IEEE","IEEE Conferences"
"How Do Developers Use ChatGPT for Software Test Generation? Usage Patterns, Satisfaction, and Code Adoption Analysis","S. He; W. Zhan; J. Wang; J. Dai; H. Chen; C. Tan; F. Li","School of Computer Science, Wuhan University, Wuhan, China; School of Computer Science and Artificial Intelligence, Wuhan University of Technology, Wuhan, China; School of Computer Science and Artificial Intelligence, Wuhan University of Technology, Wuhan, China; School of Software Technology, Zhejiang University, Ningbo, China; School of Computer Science and Artificial Intelligence, Wuhan University of Technology, Wuhan, China; School of Computer Science and Artificial Intelligence, Wuhan University of Technology, Wuhan, China; School of Computer Science and Artificial Intelligence, Wuhan University of Technology, Wuhan, China",2025 32nd Asia-Pacific Software Engineering Conference (APSEC),"24 Feb 2026","2025","","","646","657","Large Language Models (LLMs) such as ChatGPT are increasingly used by developers to generate test code, yet little is known about their real-world usage patterns, developer satisfaction, and the extent to which generated code is integrated into software projects. This paper presents an empirical study of 407 user-ChatGPT conversations related to test generation from GitHub, including 152 that contain both test and corresponding source code. We systematically categorize the primary use cases of ChatGPT in test generation, employ sentiment analysis to assess developer satisfaction across different testing scenarios, and analyze the adoption between ChatGPT-generated test code and existing project code using PMD’s Copy-Paste Detector (CPD) tool. Our analysis identifies six ChatGPT usage scenarios in test generation: test case creation, framework demonstration, test enhancement, debugging, CI/CD integration, and mocking solution. Among these, test case creation and framework demonstration emerge as the most frequent. Sentiment analysis reveals that, except for framework demonstration, all other scenarios exhibit a higher proportion of negative feedback than positive. Moreover, adoption analysis indicates that only 25.7% of conversations show evidence of code reuse, suggesting developers are generally cautious when integrating LLM-generated test code. Based on these findings, we propose several practical implications for enhancing the effectiveness of LLM-assisted test generation.","2640-0715","979-8-3315-6653-1","10.1109/APSEC66846.2025.00067","","https://ieeexplore.ieee.org/stamp/stamp.jsp?arnumber=11396489","ChatGPT;test generation;sentiment analysis;empirical study;clone detection","Sentiment analysis;Codes;Source coding;Oral communication;Chatbots;Software;Test pattern generators;Testing;Software engineering;Software development management","","","","54","IEEE","24 Feb 2026","2-5 Dec. 2025","2-5 Dec. 2025","IEEE","IEEE Conferences"
"Towards MLOps: A Framework and Maturity Model","M. M. John; H. H. Olsson; J. Bosch","Computer Science and Media Technology, Malmö University, Malmö, Sweden; Computer Science and Media Technology, Malmö University, Malmö, Sweden; Computer Science and Engineering, Chalmers University of Technology, Gothenburg, Sweden",2021 47th Euromicro Conference on Software Engineering and Advanced Applications (SEAA),"27 Oct 2021","2021","","","1","8","The adoption of continuous software engineering practices such as DevOps (Development and Operations) in business operations has contributed to significantly shorter software development and deployment cycles. Recently, the term MLOps (Machine Learning Operations) has gained increasing interest as a practice that brings together data scientists and operations teams. However, the adoption of MLOps in practice is still in its infancy and there are few common guidelines on how to effectively integrate it into existing software development practices. In this paper, we conduct a systematic literature review and a grey literature review to derive a framework that identifies the activities involved in the adoption of MLOps and the stages in which companies evolve as they become more mature and advanced. We validate this framework in three case companies and show how they have managed to adopt and integrate MLOps in their large-scale software development companies. The contribution of this paper is threefold. First, we review contemporary literature to provide an overview of the state-of-the-art in MLOps. Based on this review, we derive an MLOps framework that details the activities involved in the continuous development of machine learning models. Second, we present a maturity model in which we outline the different stages that companies go through in evolving their MLOps practices. Third, we validate our framework in three embedded systems case companies and map the companies to the stages in the maturity model.","","978-1-6654-2705-0","10.1109/SEAA53835.2021.00050","","https://ieeexplore.ieee.org/stamp/stamp.jsp?arnumber=9582569","MLOps;Framework;Maturity Model;SLR;GLR;Validation Study","Embedded systems;Systematics;Bibliographies;Companies;Machine learning;Software;Software engineering","","96","","50","IEEE","27 Oct 2021","1-3 Sept. 2021","1-3 Sept. 2021","IEEE","IEEE Conferences"
"Quantitative impact of artificial intelligence on smart cities: a comparative study using federated learning","S. Banala; L. M. Gutta; N. R. Kanchepu; P. Bhattacharya; P. Dutta; P. Whig","Capgemini, Dallas, Texas, USA; DevOps, ITS, Tek Leaders Inc, USA; Solution Architect Cloud Applications, Information Technology, USA; School of Engineering and Technology, and Research and Innovation Cell, Amity University, Kolkata, West Bengal, India; School of Engineering and Technology, Amity, India; Threws, VIPS-TC, New Delhi, India",8th IET Smart Cities Symposium (SCS 2024),"4 Apr 2025","2024","2024","","557","562","This comparative study investigates the quantitative impact of Artificial Intelligence (AI) on smart cities, with a specific focus on the implementation of federated learning in IoT-based energy management systems. Our research examines AI's effects on urban infrastructure, governance, and public services, while proposing a novel framework that leverages federated learning to enhance privacy, efficiency, and scalability in smart city ecosystems. The study analyzes data from diverse urban settings, revealing significant improvements in key metrics. AI-driven systems have reduced energy consumption by an average of 15% across studied cities, while AI-enhanced traffic management algorithms have decreased congestion by up to 25%. These results demonstrate the substantial operational efficiencies achieved through AI integration in urban environments. Our proposed framework introduces a federated learning approach to address privacy concerns and data silos in smart cities. This decentralized AI technique allows for model training across multiple IoT devices without centralizing sensitive data. The architecture consists of three main components: energy devices, energy edge servers, and energy cloud servers. Energy devices collect and generate data, edge servers process local data and host federated learning models, and cloud servers coordinate the overall learning process and provide additional computational resources when needed. The software model for this IoT-based energy management system includes four layers: sensing, network, cognition, and application. Federated learning is implemented primarily in the cognition layer, where edge servers perform local model updates based on device data, and the cloud server aggregates these updates to improve the global model without accessing raw data.","","978-1-83724-310-5","10.1049/icp.2025.0853","","https://ieeexplore.ieee.org/stamp/stamp.jsp?arnumber=10949366","","","","1","","","","4 Apr 2025","1-3 Dec. 2024","1-3 Dec. 2024","IET","IET Conferences"
"Continuous Safety Assessment of Updated Supervised Learning Models in Shadow Mode","H. Guissouma; M. Zink; E. Sax","ITIV Karlsruhe Institute of Technology (KIT), Karlsruhe, Germany; ITIV Karlsruhe Institute of Technology, Karlsruhe, Germany; ITIV Karlsruhe Institute of Technology, Karlsruhe, Germany",2023 IEEE 20th International Conference on Software Architecture Companion (ICSA-C),"24 Apr 2023","2023","","","301","308","Over-The-Air (OTA) updates play an essential role in the lifecycle management of modern Cyber Physical Systems (CPSs). They are deployed in short time periods to fix bugs and introduce new features. However, an important part of these updates affects safety-critical functions, and thus, requires thorough verification and validation. Particular care must be taken when using machine learning algorithms, for which it is more difficult to test all conceivable corner cases during the development process. To prevent potential unforeseen misbehavior after deployment, we introduce a method for runtime evaluation of updates in shadow mode using contract specifications. The method focuses on supervised learning models and is embedded in a workflow for iterative training. This enables carrying out reliable field testing and obtaining a realistic evaluation of the planned updates before release. Finally, we evaluate our approach on a prototype Electronic Control Unit (ECU) implementing an automotive Lane Keep Assist (LKA) system.","2768-4288","978-1-6654-6459-8","10.1109/ICSA-C57050.2023.00069","","https://ieeexplore.ieee.org/stamp/stamp.jsp?arnumber=10092729","DevOps;safety monitoring;OTA updates;contract-based design;supervised learning","Training;Software architecture;Supervised learning;Training data;Safety;Servers;Virtualization","","6","","29","IEEE","24 Apr 2023","13-17 March 2023","13-17 March 2023","IEEE","IEEE Conferences"
"AutoDrift: A Forecast-Aware Concept Drift Detection and Retraining Pipeline in MLOps with CMAPSS","R. K. Myakala; P. K. Nagata; S. Lavudya; S. K. Pedhapally; V. R. Podduturi","CVS Health, Washington D.C., USA; Trine University, Indiana, USA; Campbellsville University, kentucky, USA; University of North Texas, Texas, USA; World Bank, Washington D.C., USA",2025 IEEE 11th International Conference on Big Data Computing Service and Machine Learning Applications (BigDataService),"1 Sep 2025","2025","","","94","100","Concept drift poses a critical challenge to deploying reliable machine learning models in real-world production environments, particularly in time series forecasting and predictive maintenance systems. We present AutoDrift, a modular, forecast-aware framework to detect concept drift and trigger the automated retraining of models within modern MLOps pipelines. This approach integrates Facebook Prophet for time series prediction, statistical drift detection techniques such as the Kolmogorov-Smirnov test, and Apache Airflow to orchestrate retraining and deployment tasks in response to detected drift. Using the widely bench marked NASA CMAPSS dataset, we simulate real-world engine degradation and sensor drift conditions to evaluate AutoDrift's effectiveness in predictive maintenance scenarios. The results demonstrate that AutoDrift maintains high forecasting accuracy (91 % precision) while reducing retraining latency by 37 % compared to static retraining schedules. The framework supports model versioning via MLflow and is cloud-agnostic, enabling seamless deployment across Kubernetes, AWS, and on-premises environments. AutoDrift offers a practical solution to one of the most pressing MLOps challenges such as maintaining the adaptability of deployed models to changing data distributions, by unifying drift detection, retraining logic, and orchestration in a single, extensible pipeline. The system is designed to be interpretable, scalable, and easy to integrate into existing machine learning operations, making it suitable for industrial applications in aviation, IoT, and large-scale telemetry monitoring.","2690-828X","979-8-3315-8532-7","10.1109/BigDataService65758.2025.00019","","https://ieeexplore.ieee.org/stamp/stamp.jsp?arnumber=11129558","Concept Drift;Forecasting;MLOps;Time Series;Predictive Maintenance;Model Retraining;Apache Airflow;CMAPSS;Anomaly Detection;CI/CD Automation","Adaptation models;Atmospheric modeling;Concept drift;Time series analysis;Pipelines;Predictive models;Data models;Telemetry;Forecasting;Predictive maintenance","","","","6","IEEE","1 Sep 2025","21-24 July 2025","21-24 July 2025","IEEE","IEEE Conferences"
"A Trustworthy Blockchain-based Decentralised Resource Management System in the Cloud","Z. Zhao; C. Rong; M. G. Jaatun","University of Stavanger, Norway; University of Amsterdam, Netherlands; University of Amsterdam, Netherlands",2020 IEEE 26th International Conference on Parallel and Distributed Systems (ICPADS),"25 Feb 2021","2020","","","617","624","Quality Critical Decentralised Applications (QC-DApp) have high requirements for system performance and service quality, involve heterogeneous infrastructures (Clouds, Fogs, Edges and IoT), and rely on the trustworthy collaborations among participants of data sources and infrastructure providers to deliver their business value. The development of the QCDApp has to tackle the low-performance challenge of the current blockchain technologies due to the low collaboration efficiency among distributed peers for consensus. On the other hand, the resilience of the Cloud has enabled significant advances in software-defined storage, networking, infrastructure, and every technology; however, those rich programmabilities of infrastructure (in particular, the advances of new hardware accelerators in the infrastructures) can still not be effectively utilised for QCDApp due to lack of suitable architecture and programming model.","2690-5965","978-1-7281-9074-7","10.1109/ICPADS51040.2020.00086","European Union(grant numbers:860627,825134,824068,862409); ","https://ieeexplore.ieee.org/stamp/stamp.jsp?arnumber=9359214","DevOps;Cloud Computing;Blockchain","System performance;Collaboration;Blockchain;Computer architecture;Programming;Hardware;Resilience","","4","","31","IEEE","25 Feb 2021","2-4 Dec. 2020","2-4 Dec. 2020","IEEE","IEEE Conferences"
"Cargo-Cult Containerization: A Critical View of Containers in Modern Software Development","T. Mikkonen; C. Pautasso; K. Systä; A. Taivalsaari","University of Jyväskylä, Jyväskylä, Finland; USI, Lugano, Swizerland; Tampere University, Tampere, Finland; Tampere University, Tampere, Finland",2022 IEEE International Conference on Service-Oriented System Engineering (SOSE),"13 Oct 2022","2022","","","93","98","Software is increasingly developed and deployed using containers. While the concept of a container is conceptually straightforward, there are various issues to be considered while using them, ranging from technical details inside containers to the orchestration of containers that jointly form a meaningful application. In recent years, the use of containers has become so prevalent that developers have a tendency to resort to cargo-cult containerization – ritual adherence to the use of containers just because so many others are doing the same thing. In this paper, we study advantages and downsides of containers in modern-day software development. We foresee the use of containers to spread into new areas, including IoT systems and embedded devices. At the same time, we caution against indiscriminate use of containers, since excessive containerization can have adverse impacts on software maintenance and overall complexity of a system architecture.","2642-6587","978-1-6654-7534-1","10.1109/SOSE55356.2022.00017","","https://ieeexplore.ieee.org/stamp/stamp.jsp?arnumber=9912622","Software design;design principles;continuous software engineering;DevOps;containerization;software containers;container orchestration","Software maintenance;Software design;Software architecture;Service-oriented systems engineering;Systems architecture;Containers;Software","","1","","26","IEEE","13 Oct 2022","15-18 Aug. 2022","15-18 Aug. 2022","IEEE","IEEE Conferences"
"Metrics to Meet Security & Privacy Requirements with Agile Software Development Methods in a Regulated Environment","T. J. Wagner; T. C. Ford","Department of Systems Engineering & Management, Air Force Institute of Technology 2950 Hobson Way, WPAFB, OH, USA; Department of Systems Engineering & Management, Air Force Institute of Technology 2950 Hobson Way, WPAFB, OH, USA","2020 International Conference on Computing, Networking and Communications (ICNC)","30 Mar 2020","2020","","","17","23","This work examines metrics that can be used to measure the ability of agile software development methods to meet security and privacy requirements of communications applications. Many implementations of communication protocols, including those in vehicular networks, occur within regulated environments where agile development methods are traditionally discouraged. We propose a framework and metrics to measure adherence to security, quality and software effectiveness regulations if developers desire the cost and schedule benefits of agile methods. After providing an overview of specific challenges that a regulated environment imposes on communications software development, we proceed to examine the 12 agile principles and how they relate to a regulatory environment. From this review we identify two metrics to measure performance of three key regulatory attributes of software for communications applications, and then recommend an approach of either tools, agile methods or DevOps that is best positioned to satisfy its regulated environment attributes. By considering the recommendations in this paper, managers of software-dominant communications programs in a regulated environment can gain insight into leveraging the benefits of agile methods.","2325-2626","978-1-7281-4905-9","10.1109/ICNC47757.2020.9049681","","https://ieeexplore.ieee.org/stamp/stamp.jsp?arnumber=9049681","Communication system security;Iterative methods;Real-time and embedded systems;Data privacy;Design tools and techniques","Software;Security;Tools;US Department of Defense;Agile software development;Software measurement","","7","","44","USGov","30 Mar 2020","17-20 Feb. 2020","17-20 Feb. 2020","IEEE","IEEE Conferences"
"Ecosystem-Centric Approach to Intelligent Product Development: Paving the Way for Scalable and Adaptive Solutions","A. Stanciu; L. C. Miclea","Technical University of Cluj-Napoca, Romania; Technical University of Cluj-Napoca, Romania","2023 27th International Conference on System Theory, Control and Computing (ICSTCC)","10 Nov 2023","2023","","","493","498","This paper explores the evolution from traditional to modern methodologies for the development of intelligent products. The traditional linear and sequential approach, often characterized by limited toolsets and hardware-centric programming, fails to address the complexities and dynamic requirements of today's digital ecosystems. To bridge this gap, we propose an ecosystem-centric approach to intelligent product development that emphasizes scalability, flexibility, and integration of advanced technologies. Our approach fosters the use of artificial intelligence, machine learning, and advanced data analytics techniques, providing a model for creating scalable and adaptive solutions. We also delve into the necessity of DevSecOps methodology, incorporating cloud-based solutions such as Integration PaaS services, and embracing IoT technologies. This paper contributes by highlighting the benefits of this approach, including improved functionality, reduced development lifecycle, enhanced supply strategy, and cost savings.","2473-5698","979-8-3503-3798-3","10.1109/ICSTCC59206.2023.10308437","","https://ieeexplore.ieee.org/stamp/stamp.jsp?arnumber=10308437","intelligent products;integration;IoT;modern development;artificial intelligence;machine learning","Costs;Protocols;Data analysis;Ecosystems;Programming;Control systems;Product development","","","","17","IEEE","10 Nov 2023","11-13 Oct. 2023","11-13 Oct. 2023","IEEE","IEEE Conferences"
"Improving Voyage Efficiency in the Shipping 4.0 Decarbonization Era","T. J. Varelas; D. Kaklis; I. Varlamis; A. Flori","Danaos Research Center, Piraeus, Greece; Dep. of Informatics and Telematics, NCSR Demokritos, Harokopio University of Athens, Danaos Research Center, Athens, Greece; Department of Informatics and Telematics, Harokopio University of Athens, Athens, Greece; Danaos Research Center, Piraeus, Greece",2023 IEEE International Conference on Service-Oriented System Engineering (SOSE),"25 Sep 2023","2023","","","191","198","The objective of this work is to pave the way toward a carbon-neutral and efficient operational blueprint for the waterborne sector, through the lens of the Industry 4.0 era. In this direction, we demonstrate a cutting-edge integrated ecosystem (ARTeMIS) for operational efficiency and environmental compliance and focus on the respective building block comprising the envisaged platform. ARTeMIS incorporates an IoT suite responsible for data acquisition, as well as a multi-purpose processing pipeline for CI/CD (continuous integration/deployment) of simulation models concerning operational optimization. In the context of this work, the proposed framework was adapted accordingly to capture, analyze and continuously predict the Fuel Oil Consumption (FOC), Effective HorsePower (EHP), Speed, and pollutant concentrations, of the vessel. Utilizing this streamlined procedure we are able to assess the scrubbing efficiency, as well as the environmental footprint of the vessel (CII - Carbon Intensity Indicator) in order to further optimize the vessel operation. Furthermore, the paper argues on how generic models like STEAM (Ship Traffic Emissions Assessment Method) should be transformed radically with the utilization of shipping 4.0 driven frameworks like the one proposed in the context of this work. Finally, the unleashed highly accurate prediction potential of the proposed system concerning operational efficiency, anomaly detection, and environmental compliance is demonstrated. The onboard proof of concept and the assimilated results so far, are also depicted to illustrate the feasibility and potential of the proposed approach.","2642-6587","979-8-3503-2239-2","10.1109/SOSE58276.2023.00030","","https://ieeexplore.ieee.org/stamp/stamp.jsp?arnumber=10254767","IoT;multivariate-regression;ANN;MADM;digitalization;decarbonization","Industries;Adaptation models;Service-oriented systems engineering;Biological system modeling;Oils;Pipelines;Low-carbon economy","","1","","21","IEEE","25 Sep 2023","17-20 July 2023","17-20 July 2023","IEEE","IEEE Conferences"
"Orchestration of Containerized Applications in the Cloud Continuum","G. Di Modica; A. Galletta; L. Carnevale; A. Alkhansa; A. Costantini; D. Cesini; P. Bellavista; M. Villari","Department of Computer Science Engineering, University of Bologna, Italy; MIFT Department, University of Messina, Italy; MIFT Department, University of Messina, Italy; Center for Research and Development on Information and Communication Technologies (CNAF), Italian Institute for Nuclear Physics (INFN), Bologna, Italy; Center for Research and Development on Information and Communication Technologies (CNAF), Italian Institute for Nuclear Physics (INFN), Bologna, Italy; Center for Research and Development on Information and Communication Technologies (CNAF), Italian Institute for Nuclear Physics (INFN), Bologna, Italy; Department of Computer Science Engineering, University of Bologna, Italy; MIFT Department, University of Messina, Italy",2023 IEEE International Conference on Pervasive Computing and Communications Workshops and other Affiliated Events (PerCom Workshops),"21 Jun 2023","2023","","","44","49","Cloud Service orchestration is a hot topic addressed by both the academia and the business world. The increasing diversification of the Cloud offer, coupled with the strong need of flexible and scalable applications demanded by customers, is calling up for efficient and agile mechanisms that streamline the devops practices. The novel opportunity of running software applications or just application portions on resources located on the Edge of the network poses an additional challenge to the already tough problem of flexibly and seamlessly provisioning services. Orchestrators must deal with a continuum of heterogeneous computing resources, contributed by both the Edge and the Cloud, that promises several benefits yet at a higher management cost. In this paper, we introduce a continuum-enabled orchestrator and discuss an application provisioning paradigm that helps the users to easily configure and deploy composite applications. Finally, we showcase the potential of the orchestrator in a simple yet practical smart-city scenario.","2766-8576","978-1-6654-5381-3","10.1109/PerComWorkshops56833.2023.10150375","EU H2020 IoTwins Innovation Action(grant numbers:857191); ","https://ieeexplore.ieee.org/stamp/stamp.jsp?arnumber=10150375","Service orchestration;Computing Continuum;Cloud;Edge;IoT;Machine Learning;OCR","Pervasive computing;Costs;Conferences;Software;Heterogeneous networks;Business","","1","","21","IEEE","21 Jun 2023","13-17 March 2023","13-17 March 2023","IEEE","IEEE Conferences"
"Verification and validation framework for 5G network services and apps","M. Zhao; F. Le Gall; P. Cousin; R. Vilalta; R. Muñoz; S. Castro; M. Peuster; S. Schneider; M. Siapera; E. Kapassa; D. Kyriazis; P. Hasselmeyer; G. Xilouris; C. Tranoris; S. Denazis; J. Martrat","Easy Global Market; Easy Global Market; Easy Global Market; Centre Tecnològic de Telecomunicacions de Catalunya (CTTCICERCA); Centre Tecnològic de Telecomunicacions de Catalunya (CTTCICERCA); ATOS; Paderborn University, Germany; Paderborn University, Germany; University of Piraeus, Greece; University of Piraeus, Greece; University of Piraeus, Greece; NEC Laboratories Europe; National Center for Scientific Research Demokritos (NCSRD); University of Patras; University of Patras; ATOS",2017 IEEE Conference on Network Function Virtualization and Software Defined Networks (NFV-SDN),"11 Dec 2017","2017","","","321","326","5G does not only aim at higher capacity and lower latency than current 4G in mobile broadband networks, but also to increase the level of programmability, control and flexibility to meet the requirements from innovative use cases such as IoT, smart manufacturing, and immersive media. However, several difficulties still need to be overcome for a better technological adoption. To reduce the time-to-market for networked services and to lower the entry barrier to third party developers of VNFs and network services, an integrated development and operations (DevOps) methodology is a promising way. One of the biggest challenges in upcoming 5G DevOps is the validation and verification (V&V) of individual VNFs and network services (VNF graphs) so that operators can be sure of their behavior. In this paper, we propose an NFV architecture that supports the DevOps methodology with a V&V platform and an advanced NFV catalogue. The conceptual components of the V&V platform, the foreseen methodology and the outcomes are explained. Finally, we explore some perspectives in applying such V&V approach in another 5G research project.","","978-1-5386-3285-7","10.1109/NFV-SDN.2017.8169878","","https://ieeexplore.ieee.org/stamp/stamp.jsp?arnumber=8169878","","5G mobile communication;Metadata;Business;Tools;Conferences;Testing","","18","","16","IEEE","11 Dec 2017","6-8 Nov. 2017","6-8 Nov. 2017","IEEE","IEEE Conferences"
"On Comparative Analysis of Advanced Omega Network and Irregular Advance Omega Network","V. P. Bhardwaj","Department of Cybernetics, School of Computer Science, University of Petroleum and Energy Studies, Dehradun, UK",2021 Sixth International Conference on Image Information Processing (ICIIP),"10 Feb 2022","2021","6","","343","346","Parallel computation gives strength to the applications where high end and reliable computation is required. It is now aligned with the latest technologies of computer science. Blockchain technology, IoT, DevOps, AI and ML are some of the examples of latest technologies. At the core of almost every technology, it is observed that parallel computation is required and interconnection network gives strength to parallel computing applications. Therefore, author has shown his interest in this particular domain. In the present paper, author has compared two interconnection networks i.e. advanced omega network and irregular advance omega network. The comparison is founded on certain performance factors like bandwidth, and throughput. Both of these networks are coming into the categories of multistage interconnection networks, which have a huge contribution in the field of parallel computing. Further, result section shows that advanced omega network is better in terms of performance than the irregular advance omega network at network size 16, and it can be used as an alternative network for the applications where high performance computing is required.","2640-074X","978-1-6654-3361-7","10.1109/ICIIP53038.2021.9702700","","https://ieeexplore.ieee.org/stamp/stamp.jsp?arnumber=9702700","Interconnection Networks;Advanced Omega Network;Irregular Advance Omega Network;Bandwidth;Throughput","Computer science;Multiprocessor interconnection;High performance computing;Computer network reliability;Bandwidth;Information processing;Parallel processing","","1","","41","IEEE","10 Feb 2022","26-28 Nov. 2021","26-28 Nov. 2021","IEEE","IEEE Conferences"
"Poster: Exploration of Academic and Industrial Evidence about Architectural Tactics and Patterns in Microservices","F. Osses; G. Márquez; H. Astudillo","Toeska research group, Universidad Técnica Federico Santa María, Valparaíso, Chile; Toeska research group, Universidad Técnica Federico Santa María, Valparaíso, Chile; Toeska research group, Universidad Técnica Federico Santa María, Valparaíso, Chile",2018 IEEE/ACM 40th International Conference on Software Engineering: Companion (ICSE-Companion),"30 Aug 2018","2018","","","256","257","Microservices are quickly becoming an outstanding architectural choice in the service-oriented software industry. This approach proposes to develop each application as a collection of small services, each running on its process and inter-communicating with lightweight mechanisms. Currently, there is still no clear perspective of emerging recurrent solutions (architectural patterns) or design decisions (architectural tactics) in microservices both in industry and academia. This article describes a systematic review of the academic and industrial literature on architectural patterns and tactics proposed for microservices. The study reported: 44 architectural patterns of microservices in academia and 80 in the industry; architectural tactics related to microservices dependent on other disciplines; and it was also found that most of architectural patterns and tactics are associated to five quality attributes: scalability, flexibility, testability, performance, and elasticity. Added to that results, it was noticed that most microservices in the academic area are reported in evidence related to DevOps and IoT, but the industry is not interested in associating disciplines. Finally, a new proposal of microservices pattern taxonomy is suggested.","2574-1934","978-1-4503-5663-3","","","https://ieeexplore.ieee.org/stamp/stamp.jsp?arnumber=8449527","Architectural patterns;architectural tactics;microservices;taxonomy;systematic literature review;academy;industry","Industries;Taxonomy;Computer architecture;Software architecture;Systematics;Software","","1","","8","","30 Aug 2018","27 May-3 June 2018","27 May-3 June 2018","IEEE","IEEE Conferences"
"Keynote: Designing Serverless Platforms to Support Emerging Applications","C. L. Abad","Department of Electrical Engineering and Computer Science, Escuela Superior Politecnica del Litoral (ESPOL), Guayaquil, Ecuador",2022 IEEE International Conference on Pervasive Computing and Communications Workshops and other Affiliated Events (PerCom Workshops),"16 May 2022","2022","","","1","1","Serverless computing offerings from cloud providers have gained significant traction in recent years due to the advantages that these platforms bring with their flexible pricing models, built-in scalability, and minimal operational requirements. In a recent survey of serverless use cases, we found a wide variety of applications that depend on these services, including implementing the core functionality at the backend of mobile applications, automating the DevOps tasks of complex distributed applications, real-time processing of IoT streaming data, and scientific applications. To properly support these applications, the platforms should be fast, self-managing, and provide support for diverse QoS requirements. As a result, novel improvements to serverless platforms are rapidly being proposed and adopted. Evaluating these solutions necessitates application-based, workload-aware benchmarking tools that the community can rely on. This talk addresses these challenges and our research efforts on tackling them, presenting a performance engineering perspective about the current state and future challenges of serverless computing research. I will describe our solutions in autonomic resource management for serverless platforms, focusing on solutions that improve performance or reduce costs via scheduling, caching, and right-sizing of resources, along with our ongoing efforts in developing an application-driven serverless benchmark.","","978-1-6654-1647-4","10.1109/PerComWorkshops53856.2022.9775198","","https://ieeexplore.ieee.org/stamp/stamp.jsp?arnumber=9775198","","Pervasive computing;Processor scheduling;Conferences;Scalability;Serverless computing;Quality of service;Pricing","","","","8","IEEE","16 May 2022","21-25 March 2022","21-25 March 2022","IEEE","IEEE Conferences"
"CyberHeraclius: Cyber Defence Evaluation Methodology","G. Hatzivasilis; S. Ioannidis","Institute of Computer Science Foundation for Research and Technology - Hellas, Heraklion, Greece; Institute of Computer Science Foundation for Research and Technology - Hellas, Heraklion, Greece",2025 IEEE International Conference on Cyber Security and Resilience (CSR),"26 Aug 2025","2025","","","1113","1118","Security evaluation remains a critical challenge in cybersecurity, especially with the growing complexity of systems like cloud and IoT environments. This paper introduces CyberHeraclius, a novel methodology for evaluating the security of modern computer networks. The process begins with automated asset mapping and the collection of public Cyber Threat Intelligence (CTI) from MITRE’s CVE, CWE, and CAPEC repositories, as well as Metasploit. To address CTI limitations, such as false positives and coverage gaps, automated penetration testing is used to verify actual vulnerabilities. The validated results feed into a Medieval Castle-based security model, which assesses system resilience based on component composition. CTI risk metrics are then integrated with the model’s aggregation formulas to quantify overall system risk. CyberHeraclius is part of the SecOPERA Platform, which supports secure continuous integration and deployment (CI/CD) pipelines for system developers.","","979-8-3315-3591-9","10.1109/CSR64739.2025.11130048","","https://ieeexplore.ieee.org/stamp/stamp.jsp?arnumber=11130048","security assessment;penetration testing;CPE;resilience;risk management","Measurement;Fault tolerance;Pipelines;Continuous integration;Computer networks;Cyber threat intelligence;Risk management;Feeds;Resilience;Penetration testing","","","","33","IEEE","26 Aug 2025","4-6 Aug. 2025","4-6 Aug. 2025","IEEE","IEEE Conferences"
"Review of Architectural Patterns and Tactics for Microservices in Academic and Industrial Literature","G. Marquez; F. Osses; H. Astudillo","Universidad Tecnica Federico Santa Maria, Valparaiso, CL; Universidad Tecnica Federico Santa Maria, Valparaiso, CL; Universidad Tecnica Federico Santa Maria, Valparaiso, CL",IEEE Latin America Transactions,"6 Aug 2019","2018","16","9","2321","2327","Microservices are an emerging trend for development of service-oriented software. This approach proposes to build each application as a collection of small services running on separate process and inter-communicating with lightweight mechanisms. Systematic development of microservices is hampered by the lack of a catalog of emerging recurrent architectural solutions (architectural patterns) and design decisions (architectural tactics). This article describes a systematic review of academic and industrial literature regarding architectural patterns and architectural tactics for microservices. The review yield 44 architectural patterns in academic sources and 74 in industrial ones, as well as a few architectural tactics originally proposed to address related problems. Most architectural patterns and tactics are associated to one of just five quality attributes: scalability, flexibility, testability, performance, and elasticity. Also, most microservices in academic (but not industrial) literature are related to DevOps and IoT. The findings lead to propose a new taxonomy of microservice architectural patterns.","1548-0992","","10.1109/TLA.2018.8789551","","https://ieeexplore.ieee.org/stamp/stamp.jsp?arnumber=8789551","Architectural patterns;Architectural tactics;Microservices;taxonomy;Systematic literature review;Academy;industry","Software;Monitoring;Systematics;IEEE transactions;Taxonomy;Silicon compounds;Google","","19","1","","IEEE","6 Aug 2019","September 2018","","IEEE","IEEE Journals"
"Towards Automated Security Design Flaw Detection","L. Sion; K. Tuma; R. Scandariato; K. Yskout; W. Joosen","Imec-DistriNet, KU, Leuven; Chalmers & Gothenburg University; Chalmers & Gothenburg University; Imec-DistriNet, KU, Leuven; Imec-DistriNet, KU, Leuven",2019 34th IEEE/ACM International Conference on Automated Software Engineering Workshop (ASEW),"27 Jan 2020","2019","","","49","56","Efficiency of security-by-design has become an important goal for organizations implementing software engineering practices such as Agile, DevOps, and Continuous Integration. Software architectures are (often manually) analyzed at design time for potential security design flaws, based on natural language descriptions of security weaknesses (e.g., CWE, CAPEC). The use of natural language hinders the application of such knowledge bases in an automated fashion. In this paper, we analyze an existing catalog of 19 security design flaws in order to identify conceptual, technology-independent requirements on architectural models that enable automatically detecting these flaws. This constitutes the first step towards automated assessment of design-level security. Our findings are illustrated on an IoT-based smart home system.","2151-0830","978-1-7281-4136-7","10.1109/ASEW.2019.00028","","https://ieeexplore.ieee.org/stamp/stamp.jsp?arnumber=8967432","security;design flaws;design analysis;design inspection","Fault diagnosis;Threat modeling;Analytical models;Translation;Systematics;Software architecture;Smart homes;Inspection;Security;Context modeling","","15","","38","IEEE","27 Jan 2020","11-15 Nov. 2019","11-15 Nov. 2019","IEEE","IEEE Conferences"
"Continuous Integration of Applications for ONOS","M. Großmann; C. Ioannidis","Computer Networks Group, University of Bamberg, Bamberg, Germany; Computer Networks Group, University of Bamberg, Bamberg, Germany",2019 IEEE Conference on Network Softwarization (NetSoft),"22 Aug 2019","2019","","","213","217","Micro-services dominate tomorrows virtualized network infrastructures and are going to abolish monolithic software. Paradigms like fog computing and the Internet of Things require virtualized packages of software to be distributed all over the network to form a service chain that enhances the overall Quality of Service. Therefore, SDN controllers need to be extendable, flexible, updatable, and manageable, which necessitates automation in the controller's application development and deployment. Such novel agile service management up-rose due to the increasing demand of micro-service structures in data centers and nowadays falls into the scope of DevOps activities. In our paper, we build a sample application for ONOS and deploy it within a virtualized environment to different infrastructures. Additionally, we provide an evaluation of different Continuous Integration (CI) tools for building and deploying our ONOS controller application. Our investigation shows the applicability of current CI solutions regarding an automated build, test, and deploy chain for SDN controller applications.","","978-1-5386-9376-6","10.1109/NETSOFT.2019.8806696","","https://ieeexplore.ieee.org/stamp/stamp.jsp?arnumber=8806696","SDN;Virtualization;ONOS;Docker;ARM;Continuous Integration","Software;Topology;Control systems;Buildings;Containers;Network topology;Computer architecture","","12","","8","IEEE","22 Aug 2019","24-28 June 2019","24-28 June 2019","IEEE","IEEE Conferences"
"On-Demand Cardiac Digital Twins: A Case Study on DevOps workflows for Digital Twin Platforms","P. Yelkotwar; R. Raj; A. Pingle; P. Talasila; N. Goveas","Department of Computer Science and Information Systems, BITS Pilani, K K Birla Goa Campus, India; Department of Computer Science and Information Systems, BITS Pilani, K K Birla Goa Campus, India; Department of Computer Science and Information Systems, BITS Pilani, K K Birla Goa Campus, India; Department of Electrical and Computer Engineering, Aarhus University, Denmark; Department of Computer Science and Information Systems, BITS Pilani, K K Birla Goa Campus, India",2025 ACM/IEEE 28th International Conference on Model Driven Engineering Languages and Systems Companion (MODELS-C),"10 Dec 2025","2025","","","236","242","Digital Twins (DTs), when integrated with physical systems and their virtual representations, can support real-time analysis, simulations, and decision-making. A major barrier to creating DTs is the effort required to put together the techniques and technologies developed by subject experts. The Digital Twin as a Service (DTaaS) is a DT platform that helps in DT development by creating collaborative environments in which users can develop, use, and share DTs. While experts can create and customize DTs to their needs, non-expert users benefit from automated solutions for on-demand deployment and execution of DTs. Modern software engineering practices such as Development and Operations (DevOps) have produced architectural solutions for a scalable deployment of software products. In this work, we present our contribution to the integration of DevOps workflows with the DTaaS platform. We develop a cardiac DT for ECGbased preventive diagnostics of the human heart. The same DT is used to demonstrate an implementation of DevOps workflows on the DTaaS platform. We find that our proposed solution is suitable for time-sensitive applications and flexible enough to be used with other DT platforms.","","979-8-3315-7990-6","10.1109/MODELS-C68889.2025.00041","Innovation Fund; ","https://ieeexplore.ieee.org/stamp/stamp.jsp?arnumber=11273305","Digital Twins;ECG;IoT Systems;Continuous Integration;Cloud Deployment;DTaaS;3D Simulation","Heart;Solid modeling;DevOps;Three-dimensional displays;Electrocardiography;Software;Real-time systems;Model driven engineering;Digital twins;Software engineering","","","","31","IEEE","10 Dec 2025","5-10 Oct. 2025","5-10 Oct. 2025","IEEE","IEEE Conferences"
"If Docker is the Answer, What is the Question?","H. Zhu; I. Bayley","School of Engineering, Oxford Brookes University, Oxford OX33 1HX, UK; School of Engineering, Oxford Brookes University, Oxford OX33 1HX, UK",2018 IEEE Symposium on Service-Oriented System Engineering (SOSE),"17 May 2018","2018","","","152","163","The recent rise of cloud computing poses serious challenges for software engineering because it adds complexity not only to the platform and infrastructure, but to the software too. The demands on system scalability, performance and reliability are ever increasing. Industry solutions with widespread adoption include the microservices architecture, the container technology and the DevOps methodology. These approaches have changed software engineering practice in such a profound way that we argue that it is becoming a paradigm shift. In this paper, we examine the current support of programming languages for the key concepts behind the change in software engineering practice and argue that a novel programming language is required to support the new paradigm. We report a new programming language CAOPLE and its associated Integrated DevOps Environment CIDE and demonstrate the utility of both.","","978-1-5386-5207-7","10.1109/SOSE.2018.00027","","https://ieeexplore.ieee.org/stamp/stamp.jsp?arnumber=8359160","Cloud computing;Microservices;Container technology;DevOps;Service agent orientation;Software engineering paradigms;Parallel and distributed programming models;Software development methodology;Programming languages;Integrated Software Development Environment.","Containers;Object oriented modeling;Computational modeling;Software;Software engineering;Computer architecture;Computer languages","","8","","39","IEEE","17 May 2018","26-29 March 2018","26-29 March 2018","IEEE","IEEE Conferences"
"Blockchain technology innovations","T. Ahram; A. Sargolzaei; S. Sargolzaei; J. Daniels; B. Amaba","Institute for Advanced Systems Engineering, University of Central Florida, Orlando, FL, USA; Department of Electrical Engineering, Florida Polytechnic University, Lakeland, FL, USA; Rancs Group LLC, Wilmington, DE, USA; Lockheed Martin, Dallas, TX, USA; IBM Corporation, Miami, FL, USA",2017 IEEE Technology & Engineering Management Conference (TEMSCON),"3 Aug 2017","2017","","","137","141","Digital world has produced efficiencies, new innovative products, and close customer relationships globally by the effective use of mobile, IoT (Internet of Things), social media, analytics and cloud technology to generate models for better decisions. Blockchain is recently introduced and revolutionizing the digital world bringing a new perspective to security, resiliency and efficiency of systems. While initially popularized by Bitcoin, Blockchain is much more than a foundation for crypto currency. It offers a secure way to exchange any kind of good, service, or transaction. Industrial growth increasingly depends on trusted partnerships; but increasing regulation, cybercrime and fraud are inhibiting expansion. To address these challenges, Blockchain will enable more agile value chains, faster product innovations, closer customer relationships, and quicker integration with the IoT and cloud technology. Further Blockchain provides a lower cost of trade with a trusted contract monitored without intervention from third parties who may not add direct value. It facilitates smart contracts, engagements, and agreements with inherent, robust cyber security features. This paper is an effort to break the ground for presenting and demonstrating the use of Blockchain technology in multiple industrial applications. A healthcare industry application, Healthchain, is formalized and developed on the foundation of Blockchain using IBM Blockchain initiative. The concepts are transferable to a wide range of industries as finance, government and manufacturing where security, scalability and efficiency must meet.","","978-1-5090-1114-8","10.1109/TEMSCON.2017.7998367","","https://ieeexplore.ieee.org/stamp/stamp.jsp?arnumber=7998367","Blockchain;Business;Cloud computing;Cloud services;Control Systems;Cybersecurity;DevOps;Finance;Government;Healthcare;IoT;Industry 4.0.","Bitcoin;Medical services;Standards;Cloud computing;Ethics","","403","","14","IEEE","3 Aug 2017","8-10 June 2017","8-10 June 2017","IEEE","IEEE Conferences"