source;entry_type;document_type;title;authors;year;doi;url;abstract;keywords;journal;booktitle;publisher;pages
wos;;Proceedings Paper;Towards DevOps in the Embedded Systems Domain: Why is It so Hard?;"Lwakatare, LE; Karvonen, T; Sauvola, T; Kuvaja, P; Olsson, HH; Bosch, J; Oivo, M";2016;10.1109/HICSS.2016.671;http://dx.doi.org/10.1109/HICSS.2016.671;DevOps is a predominant phenomenon in the web domain. Its two core principles emphasize collaboration between software development and operations, and the use of agile principles to manage deployment environments and their configurations. DevOps techniques, such as collaboration and behaviour-driven monitoring, have been used by web companies to facilitate continuous deployment of new functionality to customers. The techniques may also offer opportunities for continuous product improvement when adopted in the embedded systems domain. However, certain characteristics of embedded software development present obstacles for DevOps adoption, and as yet, there is no empirical evidence of its adoption in the embedded systems domain. In this study, we present the challenges for DevOps adoption in embedded systems using a multiple-case study approach with four companies. The contribution of this paper is to introduce the concept of DevOps adoption in the embedded systems domain and then to identify key challenges for the DevOps adoption.;DEPLOYMENT;PROCEEDINGS OF THE 49TH ANNUAL HAWAII INTERNATIONAL CONFERENCE ON SYSTEM SCIENCES (HICSS 2016);;;
wos;;Proceedings Paper;Cloud Ecosystems support for Internet of Things and DevOps using Patterns;"Syed, MH; Fernandez, EB";2016;10.1109/IoTDI.2015.31;http://dx.doi.org/10.1109/IoTDI.2015.31;An ecosystem is the expansion of a software product line architecture to include systems outside the product which interact with the product. A cloud ecosystem includes interdependent and communicating components. Not only the cloud ecosystem itself keeps evolving, but it also affects the way in which we develop and deploy software. We model the architecture of a cloud ecosystem as a set of patterns, showing partial descriptions for some of them. We then discuss the role of this evolving platform in facilitating the Internet of Things and the new DevOps framework for developing software.;SECURITY;PROCEEDINGS 2016 IEEE FIRST INTERNATIONAL CONFERENCE ON INTERNET-OF-THINGS DESIGN AND IMPLEMENTATION IOTDI 2016;;;
wos;;Proceedings Paper;DevOps for the Urban IoT;"Moore, J; Kortuem, G; Smith, A; Chowdhury, N; Cavero, J; Gooch, D";2016;10.1145/2962735.2962747;http://dx.doi.org/10.1145/2962735.2962747;Choosing the right technologies to build an urban-scale IoT system can be challenging. There is often a focus on low-level architectural details such as the scalability of message handling. In our experience building an IoT information system requires a high-level holistic approach that mixes traditional data collection from vendor-specific cloud backends, together with data collected directly from embedded hardware and mobile devices. Supporting this heterogeneous environment can prove challenging and lead to complex systems that are difficult to develop and deploy in a timely fashion. In this paper we describe how we address these challenges by proposing a three-tiered DevOps model which we used to build an information system that is capable of providing real-time analytics of Electric Vehicle (EV) mobility usage and management within a smart city project.;"STANDARDS; INTERNET";SECOND INTERNATIONAL CONFERENCE ON IOT IN URBAN SPACE (URB-IOT 2016);;;
wos;;Proceedings Paper;An Experimental Continuous Delivery Framework for SmartX-mini IoT-Cloud Playground;"Bae, J; Kim, J";2016;;;Internet of Things (IoT), one of the hottest research targets, needs the systematic leverage from cloud-centric ICT infrastructure. Among several challenges for fast and economic IoT-Cloud service enablement, the continuous integration and delivery (CI/CD) framework is one of commonly wanted capabilities. In this paper, we introduce early experience with deploying an experimental continuous delivery framework for SmartX-mini IoT-Cloud Playground.;;2016 INTERNATIONAL CONFERENCE ON INFORMATION NETWORKING (ICOIN);;;
wos;;Article;Network DevOps Solution for Creating New Network Services;"Takimoto, M; Komine, H; Tamura, K";2016;;;Fujitsu has systematized its experience and expertise in DevOps (a portmanteau of development and operations) into a cloud solution that integrates products and services on the basis of software-defined networking (SDN) and network functions virtualization (NFV). This Network DevOps Solution provides telecom carriers with network development and operations management systems and enables them to independently improve their systems and achieve flexible operations management by combining Fujitsu's network platforms, management system products, and partner products. Customers can then quickly respond to changing market needs and continuously enhance their service quality. These abilities will be crucial for carriers as network users' needs increasingly diversify and the demand for new network services multiplies in the era of the Internet of Things (IoT). This paper outlines this Network DevOps Solution, describes application examples, and discusses future development.;;FUJITSU SCIENTIFIC & TECHNICAL JOURNAL;;;
wos;;Proceedings Paper;Enabling Operation Data Visibility for SmartX-mini IoT-Cloud Playground;"Kim, S; Kim, J";2016;;;SmartX-mini playground is a miniaturized IoT-Cloud environment, where DevOps-based automation can be practiced to develop and operate various IoT-Cloud services. Enabling visibility over the targeted playground is critical for the automated operation and effective resource utilization. Thus, in this paper, by leveraging various open-source software tools over small-size boxes, we design and prototype operation data visibility for SmartX-mini IoT-Cloud playground. Typically, we focus on open-source Kafka and Spark to meet the operation data visibility requirements of SmartX-mini playground. Scenario-driven experiments are executed to evaluate the analysis capability for distributed IoT boxes.;;2016 IEEE NETSOFT CONFERENCE AND WORKSHOPS (NETSOFT);;;
wos;;Proceedings Paper;Template-based Automation with Distributed Secure Provisioning Installer for Remote Cloud Boxes;"Shin, JS; Kim, J";2016;;;The emerging edge computing concept with Cloud boxes, in charge of front-end data processing for remote large-scale cloud data centers, is addressing the delay and efficiency concerns for IoT-Cloud services. The infrastructure operators of IoT-Cloud services require several provisioning tools to handle a number of cloud boxes across multiple remote sites. The resulting open-source software provisioning tools should support automated installation and configuration for remote cloud boxes, albeit with flexibility and scalability. Thus, in this paper, we discuss our ongoing DevOps-based realization for DsP-Installer (Distributed Secure Provisioning Installer), which automates the template based installation and configuration for remote cloud boxes.;;2016 INTERNATIONAL CONFERENCE ON INFORMATION AND COMMUNICATION TECHNOLOGY CONVERGENCE (ICTC 2016): TOWARDS SMARTER HYPER-CONNECTED WORLD;;;
wos;;Proceedings Paper;DevOps for IoT Applications using Cellular Networks and Cloud;"Karapantelakis, A; Liang, HX; Wang, K; Vandikas, K; Inam, R; Fersman, E; Mulas-Viela, I; Seyvet, N; Giannokostas, V";2016;10.1109/FiCloud.2016.55;http://dx.doi.org/10.1109/FiCloud.2016.55;The Internet of Things (IoT) is a vision of a future society where an ever-increasing number of heterogeneous physical devices (things) obtain Internet connectivity, thus enabling a large number of applications for a broad range of industries and society at large. Mobile network operators, expected to provide the network infrastructure for many of these applications, face an unprecedented level of complexity. This complexity not only relates to the number of applications that share the network infrastructure, but also to the different network Quality of Service (QoS) requirements these applications have. To achieve economies of scale, automation in management of those applications throughout their lifecycle is essential. In this paper, we propose an architecture that automates allocation, monitoring and deallocation of both cloud and cellular network resources to ensure QoS for applications that involve connected devices communicating with cloud-hosted software. We describe an implementation of this architecture using a combination of open source, commercial, and custom components and evaluate it through a series of measurements. Results show that our implementation can simultaneously support mobile broadband and low latency, high availability mission-critical applications.;INTERNET;2016 IEEE 4TH INTERNATIONAL CONFERENCE ON FUTURE INTERNET OF THINGS AND CLOUD (FICLOUD 2016);;;
wos;;Proceedings Paper;Verification and Validation Framework for 5G Network Services and Apps;"Zhao, MX; Le Gall, F; Cousin, P; Vilalta, R; Muñoz, R; Castro, S; Peuster, M; Schneider, S; Siapera, M; Kapassa, E; Kyriazis, D; Hasselmeyer, P; Xilouris, G; Tranoris, C; Denazis, S; Martrat, J";2017;;;5G does not only aim at higher capacity and lower latency than current 4G in mobile broadband networks, but also to increase the level of programmability, control and flexibility to meet the requirements from innovative use cases such as IoT, smart manufacturing, and immersive media. However, several difficulties still need to be overcome for a better technological adoption. To reduce the time-to-market for networked services and to lower the entry barrier to third party developers of VNFs and network services, an integrated development and operations (DevOps) methodology is a promising way. One of the biggest challenges in upcoming 5G DevOps is the validation and verification (V&V) of individual VNFs and network services (VNF graphs) so that operators can be sure of their behavior. In this paper, we propose an NFV architecture that supports the DevOps methodology with a V&V platform and an advanced NFV catalogue. The conceptual components of the V&V platform, the foreseen methodology and the outcomes are explained. Finally, we explore some perspectives in applying such V&V approach in another 5G research project.;;2017 IEEE CONFERENCE ON NETWORK FUNCTION VIRTUALIZATION AND SOFTWARE DEFINED NETWORKS (NFV-SDN);;;
wos;;Proceedings Paper;Monitoring V2X Applications using DevOps and Docker;"Rufino, J; Alam, M; Ferreira, J";2017;;;Vehicular communications are gaining one of the largest share of the automotive IoT market. The combination of the automotive sector with the transportation resulted in the emergence of the concept of connected vehicles. Therefore, motivating new proposals for real-time applications for managing traffic and incident alerts to improve the overall mobility and road safety. The growing demand for new and better solutions lead to two of the biggest challenges faced in IoT - scalability and interoperability. Therefore in this paper, we propose an highly modular and easily distributable architecture built upon DevOps practices and relying on edge computing to enable V2X applications to be easily deployed and monitored in real-time. The architecture was implemented and a vehicular application was divided in small modules to validate the functionalities of the proposed architecture.;;2017 INTERNATIONAL SMART CITIES CONFERENCE (ISC2);;;
wos;;Proceedings Paper;DevOps Reference Architecture for Multi-Cloud IOT Applications;"Ghantous, GB; Gill, AQ";2018;10.1109/CBI.2018.00026;http://dx.doi.org/10.1109/CBI.2018.00026;There is a growing interest among organizations in adopting DevOps approach for IoT (Internet of Things) applications. However, the challenge is: how to apply DevOps when a multi-cloud heterogeneous environment is required for IoT application. This paper aims to addresses this important challenge and proposes a DevOps Reference Architecture (DRA) to deploy IoT-applications on multi-cloud. The proposed architecture is evaluated by the means of a case study, which involves deploying an IoT application on the chosen set of clouds. The results of this initial evaluation indicate that the proposed architecture would help practitioners and researchers to understand the usefulness and applicability of DevOps approach on multi-cloud platform for automating IoT application deployment.;"INTERNET; THINGS";2018 20TH IEEE INTERNATIONAL CONFERENCE ON BUSINESS INFORMATICS (IEEE CBI 2018), VOL 1;;;
wos;;Proceedings Paper;When IoT Meets DevOps: Fostering Business Opportunities;"Banica, L; Polychronidou, P; Radulescu, M; Stefan, C";2018;10.18502/kss.v3i10.3542;http://dx.doi.org/10.18502/kss.v3i10.3542;The Internet of Things (IoT) is the new digital revolution for the near-future society, the second after the creation of the Internet itself. The software industry is converging towards the large-scale deployment of IoT devices and services, and there's broad support from the business environment for this engineering vision. The Development and Operations (DevOps) project management methodology, with continuous delivery and integration, is the preferred approach for achieving and deploying applications to all levels of the IoT architecture. In this paper we also discuss the promising trend of associating devices with microservices, which are further encapsulated into functional packages called containers. Docker is considered the market leader in container-based service delivery, though other important software companies are promoting this concept as part of the technology solution for their IoT customers. In the experimental section we propose a three-layer IoT model, business-oriented, and distributed over multiple cloud environments, comprising the Physical, Fog/Edge, and Application layers.;;ECONOMIES OF THE BALKAN AND THE EASTERN EUROPEAN COUNTRIES IN THE CHANGING WORLD (EBEEC 2018);;;
wos;;Proceedings Paper;Understanding Automated Continuous Integration for Containerized Smart Energy IoT-Cloud Service;"Kim, C; Kim, S; Kim, J";2018;10.1007/978-981-10-7605-3_203;http://dx.doi.org/10.1007/978-981-10-7605-3_203;DevOps-based CI/ CD (Continuous Integration & Delivery) automation has become important in providing agile and economical services based on micro-services architecture (MSA). In this paper, by taking the example of containerized smart energy IoT-Cloud service, we explain continuous integration with associated testing features for MSA-based service realization.;;ADVANCES IN COMPUTER SCIENCE AND UBIQUITOUS COMPUTING;;;
wos;;Proceedings Paper;Application Development and Deployment for IoT Devices;"Ahmadighohandizi, F; Systä, K";2018;10.1007/978-3-319-72125-5_6;http://dx.doi.org/10.1007/978-3-319-72125-5_6;The current IoT systems are based on simple sensors that collect data to a cloud and actuators controlled by applications in the cloud. When the devices become more powerful they will eventually become programmable and host applications. In this paper we present an application framework, development tool and execution platform for such applications. The guiding principle in designing the workflow design has been Continuous Delivery (CD) and DevOps, and our paper also provides a comparison of DevOps in the cloud and DevOps for the IoT.;"INTERNET; THINGS";ADVANCES IN SERVICE-ORIENTED AND CLOUD COMPUTING (ESOCC 2016);;;
wos;;Article;Blockchain-based decentralized content trust for docker images;"Xu, QQ; Jin, C; Rasid, MFB; Veeravalli, B; Aung, KMM";2018;10.1007/s11042-017-5224-6;http://dx.doi.org/10.1007/s11042-017-5224-6;It is feasible to deploy Docker containers in IoT (Internet of Things) devices because their runtime overhead is almost zero. Default Docker installation does not verify an image authenticity. Authentication is vital for users to trust that the image is not malicious or tampered with. As Docker is currently a popular choice for developers, tightening its security is a priority for system administrators and DevOps engineers. Docker recently deployed Notary as a solution to verify authenticity of their images. Notary is a viable solution, but it has some potential threats. This paper specifically addresses its vulnerability towards Denial-of-Service (DoS) attacks, and propose a potential solution: blockchain-based Decentralized Docker Trust (DDT). The proposed solution involves decentralizing the trust via a blockchain. The solution greatly reduces the risk of DoS and at the same time provides a signature verification service for Docker images. We demonstrate the proposed blockchain-based solution's scalability and efficiency by conducting performance evaluation. At the same time, we also implemented a system prototype of Decentralized Docker Trust (DDT), and conducted performance evaluation for it on Amazon Web Services (AWS) across multiple data centers.;"FRAMEWORK; STORAGE; CLOUD";MULTIMEDIA TOOLS AND APPLICATIONS;;;
wos;;Proceedings Paper;Tutorial: Dynamic IoT Data, Protocol, and Middleware Interoperability with Resource Slice Concepts and Tools;Truong, HL;2018;10.1145/3277593.3277642;http://dx.doi.org/10.1145/3277593.3277642;Dealing with interoperability in the IoT domain is a complex matter that requires various techniques for tackling data, protocol and middleware interoperability. We cannot solve IoT interoperability problems by just developing (new) software components and (semantic) data models. In this tutorial, we will present interoperability techniques for complex IoT Cloud applications by leveraging dynamic solutions of provisioning and reconfiguring of IoT data processing pipelines, protocol bridges, IoT middleware and cloud services. First, the tutorial will examine cross-layered, cross-system interoperability issues and present a DevOps IoT Interoperability approach for defining metadata, selecting resources and software artifacts, and provisioning and connecting resources to create various potential solutions for IoT Cloud interoperability using resource slice concepts. Second, the tutorial will present techniques for dynamically provisioning data pipelines, middleware services, protocol adapters and custom solutions to address cross-layered, cross-system interoperability for IoT Cloud applications. Such solutions also allow dynamic reconfiguration of resources to add/remove interoperability support. We will present the concepts and techniques with hands-on examples using our research tools rsiHub and IoTCloudSamples.;;PROCEEDINGS OF THE 8TH INTERNATIONAL CONFERENCE ON THE INTERNET OF THINGS (IOT'18);;;
wos;;Proceedings Paper;Architecting Enterprise Applications for the Cloud: The Unicorn Universe Cloud Framework;"Beranek, M; Stastny, M; Kovar, V; Feuerlicht, G";2018;10.1007/978-3-319-91764-1_21;http://dx.doi.org/10.1007/978-3-319-91764-1_21;Recent IT advances that include extensive use of mobile and IoT devices and wide adoption of cloud computing are creating a situation where existing architectures and software development frameworks no longer fully support the requirements of modern enterprise application. Furthermore, the separation of software development and operations is no longer practicable in this environment characterized by fast delivery and automated release and deployment of applications. This rapidly evolving situation requires new frameworks that support the DevOps approach and facilitate continuous delivery of cloud-based applications using micro-services and container-based technologies allowing rapid incremental deployment of application components. It is also becoming clear that the management of large-scale container-based environments has its own challenges. In this paper, we first discuss the challenges that developers of enterprise applications face today and then describe the Unicorn cloud framework (uuCloud) designed to support the development and deployment of cloud-based applications that incorporate mobile and IoT devices. We use a doctor surgery reservation application Lekar case study to illustrate how uuCloud is used to implement a large-scale cloud-based application.;MICROSERVICES;SERVICE-ORIENTED COMPUTING - ICSOC 2017 WORKSHOPS;;;
wos;;Proceedings Paper;LOG plus plus Logging for a Cloud-Native World;Marron, M;2018;10.1145/3276945.3276952;http://dx.doi.org/10.1145/3276945.3276952;Logging is a fundamental part of the software development and deployment lifecycle but logging support is often provided as an afterthought via limited library APIs or third-party modules. Given the critical nature of logging in modern cloud, mobile, and IoT development workflows, the unique needs of the APIs involved, and the opportunities for optimization using semantic knowledge, we argue logging should be included as a central part of the language and runtime designs. This paper presents a rethinking of the logger for modern cloud-native workflows. Based on a set of design principles for modern logging we build a logging system, that supports near zero-cost for disabled log statements, low cost lazy-copying for enabled log statements, selective persistence of logging output, unified control of logging output across different libraries, and DevOps integration for use with modern cloud-based deployments. To evaluate these concepts we implemented the LOG++ logger for Node.js hosted JavaScript applications.;;DLS'18: PROCEEDINGS OF THE 14TH ACM SIGPLAN INTERNATIONAL SYMPOSIUM ON DYNAMIC LANGUAGES;;;
wos;;Proceedings Paper;Organizational Evolution - How Digital Disruption Enforces Organizational Agility;Jesse, N;2018;10.1016/j.ifacol.2018.11.310;http://dx.doi.org/10.1016/j.ifacol.2018.11.310;The success of almost any business depends on the promotion of digital excellence. Disruptive technologies like Hadoop, IoT, Blockchain or DevOps pose completely new challenges for business development. While there is no doubt about the need for keeping pace with the technical progress it is blurry how much this affects leadership and organizational agility. At least in Germany, many analysts record a gap between the engineering innovativeness and an inadequate digital leadership. It is evident, that digitization leads to new occupational profiles and a specific stress on the organizational fabric. Many companies experiment with start-up culture, entrepreneurial responsibility and more flexible team patterns, but a consistent approach for manager is still missing. In this preliminary discussion we address three dimensions to increase a company's agility in times of digital Darwinism: structural flexibility, software-driven occupational profiles and requirements for leadership. (C) 2018, IFAC (International Federation of Automatic Control) Hosting by Elsevier Ltd. All rights reserved.;;IFAC PAPERSONLINE;;;
wos;;Proceedings Paper;Exploration of Academic and Industrial Evidence about Architectural Tactics and Patterns in Microservices;"Osses, F; Márquez, G; Astudillo, H";2018;10.1145/3183440.3194958;http://dx.doi.org/10.1145/3183440.3194958;"Microservices are quickly becoming an outstanding architectural choice in the service-oriented software industry. This approach proposes to develop each application as a collection of small services, each running on its process and inter-communicating with lightweight mechanisms. Currently, there is still no clear perspective of emerging recurrent solutions (architectural patterns) or design decisions (architectural tactics) in microservices both in industry and academia. This article describes a systematic review of the academic and industrial literature on architectural patterns and tactics proposed for microservices. The study reported: 44 architectural patterns of microservices in academia and 80 in the industry; architectural tactics related to microservices dependent on other disciplines; and it was also found that most of architectural patterns and tactics are associated tofi ve quality attributes: scalability, flexibility, testability, performance, and elasticity. Added to that results, it was noticed that most microservices in the academic area are reported in evidence related to DevOps and IoT, but the industry is not interested in associating disciplines. Finally, a new proposal of microservices pattern taxonomy is suggested.";;PROCEEDINGS 2018 IEEE/ACM 40TH INTERNATIONAL CONFERENCE ON SOFTWARE ENGINEERING - COMPANION (ICSE-COMPANION;;;
wos;;Proceedings Paper;A Cloud-Based Real-Time Weather Forecasting Application;"Beeharry, Y; Fowdur, TP; Sunglee, JA";2019;10.1109/telsiks46999.2019.9002327;http://dx.doi.org/10.1109/telsiks46999.2019.9002327;With the advent of Internet of Things (IoT) applications requiring massive streaming data collections, the need for new cloud databases has risen. This work focusses on the implementation of an end-to-end system from real-time data collection to real-time prediction. The storage system is implemented on the International Business Machines (IBM) cloud platform using the Cloudant NoSQL database service. The prediction algorithm is implemented in JAVA using the Devops Insights service together with a web interface and an android mobile application. The system demonstrates rapid real-time prediction when deployed on the IBM cloud platform as well as real-time storage capabilities.;;2019 14TH INTERNATIONAL CONFERENCE ON ADVANCED TECHNOLOGIES, SYSTEMS AND SERVICES IN TELECOMMUNICATIONS (TELSIKS 2019);;;
wos;;Proceedings Paper;ENACT: Development, Operation, and Quality Assurance of Trustworthy Smart IoT Systems;"Ferry, N; Solberg, A; Song, H; Lavirotte, S; Tigli, JY; Winter, T; Muntés-Mulero, V; Metzger, A; Velasco, ER; Aguirre, AC";2019;10.1007/978-3-030-06019-0_9;http://dx.doi.org/10.1007/978-3-030-06019-0_9;To unleash the full potential of IoT and flourishing innovations in application domains such as eHealth or smart city, it is critical to facilitate the creation and operation of trustworthy Smart IoT Systems (SIS). Since SIS typically operate in a changing and often unpredictable environment, the ability of these systems to continuously evolve and adapt to their new environment is decisive to ensure and increase their trustworthiness, quality and user experience. The DevOps movement advocates a set of software engineering best practices and tools, to ensure Quality of Service whilst continuously evolving complex systems. However, there is no complete DevOps support for trustworthy SIS today. In this paper we present a research roadmap to enable DevOps in such systems and introduce the ENACT DevOps concepts and Framework.;"INTERNET; CHALLENGES; SIMULATION; THINGS; MODEL";SOFTWARE ENGINEERING ASPECTS OF CONTINUOUS DEVELOPMENT AND NEW PARADIGMS OF SOFTWARE PRODUCTION AND DEPLOYMENT, DEVOPS 2018;;;
wos;;Article;Self-Service Cybersecurity Monitoring as Enabler for DevSecOps;"Díaz, J; Pérez, JE; Lopez-Peña, MA; Mena, GA; Yagüe, A";2019;10.1109/ACCESS.2019.2930000;http://dx.doi.org/10.1109/ACCESS.2019.2930000;Current IoT systems are highly distributed systems that integrate cloud, edge, and fog computing approaches depending on where intelligence and processing capabilities are allocated. This distribution and heterogeneity make development and deployment pipelines very complex and fragmented with multiple delivery endpoints above hardware. This fact prevents rapid development and makes the operation and monitoring of production systems a difficult and tedious task, including cybersecurity event monitoring. The DevSecOps can be defined as a cultural approach to improve and accelerate the delivery of business value by making dev/sec/ops teams' collaboration effective. This paper focuses on self-service cybersecurity monitoring as an enabler to introduce security practices in a DevOps environment. To that end, we have defined and formalized an activity that supports 'Fast and Continuous Feedback from Ops to Dev' by providing a flexible monitoring infrastructure so that teams can configure their monitoring and alerting services according to their criteria (you build, you run, and now you monitor) to obtain fast and continuous feedback from the operation and thus, better anticipate problems when a production deployment is performed. This activity has been formalized using the Software & Systems Process Engineering Metamodel by OMG and its instantiation is described through a case study that shows the versioned and repeatable configuration of a cybersecurity monitoring infrastructure (Monitoring as Code) through virtualization and containerization technology. This self-service monitoring/alerting allows breaking silos between dev, ops, and sec teams by opening access to key security metrics, which enables a sharing culture and continuous improvement.;"INTERNET; THINGS; INTEGRATION; CHALLENGES; IOT";IEEE ACCESS;;;
wos;;Proceedings Paper;Continuous Integration of Applications for ONOS;"Grossmann, M; Ioannidis, C";2019;10.1109/netsoft.2019.8806696;http://dx.doi.org/10.1109/netsoft.2019.8806696;Micro-services dominate tomorrows virtualized network infrastructures and are going to abolish monolithic software. Paradigms like fog computing and the Internet of Things require virtualized packages of software to be distributed all over the network to form a service chain that enhances the overall Quality of Service. Therefore, SDN controllers need to be extendable, flexible, updatable, and manageable, which necessitates automation in the controller's application development and deployment. Such novel agile service management up-rose due to the increasing demand of micro-service structures in data centers and nowadays falls into the scope of DevOps activities. In our paper, we build a sample application for ONOS and deploy it within a virtualized environment to different infrastructures. Additionally, we provide an evaluation of different Continuous Integration (CI) tools for building and deploying our ONOS controller application. Our investigation shows the applicability of current CI solutions regarding an automated build, test, and deploy chain for SDN controller applications.;;PROCEEDINGS OF THE 2019 IEEE CONFERENCE ON NETWORK SOFTWARIZATION (NETSOFT 2019);;;
wos;;Proceedings Paper;Towards Model-Based Continuous Deployment of Secure IoT Systems;"Ferry, N; Nguyen, PH";2019;10.1109/MODELS-C.2019.00093;http://dx.doi.org/10.1109/MODELS-C.2019.00093;Software development and delivery of IoT systems would greatly benefit from DevOps as their requirements for reliability, quality, security and privacy are paramount. The ability to continuously evolve these systems to adapt to their environment is decisive to ensure and increase their trustworthiness (including security and privacy) and quality. In particular, there is a need for supporting the continuous deployment of secure IoT systems over IoT, Edge, and Cloud infrastructures. However, our recent survey shows a lack of specific support for deploying security and privacy mechanisms as part of the system. This position paper reports on an on-going extension of the modelling language and models@runtime implementation of the Generation and Deployment of Smart IoT Systems (GENESIS) tool for supporting continuous deployment of IoT security and privacy mechanisms on the Edge. In particular, we present our early design of the extended version of GENESIS with the new concepts of port, security capability, and privacy capability.;;2019 ACM/IEEE 22ND INTERNATIONAL CONFERENCE ON MODEL DRIVEN ENGINEERING LANGUAGES AND SYSTEMS COMPANION (MODELS-C 2019);;;
wos;;Proceedings Paper;NOVAAS: A Reference Implementation of Industrie4.0 Asset Administration Shell with best-of-breed practices from IT engineering;"Di Orio, G; Maló, P; Barata, J";2019;;;The fundamental role played by new technologies to enhance the manufacturing infrastructure, products and services is confirmed by the strategies, roadmaps and initiatives established by the developed countries such as EU-28, US, China and Japan. Putting the light on Europe, the key priorities for manufacturing are aligned with the Industry 4.0 strategy/program where the proliferation of cyber-physical systems (CPSs) and technologies like predictive data analytics, cloud and edge computing are creating the foundation for smart factory, i.e. the efficient and effective connection between products, processes and their related services. However, even if the smart factory vision is quite clear, in practice, it is still unclear how it can be implemented in a way to allow the transparent data exchange between all the layers of a manufacturing company, as well as, between the manufacturing company and the value chain partners. Within the German Industrie4.0 program, the Asset Administration Shell concept is defined to create a standardized digital representation of the asset while ensuring interoperability between all the applications within the manufacturing ecosystem. In this paper, an implementation of the asset administration shell is provided also called NOVAAS - based on the deep usage of internet technologies, languages and software engineering techniques and methods (such as DevOps, microservices, continuous integration, etc.). The main goal is to contribute towards a generic and extensible reference implementation of the concept.;THE-ART;45TH ANNUAL CONFERENCE OF THE IEEE INDUSTRIAL ELECTRONICS SOCIETY (IECON 2019);;;
wos;;Proceedings Paper;Towards Automated Security Design Flaw Detection;"Sion, L; Tuma, K; Scandariato, R; Yskout, K; Joosen, W";2019;10.1109/ASEW.2019.00028;http://dx.doi.org/10.1109/ASEW.2019.00028;Efficiency of security-by-design has become an important goal for organizations implementing software engineering practices such as Agile, DevOps, and Continuous Integration. Software architectures are (often manually) analyzed at design time for potential security design flaws, based on natural language descriptions of security weaknesses (e.g., CWE, CAPEC). The use of natural language hinders the application of such knowledge bases in an automated fashion. In this paper, we analyze an existing catalog of 19 security design flaws in order to identify conceptual, technology-independent requirements on architectural models that enable automatically detecting these flaws. This constitutes the first step towards automated assessment of design-level security. Our findings are illustrated on an IoT-based smart home system.;;2019 34TH IEEE/ACM INTERNATIONAL CONFERENCE ON AUTOMATED SOFTWARE ENGINEERING WORKSHOPS (ASEW 2019);;;
wos;;Proceedings Paper;A Microservices Platform for Monitoring and Analysis of IoT Traffic Data in Smart Cities;"De Iasio, A; Furno, A; Goglia, L; Zimeo, E";2019;;;The Ongoing digitization of cities, enabled by the diffusion of interconnected sensors and devices, makes it possible to continuously collect and analyze huge streams of data at extremely large spatio-temporal scales and fine resolutions. These data can be used to monitor, detect and anticipate different kinds of infrastructure vulnerabilities and anomalies, as well as to implement more personalized services that could improve citizens' life. In this new context, full of opportunities, it is difficult to foresee and develop, in advance, the set of applications and services that can be potentially useful for administrators and citizens to solve the manifold compelling needs a city may have to face. Novel ICT paradigms and technologies can help designing agile, general-purpose smart city platforms aimed at supporting the collection and treatment of large-scale, multi-source (streams of) data and the development of novel applications that could fulfill diverse functional requirements under strict non-functional constraints. This paper presents the reference architecture, a prototype implementation and a city scale case-study evaluation of PROMENADE, a platform that exploits IoT/Fog/Cloud paradigms, microservices and DevOps infrastructures to guarantee continuous development of robust and reliable applications for real-time monitoring and analysis of traffic data generated by IoT devices in large smart cities. The prototype has been evaluated in a case study concerning the quasi real-time detection of road networks vulnerabilities via centrality measures from on-line traffic conditions, emulated from off-line real datasets available for the city of Lyon, France.;"TRANSPORTATION; ARCHITECTURE";2019 IEEE INTERNATIONAL CONFERENCE ON BIG DATA (BIG DATA);;;
wos;;Proceedings Paper;Smart Measurements and Analysis for Software Quality Enhancement;"Dahab, S; Maag, S; Mallouli, W; Cavalli, A";2019;10.1007/978-3-030-29157-0_9;http://dx.doi.org/10.1007/978-3-030-29157-0_9;Requests to improve the quality of software are increasing due to the competition in software industry and the complexity of software development integrating multiple technology domains (e.g., IoT, Big Data, Cloud, Artificial Intelligence, Security Technologies). Measurements collection and analysis is key activity to assess software quality during its development live-cycle. To optimize this activity, our main idea is to periodically select relevant measures to be executed (among a set of possible measures) and automatize their analysis by using a dedicated tool. The proposed solution is integrated in a whole PaaS platform called MEASURE. The tools supporting this activity are Software Metric Suggester tool that recommends metrics of interest according several software development constraints and based on artificial intelligence and MINT tool that correlates collected measurements and provides near real-time recommendations to software development stakeholders (i.e. DevOps team, project manager, human resources manager etc.) to improve the quality of the development process. To illustrate the efficiency of both tools, we created different scenarios on which both approaches are applied. Results show that both tools are complementary and can be used to improve the software development process and thus the final software quality.;;SOFTWARE TECHNOLOGIES, ICSOFT 2018;;;
wos;;Proceedings Paper;Speedroid: A Novel Automation Testing Tool for Mobile Apps;"Kapoor, S; Sagar, K; Reddy, BVR";2019;10.1007/978-981-13-2354-6_29;http://dx.doi.org/10.1007/978-981-13-2354-6_29;Automation tools are currently underworked in Quality Assurance and Testing. Nowadays, organizations demand an intellectual tool which can support Agile, DevOps, IoT and mobile software engineering practices. These digital transformations demand smart automation tools to test various applications. Mobile application automation tools present in the market are incapable to meet increased time-to-market pressure due to emerging ways of software development. Digital transformation and third-party relationships have escalated the complexity of testing domain. An innovative tool has been proposed in this paper that provides a smart solution for testing mobile applications. An attempt has been made to develop a mobile application automation tool named as Speedroid. Speedroid aims to provide an intelligent, integrated and automated approach to test continuously changing mobile applications. This automation tool will provide the solution for various challenges in the testing domain like complexity, efficiency, compatibility and portability of tool that are addressed by various organizations. Our study shows that Speedriod will result as a pillar of digital transformation by providing various features like integrity, usability, efficiency and compatible to both iOS and Android, ready to use in regression testing, reporting, logging and minimal tool learning efforts without any knowledge of programming language and contributing scripts.;;INTERNATIONAL CONFERENCE ON INNOVATIVE COMPUTING AND COMMUNICATIONS, VOL 2;;;
wos;;Proceedings Paper;A reference architecture for the container ecosystem;"Syed, MH; Fernandez, EB";2019;10.1145/3230833.3232854;http://dx.doi.org/10.1145/3230833.3232854;"Containers have gained immense popularity as a portable and lightweight virtualization solution. They facilitate application development, deployment and distribution across computing environments. Their success is also attributed to the support they offer for DevOps teams and for applications developed using a microservices architecture style. Containers are not the only components in the environment but work closely with other components for managing and supporting them, forming an ecosystem. Architectural modeling can be used as a powerful tool to represent ecosystems which helps understand, build and secure such complex systems. We describe in this paper several models we have created for container ecosystem components. These models are abstract, and they help generalize the systems to handle complexity and heterogeneity; they provide a common vocabulary and build holistic and unified views of the systems. The use of UML for modeling improves precision. This can lead to better implementations with respect to reliability, security and interoperability compared to ad hoc methods. A reference architecture will not just facilitate the work of developers and security engineers but also of anyone who aims to ensure compliance, privacy, safety, reliability and/or governance for container ecosystems and we show how to build one. We also describe relationships between container, cloud and IoT ecosystems. This paper is part of our work on developing a security reference architecture for container ecosystems.";;13TH INTERNATIONAL CONFERENCE ON AVAILABILITY, RELIABILITY AND SECURITY (ARES 2018);;;
wos;;Proceedings Paper;Cynefin Framework, DevOps and Secure IoT Understanding the Nature of IoT Systems and ExploringWhere in the DevOps Cycle Easy Gains Can Be Made to Increase Their Security;Selgert, F;2020;10.1007/978-3-030-55583-2_19;http://dx.doi.org/10.1007/978-3-030-55583-2_19;In the relatively new domain of the Internet of Things (IoT), startups and small companies thrive in and stride in bringing new products to the market. Many of them experience problems and fail to profit from their IoT innovation. A lot of those problems are security related. In IoT development, security issues are often overlooked or underestimated. This article explores, from a holistic viewpoint, how security in IoT systems can be prevented or mitigated with a minimal effort. Concepts examined are: The Cynefin framework, Business DevOps, and the role of constraints and requirements in the design phase.;;COMPUTER SAFETY, RELIABILITY, AND SECURITY. SAFECOMP 2020 WORKSHOPS;;;
wos;;Proceedings Paper;IoT-based Systems Actuation Conflicts Management Towards DevOps: A Systematic Mapping Study;"Lavirotte, S; Rocher, G; Tigli, JY; Gonnin, T";2020;10.5220/0009355102270234;http://dx.doi.org/10.5220/0009355102270234;The Internet of Things (IoT) has long been understood as an infrastructure layer allowing to gather environmental data through sensors. However, it also provides means to physically interact with our living environments through actuators. To the extent that actuation effects are not without risks on safety and trustworthiness, providing the IoT infrastructure layer with merely sensors access control mechanisms is no longer sufficient. It is also required to prevent conflicting (and possibly unsafe) actuation effects to occur in the physical environment and deploy means to resolve them. In this paper, we consider actuation conflicts management as part of the DevOps approach, which aims to harmonize tools and objectives of actors involved in IoT-based systems life cycle from their design to their deployment. In this context, a systematic mapping study (SMS) is conducted to better understand the actuation conflicts management approaches and to what extent they could be integrated into the DevOps life cycle.;;PROCEEDINGS OF THE 5TH INTERNATIONAL CONFERENCE ON INTERNET OF THINGS, BIG DATA AND SECURITY (IOTBDS);;;
wos;;Proceedings Paper;Creating It from SCRATCh: A Practical Approach for Enhancing the Security of IoT-Systems in a DevOps-Enabled Software Development Environment;"Anton, SDD; Fraunholz, D; Krohmer, D; Reti, D; Schotten, HD; Selgert, F; Marosvölgyi, M; Larsen, M; Sudhakar, K; Koch, T; Witt, T; Bassem, C";2020;10.1007/978-3-030-55583-2_20;http://dx.doi.org/10.1007/978-3-030-55583-2_20;DevOps describes a method to reorganize the way different disciplines in software engineering work together to speed up software delivery. However, the introduction of DevOps-methods to organisations is a complex task. A successful introduction results in a set of structured process descriptions. Despite the structure, this process leaves margin for error: Especially security issues are addressed in individual stages, without consideration of the interdependence. Furthermore, applying DevOps-methods to distributed entities, such as the Internet of Things (IoT) is difficult as the architecture is tailormade for desktop and cloud resources. In this work, an overview of tooling employed in the stages of DevOps processes is introduced. Gaps in terms of security or applicability to the IoT are derived. Based on these gaps, solutions that are being developed in the course of the research project SCRATCh are presented and discussed in terms of benefit to DevOps-environments.;TIME-SERIES;COMPUTER SAFETY, RELIABILITY, AND SECURITY. SAFECOMP 2020 WORKSHOPS;;;
wos;;Article;DevOps for IoT Systems: Fast and Continuous Monitoring Feedback of System Availability;"López-Peña, MA; Díaz, J; Pérez, JE; Humanes, H";2020;10.1109/JIOT.2020.3012763;http://dx.doi.org/10.1109/JIOT.2020.3012763;Current Internet-of-Things (IoT) systems are highly distributed systems, which integrate cloud, fog, and edge computing approaches. Accelerating their maintenance and continuous improvement, while ensuring their availability, is complex. DevOps promotes fast and continuous feedback from operations to development to detect problems before customers are impacted, among other benefits. However, there is not any formal definition of how to do this. This article defines the fast and continuous monitoring feedback of system availability activity (F&CF availability) that supports automatic and continuous monitoring feedback from operations to the development of the IoT system availability. This activity has been formalized through the software and systems process engineering metamodel (SPEM). Its implementation is demonstrated in a real scenario that provides evidence that the formalization of the F&CF availability activity helps teams in better diagnosing and fixing outage problems. The result is a distributed and configurable monitoring component developed through code [monitoring as code (MaC)]. This component is embedded in the IoT infrastructure. MaC enables DevOps team to configure their own metrics and indicators at runtime, i.e., monitoring on demand. The formalization of this activity, based on an MaC technique, enables the automation, versioning, and replication of monitoring elements.;"ARCHITECTURE; INTERNET";IEEE INTERNET OF THINGS JOURNAL;;;
wos;;Proceedings Paper;Actuation Conflict Management Enabler for DevOps in IoT;"Gonnin, T; Dechavanne, F; Rocher, G; Lavirotte, S; Tigli, JY; Capocchi, L; Santucci, JF";2020;10.1145/3423423.3423474;http://dx.doi.org/10.1145/3423423.3423474;DevOps methodology is well known in the field of classical software development to improve the software quality and the frequency of the deliveries. However, DevOps has not yet been popularized in the field of IoT. The reasons of that are new challenges that require new enablers in the DevOps tools ecosystem. The European ENACT project supported under the H2020 programme aims to respond to these challenges by providing new enablers to apply DevOps methodology for IoT application[2]. We present, here, one of these enablers called Action Conflict Management Enabler (ACM enabler) which aims at anticipating and resolving at Devs Time all conflicts[1] and dysfunctions that might result from mismanagement of the IoT system actuators.;;COMPANION PROCEEDINGS OF THE 10TH INTERNATIONAL CONFERENCE ON THE INTERNET OF THINGS, IOT 2020;;;
wos;;Article;DevOps Contract for Assuring Execution of IoT Microservices in the Edge;"Truong, HL; Klein, P";2020;10.1016/j.iot.2019.100150;http://dx.doi.org/10.1016/j.iot.2019.100150;The increasing availability of edge and IoT infrastructure-as-a-service allows us to develop lightweight IoT components and deploy them into edge/IoT infrastructures, enabling edge analytics and controls. This paper introduces the development of service contracts for IoT microservices from DevOps perspectives. We analyze stakeholders and present our methods to support stakeholders to program IoT service contracts. We address the diversity of service contracts by using common languages for IoT data and programming. We integrate the development and operation lifecycle of IoT contracts with IoT software components and with supporting DevOps services. To illustrate our approach, we use a real-world Base Transceiver Station maintenance application with Raspberry Pi, Java, JavaScript, JSON and other microservices. (C) 2019 The Authors. Published by Elsevier B.V.;INTERNET;INTERNET OF THINGS;;;
wos;;Proceedings Paper;Tool Support for Risk-driven Planning of Trustworthy Smart IoT Systems within DevOps;"Thompson, A; Erdogan, G";2020;10.5220/0009189307420753;http://dx.doi.org/10.5220/0009189307420753;There is a serious lack of support for trustworthy smart IoT systems within DevOps. Security and privacy are often overlooked in DevOps cultures and almost absent in the context of IoT. In this paper, we focus on the planning stage of DevOps and propose a tool-supported method for risk-driven planning considering security and privacy risks. Our method consists of five steps: establish context, analyse dataflow, model privacy and security risk, develop risk assessment algorithm based on risk model, and execute risk assessment algorithm. Our tool supports this method in the first and the last step and facilitates dynamic risk assessment based on input provided by the user or collected from the monitoring stage into predefined risk models. The output of the tool is a risk assessment which the end users, e.g. developers, can use as decision support to prioritize certain parts of the target under analysis in the next cycle of DevOps. The tool and the method are evaluated in a real-world smart home case. Our initial evaluation indicates that the approach is comprehensible for our intended users, supports the planning stage in terms of security and privacy risk assessment, and feasible for use in the DevOps practice.;;ICISSP: PROCEEDINGS OF THE 6TH INTERNATIONAL CONFERENCE ON INFORMATION SYSTEMS SECURITY AND PRIVACY;;;
wos;;Proceedings Paper;TwinOps - DevOps meets Model-Based Engineering and Digital Twins for the engineering of CPS;"Hugues, J; Hristosov, A; Hudak, JJ; Yankel, J";2020;10.1145/3417990.3421446;http://dx.doi.org/10.1145/3417990.3421446;The engineering of Cyber-Physical Systems (CPS) requires a large set of expertise to capture the system requirements and to derive a correct solution. Model-based Engineering and DevOps aim to efficiently deliver software with increased quality. Model-based Engineering relies on models as first-class artifacts to analyze, simulate, and ultimately generate parts of a system. DevOps focuses on software engineering activities, from early development to integration, and then improvement through the monitoring of the system at run-time. We claim these can be efficiently combined to improve the engineering process of CPS. In this paper, we present TwinOps, a process that unifies Model-based Engineering, Digital Twins, and DevOps practice in a uniform workflow. TwinOps illustrates howto leverage several best practices in MBE and DevOps for the engineering Cyber-Physical systems. We illustrate our contribution using a Digital Twins case study to illustrate TwinOps benefits, combining AADL and Modelica models, and an IoT platform.;;23RD ACM/IEEE INTERNATIONAL CONFERENCE ON MODEL DRIVEN ENGINEERING LANGUAGES AND SYSTEMS, MODELS 2020 COMPANION;;;
wos;;Proceedings Paper;Leveraging Semi-formal Approaches for DepDevOps;"Zaeske, W; Durak, U";2020;10.1007/978-3-030-55583-2_16;http://dx.doi.org/10.1007/978-3-030-55583-2_16;While formal methods have long been praised by the dependable Cyber-Physical System community, continuous software engineering practices are now employing or promoting semi-formal approaches for achieving lean and agile processes. This paper is a discussion about using Behaviour Driven Development, particularly Gherkin and RSpec for DepDevOps, DevOps for dependable Cyber-Physical Systems.;FORMAL METHODS;COMPUTER SAFETY, RELIABILITY, AND SECURITY. SAFECOMP 2020 WORKSHOPS;;;
wos;;Article;Continuous Deployment of Trustworthy Smart IoT Systems;"Ferry, N; Nguyen, PH; Song, H; Rios, E; Iturbe, E; Martinez, S; Rego, A";2020;10.5381/jot.2020.19.2.a16;http://dx.doi.org/10.5381/jot.2020.19.2.a16;"While the next generation of IoT systems need to perform distributed processing and coordinated behaviour across IoT, Edge and Cloud infrastructures, their development and operation are still challenging. A major challenge is the high heterogeneity of their infrastructure, which broadens the surface for security attacks and increases the complexity of maintaining and evolving such complex systems. In this paper, we present our approach for Generation and Deployment of Smart IoT Systems (GeneSIS) to tame this complexity. GeneSIS leverages model-driven engineering to support the DevSecOps of Smart IoT Systems (SIS). More precisely, GeneSIS includes: (i) a domain specific modelling language to specify the deployment of SIS over IoT, Edge and Cloud infrastructure with the necessary concepts for security and privacy; and (ii) a models@run.time engine to enact the orchestration, deployment, and adaptation of these SIS. The results from our smart building case study have shown that GeneSIS can support security by design from the development (via deployment) to the operation of IoT systems and back again in a DevSecOps loop. In other words, GeneSIS enables IoT systems to keep up security and adapt to evolving conditions and threats while maintaining their trustworthiness.";;JOURNAL OF OBJECT TECHNOLOGY;;;
wos;;Article;Continuous Delivery of Customized SaaS Edge Applications in Highly Distributed IoT Systems;"López-Viana, R; Díaz, J; Díaz, VH; Martínez, JF";2020;10.1109/JIOT.2020.3009633;http://dx.doi.org/10.1109/JIOT.2020.3009633;Edge computing is a reality for the current IoT systems that need fast processing and quick response time to make real-time decisions and IoT systems without permanent connectivity to the cloud (e.g., car manufacturing, precision agriculture, or cattle raising). Additionally, these industries are facing the need for rapid and continuous innovation by accelerating the delivery of over-the-air (OTA) software updates in edge devices. DevOps promotes collaboration between development and operation teams and automation at all steps of software construction to achieve continuous delivery (CD) of business value. Although DevOps has demonstrated numerous successful cases in the Web domain, in the IoT domain and, more specifically, at the edge, there are few reported cases. This work presents a success case of CD of customized software as a service software as a service (SaaS) updates at the IoT Edge. This may enable new business models at the IoT Edge. This article presents an architectural model of a highly distributed (cloud and edge) IoT system and a CD process flow for customized SaaS applications in edge nodes. Both the architectural model and the CD process flow are instantiated in a case study for precision agriculture.;"INTERNET; THINGS; CLOUD";IEEE INTERNET OF THINGS JOURNAL;;;
wos;;Proceedings Paper;Continuous Reasoning for Managing Next-Gen Distributed Applications;"Forti, S; Brogi, A";2020;10.4204/EPTCS.325.22;http://dx.doi.org/10.4204/EPTCS.325.22;Continuous reasoning has proven effective in incrementally analysing changes in application code-bases within Continuous Integration/Continuous Deployment (CI/CD) software release pipelines. In this article, we present a novel declarative continuous reasoning approach to support the management of multi-service applications over the Cloud-IoT continuum, in particular when infrastructure variations impede meeting application's hardware, software, IoT or network QoS requirements. We show how such an approach brings considerable speed-ups compared to non-incremental reasoning.;"INTERNET; EDGE; CLOUD";ELECTRONIC PROCEEDINGS IN THEORETICAL COMPUTER SCIENCE;;;
wos;;Proceedings Paper;An Actuation Conflicts Management Flow for Smart IoT-based Systems;"Rocher, G; Gonnin, T; Dechavanne, F; Lavirotte, S; Tigli, JY; Capocchi, L; Santucci, JF";2020;10.1109/IOTSMS52051.2020.9340196;http://dx.doi.org/10.1109/IOTSMS52051.2020.9340196;"IoT-based applications have long been limited to collecting field information; at the edge of their underlying infrastructure, IoT devices utilization is mainly motivated by their capacity at gathering environmental information from sensors as means to support users in decision making. However, in numerous domains like home automation, smart factory, intelligent transportation systems, etc., so-called 'smart' IoT-based applications also involve devices interacting with the physical environment through actuators. Throughout their life cycle, from the design, the deployment to operation, the ability to prevent conflicting actuation commands and antagonistic effects (possibly harmful), represents a new challenge in the realm of trustworthy smart IoT-based applications. In this paper, we introduce a complete flow for identifying and resolving actuation conflicts at design time. The proposed approach is part of the DevOps software development life cycle. It advocates the reuse of conflict management solutions through local resolution strategies, considering asynchronous timings of targeted hardware platforms they are deployed on. An illustration of the flow is provided on a use-case.";SIMULATION;2020 7TH INTERNATIONAL CONFERENCE ON INTERNET OF THINGS: SYSTEMS, MANAGEMENT AND SECURITY (IOTSMS);;;
wos;;Proceedings Paper;Rider Optimization based Optimized Deep-CNN towards Attack Detection in IoT;Sarma, SK;2020;10.1109/iciccs48265.2020.9121042;http://dx.doi.org/10.1109/iciccs48265.2020.9121042;More researchers have made efforts on introducing various models for IoT security frameworks, however, no single IoT framework could assure the optimal security in opposition to varied kinds of attacks. Thereby, this paper intends to propose a new attack detection system by interlinking the Development and Operations (DevOps) concept. The proposed attack detection system involves two stages: Proposed Feature Extraction and Classification. In the first stage, the concatenation of statistical and higher-order statistical features is extracted. These extracted features are then subjected to Deep Convolutional Neural Network (CNN) based classification to identify the attacks in the network. To improve the classification accuracy, the convolution layers in DCNN are optimally tuned using Rider Optimization Algorithm (ROA). Finally, analysis is carried out for validating the betterment of the adopted scheme.;"LEARNING APPROACH; INTERNET; IDENTIFICATION";PROCEEDINGS OF THE INTERNATIONAL CONFERENCE ON INTELLIGENT COMPUTING AND CONTROL SYSTEMS (ICICCS 2020);;;
wos;;Proceedings Paper;ALLSTAR: a blockchain based decentralized ecosystem for cloud and edge computing;"Zhou, H; Ouyang, X; Zhao, ZM";2020;10.1109/JCC49151.2020.00018;http://dx.doi.org/10.1109/JCC49151.2020.00018;Last decades, Cloud computing has made significant impacts on traditional applications to change their development and operation methods. We witnessed ever more newly-built Clouds and data centers. However, the centralized management mechanism of current Clouds lacks the dispersion to satisfy the requirements of emerging collaborative applications, including AI, IoT, and autopilot. On the other hand, the Edge computing stays at the conceptual and experimental stage. Most organizations construct their own Edge nodes to operate applications. An efficient and incentive mechanism is missing to motivate the Edge and micro Cloud resource providers to join and constitute a more generalized and decentralized ecosystem. To address this issue, we propose ALLSTAR, a blockchain based architecture for equally combining all the Cloud and Edge resources to be seamlessly leveraged by the application in the DevOps (development and operations) lifecycle. The ALLSTAR architecture is a systematic solution to realize the Cloud+Edge management and contributes to constructing the corresponding ALLSTAR ecosystem. This paper describes the overall architecture of ALLSTAR, the related key techniques, and detailed application DevOps processes as well as the new business model.;CHALLENGES;2020 IEEE INTERNATIONAL CONFERENCE ON JOINT CLOUD COMPUTING (JCC 2020);;;
wos;;Proceedings Paper;ANALYSIS OF TRENDS IN ICT AND ITS IMPLICATION IN HIGHER EDUCATION CURRICULA;"Milosz, M; Charytanowicz, M; Skublewska-Paszkowska, M";2020;;;Information and Communication Technologies (ICT) are currently undergoing a fast development. Analysis of this trend should be taken into consideration while creating or modifying curricula for students in higher education (HE). The adaptation of curricula has to correspond with the requirements of the labour market - ICT employers. The increase in interest in technologies is also visible in scientific articles. The aim of the paper is a systematic research analysis of the development of selected ICT technologies and taking results into account during the creation of the curricula for the undergraduate degree in Computer Science. Developing technologies were chosen for further study using trends analyses made by research and advisory companies, and the brainstorming method among ICT experts. The following emerging technologies/phenomena were selected: artificial intelligence, deep learning, machine learning, cloud computing, blockchain, chatbot, Internet of things, Internet of everything, intelligent interface, multiplatform, virtual reality, e-commerce, and DevOps. The research was conducted on two scientific databases: Web of Knowledge and Scopus. In each of them, the number of articles was searched in 2015-2019 by providing relevant keywords adapted to ICT areas. The obtained results are presented in this paper. They were used to change the Computer Science undergraduate curriculum by modifying the content of current courses and introducing new ones.;;14TH INTERNATIONAL TECHNOLOGY, EDUCATION AND DEVELOPMENT CONFERENCE (INTED2020);;;
wos;;Proceedings Paper;Model-Based Fleet Deployment of Edge Computing Applications;"Song, H; Dautov, R; Ferry, N; Solberg, A; Fleurey, F";2020;10.1145/3365438.3410951;http://dx.doi.org/10.1145/3365438.3410951;Edge computing brings software in close proximity to end users and IoT devices. Given the increasing number of distributed Edge devices with various contexts, as well as the widely adopted continuous delivery practices, software developers need to maintain multiple application versions and frequently (re-)deploy them to a fleet of many devices with respect to their contexts. Doing this correctly and efficiently goes beyond manual capabilities and requires employing an intelligent and reliable automated approach. Accordingly this paper describes a joint research with a Smart Healthcare application provider on a model-based approach to automatically assigning multiple software deployments to hundreds of Edge gateways. From a Platform-Specific Model obtained from the existing Edge computing platform, we extract a Platform-Independent Model that describes a list of target devices and a pool of available deployments. Next, we use constraint solving to automatically assign deployments to devices at once, given their specific contexts. The resulting solution is transformed back to the PSM as to proceed with software deployment accordingly. We validate the approach with a Fleet Deployment prototype integrated into the DevOps toolchain currently used by the application provider. Initial experiments demonstrate the viability of the approach and its usefulness in supporting DevOps in Edge computing applications.;;23RD ACM/IEEE INTERNATIONAL CONFERENCE ON MODEL DRIVEN ENGINEERING LANGUAGES AND SYSTEMS, MODELS 2020;;;
wos;;Proceedings Paper;Understanding the context of IoT software systems in DevOps;"Pereira, IM; Carneiro, TGD; Figueiredo, E";2021;10.1109/SERP4IoT52556.2021.00009;http://dx.doi.org/10.1109/SERP4IoT52556.2021.00009;The growing demand for connected devices and the increase in investments in the Internet of Things (IoT) sector induce the growth of the market for this technology. IoT permeates all areas of life of an individual, from smartwatches to entire home assistants and solutions in different areas. The IoT concept is gradually increasing all over the globe. IoT projects induce an articulation of studies in software engineering to prepare the development and operation of software systems materialized in physical objects and structures interconnected with embedded software and hosted in clouds. IoT projects have boundaries between development and operation stages. This study search for evidence in scientific literature to support these boundaries through Development and Operations (DevOps) principles. We rely on a Systematic Literature Review to investigate the relations of DevOps in IoT software systems. As a result, we identify concepts, characterize the benefits and challenges in the context of knowledge previously reported in primary studies in the literature. The main contributions of this paper are: (i) discussion of benefits and challenges for DevOps in IoT software systems, (ii) identification of tools, concepts, and programming languages used, and, (iii) perceived pipeline for this kind of software development.;INTERNET;2021 IEEE/ACM 3RD INTERNATIONAL WORKSHOP ON SOFTWARE ENGINEERING RESEARCH AND PRACTICES FOR THE IOT (SERP4IOT);;;
wos;;Proceedings Paper;Integrating Multi-Disciplinary Offline and Online Engineering in Industrial Cyber-Physical Systems through DevOps;"Mizutani, I; Ramanathan, G; Mayer, S";2021;10.1145/3494322.3494328;http://dx.doi.org/10.1145/3494322.3494328;Industry 4.0 is transforming industrial automation systems into increasingly complex cyber-physical systems (CPS). In particular, there is a need to integrate systems across horizontal and vertical layers across industrial and disciplinary domains. The development of industrial CPS requires not only high-level configuration and control at the execution system level, but also offline and online engineering (OOE) work, including mechanical and electrical engineering of the devices, their installation, networking, and documentation. Using DevOps, a collection of modern software lifecycle management tactics, we propose to build an integrated platform to manage the OOE tasks. Continuous Integration/Continuous Delivery (CI/CD) pipelines and Infrastructure as Code, which are key aspects of DevOps, coordinate the building, testing, and deployment of software services. To bring the corresponding benefits of pure software systems to industrial CPS, we integrate engineering tasks using distributed version control and the W3C Web of Things. As a proof of concept, we implemented the concept for a mock system that includes the OOE tasks in a process automation scenario. The DevOps platform provides a structured transfer and exchange of engineering knowledge among stakeholders involved in industrial CPS.;COMMUNICATION;11TH INTERNATIONAL CONFERENCE ON THE INTERNET OF THINGS, IOT 2021;;;
wos;;Proceedings Paper;AIDOaRt: AI -augmented Automation for DevOps, a Model -based Framework for Continuous Development in Cyber-Physical Systems;"Eramo, R; Muttillo, V; Berardinelli, L; Bruneliere, H; Gomez, A; Bagnato, A; Sadovykh, A; Cicchetti, A";2021;10.1109/DSD53832.2021.00053;http://dx.doi.org/10.1109/DSD53832.2021.00053;With the emergence of Cyber-Physical Systems (CPS), the increasing complexity in development and operation demands for an efficient engineering process. In the recent years DevOps promotes closer continuous integration of system development and its operational deployment perspectives. In this context, the use of Artificial Intelligence (AI) is beneficial to improve the system design and integration activities, however, it is still limited despite its high potential. AIDOaRT is a 3 years long 112020-ECSEL European project involving 32 organizations, grouped in clusters from 7 different countries, focusing on AIaugmented automation supporting modelling, coding, testing, monitoring and continuous development of Cyber-Physical Systems (CPS). The project proposes to apply Model-Driven Engineering (MDE) principles and techniques to provide a framework offering proper AI-enhanced methods and related tooling for building trustable CPSs. The framework is intended to work within the DevOps practices combining software development and information technology (IT) operations. In this regard, the project points at enabling AI for IT operations (AIOps) to automate decision making process and complete system development tasks. This paper presents an overview of the project with the aim to discuss context, objectives and the proposed approach.;;2021 24TH EUROMICRO CONFERENCE ON DIGITAL SYSTEM DESIGN (DSD 2021);;;
wos;;Proceedings Paper;Realization of a Model-Based DevOps Process for Industrial Safety Critical Cyber Physical Systems;"Gautham, S; Jayakumar, AV; Rajagopala, A; Elks, C";2021;10.1109/ICPS49255.2021.9468213;http://dx.doi.org/10.1109/ICPS49255.2021.9468213;Safety critical Industrial Cyber Physical Systems (CPS) have stringent safety and security requirements and need assurance of deterministic behavior during system operation. In many safety critical application domains, runtime monitors (or runtime verification) are used to enforce operational safety and security. One of the challenges in runtime verification is to identify the critical safety properties that we want to monitor at runtime. In this paper, we explore how structural verification activities in a Model Based Design and Engineering (MBDE) context help formulate more effective monitoring specifications to cover vulnerable areas in a system. We assert that leveraging synergy between design and runtime verification produces more informed runtime safety monitors. This approach of integrating design assurance and runtime safety and security is an important aspect of the dependable DevOps continuum process. To demonstrate this, we perform verification of an Emergency Diesel Generator Startup Sequencer (EDGSS) implemented on an FPGA overlay architecture using model-based verification techniques. We present our key findings on synergy between runtime verification and design processes to support a more inclusive safety case.;DESIGN;2021 4TH IEEE INTERNATIONAL CONFERENCE ON INDUSTRIAL CYBER-PHYSICAL SYSTEMS, ICPS;;;
wos;;Proceedings Paper;A Systematic Review on the Use of DevOps in Internet of Things Software Systems;"Pereira, IM; Carneiro, T; Figueiredo, E";2021;10.1145/3412841.3442126;http://dx.doi.org/10.1145/3412841.3442126;Based on Systematic Literature Review (SLR), we search to investigate the relations of DevOps in IoT software systems. As a result, we characterize the benefits and challenges in the context of knowledge previously reported in primary studies.;;36TH ANNUAL ACM SYMPOSIUM ON APPLIED COMPUTING, SAC 2021;;;
wos;;Article;Mobile IoT-Edge-Cloud Continuum Based and DevOps Enabled Software Framework;"Judvaitis, J; Balass, R; Greitans, M";2021;10.3390/jsan10040062;http://dx.doi.org/10.3390/jsan10040062;This research aims to provide a high-level software framework for IoT-Edge-Cloud computational continuum-based applications with support for mobile IoT and DevOps integration utilizing the Edge computing paradigms. This is achieved by dividing the system in a modular fashion and providing a loosely coupled service and module descriptions for usage in the respective system layers for flexible and yet trustworthy implementation. The article describes the software architecture for a DevOps-enabled Edge computing solution in the IoT-Edge-Cloud computational continuum with the support for flexible and mobile IoT solutions. The proposed framework is validated on an intelligent transport system use case in the rolling stock domain and showcases the improvements gained by using the proposed IoT-Edge-Cloud continuum framework.;;JOURNAL OF SENSOR AND ACTUATOR NETWORKS;;;
wos;;Proceedings Paper;DART: A Scalable and Adaptive Edge Stream Processing Engine;"Liu, PC; Da Silva, D; Hu, LT";2021;;;Many Internet of Things (IoT) applications are time-critical and dynamically changing. However, traditional data processing systems (e.g., stream processing systems, cloud-based IoT data processing systems, wide-area data analytics systems) are not well-suited for these IoT applications. These systems often do not scale well with a large number of concurrently running IoT applications, do not support low-latency processing under limited computing resources, and do not adapt to the level of heterogeneity and dynamicity commonly present at edge environments. This suggests a need for a new edge stream processing system that advances the stream processing paradigm to achieve efficiency and flexibility under the constraints presented by edge computing architectures. We present DART, a scalable and adaptive edge stream processing engine that enables fast processing of a large number of concurrent running IoT applications' queries in dynamic edge environments. The novelty of our work is the introduction of a dynamic dataflow abstraction by leveraging distributed hash table (DHT) based peer-to-peer (P2P) overlay networks, which can automatically place, chain, and scale stream operators to reduce query latency, adapt to edge dynamics, and recover from failures. We show analytically and empirically that DART outperforms Storm and EdgeWise on query latency and significantly improves scalability and adaptability when processing a large number of real-world IoT stream applications' queries. DART significantly reduces application deployment setup times, becoming the first streaming engine to support DevOps for IoT applications on edge platforms.;INTERNET;PROCEEDINGS OF THE 2021 USENIX ANNUAL TECHNICAL CONFERENCE;;;
wos;;Proceedings Paper;Microservices for Continuous Deployment, Monitoring and Validation in Cyber-Physical Systems: an Industrial Case Study for Elevators Systems;"Gartziandia, A; Ayerdi, J; Arrieta, A; Ali, S; Yue, T; Agirre, A; Sagardui, G; Arratibel, M";2021;10.1109/ICSA-C52384.2021.00014;http://dx.doi.org/10.1109/ICSA-C52384.2021.00014;Cyber-Physical Systems (CPSs) are systems that integrate digital cyber computations with physical processes. The software embedded in CPSs has a long life-cycle, requiring constant evolution to support new requirements, bug fixes, and deal with hardware obsolescence. To date, the development of software for CPSs is fragmented, which makes it extremely expensive. This could be substantially enhanced by tightly connecting the development and operation phases, as is done in other software engineering domains (e.g., web engineering through DevOps). Nevertheless, there are still complex issues that make it difficult to use DevOps techniques in the CPS domain, such as those related to hardware-software co-design. To pave the way towards DevOps in the CPS domain, in this paper we instantiate part of the reference architecture presented in the H2020 Adeptness project, which is based on microservices that allow for the continuous deployment, monitoring and validation of CPSs. To this end, we elaborate a systematic methodology that considers as input both domain expertise and a previously defined taxonomy for DevOps in the CPS domain. We obtain a generic microservice template that can be used in any kind of CPS. In addition, we instantiate this architecture in the context of an industrial case study from the elevation domain.;;2021 IEEE 18TH INTERNATIONAL CONFERENCE ON SOFTWARE ARCHITECTURE COMPANION (ICSA-C);;;
wos;;"Article; Proceedings Paper";Towards Twin-Driven Engineering: Overview of the State-of-The-Art and Research Directions;"Tisi, M; Bruneliere, H; de Lara, J; Di Ruscio, D; Kolovos, D";2021;10.1007/978-3-030-85874-2_37;http://dx.doi.org/10.1007/978-3-030-85874-2_37;Cyber-Physical Systems (CPS) are complex physical systems interacting with a considerable number of distributed computing elements for monitoring, control and management. They are currently becoming larger as Cyber-Physical Systems of Systems (CPSoS), since many industrial companies are transitioning their complex systems of systems to software-intensive solutions in different domains such as production or manufacturing. Following the development and dissemination of DevOps approaches in the Software Engineering world, we propose the Twin-Driven Engineering (TDE) paradigm as a way to upgrade the role of Digital Twins (DT) to become a central point in all the engineering activities on the CPSoS, from design to decommissioning. Since CPSoS can be highly heterogeneous, we rather target the support for producing and maintaining a single integrated virtual representation of the CPSoS (i.e. a System of Twins) on which it is possible to perform global reasoning, analysis and verification. However, such a new paradigm comes with several open research challenges. We provide an overview of the state-of-the-art in key areas related to TDE. We identify under-investigated problems in related work and outline corresponding research directions.;;ADVANCES IN PRODUCTION MANAGEMENT SYSTEMS: ARTIFICIAL INTELLIGENCE FOR SUSTAINABLE AND RESILIENT PRODUCTION SYSTEMS, APMS 2021, PT I;;;
wos;;Proceedings Paper;VeriDevOps: Automated Protection and Prevention to Meet Security Requirements in DevOps;"Sadovykh, A; Widforss, G; Truscan, D; Enoiu, EP; Mallouli, W; Iglesias, R; Bagnto, A; Hendel, O";2021;;;Current software development practices are increasingly based on using both COTS and legacy components which make such systems prone to security vulnerabilities. The modern practice addressing ever changing conditions, DevOps, promotes frequent software deliveries, however, verification methods artifacts should be updated in a timely fashion to cope with the pace of the process. VeriDevOps, Horizon 2020 project, aims at providing a faster feedback loop for verifying the security requirements and other quality attributes of large scale cyber-physical systems. VeriDevOps focuses on optimizing the security verification activities, by automatically creating verifiable models directly from security requirements formulated in natural language, using these models to check security properties on design models and then generating artefacts such as, tests or monitors that can be used later in the DevOps process. The main drivers for these advances are: Natural Language Processing, a combined formal verification and model-based testing approach, and machine-learning-based security monitors. VeriDevOps is in its initial stage - the project started on 1.10.2020 and it will run for three years. In this paper we will present the major conceptual ideas behind the project approach as well as the organizational settings.;;PROCEEDINGS OF THE 2021 DESIGN, AUTOMATION & TEST IN EUROPE CONFERENCE & EXHIBITION (DATE 2021);;;
wos;;Article;An Approach to Build e-Health IoT Reactive Multi-Services Based on Technologies around Cloud Computing for Elderly Care in Smart City Homes;"Pérez, LJ; Salvachúa, J";2021;10.3390/app11115172;http://dx.doi.org/10.3390/app11115172;Although there are e-health systems for the care of elderly people, the reactive characteristics to enhance scalability and extensibility, and the use of this type of system in smart cities, have been little explored. To date, some studies have presented healthcare systems for specific purposes without an explicit approach for the development of health services. Moreover, software engineering is hindered by agile management challenges regarding development and deployment processes of new applications. This paper presents an approach to develop health Internet of Things (IoT) reactive applications that can be widely used in smart cities for the care of elderly individuals. The proposed approach is based on the Rozanski and Woods's iterative architectural design process, the use of architectural patterns, and the Reactive Manifesto Principles. Furthermore, domain-driven design and the characteristics of the emerging fast data architecture are used to adapt the functionalities of services around the IoT, big data, and cloud computing paradigms. In addition, development and deployment processes are proposed as a set of tasks through DevOps techniques. The approach validation was carried out through the implementation of several e-health services, and various workload experiments were performed to measure scalability and performance in certain parts of the architecture. The system obtained is flexible, scalable, and capable of handling the data flow in near real time. Such features are useful for users who work collaboratively in the care of elderly people. With the accomplishment of these results, one can envision using this approach for building other e-health services.;"CHALLENGES; INTERNET; THINGS";APPLIED SCIENCES-BASEL;;;
wos;;Article;The Titan Control Center for Industrial DevOps analytics research;"Henning, S; Hasselbring, W";2021;10.1016/j.simpa.2020.100050;http://dx.doi.org/10.1016/j.simpa.2020.100050;The Than Control Center is a software platform supporting research on industrial big data analytics. Building upon a scalable and extensible architecture, the Than Control Center analyzes and visualizes data streams from Internet of Things sensors in industrial production. It performs different types of aggregations, correlation, forecasting, and anomaly detection to provide deeper insights into industrial production data for enabling Industrial DevOps. Furthermore, the Than Control Center is used in research for implementing and evaluating novel approaches on multi-dimensional sensor data stream aggregation, as a reference platform for benchmarking scalability in modular analytics software, and for research on analyzing industrial energy consumption.;;SOFTWARE IMPACTS;;;
wos;;Article;Darknet Traffic Big-Data Analysis and Network Management for Real-Time Automating of the Malicious Intent Detection Process by a Weight Agnostic Neural Networks Framework;"Demertzis, K; Tsiknas, K; Takezis, D; Skianis, C; Iliadis, L";2021;10.3390/electronics10070781;http://dx.doi.org/10.3390/electronics10070781;Attackers are perpetually modifying their tactics to avoid detection and frequently leverage legitimate credentials with trusted tools already deployed in a network environment, making it difficult for organizations to proactively identify critical security risks. Network traffic analysis products have emerged in response to attackers' relentless innovation, offering organizations a realistic path forward for combatting creative attackers. Additionally, thanks to the widespread adoption of cloud computing, Device Operators (DevOps) processes, and the Internet of Things (IoT), maintaining effective network visibility has become a highly complex and overwhelming process. What makes network traffic analysis technology particularly meaningful is its ability to combine its core capabilities to deliver malicious intent detection. In this paper, we propose a novel darknet traffic analysis and network management framework to real-time automating the malicious intent detection process, using a weight agnostic neural networks architecture. It is an effective and accurate computational intelligent forensics tool for network traffic analysis, the demystification of malware traffic, and encrypted traffic identification in real time. Based on a weight agnostic neural networks (WANNs) methodology, we propose an automated searching neural net architecture strategy that can perform various tasks such as identifying zero-day attacks. By automating the malicious intent detection process from the darknet, the advanced proposed solution is reducing the skills and effort barrier that prevents many organizations from effectively protecting their most critical assets.;MACHINE;ELECTRONICS;;;
wos;;Proceedings Paper;Blockchained Adaptive Federated Auto MetaLearning BigData and DevOps CyberSecurity Architecture in Industry 4.0;"Demertzis, K; Iliadis, L; Pimenidis, E; Tziritas, N; Koziri, M; Kikiras, P";2021;10.1007/978-3-030-80568-5_29;http://dx.doi.org/10.1007/978-3-030-80568-5_29;Maximizing the production process in modern industry, as proposed by Industry 4.0, requires extensive use of Cyber-Physical Systems (CbPS). Artificial intelligence technologies, through CbPS, allow monitoring of natural processes, making autonomous, decentralized and optimal decisions. Collection of information that optimizes the effectiveness of decisions, implies the need for big data management and analysis. This data is usually coming from heterogeneous sources and it might be non-interoperable. Big data management is further complicated by the need to protect information, to ensure business confidentiality and privacy, according to the recent General Data Protection Regulation - GDPR. This paper introduces an innovative holistic Blockchained Adaptive Federated Auto Meta Learning Big Data and DevOps Cyber Security Architecture in Industry 4.0. The aim is to fill the gap found in the ways of handling and securing industrial data. This architecture, combines the most modern software development technologies under an optimal and efficient framework. It successfully achieves the prediction and assessment of threat-related conditions in an industrial ecosystem, while ensuring privacy and secrecy.;"INTERNET; SECURITY";PROCEEDINGS OF THE 22ND ENGINEERING APPLICATIONS OF NEURAL NETWORKS CONFERENCE, EANN 2021;;;
wos;;Proceedings Paper;Software Services Engineering Manifesto - A Cross-Cutting Declaration;"Chang, CK; Ceravolo, P; Chang, RN; Helal, S; Jin, Z; Liu, XZ; Ming, H";2021;10.1109/ICWS53863.2021.00014;http://dx.doi.org/10.1109/ICWS53863.2021.00014;As we have entered the Internet-of-Things (IoT) era, further blessed with rapid advances in several key technological areas including DevOps, Al/ML, 5G/6G/, neurocomputing, to name a few, it is imperative we think big and aim high. This new venture will require professionals in both software engineering and services computing to collaborate with an unprecedented intensity, and jointly develop the new interdisciplinary field hereby named Software Services Engineering (SSE). In SSE, the ever-deepening system dynamics emerging from both environments and humans in varying contexts are imposing steep challenges to both researchers and practitioners. Humans, both developers and the vast number of end users, are embedded ever closer to IoT environments, and are being afforded ample opportunities to continuously inject inputs during system development and after deployment. In fact, humans are increasingly playing the roles of both sensor and actuator. Traditional requirements engineering researchers are being lured more than ever into exploiting the IoT environments where human users are deeply embedded, to gather contextual information that inevitably introduces lots of ambiguity and uncertainty. Provisioning of highly adaptable and scalable microservices would be key to timely meeting ever-changing human desires and ever-evolving system requirements in the nimblest manner. As such, an ultra-agile and field-programmable development methodology and environment will be imperative to achieving such ultra-fine grained microservices provisioning. Such ultra-agility and ultrafine granularity requirements imposed to the services industry obligate company executives to expect extreme manageability assurance to become the centroid of system operations and administration. The ultimate goal in pursuit of such a noble dream will be to provide genuinely individualized and trustworthy service, possibly enabled by Al, but it should be both explainable and ethical. Facing such grand challenges, this declaration samples a subset of burning issues in SSE through observations in seven themes, only meant to be starting points for the SSE community to further investigate. Through our declarations we also call for heightened attention to an assorted array of existing, barely emerging or non-existent services computing and software engineering methods for a concerted effort to research and explore.;REQUIREMENTS;2021 IEEE INTERNATIONAL CONFERENCE ON WEB SERVICES, ICWS 2021;;;
wos;;Proceedings Paper;Architectural Vision of Cloud Computing in the Indian Government;"Choudhari, NV; Sasankar, AB";2021;10.1109/ICITIIT51526.2021.9399598;http://dx.doi.org/10.1109/ICITIIT51526.2021.9399598;The GI (Govt. of India) cloud started in 2014 is built on the state of art technologies and rich architecture with the nationwide network infrastructure and Data Centres located across the country on National and State data centres. This paper investigates, study and analyze the cloud architecture of Govt. of India and suggests modifications that need to be adapted for sustainable development as per the global changing scenario and fulfill the future needs with improved service delivery, increased throughput, and increased efficiency to provide secured cloud services and to minimize the gap between the cloud service providers and end-users. The cloud services are designed for centralized storage and processing. The cloud data centers are generally located thousands of miles away from the endusers where the data is actually generated. The physical distance between the cloud infrastructure and the data source at edge level end-users produces latency for the real-time processing of the huge amount of data generated at the source level. In recent years the automation scenario is changing globally with various emerging technologies such as the Internet of Things (IoT), Wireless Fidelity 6 (Wi-Fi 6), Fifth Generation Mobile Network connectivity (5G), Artificial Intelligence (AI), and Machine Learning, etc. Emerging technologies like IoT, Wi-Fi 6, 5G gives large scope for boundary level computing and generates a very huge amount of data at the data source level produced by the end-users. These technologies require agile real-time processing and analysis of the data at the source level. Edge computing and Fog computing are the distributed architectures that work together, for reduced latency and speedy real-time processing where the data is actually generated by the end-user. According to the new implementation demands, various emerging cloud technologies such as Mobile Cloud Apps, Containers, Serverless, Microservices, Development and Information Technology Operations (DevOps), BlockChain, Fog computing, Edge Computing, and Software-Defined Infrastructure (SDI), etc are proposed for implementation;;2021 INTERNATIONAL CONFERENCE ON INNOVATIVE TRENDS IN INFORMATION TECHNOLOGY (ICITIIT);;;
wos;;Article;SODALITE@RT: Orchestrating Applications on Cloud-Edge Infrastructures;"Kumara, I; Mundt, P; Tokmakov, K; Radolovic, D; Maslennikov, A; González, RS; Fabeiro, JF; Quattrocchi, G; Meth, K; Di Nitto, E; Tamburri, DA; Van den Heuvel, WJ; Meditskos, G";2021;10.1007/s10723-021-09572-0;http://dx.doi.org/10.1007/s10723-021-09572-0;IoT-based applications need to be dynamically orchestrated on cloud-edge infrastructures for reasons such as performance, regulations, or cost. In this context, a crucial problem is facilitating the work of DevOps teams in deploying, monitoring, and managing such applications by providing necessary tools and platforms. The SODALITE@RT open-source framework aims at addressing this scenario. In this paper, we present the main features of the SODALITE@RT: modeling of cloud-edge resources and applications using open standards and infrastructural code, and automated deployment, monitoring, and management of the applications in the target infrastructures based on such models. The capabilities of the SODALITE@RT are demonstrated through a relevant case study.;DEPLOYMENT;JOURNAL OF GRID COMPUTING;;;
wos;;Article;Control Flow Versus Data Flow in Distributed Systems Integration: Revival of Flow-Based Programming for the Industrial Internet of Things;"Hasselbring, W; Wojcieszak, M; Dustdar, S";2021;10.1109/MIC.2021.3053712;http://dx.doi.org/10.1109/MIC.2021.3053712;When we consider the application layer1 of networked infrastructures, data and control flow are important concerns in distributed systems integration. Modularity is a fundamental principle in software design,2 in particular for distributed system architectures. Modularity emphasizes high cohesion of individual modules and low coupling between modules. Microservices are a recent modularization approach with the specific requirements of independent deployability and, in particular, decentralized data management.3 Cohesiveness of microservices goes hand-in-hand with loose coupling, making the development, deployment, and evolution of microservice architectures flexible and scalable.4 However, in our experience with microservice architectures, interactions and flows among microservices are usually more complex than in traditional, monolithic enterprise systems, since services tend to be smaller and only have one responsibility, causing collaboration needs. We suggest that for loose coupling among microservices, explicit control-flow modeling and execution with central workflow engines should be avoided on the application integration level. On the level of integrating microservices, data-flow modeling should be dominant. Control-flow should be secondary and preferably delegated to the microservices. We discuss coupling in distributed systems integration and reflect the history of business process modeling with respect to data and control flow. To illustrate our recommendations, we present some results for flow-based programming in our Industrial DevOps project Titan, where we employ flow-based programming for the Industrial Internet of Things.;;IEEE INTERNET COMPUTING;;;
wos;;Proceedings Paper;A Generic Method to Rapidly Release Internet Services on Commercial Platforms;"Zhou, XY; Feng, ZY; Xiao, JM; Chen, SZ; Xue, X; Wu, HY";2021;10.1109/ICWS53863.2021.00055;http://dx.doi.org/10.1109/ICWS53863.2021.00055;The prosperous development of Internet services such as O2O, IoT, and Web API has brought new vitality to service commercial platforms. However, these services involve online and offline business, which are widely diverse without a unified design and development standard. In addition, Internet services update frequently, which leads to repeat releases on commercial platforms. Therefore, in this paper, we present a generic method to rapidly release Internet services on commercial platforms. The method uses a highly abstract metamodel to express service business extensively and realizes service functions by executing metamodel objects. This method has wide versatility. Meanwhile, it extends the DevOps theory to solve the frequent changes of service functions during use after the release. Filially, we verified the usability of this method in the elderly healthcare domain.;;2021 IEEE INTERNATIONAL CONFERENCE ON WEB SERVICES, ICWS 2021;;;
wos;;Article;Private LTE Network Service Management Model, based on Agile Methodologies, for Big Mining Companies;"Valdivia-Bedregal, J; Bedregal-Alpaca, N; Castañeda-Huaman, E";2021;;;"Information technology (IT) services must generate added value for any business, either by enhancing its processes, automating its activities, or managing its resources. Using Long Term Evolution (LTE) Networks, IoT solutions and devices are able to be deployed in order to prevent safety incidents and or to online monitor performance and maintenance indicators produced by field equipment. Under the same context, implementing a private LTE network Service Management Model becomes a basic need for any company. Proposed Service Management model must be flexible enough to changes in order to accomplish high productivity demands like the ones that a Big Mining Company requires. Proposed model is based on Information Technology Infrastructure Library (ITIL) as the best known, disseminated and proven framework; additionally, it uses well known agile methodologies such as Scrum and DevOps. Along with the deployment for each of the proposed stages, a visual scheme is generated which, when it comes to a conclusion at the final stage, allows to visualize model interactions in its entirety. In addition to describing the expected results, model validation has been accomplished by an expert panel judgment under the developed topic. As a conclusion, proposed model involves a holistic approach, that is, a comprehensive approach that addresses various aspects of service management supported by a private LTE platform.";;INTERNATIONAL JOURNAL OF ADVANCED COMPUTER SCIENCE AND APPLICATIONS;;;
wos;;Proceedings Paper;Towards MLOps: A Framework and Maturity Model;"John, MM; Olsson, HH; Bosch, J";2021;10.1109/SEAA53835.2021.00050;http://dx.doi.org/10.1109/SEAA53835.2021.00050;The adoption of continuous software engineering practices such as DevOps (Development and Operations) in business operations has contributed to significantly shorter software development and deployment cycles. Recently, the term MLOps (Machine Learning Operations) has gained increasing interest as a practice that brings together data scientists and operations teams. However, the adoption of MLOps in practice is still in its infancy and there are few common guidelines on how to effectively integrate it into existing software development practices. In this paper, we conduct a systematic literature review and a grey literature review to derive a framework that identifies the activities involved in the adoption of MLOps and the stages in which companies evolve as they become more mature and advanced. We validate this framework in three case companies and show how they have managed to adopt and integrate MLOps in their large-scale software development companies. The contribution of this paper is threefold. First, we review contemporary literature to provide an overview of the state-of-the-art in MLOps. Based on this review, we derive an MLOps framework that details the activities involved in the continuous development of machine learning models. Second, we present a maturity model in which we outline the different stages that companies go through in evolving their MLOps practices. Third, we validate our framework in three embedded systems case companies and map the companies to the stages in the maturity model.;DEVOPS;2021 47TH EUROMICRO CONFERENCE ON SOFTWARE ENGINEERING AND ADVANCED APPLICATIONS (SEAA 2021);;;
wos;;Proceedings Paper;DevSecOps In Embedded Systems: An Empirical Study Of Past Literature;"Yasar, H; Teplov, SE";2022;10.1145/3538969.3544451;http://dx.doi.org/10.1145/3538969.3544451;Over the last decade, DevSecOps principles have gained widespread acceptance, replacing many traditional approaches to software development. DevSecOps has helped developers shorten the overall software development life cycle, and as a result, decreased the time to market. Following the broad success of DevSecOps, the next logical progression is to apply DevSecOps principles to other fields to achieve similar results, such as embedded systems. While embedded systems practices may stand to benefit greatly from the inclusion of DevSecOps principles, the field offers many new and unique challenges that have not been faced with traditional software systems. Existing DevSecOps frameworks cannot simply be applied to embedded systems. It is necessary to adapt current DevSecOps frameworks specifically to embedded systems. This piece will first lay out current DevSecOps principles and their application to software systems. Then, an empirical examination of existing work on DevSecOps in embedded systems will be presented. The required components of a DevSecOps framework that have been excluded from previous research will be highlighted, and from this, future areas of research in DevSecOps for embedded systems will be presented. The goal of this work is to summarize and analyze the current state of knowledge on DevSecOps in embedded systems and outline a path for future research.;;PROCEEDINGS OF THE 17TH INTERNATIONAL CONFERENCE ON AVAILABILITY, RELIABILITY AND SECURITY, ARES 2022;;;
wos;;Proceedings Paper;A Novel DevSecOps Model for Robust Security in an MQTT Internet of Things;"Ekoramaradhya, M; Thorpe, C";2022;;;Message Queuing Telemetry Transport (MQTT) is a standard messaging protocol for the Internet of Things (IoT). Among the various communication protocols used in IoT, MQTT stands unique because of its multiple advantages such as being efficient and light weight, reliability in message delivery and scalability to millions of things. However, the fact that the data privacy of the MQTT messages can be compromised while the data is in transit poses risks to the security mechanism. Attack scenarios related to MQTT have exposed multiple risks and vulnerabilities such as thousands of MQTT brokers being accessible over the default port, data privacy, authentication, data integrity, port obscurity, and botnet over MQTT. These risks and vulnerabilities undermine security mechanism which results in compromised IoT systems. Development Security and Operations (DevSecOps) aims at integrating security at every phase of the IoT lifecycle with enhanced automation, tools, and a process for determining security vulnerabilities at every stage. This results in a rapid and cost-effective IoT system which is enabled by proactive security mechanisms, threat prediction, threat detection, and alerting mechanisms. The aim of this work is to build a DevSecOps pipeline utilizing open source MQTT servers and brokers. A comparative study was performed to identify the risk posture provided by the DevSecOps pipeline across MQTT ports offering different combinations of security mechanisms. Firstly, threat modelling was conducted wherein the IoT system was analyzed at an architectural level from an attacker's perspective and appropriate risk mitigation and defense mechanisms were accommodated into the design. The IoT system was then subjected to rigorous static and dynamic analysis followed by vulnerability scanning and third component checks. Penetration test cases and controls are automated to check threats and vulnerabilities like escalation of privileges, denial of service, spoofing, information disclosure, and repudiation. An alerting mechanism is also integrated into the system to monitor risks and vulnerabilities. Our proposed DevSecOps models achieves standard maturity in security systems with earlier threat prediction and detection.;"THREATS; DEVOPS";PROCEEDINGS OF THE 17TH INTERNATIONAL CONFERENCE ON CYBER WARFARE AND SECURITY (ICCWS 2022);;;
wos;;Article;AIDOaRt: AI-augmented Automation for DevOps, a model-based framework for continuous development in Cyber-Physical Systems;"Bruneliere, H; Muttillo, V; Eramo, R; Berardinelli, L; Gómez, A; Bagnato, A; Sadovykh, A; Cicchetti, A";2022;10.1016/j.micpro.2022.104672;http://dx.doi.org/10.1016/j.micpro.2022.104672;The advent of complex Cyber-Physical Systems (CPSs) creates the need for more efficient engineering processes. Recently, DevOps promoted the idea of considering a closer continuous integration between system development (including its design) and operational deployment. Despite their use being still currently limited, Artificial Intelligence (AI) techniques are suitable candidates for improving such system engineering activities (cf. AIOps). In this context, AIDOaRT is a large European collaborative project that aims at providing AI-augmented automation capabilities to better support the modeling, coding, testing, monitoring, and continuous development of CPSs. The project proposes to combine Model Driven Engineering principles and techniques with AI-enhanced methods and tools for engineering more trustable CPSs. The resulting framework will (1) enable the dynamic observation and analysis of system data collected at both runtime and design time and (2) provide dedicated AI-augmented solutions that will then be validated in concrete industrial cases. This paper describes the main research objectives and underlying paradigms of the AIDOaRt project. It also introduces the conceptual architecture and proposed approach of the AIDOaRt overall solution. Finally, it reports on the actual project practices and discusses the current results and future plans.;;MICROPROCESSORS AND MICROSYSTEMS;;;
wos;;Article;Containerized Architecture Performance Analysis for IoT Framework Based on Enhanced Fire Prevention Case Study: Rwanda;"Hitimana, E; Bajpai, G; Musabe, R; Sibomana, L; Jayavel, K";2022;10.3390/s22176462;http://dx.doi.org/10.3390/s22176462;Nowadays, building infrastructures are pushed to become smarter in response to desires for the environmental comforts of living. Enhanced safety upgrades have begun taking advantage of new, evolving technologies. Normally, buildings are configured to respond to the safety concerns of the occupants. However, advanced Internet of Things (IoT) techniques, in combination with edge computing with lightweight virtualization technology, is being used to improve users' comfort in their homes. It improves resource management and service isolation without affecting the deployment of heterogeneous hardware. In this research, a containerized architectural framework for support of multiple concurrent deployed IoT applications for smart buildings was proposed. The prototype developed used sensor networks as well as containerized microservices, centrally featuring the DevOps paradigm. The research proposed an occupant counting algorithm used to check occupants in and out. The proposed framework was tested in different academic buildings for data acquisition over three months. Different deployment architectures were tested to ensure the best cases based on efficiency and resource utilization. The acquired data was used for prediction purposes to aid occupant prediction for safety measures as considered by policymakers.;"SERVICES; SYSTEMS";SENSORS;;;
wos;;Proceedings Paper;Collaborative DDoS Detection in Distributed Multi-Tenant IoT using Federated Learning;"Neto, ECP; Dadkhah, S; Ghorbani, AA";2022;10.1109/PST55820.2022.9851984;http://dx.doi.org/10.1109/PST55820.2022.9851984;Nowadays, the Internet of Things (IoT) has attracted much attention from the industry, and new initiatives are expected to be developed in the next decade. IoT is establishing a globally connected sensor network in which many devices are connected to the Internet generating large amounts of data. Conversely, many challenges need to be overcome to enable efficient and secure IoT applications (e.g., interoperability, security, standards, and server technologies). Furthermore, edge computing presents a paramount role in the diverse range of IoT applications. In this sense, processing sensitive data for different tenants (e.g., e-health and smart cities applications) requires transactions to be protected and isolated from different flows. Thereupon, different tenants can be targeted by Distributed Denial of Service (DDoS) attacks. However, attacks performed against a tenant remain unknown to others, preventing the improvement of detection and mitigation capabilities for DDoS attacks. The main obstacle in this collaboration relies on maintaining privacy in a multi-tenant environment while sharing the characteristics of attacks faced in the past. In this paper, we propose a collaborative DDoS detection and classification approach for distributed multi-tenant IoT environments using Federated Learning. This approach enables multiples tenants to collaboratively enhance their DDoS detection and classification capabilities across all edge nodes while maintaining their privacy. To accomplish this, tenants train deep learning instances on locally scaled traffic data and share the model parameters with other tenants. This strategy enables safer IoT operations and can be adopted in different applications. The experiments performed on a simulated environment considered the CICD-DoS2019 dataset and showed that the proposed approach can classify different DDoS attacks types with over 84.2% accuracy. The results demonstrate that collaborative DDoS detection enhances tenant protection compared to single detection.;"INTERNET; CHALLENGES; THINGS; NORMALIZATION";2022 19TH ANNUAL INTERNATIONAL CONFERENCE ON PRIVACY, SECURITY & TRUST (PST);;;
wos;;Article;Hybrid optimised deep learning-deep belief network for attack detection in the internet of things;Sarma, SK;2022;10.1080/0952813X.2021.1924868;http://dx.doi.org/10.1080/0952813X.2021.1924868;Internet of Things (IoT) is a new revolution of the Internet. However, the IoT network of physical devices and objects is often vulnerable to attacks like Denial of Service (DoS) and Distributed Denial of Service (DDoS). The proposed attack detection system makes the interlinking of Development and Operations (DevOps) as it makes the relationship between development and IT operations. For this, the proposed system includes (i) Proposed Feature Extraction and (ii) Classification. The data from each application are processed under the initial stage of feature extraction, where the statistical and higher-order statistical features are concatenated. Subsequently, the extracted features are subjected to a classification process, where it determines the presence of attacks. For the classification process, this paper intends to deploy the optimised Deep Belief Network (DBN), in which the activation function is optimally tuned. A new hybrid algorithm termed Firefly Alpha Evaluated Grey Wolf Optimisation (FAE-GWO) algorithm is proposed, which is the combination of Firefly (FF) and Grey Wolf Optimisation (GWO). Finally, the performance of the proposed system model is compared over other conventional works in terms of certain performance measures.;"GREY WOLF OPTIMIZER; NEURAL-NETWORK; IOT; ALGORITHM; POWER";JOURNAL OF EXPERIMENTAL & THEORETICAL ARTIFICIAL INTELLIGENCE;;;
wos;;Proceedings Paper;Problems and Solutions in Applying Continuous Integration and Delivery to 20 Open-Source Cyber-Physical Systems;"Zampetti, F; Nardone, V; Di Penta, M";2022;10.1145/3524842.3527948;http://dx.doi.org/10.1145/3524842.3527948;Continuous integration and delivery (CI/CD) have been shown to be very useful to improve the quality of software products (e.g., increasing their reliability or maintainability), and their development processes, e.g., by shortening release cycles. Applying CI/CD in the context of Cyber-Physical Systems (CPSs) can be particularly important, given that many of those systems can have safety-critical properties, and given their interaction with hardware or simulators during the development phase. This paper empirically analyzes how CI/CD is enacted in CPSs when considering the context of open-source projects, that often (also) rely on hosted CI/CD solutions, and benefit of an open-source development community. We qualitatively analyze a statistically significant sample of 670 pull requests from 20 open-source CPSs hosted on GitHub, to identify and categorize-also keeping into account catalogs from previous literature-bad practices, challenges, mitigation, and restructuring actions. The study reports and discusses the relationships we found between bad practices/challenges and CI/CD restructuring/mitigation strategies, reporting concrete examples, especially those emerging from the intrinsic complexity of CPSs.;;2022 MINING SOFTWARE REPOSITORIES CONFERENCE (MSR 2022);;;
wos;;Proceedings Paper;Industrial Requirements for Supporting AI-Enhanced Model-Driven Engineering;"Bergelin, J; Strandberg, PE";2022;10.1145/3550356.3561609;http://dx.doi.org/10.1145/3550356.3561609;There is an increasing interest in research on the combination of AI techniques and methods with MDE. However, there is a gap between AI and MDE practices, as well as between researchers and practitioners. This paper tackles this gap by reporting on industrial requirements in this field. In the AIDOaRt research project, practitioners and researchers collaborate on AI-augmented automation supporting modeling, coding, testing, monitoring, and continuous development in cyber-physical systems. The project specifically lies at the intersection of industry and academia collaboration with several industrial use cases. Through a process of elicitation and refinement, 78 high-level requirements were defined, and generalized into 30 generic requirements by the AIDOaRt partners. The main contribution of this paper is the set of generic requirements from the project for enhancing the development of cyber-physical systems with artificial intelligence, DevOps, and model-driven engineering, identifying the hot spots of industry needs in the interactions of MDE and AI. Future work will refine, implement and evaluate solutions toward these requirements in industry contexts.;"EMBEDDED SOFTWARE; CHALLENGES";ACM/IEEE 25TH INTERNATIONAL CONFERENCE ON MODEL DRIVEN ENGINEERING LANGUAGES AND SYSTEMS, MODELS 2022 COMPANION;;;
wos;;Proceedings Paper;Towards Digital Twin-enabled DevOps for CPS providing Architecture-Based Service Adaptation & Verification at Runtime;"Dobaj, J; Riel, A; Krug, T; Seidl, M; Macher, G; Egretzberger, M";2022;10.1145/3524844.3528057;http://dx.doi.org/10.1145/3524844.3528057;Background: Industrial Product-Service Systems (IPSS) denote a service-oriented way of providing access to cyber-physical systems' (CPS) capabilities. The design of such systems bears high risk due to uncertainty in requirements related to service function and behavior, operation environments, and evolving customer needs. Such risks and uncertainties are well known in the IT sector, where DevOps principles ensure continuous system improvement through reliable and frequent delivery processes. A modular and service-oriented system architecture complements these processes to facilitate IT system adaptation and evolution. Objective: This work proposes a method to use and extend the Digital Twins (DTs) of IPSS assets for enabling the continuous optimization of CPS service delivery and the latter's adaptation to changing needs and environments. This reduces uncertainty during design and operations by assuring IPSS integrity and availability, especially for design and service adaptations at CPS runtime. Methodology: The method builds on transferring IT DevOps principles to DT-enabled CPS IPSS. The chosen design approach integrates, reuses, and aligns the DT processing and communication resources with DevOps requirements derived from literature. Results: We use these requirements to propose a DT-enabled self-adaptive CPS model, which guides the realization of DT-enabled DevOps in CPS IPSS. We further propose detailed design models for operation-critical DTs that integrate CPS closed-loop control and architecture-based CPS adaptation. This integrated approach enables the implementation of A/B testing as a use case and central concept to enable CPS IPSS service adaptation and reconfiguration. Conclusion: The self-adaptive CPS model and DT design concept have been validated in an evaluation environment for operation-critical CPS IPSS. The demonstrator achieved sub-millisecond cycle times during service A/B testing at runtime without causing CPS operation interferences and downtime.;"CYBER-PHYSICAL SYSTEMS; INDUSTRY 4.0; CONTEXT; AUTOMATION; EVOLUTION";2022 17TH INTERNATIONAL SYMPOSIUM ON SOFTWARE ENGINEERING FOR ADAPTIVE AND SELF-MANAGING SYSTEMS (SEAMS);;;
wos;;Proceedings Paper;Towards a New Metamodel of Microservices and Devops Based Internet of Things Ecosystem;"El Khalyly, B; Belangour, A; Erraissi, A; Banane, M";2022;10.1007/978-3-030-90639-9_85;http://dx.doi.org/10.1007/978-3-030-90639-9_85;The ecosystem of the Internet of Things is a set of physical devices such as sensors and actuators. It includes a set of servers and gateways that provide connectivity. These devices can be installed at three levels: the edge level, the fog level and the cloud level. Applications that monitor things and collect data from sensors are deployed at the edge, fog and cloud levels. These applications can be containerized and deployed in different devices by Docker, which takes advantage of its advantage to create executable containers that are isolated from each other. This paper presents a generic metamodel of the Internet of Things ecosystem based on microservices and supported by Docker as a containerization tool and Ansible as a monitoring tool. This metamodel allows us to generate a system of connected objects that can be deployed on three levels: Fog, Edge, Cloud. This metamodel can be used in different types of domains such as Smart Home - Smart City - Smart Vehicle - Smart Health - Smart Farm - Smart Factory. The metamodel proposed in this article is a fusion between 4 metamodels: Internet of Things - Microservices - Ansible - Docker.;;ADVANCED INTELLIGENT SYSTEMS FOR SUSTAINABLE DEVELOPMENT (AI2SD'2020), VOL 2;;;
wos;;Article;Model-based fleet deployment in the IoT-edge-cloud continuum;"Song, H; Dautov, R; Ferry, N; Solberg, A; Fleurey, F";2022;10.1007/s10270-022-01006-z;http://dx.doi.org/10.1007/s10270-022-01006-z;With the increasing computing and networking capabilities, IoT devices and edge gateways have become part of a larger IoT-edge-cloud computing continuum, where processing and storage tasks are distributed across the whole network hierarchy, not concentrated only in the cloud. At the same time, this also introduced continuous delivery practices to the development of software components for network-connected gateways and sensing/actuating nodes. These devices are placed on end users' premises and are characterized by continuously changing cyber-physical contexts, forcing software developers to maintain multiple application versions and frequently redeploy them on a distributed fleet of devices with respect to their current contexts. Doing this correctly and efficiently goes beyond manual capabilities and requires an intelligent and reliable automated solution. This paper describes a model-based approach to automatically assigning multiple software deployment plans to hundreds of edge gateways and connected IoT devices implemented in collaboration with a smart healthcare application provider. From a platform-specific model of an existing edge computing platform, we extract a platform-independent model that describes a list of target devices and a pool of available deployment plans. Next, we use constraint solving to automatically assign deployment plans to devices at once with respect to their specific contexts. The result is transformed back into the platform-specific model and includes a suitable deployment plan for each device, which is then consumed by our engine to deploy software components not only on edge gateways but also on their downstream IoT devices with constrained resources and connectivity. We validate the approach with a fleet deployment prototype integrated into a DevOps toolchain used by the partner application provider. Initial experiments demonstrate the viability of the approach and its usefulness in supporting DevOps for edge and IoT software development.;;SOFTWARE AND SYSTEMS MODELING;;;
wos;;Proceedings Paper;Semantic Inferences Towards Smart IoT-Based Systems Actuation Conflicts Management;"Rocher, G; Tigli, JY; Lavirotte, S";2022;10.1007/978-3-031-18872-5_15;http://dx.doi.org/10.1007/978-3-031-18872-5_15;IoT-based systems have long been limited to collecting field information via sensors distributed at the edge of their infrastructure. However, in many areas such as smart home, smart factory, etc. these systems include devices that interact with the physical environment via common actuators. Throughout the lifecycle of these systems, from design, to deployment to operation, the ability to avoid actuation conflicts, both in terms of the commands that actuators receive (direct conflicts) and the effects that they produce (indirect conflicts), is a new challenge in the realm of trustworthy Smart IoT-based Systems (SIS). As part of the European project ENACT, which aims to provide full DevOps support for trustworthy SIS, we present a lightweight ontology that provides SIS designers with (1) a semantic metamodel to formally describe SIS subsystems and the actuators they interact with, and (2) a set of SWRL (Semantic Web Rule Language) inference rules to automatically identify and semi-automatically resolve actuation conflicts. Consistent with the best practices of the DevOps approach, a particular emphasis is placed on facilitating the use and interpretation of inference results. To provide insight into the appropriateness of the proposed approach in the context of SIS, rule processing times for different actuation conflict configurations are provided.;;INTERNET OF THINGS. IOT THROUGH A MULTI-DISCIPLINARY PERSPECTIVE, IFIPIOT 2022;;;
wos;;Article;CloudOps: Towards the Operationalization of the Cloud Continuum: Concepts, Challenges and a Reference Framework;"Alonso, J; Orue-Echevarria, L; Huarte, M";2022;10.3390/app12094347;http://dx.doi.org/10.3390/app12094347;The current trend of developing highly distributed, context aware, heterogeneous computing intense and data-sensitive applications is changing the boundaries of cloud computing. Encouraged by the growing IoT paradigm and with flexible edge devices available, an ecosystem of a combination of resources, ranging from high density compute and storage to very lightweight embedded computers running on batteries or solar power, is available for DevOps teams from what is known as the Cloud Continuum. In this dynamic context, manageability is key, as well as controlled operations and resources monitoring for handling anomalies. Unfortunately, the operation and management of such heterogeneous computing environments (including edge, cloud and network services) is complex and operators face challenges such as the continuous optimization and autonomous (re-)deployment of context-aware stateless and stateful applications where, however, they must ensure service continuity while anticipating potential failures in the underlying infrastructure. In this paper, we propose a novel CloudOps workflow (extending the traditional DevOps pipeline), proposing techniques and methods for applications' operators to fully embrace the possibilities of the Cloud Continuum. Our approach will support DevOps teams in the operationalization of the Cloud Continuum. Secondly, we provide an extensive explanation of the scope, possibilities and future of the CloudOps.;"RESOURCE-MANAGEMENT; METAHEURISTICS; IMPLEMENTATION; DESIGN; IOT";APPLIED SCIENCES-BASEL;;;
wos;;Proceedings Paper;Trustworthy Software Development - practical view of security processes through MVP methodology;"Chen, SJ; Pan, YC; Ma, YW; Chiang, CM; Tsai, CC";2022;;;With the popularization of 5G, one of its characteristics supports a large amount of IoT devices and a lot of open sources will be introduced. Therefore, trustworthiness has become more important for users and developers. According to IBM Systems Sciences Institute, we understand that taking software security into consideration in the early stages of development will save 99% cost. Therefore, security by design can not only save development costs but also improve the overall security of the software. In this paper, we mainly focus on the trustworthiness aspect in the software development process based on ISO/IEC/ IEEE15288, NIST800-160, DoD Enterprise DevSecOps Reference, and A Guide to the Project Management Body of Knowledge (PMBOK Guide) - Seventh Edition and the Standard for Project Management concept. A trustworthiness framework will be proposed to make software more reliable and trustworthy for users and allows enterprises and developers to control and test the trustworthiness of production. After that, the analysis of software security is provided. This platform will provide the guidance for industries easier to use and apply to their product.;;2022 24TH INTERNATIONAL CONFERENCE ON ADVANCED COMMUNICATION TECHNOLOGY (ICACT): ARITIFLCIAL INTELLIGENCE TECHNOLOGIES TOWARD CYBERSECURITY;;;
wos;;Proceedings Paper;Automating Distributed Production Testing;"Sleibi, N; Aldaghamin, A; Wolff, C";2022;10.1109/CANDO-EPE57516.2022.10046366;http://dx.doi.org/10.1109/CANDO-EPE57516.2022.10046366;Many small and medium enterprises in the embedded systems' field cannot afford to carry out their production testing efforts, which is known to be costly and time-consuming. Hence, their tendency to commission third party service providers to perform these tasks. Therefore, testing can be distributed among many testing locations, where isolated and locally operated test benches perform the tests on the Devices under Test (DUTs). The first goal of this work is to connect the system on the cloud level for better collaboration and online management of functional tests on software-intensive embedded systems. The second goal is to enhance the testing process by closing the open gap between testing and feedback on two levels of operation: the local level between the test benches and the DUTs, and on a wider level with the cloud. This is achieved by connecting the system online via the cloud, and by adopting the DevOps approach, which aims at automating the different processes to achieve an automated workflow that can automatically adapt itself to change. In this paper, the system architecture and prototype are presented, based on which, an automated and continuous feedback-based testing cycles were implemented and tested on two levels of operation.;;2022 IEEE 5TH INTERNATIONAL CONFERENCE AND WORKSHOP OBUDA ON ELECTRICAL AND POWER ENGINEERING, CANDO-EPE;;;
wos;;Proceedings Paper;Continuous Deployment in IoT Edge Computing;"López-Viana, R; Díaz, J; Pérez, JE";2022;;;Edge computing (EC) is a recent computing paradigm in the IoT domain for performing calculations and processing at the edge of the network, closer to the user instead of moving all data to the cloud. In this way, EC practitioners aim to replicate the benefits of cloud computing but closer to the source of the data, reducing the latency imposed by the distance between the cloud and the end devices, the network overhead, and the security and privacy risk that this offloading entails. But not only that. EC practitioners also aim to replicate best practices used on cloud-native development and operation. In this regard, GitOps is one of the main trends in the DevOps ecosystem for Continuous Deployment (CD) that promotes infrastructure automation in highly distributed applications, accelerating value delivery while avoiding error-prone manual processes. Till now, GitOps has been mainly related to Kubernetes-a widely used container orchestration platform to run distributed applications resiliently. In this regard, more and more IoT EC solutions are implementing container orchestration solutions like Kubernetes, thus, it is worthwhile identifying the benefits that GitOps adoption could leverage at the Edge and how possible challenges and drawbacks could be addressed. This paper presents a proof of concept based on tools included in the Cloud Native Computing Foundation (CNCF) landscape to check the feasibility of applying GtiOps in IoT EC solutions. Several drawbacks were detected mainly due to the used tooling, such as lack of automatic provisioning of physical infrastructure, tight coupled to Kubernetes descriptors for declaring workloads, and limitations on the edge devices that can be supported.;;2022 17TH IBERIAN CONFERENCE ON INFORMATION SYSTEMS AND TECHNOLOGIES (CISTI);;;
wos;;Proceedings Paper;FITNESS: (Fine Tune on New and Similar Samples) to detect anomalies in streams with drift and outliers;"Sankararaman, A; Narayanaswamy, B; Singh, V; Song, Z";2022;;;Technology improvements have made it easier than ever to collect diverse telemetry at high resolution from any cyber or physical system, for both monitoring and control. In the domain of monitoring, anomaly detection has become an important problem in many research areas ranging from IoT and sensor networks to devOps. These systems operate in real, noisy and non-stationary environments. A fundamental question is then, 'How to quickly spot anomalies in a data-stream, and differentiate them from either sudden or gradual drifts in the normal behaviour?' Although several heuristics have been proposed for detecting anomalies on streams, no known method has formalized the desiderata and rigorously proven that they can be achieved. We begin by formalizing the problem as a sequential estimation task. We propose FITNESS, (Fine Tune on New and Similar Samples), a flexible framework for detecting anomalies on data streams. We show that in the case when the data stream has a gaussian distribution, FITNESS is provably both robust and adaptive. The core of our method is to fine-tune the anomaly detection system only on recent, similar examples, before predicting an anomaly score. We prove that this is sufficient for robustness and adaptivity. We further experimentally demonstrate that FITNESS is flexible in practice, i.e., it can convert existing offline AD algorithms in to robust and adaptive online ones.;;INTERNATIONAL CONFERENCE ON MACHINE LEARNING, VOL 162;;;
wos;;Article;Towards DevOps for Cyber-Physical Systems (CPSs): Resilient Self-Adaptive Software for Sustainable Human-Centric Smart CPS Facilitated by Digital Twins;"Dobaj, J; Riel, A; Macher, G; Egretzberger, M";2023;10.3390/machines11100973;http://dx.doi.org/10.3390/machines11100973;The Industrial Revolution drives the digitization of society and industry, entailing Cyber-Physical Systems (CPSs) that form ecosystems where system owners and third parties share responsibilities within and across industry domains. Such ecosystems demand smart CPSs that continuously align their architecture and governance to the concerns of various stakeholders, including developers, operators, and users. In order to satisfy short- and long-term stakeholder concerns in a continuously evolving operational context, this work proposes self-adaptive software models that promote DevOps for smart CPS. Our architectural approach extends to the embedded system layer and utilizes embedded and interconnected Digital Twins to manage change effectively. Experiments conducted on industrial embedded control units demonstrate the approach's effectiveness in achieving sub-millisecond real-time closed-loop control of CPS assets and the simultaneous high-fidelity twinning (i.e., monitoring) of asset states. In addition, the experiments show practical support for the adaptation and evolution of CPS through the dynamic reconfiguring and updating of real-time control services and communication links without downtime. The evaluation results conclude that, in particular, the embedded Digital Twins can enhance CPS smartness by providing service-oriented access to CPS data, monitoring, adaptation, and control capabilities. Furthermore, the embedded Digital Twins can facilitate the seamless integration of these capabilities into current and future industrial service ecosystems. At the same time, these capabilities contribute to implementing emerging industrial services such as remote asset monitoring, commissioning, and maintenance.;"INDUSTRIAL; CHALLENGES; PRODUCTS; SECURITY; CONTEXT; TIME; IOT";MACHINES;;;
wos;;Proceedings Paper;Model-Based DevOps: Foundations and Challenges;"Combemale, B; Jézéquel, JM; Perez, Q; Vojtisek, D; Jansen, N; Michael, J; Rademacher, F; Rumpe, B; Wortmann, A; Zhang, JX";2023;10.1109/MODELS-C59198.2023.00076;http://dx.doi.org/10.1109/MODELS-C59198.2023.00076;Time-to-market and continuous improvement are key success indicators to deliver for Industry 4.0 Cyber-Physical Systems (CPSs). There is thus a growing interest in adapting DevOps approaches coming from software systems to CPSs. However, CPSs are made not only of software but also of physical parts that need to be monitored at runtime. In this paper, we claim that Model-Driven Engineering can facilitate DevOps for CPSs by automatically connecting a CPS design model to its runtime monitoring, in the form of a digital twin.;;2023 ACM/IEEE INTERNATIONAL CONFERENCE ON MODEL DRIVEN ENGINEERING LANGUAGES AND SYSTEMS COMPANION, MODELS-C;;;
wos;;Article;Federated Secure Computing;"Ballhausen, H; Hinske, LC";2023;10.3390/informatics10040083;http://dx.doi.org/10.3390/informatics10040083;Privacy-preserving computation (PPC) enables encrypted computation of private data. While advantageous in theory, the complex technology has steep barriers to entry in practice. Here, we derive design goals and principles for a middleware that encapsulates the demanding cryptography server side and provides a simple-to-use interface to client-side application developers. The resulting architecture, Federated Secure Computing, offloads computing-intensive tasks to the server and separates concerns of cryptography and business logic. It provides microservices through an Open API 3.0 definition and hosts multiple protocols through self-discovered plugins. It requires only minimal DevSecOps capabilities and is straightforward and secure. Finally, it is small enough to work in the internet of things (IoT) and in propaedeutic settings on consumer hardware. We provide benchmarks for calculations with a secure multiparty computation (SMPC) protocol, both for vertically and horizontally partitioned data. Runtimes are in the range of seconds on both dedicated workstations and IoT devices such as Raspberry Pi or smartphones. A reference implementation is available as free and open source software under the MIT license.;DATASHIELD;INFORMATICS-BASEL;;;
wos;;Proceedings Paper;A Brief History of Liquid Software;Pautasso, C;2023;10.1109/EDGE60047.2023.00058;http://dx.doi.org/10.1109/EDGE60047.2023.00058;The concept of liquid software, i.e., software with flexible deployment, over the past two decades has appeared in the fields of edge computing, Internet of Things (IoT), Human-Computer Interaction, DevOps and Web engineering. In this paper, we survey, compare, and provide a comprehensive definition of liquid software by analyzing how the metaphor has been used in existing literature and identifying gaps and inconsistencies in the current vs. past understanding of the concept. Overall, liquid software can be seamlessly deployed and redeployed within a dynamic and distributed runtime environment in response to changes applied to the set of available devices and to the software itself. Liquid software has been introduced in the context of active networks and intelligent environments, it has been applied to describe the user interaction with multi and cross-device user interfaces, it has found a promising foundation in Web technology, continuous software delivery pipelines, as well as isomorphic software architectures running across the IoT, edge and Cloud continuum.;"INTERNET; THINGS; WEB";2023 IEEE INTERNATIONAL CONFERENCE ON EDGE COMPUTING AND COMMUNICATIONS, EDGE;;;
wos;;Article;Optimization of DevOps Transformation for Cloud-Based Applications;"Buttar, AM; Khalid, A; Alenezi, M; Akbar, MA; Rafi, S; Gumaei, AH; Riaz, MT";2023;10.3390/electronics12020357;http://dx.doi.org/10.3390/electronics12020357;Rapid software development is critical for meeting company objectives and competing more effectively in the competitive IoT infrastructure. DevOps is a growing technique that enables enterprises to provide high-quality software capabilities through automation, to improve team communication, and to increase efficiency across the software product lifecycle. Research problem: Due to the increased demand for new products and technologies, a huge overwork shifted on the organizations for introducing software with pace and to become stable to compete with others. Due to this, the majority of organizations prefer an automated system for product development and require cloud-based applications. The git version control system is used for version management and Docker is used to package code and provide libraries. AWS services are leveraged to deploy an application as a cloud. Jenkins is used as a CI/CD pipeline to manage various phases of development and to make the development process continuous. The ELK stack is used to monitor and visualize the execution of code. In light of the findings, DevOps is an efficient method for cloud application deployment and resource selection based on the relative importance of each optimized objective in terms of value parameters such as cost, memory, and CPU capacity, and that the method can be tailored to specific application requirements. The findings of this analysis indicate that an application can be deployed to the cloud using DevOps techniques. The proposed approach cost 60% less at full weight 1.0 and 11.3% less with no weight compared to the benchmark solution's 15.078%;AUTOMATION;ELECTRONICS;;;
wos;;Proceedings Paper;DevOps for Cyber-Physical Systems: Objectives, Results and Lessons Learned from the Adeptness H2020 Project;"Arrieta, A; Sagardui, G; Agirre, A; Afzal, W; Ali, S";2023;10.1109/DSD60849.2023.00035;http://dx.doi.org/10.1109/DSD60849.2023.00035;While most large web-based software systems (e.g., Amazon, Google) release a new software version every almost a minute, in the context of Cyber-Physical Systems (CPSs), this is still far. However, the software of CPSs needs to evolve while these are in operation to fix bugs, add new functionalities, carry out refactoring activities and deal with unforeseen situations that were discovered while the CPS was operating. In the last three years, the Adeptness project has been developing in a solution to help speed-up the software release of CPSs that are in operation while guaranteeing their reliability. In this paper, we summarize the objectives, results and lessons learned from this H2020 project.;;2023 26TH EUROMICRO CONFERENCE ON DIGITAL SYSTEM DESIGN, DSD 2023;;;
wos;;Proceedings Paper;Overcoming New Technologies Challenges in IoT Security Labs: Strategies for Effective Adaptation;"Simopoulos, D; Wolf, A";2023;10.23919/IFIPNetworking57963.2023.10186388;http://dx.doi.org/10.23919/IFIPNetworking57963.2023.10186388;With IoT technology being widely implemented in crucial domains such as personal activity and health tracking or monitoring of critical technical processes, awareness for security risks has risen. First solutions for DevSecOps in IoT have been introduced in the past to detect typical programming flaws and the vulnerabilities they impose. With the increasing power and cheap availability of unlimited cloud resources, high speed networks and AI, new and more complex attacks seem feasible. In this paper we highlight these new threats and elaborate whether known approaches to IoT security are still sufficient or new strategies to fight the threats have to be developed. Furthermore, we present our approach to use the new technological possibilities in order to increase the power of security assessment and security tests for IoT.;"INTERNET; FUTURE";2023 IFIP NETWORKING CONFERENCE, IFIP NETWORKING;;;
wos;;Article;Continuous QoS-aware adaptation of Cloud-IoT application placements;"Herrera, JL; Berrocal, J; Forti, S; Brogi, A; Murillo, JM";2023;10.1007/s00607-023-01153-1;http://dx.doi.org/10.1007/s00607-023-01153-1;Cloud-Internet of Things computing paradigms call for novel and efficient method-ologies to decide where to place application services in continuity with Continuous Integration/Continuous Deployment pipelines and infrastructure monitoring. In this article, we present Continuous Adaptation (CA), a new DevOps practice for (1) detect-ing runtime changes in the application requirements or the infrastructure that, due to their change in resource consumption or their effects on the Quality of Service (QoS), can affect the validity and dependability of the current application placement, and for (2) locally intervening on them by suggesting new placements that ensure all (func-tional and non-functional) application requirements are met. We assess a prototype of CA, ConDADO, and analyze its performance over a motivating use case. Con -DADO adapts the application placement to environmental changes through the use of continuous reasoning, reducing the size of the problem to be solved to optimize its performance. The evaluation shows that ConDADO is able to obtain nearly optimal QoS up to 4.2x faster than alternative techniques, also minimizing the cost of service migration.;"FOG; INTERNET";COMPUTING;;;
wos;;Proceedings Paper;RobotKube: Orchestrating Large-Scale Cooperative Multi-Robot Systems with Kubernetes and ROS;"Lampe, B; Reiher, L; Zanger, L; Woopen, T; van Kempen, R; Eckstein, L";2023;10.1109/ITSC57777.2023.10422370;http://dx.doi.org/10.1109/ITSC57777.2023.10422370;Modern cyber-physical systems (CPS) such as Cooperative Intelligent Transport Systems (C-ITS) are increasingly defined by the software which operates these systems. In practice, microservice architectures can be employed, which may consist of containerized microservices running in a cluster comprised of robots and supporting infrastructure. These microservices need to be orchestrated dynamically according to ever changing requirements posed at the system. Additionally, these systems are embedded in DevOps processes aiming at continually updating and upgrading both the capabilities of CPS components and of the system as a whole. In this paper, we present RobotKube, an approach to orchestrating containerized microservices for large-scale cooperative multi-robot CPS based on Kubernetes. We describe how to automate the orchestration of software across a CPS, and include the possibility to monitor and selectively store relevant accruing data. In this context, we present two main components of such a system: an event detector capable of, e.g., requesting the deployment of additional applications, and an application manager capable of automatically configuring the required changes in the Kubernetes cluster. By combining the widely adopted Kubernetes platform with the Robot Operating System (ROS), we enable the use of standard tools and practices for developing, deploying, scaling, and monitoring microservices in C-ITS. We demonstrate and evaluate RobotKube in an exemplary and reproducible use case that we make publicly available at github:com/ika-rwth-aachen/robotkube.;;2023 IEEE 26TH INTERNATIONAL CONFERENCE ON INTELLIGENT TRANSPORTATION SYSTEMS, ITSC;;;
wos;;Proceedings Paper;Design Concepts of the ASSIST-IoT Smart Orchestrator for Managing the Realization of NGIoT Systems;"Fornes-Leal, A; Biot, FM; Vañno, R; Simóon, RR; Szmeja, P; Lacalle, I; Palau, CE";2023;10.1109/WF-IOT58464.2023.10539440;http://dx.doi.org/10.1109/WF-IOT58464.2023.10539440;This paper presents the design of the ASSIST-IoT's smart orchestrator. This solution aims at controlling the lifecycle of next-generation IoT enablers in distributed, multi-cluster environments, easing the communication of such enablers and increasing the overall network security. The presented high-level architecture is based on three main design concepts: cloud-nativeness, encapsulation, and automation. A preliminary realization of such architecture is described, along with some graphical interfaces specifically developed to manage it. Its practical use has served for validating its expected performance, allowing the instantiation and communication of enablers in Kubernetes-based distributed ecosystems, and has shown some potential areas of improvement: better support to broader number of use cases, optimization of installation procedures considering a unique packaging format, and enabling the integration of DevOps tools for both automated system and enablers' upgrading.;;2023 IEEE 9TH WORLD FORUM ON INTERNET OF THINGS, WF-IOT;;;
wos;;Proceedings Paper;Edge Anomaly Detection Framework for AIOps in Cloud and IoT;"Moens, P; Andriessen, B; Sebrechts, M; Volckaert, B; Van Hoecke, S";2023;10.5220/0011838600003488;http://dx.doi.org/10.5220/0011838600003488;Artificial Intelligence for IT Operations (AIOps) addresses the rising complexity of cloud computing and Internet of Things by assisting DevOps engineers to monitor and maintain applications. Machine Learning is an essential part of AIOps, enabling it to perform Anomaly Detection and Root Cause Analysis. These techniques are often executed in centralized components, however, which requires transferring vast amounts of data to a central location. This increase in network traffic causes strain on the network and results in higher latency. This paper leverages edge computing to address this issue by deploying ML models closer to the monitored services, reducing the network overhead. This paper investigates two architectural approaches: a sidecar architecture and a federated architecture, and highlights their advantages and shortcomings in different scenarios. Taking this into account, it proposes a framework that orchestrates the deployment and management of distributed edge ML models. Additionally, the paper introduces a Python library to assist data scientists during the development of AIOps techniques and concludes with a thorough evaluation of the resulting framework towards resource consumption and scalability. The results indicate up to 98.3% reduction in network usage depending on the configuration used while maintaining a minimal increase in resource usage at the edge.;;PROCEEDINGS OF THE 13TH INTERNATIONAL CONFERENCE ON CLOUD COMPUTING AND SERVICES SCIENCE, CLOSER 2023;;;
wos;;Proceedings Paper;InSECTS Cloud Agnostic On-Orbit Processing for Satellite Development;"Obst, AG; Eng, J; Decker, RA; McNamara, H; Knuth, A; Becker, L";2023;10.1109/AERO55745.2023.10115658;http://dx.doi.org/10.1109/AERO55745.2023.10115658;Interplanetary Simulation Environment for Communication and Thermal Subsystems (InSECTS) is an environment designed to support rapid prototyping of spacecraft containerized software on-orbit. The InSECTS digital architecture was developed to support NASA/JHU-APL Dragonfly autonomous software development and proliferated space-based containerized processing at Johns Hopkins Whiting School of Engineering. Processing needs for deep space, scientific, and National Security spacecraft software are continually evolving to support exceedingly diverse mission requirements. As a result of this evolution, Spacecraft software engineers require a pathway for rapidly testing, updating, and deploying software to on-orbit cloud processing clusters in an economical and responsible way. InSECTS supports this need by providing a low-cost prototype of an on-orbit processing architecture affording developers the capability to test and deploy cloud-based software to operational spacecraft, while mitigating the risks involved with traditional space system development. The InSECTS digital architecture supports any open-source initiative compliant containerized application on a hardware agnostic distributed Commercial Off the Shelf (COTS) computing environment. Additionally, by utilizing preexisting container orchestration software the environment is inherently redundant across multiple independent processing suites. Finally, InSECTS design is configurable which allows it to function as a payload on a small satellite or as its own microsatellite. The InSECTS cloud-agnostic ground system is accessible with Internet of Things (IoT) devices and has a Development Operations (DEVOPS) pipeline that supports open-source software code development. This gives engineers and researchers building software the ability to write, integrate, and deploy software containers into the InSECTS environment using development tools broadly accessible across the industry. To verify these technical solutions, an InSECTS prototype was demonstrated at Johns Hopkins University by deploying an autonomy software cluster able to control a thermal control system model designed after the NASA/APL Dragonfly thermonuclear generator. As a result of this successful test, further InSECTS development at Johns Hopkins is planned and may include a functional small satellite for on-orbit testing. This satellite would provide a testbed for containerized processing in the space environment utilizing COTS hardware for cloud-agnostic software deployments capable of supporting the diverse processing requirements of future National Security and deep space systems.;;2023 IEEE AEROSPACE CONFERENCE;;;
wos;;Article;ACSmI: a solution to address the challenges of cloud services federation and monitoring towards the cloud continuum;"Alonso, J; Huarte, M; Arrieta, LOE";2023;10.1504/IJCSE.2023.133676;http://dx.doi.org/10.1504/IJCSE.2023.133676;The evolution of cloud computing has changed the way in which cloud service providers offer their services and how cloud customers consume them, moving towards the use of multiple cloud services, in what it is called multi-cloud. Multi-cloud is gaining interest by the expansion of IoT, edge and the cloud continuum where distributed cloud federation models are necessary for effective application deployment and operation. This work presents advanced cloud service meta-intermediator (ACSmI), a solution that implements a cloud federation, supporting the seamless brokerage of cloud services. Technical details addressing the discovered shortcomings are presented, including a proof of concept built on JHipster, Java, InfluxDB, Telegraf and Grafana. ACSmI contributes to relevant elements of the European Gaia-X initiative, specifically to the federated catalogue, continuous monitoring, and certification of services. The experiments show that proposed solution effectively saves up to 75% of the DevOps teams' effort to discover, contract and monitor cloud services.;"MECHANISM; BROKER";INTERNATIONAL JOURNAL OF COMPUTATIONAL SCIENCE AND ENGINEERING;;;
wos;;Article;Technological Transformation of Telco Operators towards Seamless IoT Edge-Cloud Continuum;"Oztoprak, K; Tuncel, YK; Butun, I";2023;10.3390/s23021004;http://dx.doi.org/10.3390/s23021004;This article investigates and discusses challenges in the telecommunication field from multiple perspectives, both academic and industry sides are catered for, surveying the main points of technological transformation toward edge-cloud continuum from the view of a telco operator to show the complete picture, including the evolution of cloud-native computing, Software-Defined Networking (SDN), and network automation platforms. The cultural shift in software development and management with DevOps enabled the development of significant technologies in the telecommunication world, including network equipment, application development, and system orchestration. The effect of the aforementioned cultural shift to the application area, especially from the IoT point of view, is investigated. The enormous change in service diversity and delivery capabilities to mass devices are also discussed. During the last two decades, desktop and server virtualization has played an active role in the Information Technology (IT) world. With the use of OpenFlow, SDN, and Network Functions Virtualization (NFV), the network revolution has got underway. The shift from monolithic application development and deployment to micro-services changed the whole picture. On the other hand, the data centers evolved in several generations where the control plane cannot cope with all the networks without an intelligent decision-making process, benefiting from the AI/ML techniques. AI also enables operators to forecast demand more accurately, anticipate network load, and adjust capacity and throughput automatically. Going one step further, zero-touch networking and service management (ZSM) is proposed to get high-level human intents to generate a low-level configuration for network elements with validated results, minimizing the ratio of faults caused by human intervention. Harmonizing all signs of progress in different communication technologies enabled the use of edge computing successfully. Low-powered (from both energy and processing perspectives) IoT networks have disrupted the customer and end-point demands within the sector, as such paved the path towards devising the edge computing concept, which finalized the whole picture of the edge-cloud continuum.;"SOFTWARE-DEFINED NETWORKING; CHALLENGES; MANAGEMENT; SECURITY; INTERNET; SERVICE";SENSORS;;;
wos;;Proceedings Paper;Improving voyage efficiency in the shipping 4.0 decarbonization era;"Varelas, TJ; Kaklis, D; Varlamis, I; Flori, A";2023;10.1109/SOSE58276.2023.00030;http://dx.doi.org/10.1109/SOSE58276.2023.00030;The objective of this work is to pave the way toward a carbon-neutral and efficient operational blueprint for the waterborne sector, through the lens of the Industry 4.0 era. In this direction, we demonstrate a cutting-edge integrated ecosystem (ARTeMIS) for operational efficiency and environmental compliance and focus on the respective building block comprising the envisaged platform. ARTeMIS incorporates an IoT suite responsible for data acquisition, as well as a multi-purpose processing pipeline for CI/CD (continuous integration/deployment) of simulation models concerning operational optimization. In the context of this work, the proposed framework was adapted accordingly to capture, analyze and continuously predict the Fuel Oil Consumption (FOC), Effective HorsePower (EHP), Speed, and pollutant concentrations, of the vessel. Utilizing this streamlined procedure we are able to assess the scrubbing efficiency, as well as the environmental footprint of the vessel (CII - Carbon Intensity Indicator) in order to further optimize the vessel operation. Furthermore, the paper argues on how generic models like STEAM (Ship Traffic Emissions Assessment Method) should be transformed radically with the utilization of shipping 4.0 driven frameworks like the one proposed in the context of this work. Finally, the unleashed highly accurate prediction potential of the proposed system concerning operational efficiency, anomaly detection, and environmental compliance is demonstrated. The onboard proof of concept and the assimilated results so far, are also depicted to illustrate the feasibility and potential of the proposed approach.;;2023 IEEE INTERNATIONAL CONFERENCE ON SERVICE-ORIENTED SYSTEM ENGINEERING, SOSE;;;
wos;;Article;Ensuring the Integrity, Confidentiality, and Availability of IoT Data in Industry 5.0: A Systematic Mapping Study;"Boisrond, K; Tardif, PM; Jaafar, F";2024;10.1109/ACCESS.2024.3434618;http://dx.doi.org/10.1109/ACCESS.2024.3434618;The significant success of the Internet of Things in facilitating connections among consumer devices has led to an evident inclination towards connecting devices within industrial environments, commonly known as the Industrial Internet of Things (IIoT). Meanwhile, the integration of DevOps and DevSecOps into Industry 5.0 is generating much interest in both industry and academia, and its adoption in practice is raising a lot of challenges. This study aims to organize the knowledge about the challenges encountered by the Industry and practitioners when adopting DevOps and DevSecOps in the Industry 5.0 environment, as well as suggested practices documented in the literature. We also identify the security challenges related to data integrity, confidentiality, and availability of Industrial IoT data. We conducted a Systematic Mapping Review of more than a thousand papers and focused on 57 peer-reviewed studies published between January 2019 and March 2024. We have identified challenges and benefits associated with adopting DevOps and DevSecOps in Industry 5.0. We have also identified specific security solutions, particularly in the Industrial Internet of Things (IIoT), as well as the correlation between these findings. The study results were classified into organizational, technical, and regulatory. The findings show that the most frequently reported challenges and solutions were related to technical. Although organizational factors were considered critical for successfully adopting DevOps and DevSecOps in Industry 5.0, they required more investigation. Our study offers a comprehensive analysis of the research to secure the industrial Internet of Things, discusses their applicability, and analyzes their security benefits by integrating DevOps and DevSecOps in Industry 5.0.;"CHALLENGES; INTERNET; DEVOPS";IEEE ACCESS;;;
wos;;Proceedings Paper;Agile AI and Firmware Management in IoT: DevOps for Low-Power Microcontroller-based Platforms;"AlSelek, M; Alcaraz-Calero, JM; Wang, Q";2024;10.23919/SpliTech61897.2024.10612585;http://dx.doi.org/10.23919/SpliTech61897.2024.10612585;In this paper, we introduce a Development and Operations (DevOps)-based IoT system tailored for the dynamic management of firmware and AI models across distributed IoT environments. The system offers scalability, resource efficiency, and cost-effectiveness for updating the AI model and firmware on the IoT devices without a need for human intervention. To accomplish this, we have developed a continuous integration and continuous deployment (CI/CD) pipelines that operate across multiple platforms, leveraging the capabilities of Kubernetes and GitLab-Runner. Moreover, the system is specifically designed for Microcontroller-based low-power devices capable of running tiny AI models. The new deployment is sent to the IoT devices despite their location to start interacting with the surrounding environment and perform predictions regarding its application. Through empirical experiments, we demonstrate the system effectiveness with promising results in terms of scalability, resource utilization, and deployment efficiency.;;2024 9TH INTERNATIONAL CONFERENCE ON SMART AND SUSTAINABLE TECHNOLOGIES, SPLITECH 2024;;;
wos;;Article;A microservice-based framework for multi-level testing of cyber-physical systems;"Aldalur, I; Arrieta, A; Agirre, A; Sagardui, G; Arratibel, M";2024;10.1007/s11219-023-09639-z;http://dx.doi.org/10.1007/s11219-023-09639-z;In the last years, the use of microservice architectures is spreading in Cyber-Physical Systems (CPSs) and Internet of Things (IoT) domains. CPSs are systems that integrate digital cyber computations with physical processes. The development of software for CPSs demands a constant maintenance to support new requirements, bug fixes, and deal with hardware obsolescence. The key in this process is code testing and more if the code is fragmented during the development of CPSs. It is important to remark that this process is challenging and time-consuming. In this paper, we report on the experience of instantiating of the microservice-based architecture for DevOps of CPSs to test elevator dispatching algorithms across different test levels (i.e., SiL, HiL and Operation). Such an architecture allows for a continuous deployment, monitoring and validation of CPSs. By integrating the approach with a real industrial case study, we demonstrate that our approach reduces significantly the time needed in the testing process and consequently, reduces the economic cost of the entire process.;"AUTOMATIC-GENERATION; DEPENDABILITY; SEARCH; DESIGN";SOFTWARE QUALITY JOURNAL;;;
wos;;Proceedings Paper;Enabling Digital Transformation Using DRA;Ghantous, GB;2024;10.1007/978-3-031-73344-4_14;http://dx.doi.org/10.1007/978-3-031-73344-4_14;Digital transformation is about adapting to change using emerging digital technologies such as IoT. The dynamic nature of IoT drives forward the objectives of organizations to enable real-time interconnection between end-users and software products. Real-time interaction is achieved using IoT-applications deployed to multi-cloud. The multi-cloud coherent system provides a broad ecosystem of platform and infrastructure services to support the automated fast delivery of software applications. This article presents the DevOps reference architecture (DRA) for automating the IoT application deployment to multi-cloud in the overall context of digital transformation. The DRA design models are comprehensive blueprints that integrate the contexts of DevOps, multi-cloud, and Internet of Things (IoT). The aim of this paper is to explain how the DRA design models assist in digital transformation by adopting the DevOps approach to support IoT-applications interactions with edge IoT-devices. This paper introduces DRADT reference architecture as a holistic approach founded on DRA design models. The DRA-DT provides comprehensive integrated concepts, practices and toolstemplate that assist Digital Transformation (DT) in organizations. The DRA-DT offers reference models to support the digitization of Agile requirements and can be used by researchers and practitioners as a first-cut platform for support Digital Transformation.;IOT;NOVEL AND INTELLIGENT DIGITAL SYSTEMS: PROCEEDINGS OF THE 4TH INTERNATIONAL CONFERENCE, NIDS 2024;;;
wos;;Proceedings Paper;Fast Choreography of Cross-DevOps Reconfiguration with Ballet: A Multi-Site OpenStack Case Study;"Philippe, J; Omond, A; Coullon, H; Prud'Homme, C; Raïs, I";2024;10.1109/SANER60148.2024.00007;http://dx.doi.org/10.1109/SANER60148.2024.00007;In the context of Edge Computing or Cyber-Physical Systems, cross-functional, and cross-geographical DevOps teams are in charge of automating deployments, configuration, and management (i.e., reconfiguration) of complex, large-scale, highly dynamic, and geo-distributed service-oriented software systems. In this context, DevOps teams cannot reasonably manually coordinate their reconfiguration operations in a global manner. Furthermore, as disconnection is the norm in these paradigms, a central entity responsible for reconfiguration should be avoided, and the set of changes to apply should be as fast as possible. This paper presents Ballet, a fast tool to automate decentralized choreographies (i.e., coordination) of cross-DevOps reconfiguration. We show a gain of 42.6% for a deployment scenario and 24% for an update scenario on an OpenStack case study.;;PROCEEDINGS OF THE 2024 IEEE INTERNATIONAL CONFERENCE ON SOFTWARE ANALYSIS, EVOLUTION AND REENGINEERING, SANER 2024;;;
wos;;Proceedings Paper;MicroMatic: Fully Automated Microservices Identification Approach From Monolithic Systems;"Trabelsi, I; Popa, B; Péreyrol, J; Beaulieu, PO; Moha, N";2024;10.1145/3643794.3648283;http://dx.doi.org/10.1145/3643794.3648283;The Internet of Things (IoT) revolution is transforming system interactions and functionalities, necessitating more adaptable, scalable, and responsive systems architectures. These IoT systems build on recent advances in software architectures, particularly Microservices Architecture (MSA), enabling scalability, facilitating cloud deployment, and supporting seamless integration with DevOps practices. While new IoT applications can seamlessly integrate Microservices Architecture from their design, the migration of existing monolithic IoT systems to MSA is essential to leverage its benefits yet it remains a challenging and costly process. To facilitate this migration, we propose MicroMatic, a tooled fully automated microservices identification approach that is based on static-relationship analyses between code elements as well as semantic analyses of the source code. Our approach relies on Machine Learning (ML) techniques and uses service types to guide the identification of microservices from IoT monolithic systems. We validate the effectiveness of our tool through a detailed case study, comparing our results with established ground truths. This process included a quantitative evaluation of the microservices generated, focusing on their business capabilities. Our findings demonstrate the efficiency of MicroMatic in automating one of the most labour-intensive aspects of migrating legacy systems to a microservices framework, successfully identifying architecturally significant microservices with 62.5% precision and 45.5% recall.;;PROCEEDINGS OF THE 2024 ACM/IEEE 6TH INTERNATIONAL WORKSHOP ON SOFTWARE ENGINEERING RESEARCH & PRACTICES FOR THE INTERNET OF THINGS, SERP4IOT 2024;;;
wos;;Article;IoTDeploy: Deployment of IoT Smart Applications over the Computing Continuum;"Oliveira, FB; Di Felice, M; Kamienski, C";2024;10.1016/j.iot.2024.101348;http://dx.doi.org/10.1016/j.iot.2024.101348;IoT Smart Applications have created a demand for architectures, infrastructure, platforms, orchestration, and service deployment strategies. They are deployed from sensors to the cloud over a geographical and computing continuum, which is challenging for service orchestration and DevOps strategies. The distributed infrastructure to implement the end-to-end data path may vary, even for similar applications, concerning the services deployed over the mist, fog, edge, and cloud stages. This paper proposes and evaluates IoTDeploy, a solution for streamlining and scaling static and dynamic IoT service deployment over the continuum. IoTDeploy implements a CI/CD tool plugin for deploying applications running on the continuum and supports dynamic service migration. We evaluated the service migration from cloud to fog and fog to cloud with a case study on smart irrigation in agriculture. The experiments reveal that deployment in IoT-distributed environments is reliable and resilient, enabling migration without interrupting the application and losing data.;"ORCHESTRATION; INTEGRATION; CHALLENGES; INTERNET; TAXONOMY; SYSTEMS; DOCKER; CLOUD; EDGE";INTERNET OF THINGS;;;
wos;;Article;WASMICO: Micro-containers in microcontrollers with WebAssembly;"Ribeiro, E; Restivo, A; Ferreira, HS; Dias, JP";2024;10.1016/j.jss.2024.112081;http://dx.doi.org/10.1016/j.jss.2024.112081;The Internet -of -Things (IoT) has created a complex environment where hardware and software interact in complex ways. Despite being a prime candidate for applying well -established software engineering practices, IoT has not seen the same level of adoption as other areas, such as cloud development. This discrepancy is even more evident in the case of edge devices, where programming and managing applications can be challenging due to their heterogeneous nature and dependence on specific toolchains and languages. However, the emergence of WebAssembly as a viable solution for running high-level languages on some devices presents an opportunity to streamline development practices, such as DevOps. In this paper, we present WASMICO - a firmware and command -line utility that allows for the execution and management of application lifecycles in microcontrollers. Our solution has been benchmarked against other state-of-the-art tools, demonstrating its feasibility, novel features, and empirical evidence that it outperforms some of the most widely used solutions for running high-level code on these devices. Overall, our work aims to promote the use of wellestablished software engineering practices in the IoT domain, helping to bridge the gap between cloud and edge development.;;JOURNAL OF SYSTEMS AND SOFTWARE;;;
wos;;Article;Forecast for Container Retention in IoT Serverless Applications on OpenWhisk;"Mahalingam, G; Appusamy, R";2024;;;This research tackles resource management in OpenWhisk-based serverless applications for the Internet of Things (IoT) by introducing a novel approach to container retention optimization. We leverage the capabilities of AWS Forecast, specifically its DeepAR+ and Prophet algorithms, to dynamically forecast workload patterns. This real-time forecast empowers us to make adaptive adjustments to container retention durations. By optimizing retention times, we can effectively mitigate cold start latency, the primary reason behind sluggish response times in IoT serverless environments. Our approach outperforms conventional preloading and chaining techniques by significantly increasing resource utilization efficiency. Since OpenWhisk is an open-source platform, our methodology was able to achieve a cost reduction. By integrating it with Amazon Forecast's built-in algorithms, we surpassed traditional cache cold start strategies. These findings strongly support the viability of dynamic container retention optimization for IoT serverless deployments. Evaluations conducted on the OpenWhisk platform demonstrate substantial benefits. We observed a remarkable 67% reduction in cold start latency, translating to expedited response times and a demonstrably enhanced end-user application experience. These findings convincingly validate the efficacy of AWS Forecast in optimizing container retention for IoT serverless deployments by capitalizing on its deep learning (DeepAR+) and interpretable forecasting (Prophet) abilities. This research lays a solid foundation for future studies on optimizing container management across various DevOps practices and container orchestration platforms, contributing to the advancement of efficient and responsive serverless architectures.;;INTERNATIONAL JOURNAL OF ADVANCED COMPUTER SCIENCE AND APPLICATIONS;;;
wos;;Proceedings Paper;Quality 4.0 in Software Engineering: Incorporating Scaled Agile Insights to a Framework Proposal;"Bankoff, KP; Muñoz, R; Pasini, A; Pesado, P";2024;10.1007/978-3-031-62245-8_13;http://dx.doi.org/10.1007/978-3-031-62245-8_13;Software Engineering is a constantly evolving discipline that is present in all aspects of daily life. The quality of software has been addressed for a long time, emerging from the same principles of quality in the manufacturing industry but adapted to the characteristics of the development of intangible products. The industry has evolved towards a digital revolution that implies the use of emerging technologies such as the Internet of Things (IoT), artificial intelligence, and machine learning. Quality 4.0 adopts the principles of Industry 4.0 and applies them to quality management with an approach based on big data analysis, realtime monitoring, and a greater focus on the customer through the use of communication and collaboration tools. A framework is proposed that integrates different processes, tools, and techniques of Software Engineering with the objective of enabling the implementation of Quality 4.0 principles in software development, taking DevOps as an enabler as it is an approach that promotes automation and the integration of tools. Additionally, we have expanded our analysis to include the Scaled Agile Framework (SAFe), examining how our proposed framework aligns with SAFe's requirements, thus providing a holistic approach to implement Quality 4.0 in software development projects.;;COMPUTER SCIENCE-CACIC 2023;;;
wos;;Article;Experiences and challenges from developing cyber-physical systems in industry-academia collaboration;"Cederbladh, J; Eramo, R; Muttillo, V; Strandberg, PE";2024;10.1002/spe.3312;http://dx.doi.org/10.1002/spe.3312;Cyber-physical systems (CPSs) are increasing in developmental complexity. Several emerging technologies, such as Model-based engineering, DevOps, and Artificial intelligence, are expected to alleviate the associated complexity by introducing more advanced capabilities. The AIDOaRt research project investigates how the aforementioned technologies can assist in developing complex CPSs in various industrial use cases. In this paper, we discuss the experiences of industry and academia collaborating to improve the development of complex CPSs through the experiences in the research project. In particular, the paper presents the results of two working groups that examined the challenges of developing complex CPSs from an industrial and academic perspective when considering the previously mentioned technologies. We present five identified challenge areas from developing complex CPSs and discuss them from the perspective of industry and academia: data, modeling, requirements engineering, continuous software and system engineering, as well as intelligence and automation. Furthermore, we highlight practical experience in collaboration from the project via two explicit use cases and connect them to the challenge areas. Finally, we discuss some lessons learned through the collaborations, which might foster future collaborative efforts.;MODEL;SOFTWARE-PRACTICE & EXPERIENCE;;;
wos;;Proceedings Paper;Towards Automating Model-Based Systems Engineering in Industry - An Experience Report;"Cederbladh, J; Berardinelli, L; Bruneliere, H; Cicchetti, A; Dehghani, M; Di Sipio, C; Miranda, J; Rahimi, A; Rubei, R; Suryadevara, J";2024;10.1109/SysCon61195.2024.10553610;http://dx.doi.org/10.1109/SysCon61195.2024.10553610;Designing modern Cyber-Physical Systems (CPSs) is posing new challenges to both industrial practitioners and academics. In this context, adopting cutting-edge paradigms, such as Model-Based Systems Engineering (MBSE), DevOps, and Artificial Intelligence (AI), can offer new opportunities for improving CPS design automation. While such paradigms are already jointly used in the research community to support system design activities, there is a need to fill the gap between academia and industrial practitioners. Indeed, system specification is still mainly performed manually in many industrial projects. In this paper, we present a collaboration between industrial and academic partners of the AIDOaRt European project towards a model-based approach for CPS engineering applied in one of the project use cases. We identify key challenges and corresponding solutions to enhance the automation of CPS design processes. Notably, we consider a combination of prescriptive modeling, model transformations, model views, modeling process mining, and AI-based modeling recommendations. As an initial evaluation, the proposed approach is applied to a practical industrial case study.;LANGUAGES;18TH ANNUAL IEEE INTERNATIONAL SYSTEMS CONFERENCE, SYSCON 2024;;;
wos;;Proceedings Paper;Towards Sustainable Deployment of Microservices over the Cloud-Edge Continuum, with FREEDA;"Soldani, J; Amadini, R; Brogi, A; Forti, S; Giallorenzo, S; Plebani, P; Vitali, M; Zavattaro, G";2024;10.1145/3659994.3660311;http://dx.doi.org/10.1145/3659994.3660311;This position paper introduces FREEDA, a research project aimed at supporting DevOps engineers in achieving failure-resilient and sustainable deployments of microservice-based applications over the Cloud-IoT computing continuum. After providing the context, rationale, and motivations of FREEDA, we introduce the main research objectives of FREEDA and its concept, namely how FREEDA will realize its research objectives.;;PROCEEDINGS OF THE 4TH 2024 ON WORKSHOP ON FLEXIBLE RESOURCE AND APPLICATION MANAGEMENT ON THE EDGE, FRAME 2024;;;
wos;;Proceedings Paper;Model-Based Systems Engineering for the Agile Life-Cycle Management of IIoT Based on DevOps;"Amiri, A; Steindl, G; Kastner, W";2024;10.1109/ETFA61755.2024.10711004;http://dx.doi.org/10.1109/ETFA61755.2024.10711004;The domain of Industrial Internet of Things (IIoT) contains a vast variety of standards, protocols, tool suites, coding languages, etc. The Reference Architecture Model Industry (RAMI) 4.0 provides an abstraction of the different views involved in designing IIoT systems. However, the life-cycle model of the reference architecture suggests a progression from the development into production. This progression does not conform well with the best practices of software engineering, e.g., DevOps, where runtime data is given back to the design-time. In this paper, we suggest an agile life-cycle management of the IIoT systems, and propose an approach of Model-Based Systems Engineering (MBSE) based on the System Modeling Language (SysML) 2.0. We define metadata in the domain of event-driven IIoT systems. Architects can create tagged model instances, which are automatically validated against system requirements. The validated models are passed to an artifact generator to create code, test cases, or documentation. Our approach assists in the development and commissioning of system assets. We feed the runtime data to design-time to improve the quality of service.;;2024 IEEE 29TH INTERNATIONAL CONFERENCE ON EMERGING TECHNOLOGIES AND FACTORY AUTOMATION, ETFA 2024;;;
wos;;Proceedings Paper;DeepRIoT: Continuous Integration and Deployment Of Robotic-IoT Applications;"Qu, MX; He, J; Tucakovic, Z; Bartocci, E; Nickovic, D; Isakovic, H; Grosu, R";2024;10.1145/3649329.3658250;http://dx.doi.org/10.1145/3649329.3658250;We present DeepRIoT, a continuous integration and continuous deployment (CI/CD) based architecture that accelerates the learning and deployment of a Robotic-IoT system trained from deep reinforcement learning (RL). We adopted a multi-stage approach that agilely trains a multi-objective RL controller in the simulator. We then collected traces from the real robot to optimize its plant model, and used transfer learning to adapt the controller to the updated model. We automated our framework through CI/CD pipelines, and finally, with low cost, succeeded in deploying our controller in a real F1tenth car that is able to reach the goal from a virtual car through mixed reality.;SIM2REAL;PROCEEDINGS OF THE 61ST ACM/IEEE DESIGN AUTOMATION CONFERENCE, DAC 2024;;;
wos;;Proceedings Paper;Strategic Digital Product Management in the Age of AI;"Olsson, HH; Bosch, J";2024;10.1007/978-3-031-53227-6_24;http://dx.doi.org/10.1007/978-3-031-53227-6_24;The role of software product management is key for building, implementing and managing software products. However, although there is prominent research on software product management (SPM) there are few studies that explore how this role is rapidly changing due to digitalization and digital transformation of the software-intensive industry. In this paper, we study how key trends such as DevOps, data and artificial intelligence (AI), and the emergence of digital ecosystems are rapidly changing current SPM practices. Whereas earlier, product management was concerned with predicting the outcome of development efforts and prioritizing requirements based on these predictions, digital technologies require a shift towards experimental ways-of-working and hypotheses to be tested. To support this change, and to provide guidelines for future SPM practices, we first identify the key challenges that software-intensive embedded systems companies experience with regards to current SPM practices. Second, we present an empirically derived framework for strategic digital product management (SPM4AI) in which we outline what we believe are key practices for SPM in the age of AI.;"SOFTWARE; ECOSYSTEMS";SOFTWARE BUSINESS, ICSOB 2023;;;
wos;;Article;On Automating FPGA Design Build Flow Using GitLab CI;"Eguzo, C; Scherer, B; Kebel, D; Bekman, I; Streun, M; Schlosser, M; van Waasen, S";2024;10.1109/LES.2023.3314148;http://dx.doi.org/10.1109/LES.2023.3314148;Building and testing software for embedded systems can be challenging with an impact on delivery time, design reproducibility, and collaboration among project contributors. To accelerate project development, presented here is an automated build flow that utilizes Xilinx PetaLinux, and field programmable gate array (FPGA) hardware description and integrates with the GitLab continuous integration and continuous deployment (CI/CD) framework for embedded targets. This build flow automates the complete process of FPGA implementation, PetaLinux configuration, and cross-compilation of software essentials for the target system-on-chip (SoC). The system has been successfully deployed in cross-compiling the control and command toolset for the Positron Emission Tomography scanner (PhenoPET) and the implementation of the message queuing telemetry transport (MQTT) service on a Xilinx Zynq Ultrascale MPSoC. This approach can be easily adapted to other projects with specific requirements.;;IEEE EMBEDDED SYSTEMS LETTERS;;;
wos;;Article;FogDEFTKube: Standards-compliant dynamic deployment of fog service containers;"Thalla, R; Srirama, SN";2024;10.1002/spe.3354;http://dx.doi.org/10.1002/spe.3354;The traditional cloud-centric approach in IoT applications lack the speed and efficiency required for time-critical tasks, resulting in network inefficiencies. To address this, the notions of Edge and Fog computing have emerged as alternatives. Fog computing facilitates the deployment of services and applications closer to the network's edge, lowering latency and allowing real-time capabilities. It enhances reliability, fault tolerance, and connectivity in areas with spotty network coverage. Despite the fact that fog computing overcomes the limitations of cloud-centric IoT processing, its adoption faces challenges like platform independence, interoperability, and portability. To tackle these challenges, the FogDEFT (Fog computing out of the box: Dynamic dEployment of Fog service containers with TOSCA) framework was developed. It complies to OASIS-TOSCA standards and guarantees dynamic deployment of fog services on resource-constrained devices while leveraging Docker containerization technology to ensure platform independence and interoperability. Due to its tight coupling with Docker Swarm, which is designed for medium-sized deployments, the fogDEFT framework is constrained by Docker Swarm's limitations, hindering its ability to effectively manage large-scale, automated, and resource-efficient microservice deployments. To address these limitations, we propose FogDEFTKube, an extension of the FogDEFT architecture that incorporates Kubernetes for orchestration, Jenkins for continuous integration and deployment, and a comprehensive redefinition of the core capabilities of the FogDEFT architecture. This offers a promising solution that supports Kubernetes for handling scalable and highly available fog applications with ease while offering CI/CD. FogDEFTKube simplifies the modeling and deployment of fog services while abstracting the complexities of underlying fog networks.;INTEGRATION;SOFTWARE-PRACTICE & EXPERIENCE;;;
wos;;Article;OneLog: towards end-to-end software log anomaly detection;"Hashemi, S; Mäntylä, M";2024;10.1007/s10515-024-00428-x;http://dx.doi.org/10.1007/s10515-024-00428-x;With the growth of online services, IoT devices, and DevOps-oriented software development, software log anomaly detection is becoming increasingly important. Prior works mainly follow a traditional four-staged architecture (Preprocessor, Parser, Vectorizer, and Classifier). This paper proposes OneLog, which utilizes a single deep neural network instead of multiple separate components. OneLog harnesses convolutional neural network (CNN) at the character level to take digits, numbers, and punctuations, which were removed in prior works, into account alongside the main natural language text. We evaluate our approach in six message- and sequence-based data sets: HDFS, Hadoop, BGL, Thunderbird, Spirit, and Liberty. We experiment with Onelog with single-, multi-, and cross-project setups. Onelog offers state-of-the-art performance in our datasets. Onelog can utilize multi-project datasets simultaneously during training, which suggests our model can generalize between datasets. Multi-project training also improves Onelog performance making it ideal when limited training data is available for an individual project. We also found that cross-project anomaly detection is possible with a single project pair (Liberty and Spirit). Analysis of model internals shows that one log has multiple modes of detecting anomalies and that the model learns manually validated parsing rules for the log messages. We conclude that character-based CNNs are a promising approach toward end-to-end learning in log anomaly detection. They offer good performance and generalization over multiple datasets. We will make our scripts publicly available upon the acceptance of this paper.;;AUTOMATED SOFTWARE ENGINEERING;;;
wos;;Proceedings Paper;Towards Sustainable DevOps for Cyber Physical Systems;"Palesetti, PP; Engström, E; Söderberg, E; Jasim, AHH; Bexell, A; Korkakakis, N; Aminifar, A; Lagerstedt, R; Olsson, P; Sigurdson, P; Borg, M; Hagatulah, N; Orucevic-Alagic, A; Kihl, M";2025;10.1145/3696630.3728708;http://dx.doi.org/10.1145/3696630.3728708;DevOps has significantly improved the software development life-cycle by enabling fast, automated, and continuous integration and deployment (CI/CD). However, its application to Cyber-Physical Systems (CPS) presents unique challenges that require rethinking of traditional practices. DevOps in CPS becomes even more challenging when we consider sustainability, which is becoming increasingly important in all parts of society. In this position paper, we suggest that sustainability, though often overlooked, needs more attention in DevOps for CPS. Through insights gathered from a multi-industry workshop, we identify relevant sustainability goals, such as optimizing resource usage, and key barriers to sustainability in DevOps for CPS, such as difficulties in measuring sustainability improvements. To overcome these challenges, we propose strategies, such as using tools for reproducible builds, but also incorporation of sustainability goals into the organization and possibly in alignment with financial goals. We further see a need for more guidelines and frameworks specifically targeting sustainability.;;COMPANION PROCEEDINGS OF THE 33RD ACM INTERNATIONAL CONFERENCE ON THE FOUNDATIONS OF SOFTWARE ENGINEERING, FSE COMPANION 2025;;;
wos;;Article;Manipulating a CI/CD Pipeline in an IoT Embedded Project: A Quasi-Experiment;"Pereira, I; Carneiro, T; Figueiredo, E";2025;10.1002/smr.70022;http://dx.doi.org/10.1002/smr.70022;Given the multidisciplinary complexity of embedded Internet of Things (IoT) projects and the demand for qualified professionals, this study investigates the influence of continuous integration and continuous delivery (CI/CD) skills and developers' perceptions regarding applying these practices in this domain. We conducted a quasi-experiment with 98 students from three undergraduate courses at two Brazilian federal universities, analyzing the impact of developer skills on CI/CD. The results showed that developers with no previous CI/CD skills faced more significant difficulties in practical activities. It was interesting to note that most participants in our sample already had some experience with real software development projects. However, most have never had real experience with an embedded IoT project or CI/CD tools. The approach we followed resulted in 92% success. Attendees expressed interest in more hands-on training on CI/CD pipeline, DevOps, and embedded IoT projects. We also noticed a great need for them to have more practical experience with Git, GitHub, GitHub Actions, and GNU/Linux.;"SOFTWARE; CHALLENGES; INTERNET; QUALITY; THINGS";JOURNAL OF SOFTWARE-EVOLUTION AND PROCESS;;;
wos;;Article;The secured authentication system : Integrated cyber security end-to-end based cyber-physical systems for improved DevOps resilience with authentication;"Arivanantham, VP; Ghanimi, HMA; Sonthi, VK; Ayasrah, FT; Lenka, RM; Hemalatha, P; Sengan, S; Dadheech, P";2025;10.47974/JDMSC-2365;http://dx.doi.org/10.47974/JDMSC-2365;The software development model is changing fast, and the challenge of security remains the primary attention, particularly with the implementation of Development and Operations (DevOps), Distributed Ledger Technology (DLT), and other methods. Thus, when such technologies are integrated within organizations, it becomes essential to measure the use of the technologies in Anomaly Detection (AD) and access management. This research work evaluates the competence of these technologies based on measures such as the Detection Rate (DR) and the False Positive Rate (FPR). Statistics reveal that as the number of records increases. DR improves across all methods, with DevOps Resilience with Authentication (DevOps-RAS) achieving the highest DR of 95.94% at 500 records, compared to 81.23% for CAMS and 85.43% for DLT. Conversely, FPR increases with record size, with DevOps RAS presenting a higher FPR of 95.78% at 500 records, compared to 76.45% for CAMS and 83.56% for DLT. These visions should help organizations determine the most effective security method for Cyber-Physical Systems (CPS), thereby maximizing DR while minimizing the FPR required to enhance the system's overall robustness.;PRIVACY;JOURNAL OF DISCRETE MATHEMATICAL SCIENCES & CRYPTOGRAPHY;;;
wos;;Proceedings Paper;VeriFogOps: Automated Deployment Tool Selection and CI/CD Pipeline Generation for Verifying Fog Systems at Deployment Time;"Awad, H; Ledoux, T; Bruneliere, H; Rivalan, J";2025;10.1145/3672608.3707854;http://dx.doi.org/10.1145/3672608.3707854;Fog Computing consists in decentralizing the Cloud by geographically distributing computation, storage, network resources, and related services. Among other benefits, it allows reducing bandwidth usage, limiting latency, or minimizing data transfers. However, Fog systems engineering remains challenging and quite often error-prone. Following best practices in software engineering, verification tasks can be performed before such systems are concretely deployed. Works already exist on verifying non-functional properties of Fog systems at different previous steps of the life cycle. This paper goes one step further and presents the VeriFogOps approach. This approach allows to automatically select deployment tools, based on expressed Quality of Service (QoS) requirements, and then generate relevant CI/CD pipelines supporting the deployment of Fog systems. We implemented and validated our approach via two realistic use cases, considering different QoS solutions and deployment tools. This work, developed in direct collaboration with our industrial partner Smile, goes towards the direction of a more comprehensive support for the entire life cycle of Fog systems, from design to actual deployment and execution.;"INTERNET; THINGS";40TH ANNUAL ACM SYMPOSIUM ON APPLIED COMPUTING;;;
wos;;Proceedings Paper;Exploring DevOps Practices for Lifecycle Management of Physical and Digital Twins in Cyber-Physical Systems;"Picone, M; Talasila, P; Bicocchi, N; Larsen, PG";2025;10.1109/ICPS65515.2025.11087838;http://dx.doi.org/10.1109/ICPS65515.2025.11087838;As industries increasingly adopt Digital Twins (DTs) as strategic tools for enhancing the intelligence, interoperability, and overall quality of cyber-physical systems, managing their development and lifecycle has become increasingly complex. Unlike traditional software systems, DTs necessitate the seamless integration of digital and physical components, introducing challenges in design, development, testing, and deployment. These challenges are compounded by the unique nature of Physical Twins (PTs), which are costly, time-intensive to modify, and often unavailable during critical phases of the development process. This paper explores how DevOps practices can be adapted to address these complexities and support the effective development of DT-enabled systems. Central to this adaptation is the use of PT mocks, which mitigate the challenges of PT unavailability by simulating realistic interaction scenarios. PT mocks enable iterative and scalable development by reducing dependencies on PTs and accelerating testing and deployment cycles. Furthermore, the paper introduces a shared software architecture that enhances modularity by allowing PT mocks and DTs to reuse common software components ensuring consistency between physical and digital elements, and fosters alignment throughout the system lifecycle.;;2025 IEEE 8TH INTERNATIONAL CONFERENCE ON INDUSTRIAL CYBER-PHYSICAL SYSTEMS, ICPS;;;
wos;;Proceedings Paper;Actuation Conflict Management in Internet of Things Systems DevOps: A Discrete Event Modeling and Simulation Approach;"Capocchi, L; Santucci, JF; Tigli, JY; Gomnin, T; Lavirotte, S; Rocher, G";2025;10.1007/978-3-031-81900-1_12;http://dx.doi.org/10.1007/978-3-031-81900-1_12;In IoT DevOps, simulating actuation conflict management is crucial for enhancing conflict detection and resolution in concurrent IoT applications. This paper introduces a new discrete event modeling and simulation approach for IoT systems during the design phase. Its objectives are to identify potential conflicts arising from competing smart applications accessing shared actuators or physical properties and to validate actuation conflict management specifications aimed at resolving conflicts among concurrent access attempts to IoT devices. The formalism of discrete event system specification is employed to model IoT systems formally, incorporating an actuation conflict management simulation model. This aids designers in the resolution of actuation conflicts.;;INTERNET OF THINGS, IFIPIOT 2024;;;
wos;;Proceedings Paper;Forging Industry 5.0 DevOps: Towards Secure and Scalable OT Orchestration Powered by Kubernetes;"Giulianelli, N; Sabbioni, A; Montebugnoli, S; Bujari, A; Corradi, A";2025;10.1109/CCNC65079.2026.11366408;http://dx.doi.org/10.1109/CCNC65079.2026.11366408;The ongoing digitization of Operational Technology (OT) and the integration of Industrial Internet of Things (IIoT) devices are fundamentally transforming modern industrial systems. However, the heterogeneity of hardware and software ecosystems amplifies the complexity of this transformation, making orchestration and lifecycle management especially challenging. To address these challenges, modern DevOps practices-such as Continuous Integration and Continuous Deployment (CI/CD), runtime observability, and fine-grained access control-are essential. These practices help accelerate time-to-market, maintain service quality, manage operational complexity, and uphold security standards. Advancing toward seamless integration of OT within cloud-native environments, we introduce a prototype Orchestrator based on the Kubernetes plarform, aimed at providing a comprehensive lifecycle management for OT devices in industrial contexts. Our proposal bridges the traditional divide between IT and OT by seamlessly integrating with existing CI/CD pipelines and implementing Role-Based Access Control (RBAC) tailored to device-level permissions. Through a unified abstraction layer, it simplifies the management of heterogeneous, multi-vendor hardware, enabling scalable, secure, and efficient operations across diverse industrial deployments.;;2026 IEEE 23RD CONSUMER COMMUNICATIONS & NETWORKING CONFERENCE, CCNC;;;
wos;;Proceedings Paper;Secure Deployment of 5G/B5G Core Network;"Landa-Arrue, A; Barcelo, M; Garitano, I; Urbieta, A";2025;10.1109/MECO66322.2025.11049157;http://dx.doi.org/10.1109/MECO66322.2025.11049157;The deployment of secure and resilient FithGeneration (5G) core networks in industrial environments necessitates adopting methodologies that integrate security seamlessly into the entire development lifecycle. This paper presents a Development, Security, and Operations-based (DevSecOps) Continuous Integration/Continuous Deployment (CI/CD) pipeline designed to enhance the security of distributed 5G core networks. The proposed pipeline systematically analyzes Docker images and Kubernetes templates, detecting and mitigating vulnerabilities early in the deployment process. Automated tools such as Trivy, Checkov, Kubelinter, and Kube-bench are employed to significantly reduce security risks associated with outdated dependencies, misconfigurations, and network vulnerabilities. Additionally, integrating Lamassu IoT, a specialized PKI, enables automated digital certificate management. Results demonstrate substantial improvements in security practices, showing a marked reduction in vulnerabilities and enhanced compliance with industry standards.;;2025 14TH MEDITERRANEAN CONFERENCE ON EMBEDDED COMPUTING, MECO;;;
wos;;Proceedings Paper;KOTO: A Kubernetes-Based Platform for Secure and Scalable OT Orchestration in Industry 5.0;"Giulianelli, N; Sabbioni, A; Montebugnoli, S; Bujari, A; Corradi, A";2025;10.1145/3773274.3774700;http://dx.doi.org/10.1145/3773274.3774700;The progressive digitization of Operation Technology (OT), thanks also to the integration of Industrial Internet of Things (IIoT) devices, is reshaping the landscape of modern industrial systems. This introduces additional complexity and amplifies the heterogeneity across hardware and software ecosystems, thus exacerbating the challenges of orchestration and lifecycle management, which become particularly intricate and demanding. To meet these challenges, modern DevOps practices, such as Continuous Integration and Continuous Deployment (CI/CD), runtime observability, and finegrained access control, are essential to shorten time-to-market, ensure service quality, manage operational complexity, while providing security guarantees. Moving a step toward seamless integration of OT into cloud-native ecosystems, we propose Kubernetes-based OT Orchestrator (KOTO), an orchestration platform that extends Kubernetes to enable comprehensive lifecycle management of OT devices in industrial environments. KOTO bridges the gap between IT and OT by seamlessly integrating with existing CI/CD pipelines and implementing Role-Based Access Control (RBAC) mechanisms tailored to device-level permissions. It abstracts the management of heterogeneous, multi-vendor hardware through a unified abstraction, enabling scalable and secure operations across diverse industrial setups. Without loss of generality, we demonstrate the use of the platform in managing Programmable Logic Controllers (PLCs). We then perform extensive evaluations in a realistic deployment environment, validating KOTO's effectiveness in enhancing operational resilience and responsiveness.;;PROCEEDINGS OF THE 18TH IEEE/ACM INTERNATIONAL CONFERENCE ON UTILITY AND CLOUD COMPUTING, UCC 2025;;;
wos;;Article;Defining and generating multi-level and uncertainty-wise test oracles for cyber-physical systems;"Valle, P; Arrieta, A; Han, LP; Ali, S; Yue, T";2025;10.1007/s10270-025-01271-8;http://dx.doi.org/10.1007/s10270-025-01271-8;Cyber-physical systems (CPSs) blend digital and physical processes. CPS software is the key to realizing their functionalities. This software needs to evolve to deal with different aspects, such as the implementation of new functionalities or bug fixes. Because of this, design-operation methods, colloquially known as DevOps, are paramount to be adopted within these systems. During DevOps phases, automating test execution at design time is a key enabler of streamlined software development and software quality improvement. Likewise, monitoring whether a CPS is behaving as expected at operation is similarly important. In DevOps, test oracles play an important role in enabling automated testing, ensuring the reliability of software deployments, providing feedback to developers, etc. However, defining and generating test oracles in the context of DevOps practices in CPSs need to accommodate aspects specific to CPSs, such as their time-continuous behavior and inherent uncertainties. To this end, in this paper, we propose a domain-specific language (DSL) to ease the definition of test oracles and an automated solution for generating a microservice encapsulating the defined test oracles, which is compatible with a DevOps ecosystem for CPSs. We evaluated our DSL with two industrial case study systems and 9 open-source CPSs. Our evaluation results suggest that our DSL can model around 98% of the requirements of these systems through test oracles. Furthermore, it is possible to generate a microservice to be applicable at different test levels within less than 20 min, being fast enough to be adopted in practice.;DSL;SOFTWARE AND SYSTEMS MODELING;;;
wos;;Article;Cost-optimized Internet of Things application deployment in edge computing environment;"Tang, B; Zhang, XY; Yang, Q; Qi, X; Alqahtani, F; Tolba, A";2025;10.1002/dac.5618;http://dx.doi.org/10.1002/dac.5618;With the increasing popularity of cloud native and DevOps, container technology has become widely used in combination with microservices. However, deploying container-based microservices in distributed edge-cloud infrastructure requires complex selection strategies to ensure high-quality service for users. Existing container orchestration tools lack flexibility in selecting the best deployment location based on user cost budgets and are insufficient in providing personalized deployment solutions. This paper proposes a genetic algorithm-based Internet of Things (IoT) application deployment and selection strategy for personalized cost budgets. The application deployment problem is defined as an optimization problem that minimizes user service latency under cost constraints, which is an NP-hard problem. The genetic algorithm is introduced to solve this problem effectively and improve deployment efficiency. Comparative results show that the proposed algorithm outperforms four baseline algorithms, including time-greedy, cost-greedy, random, and PSO, using real datasets and some synthetic datasets. The proposed algorithm provides personalized deployment solutions for edge-cloud infrastructure. It supports flexibly selecting the best microservice deployment location in hybrid cloud-edge infrastructure according to the user's cost budget, with personalized deployment requirements. The application deployment problem is defined as an optimization problem that minimizes user service latency under cost constraints and could be solved by the genetic algorithm. image;"VIRTUAL MACHINES; PLACEMENT; AWARE; NFV";INTERNATIONAL JOURNAL OF COMMUNICATION SYSTEMS;;;
wos;;Article;Agile Development for Safety Assurance of Machine Learning in Autonomous Systems (AgileAMLAS);"Hodge, VJ; Osborne, M";2025;10.1016/j.array.2025.100482;http://dx.doi.org/10.1016/j.array.2025.100482;Recent advances in ML have enabled the development of autonomous cyber-physical systems for a broad range of applications. Using ML, these autonomous systems are able to learn, adapt, and operate with no human intervention. However, this autonomous operation poses a problem when proving that they are acceptably safe. Designers and engineers have traditionally used 'Waterfall' or V-model development lifecycles to develop safe systems, but ML engineering requires iteration and adaptation. Iterative development necessitates enhanced lifecycles, augmented methodologies, and the need to systematically integrate rigorous safety assurance with ML development and operation activities. In this paper, we introduce a novel lifecycle, and comprehensive methodology for safely developing, operating, and assuring autonomous systems which use ML. The lifecycle combines Agile software engineering, ML engineering, and a safety engineering framework using iterative and incremental development. This paper provides systematic step-by-step guidelines for developing and deploying ML for autonomous systems using DevOps and MLOps, and for generating compelling safety cases. We have developed and refined our methodology on a recent set of projects undertaken to develop autonomous robots across a variety of domains.;"SOFTWARE-DEVELOPMENT; MODEL";ARRAY;;;
wos;;Proceedings Paper;Threats to the IoT Device Production Processes - A Blind Spot in the Product Security Lifecycle;"Schubaur, P; Knauer, P; Merli, D";2025;10.1007/978-3-031-82065-6_7;http://dx.doi.org/10.1007/978-3-031-82065-6_7;The production of embedded and constrained IoT devices is a security-critical but often neglected step in the product security lifecycle. The secure development of devices has become empowered over the last decade via the implementation of DevOps processes. However, the transmission of created artifacts into the production site and onto the device itself is a regularly overlooked procedure in the security assessment. This study shows the complexity and proposes a production model that is split into four stages for analysis. The four stages comprise (1) the transmission of artifacts, (2) the management of artifacts, (3) programming of the device, and (4) provisioning of the IoT device. Assets and threat actors are defined, and critical scenarios are introduced to explain their impact on IoT device production. Concluding, the discussion presents possible approaches and their limitations based on the given variety. In the future, this will facilitate the protection of critical and valuable phases of production, thereby enhancing the security and trust-worthiness of IoT devices.;INTERNET;INTERNET OF THINGS. 7TH IFIPIOT 2024 INTERNATIONAL IFIP WG 5.5 WORKSHOPS, GRAAL4IOT 2024, STAND4IOT 2024;;;
wos;;Article;Using Full-Dimensional Programmability to Power Self-Driving 6G Networks;"Wu, T; Yao, HP; Mai, TL; Wang, ZL; Wang, F; Guizani, M";2025;10.1109/MNET.2024.3448288;http://dx.doi.org/10.1109/MNET.2024.3448288;Recently, 6G has attracted widespread attention from both academia and industry. 6G networks are expected to exhibit even more heterogeneity than 5G networks, and support various emerging scenarios and applications such as virtual and augmented reality (VR/AR), air/ space/ground networks, and Internet of Things. Such massive heterogeneous devices pose huge challenges for network control and management. Recently, advances in artificial intelligence have brought a new clan of networks, termed as self-driving 6G networks. It utilizes network telemetry, artificial intelligence, and DevOps to simplify networks and operations, helping network owners improve network quality, as well as increase efficiency. However, the current network is built on closed merchant switching ASICs and a homegrown management and control system. Self-driving an opaque system without really knowing and controlling what they do is a hazardous and fruitless endeavor. Fortunately, the network programmability technology opens the possibility for running self-driving algorithms over the whole network. In this paper, we design a full-dimensional programmability empowered self-driving 6G network architecture. We discuss how network programmability can promote the release of network intelligence, from the view of both verticality (control and data plane) and horizontality (end to end). Moreover, three use cases are designed to demonstrate that the proposed architecture can automatically cope with the dynamically changing complex network environment, realize automatic perception and automatic decision, and then facilitate the automation level of the network and enhance the performance of the network.;;IEEE NETWORK;;;
wos;;Proceedings Paper;Industry Practice of LLM-Assisted Protocol Fuzzing for Commercial Communication Modules;"Fu, Q; Liu, CJ; Ding, Y; Fan, C; Fu, YL; Chen, YH; Fu, Y; Shi, RH; Ma, FC; Shi, HY";2025;10.1109/ASE63991.2025.00260;http://dx.doi.org/10.1109/ASE63991.2025.00260;Fuzzing is widely used for software robustness testing. However, its application in commercial communication modules remains limited due to several key challenges, including labor-intensive template generation, lack of coverage collection support, limited testing performance, and inconsistencies between practical hardware and software CI/CD processes. In collaboration with China Mobile IoT, we present FuzzCM, a comprehensive protocol fuzzing framework tailored for commercial communication modules. FuzzCM employs a Retrieval-Augmented Generation (RAG)-enhanced large language model (LLM) to automate template generation and utilizes GPIO-based instrumentation for efficient runtime coverage data collection. Additionally, it leverages a knowledge base constructed from prior tests to guide hybrid mutation strategies and integrates CI/CD across both software and hardware layers, enabling continuous and environment-aware testing. We conducted an industrial practice with FuzzCM on five LTE Cat.1 bis modules, identifying 21 previously unknown bugs, 15 of which have been fixed. The results demonstrate that FuzzCM outperforms both manual methods and the Peach* approach, achieving average coverage improvements of 51% and 29%, respectively, with overall coverage reaching 85%.;;2025 40TH IEEE/ACM INTERNATIONAL CONFERENCE ON AUTOMATED SOFTWARE ENGINEERING, ASE;;;
wos;;Article;IoTBenchSL: A Streamlined Framework for the Efficient Production of Standardized IoT Benchmarks with Automated Pipeline Validation;"Cheng, YX; Li, XF; Mao, ZK; Fan, WQ; Huang, W; Liu, W";2025;10.3390/electronics14050856;http://dx.doi.org/10.3390/electronics14050856;Security vulnerabilities in IoT firmware pose significant risks, and black-box protocol fuzzing offers a scalable and cost-effective solution for identifying these vulnerabilities. However, current fuzzing evaluation schemes are often beset by challenges such as limited benchmark dataset sizes, low benchmark production efficiency, insufficient automation, and poor adaptability, which hinder cross-method comparisons. To address these challenges, we propose IoTBenchSL, a modular, pipeline-driven framework for constructing standardized, reproducible, and integrable vulnerability detection benchmark datasets. IoTBenchSL introduces a benchmark production workflow alongside a CI/CD-based automated validation pipeline, equipping each benchmark with a one-click emulation environment, automated validation mechanisms, and exploit verification scripts. This approach enhances the efficiency and accuracy of benchmark generation. Additionally, IoTBenchSL seamlessly integrates with existing fuzzing frameworks, enabling large-scale fuzzing evaluations and vulnerability discovery without modifying fuzzers. In our experiments, IoTBenchSL was used to generate 100 firmware benchmarks and 100 vulnerability benchmarks. We identified 32 previously unknown vulnerabilities through these benchmarks, 21 of which received CVE or CNVD identifiers. These results demonstrate IoTBenchSL's capacity to generate large-scale IoT fuzzing benchmarks, improving evaluation efficiency and reducing costs for comparative studies, thereby advancing reproducible fuzzing research.;FIRMWARE;ELECTRONICS;;;
wos;;Proceedings Paper;CyberHeraclius: Cyber Defence Evaluation Methodology;"Hatzivasilis, G; Ioannidis, S";2025;10.1109/CSR64739.2025.11130048;http://dx.doi.org/10.1109/CSR64739.2025.11130048;Security evaluation remains a critical challenge in cybersecurity, especially with the growing complexity of systems like cloud and IoT environments. This paper introduces CyberHeraclius, a novel methodology for evaluating the security of modern computer networks. The process begins with automated asset mapping and the collection of public Cyber Threat Intelligence (CTI) from MITRE's CVE, CWE, and CAPEC repositories, as well as Metasploit. To address CTI limitations, such as false positives and coverage gaps, automated penetration testing is used to verify actual vulnerabilities. The validated results feed into a Medieval Castle-based security model, which assesses system resilience based on component composition. CTI risk metrics are then integrated with the model's aggregation formulas to quantify overall system risk. CyberHeraclius is part of the SecOPERA Platform, which supports secure continuous integration and deployment (CI/CD) pipelines for system developers.;;2025 IEEE INTERNATIONAL CONFERENCE ON CYBER SECURITY AND RESILIENCE, CSR;;;
wos;;Proceedings Paper;Identifying and Architecting Microservices for Edge Computing;Vora, U;2025;10.1109/ICSA-C65153.2025.00032;http://dx.doi.org/10.1109/ICSA-C65153.2025.00032;Microservices architecture (MSA) paradigm extends Service Oriented Architecture (SOA) to focus on specific aspects such as design of small light-weight services as independent cohesive components, development and service management using agile and DevOps methodologies and service delivery based on distributed data management and decentralized service governance and more. MSA thus has become a widely used architectural style for designing modern applications due to advantages like granular scalability and maintainability, especially in today's world of 'system of systems'. Edge computing facilitates segregation of computing responsibilities between edge devices and cloud infrastructure to process and analyze data acquired by edge devices. The number of IoT devices is increasing at such a high rate that the need for Edge AI is expected to reach the value of investment to USD 72.6 billion by 2030. The edge analytics bring correlated research challenges from the areas of cyber and physical security, data privacy, maintenance support, access, latency, reliability, power consumption and remoteness into the scope and require innovation at architecture level as does the improvement in all systems' quality related attributes. In this tutorial we discuss how microservices paradigm can be used effectively for edge computing- based systems resulting in a sustainable architecture with lower dependency on the data-center / cloud architecture.;;2025 IEEE 22ND INTERNATIONAL CONFERENCE ON SOFTWARE ARCHITECTURE COMPANION, ICSA-C;;;
wos;;Article;Computing Continuum Simulator: A comprehensive framework for continuum architecture evaluation;"Rodríguez, P; Laso, S; Berrocal, J; Fernández, P; Ruiz-Cortés, A; Murillo, JM";2025;10.1016/j.softx.2025.102156;http://dx.doi.org/10.1016/j.softx.2025.102156;The Computing Continuum paradigm is essential for meeting the needs of IoT applications that demand realtime processing, reliable connectivity, and low-latency response. Unlike traditional cloud models, Computing Continuum integrates resources across edge, fog, and cloud layers, bringing data processing closer to its source. It is crucial in fields like healthcare, industry, and agriculture, where strict quality requirements have significant economic and social impacts. However, evaluating the performance and reliability of continuum architectures is challenging due to the complexity and high costs of setting up customizable and scalable near-realistic multi-layered environments. To address these challenges, we introduce the Computing Continuum Simulator framework, specifically designed to evaluate the deployment architecture - both physical and logical - of continuum environments. It enables the deployment of large Computing Continuum scenarios, customizing device types, network infrastructure, and custom application setups to accurately simulate and evaluate near real-world conditions. Implemented as a Software as a Service, it minimizes required computational demands on the user-side and integrates seamlessly into DevOps workflows, simplifying deployment, testing, and adoption by software companies, offering a pricing plan to ensure accessibility for various needs. Scalability tests showed the framework maintains stable run times, with different simulation sizes depending on the pricing plan. This consistency underscores the robustness and its suitability for customizable and scalable continuum architecture evaluations.;CLOUD;SOFTWAREX;;;
wos;;Article;GATEKEEPER Platform: Secure Processing Environment for European Health Data Space;"Gaeta, E; Haleem, MS; Lopez-Perez, L; Manea, M; Umpierrez, MFC; Waldmeyer, MTA; Pecchia, L; Fico, G; GATEKEEPER Consortium";2025;10.1109/ACCESS.2025.3539559;http://dx.doi.org/10.1109/ACCESS.2025.3539559;The European Health Data Space (EHDS) is a significant initiative within the European Union aimed at improving healthcare through better use of health data and collaboration. This involves sharing and utilization of health data in a secure and interoperable manner across EU member states. With the advent of modern technology, different types of health data are being acquired ranging from traditional electronic health records to real-time wearable signals for improved healthcare delivery and management. However, there are certain challenges associated with compliance to EHDS, such as secure continuous integration (CI) and continuous delivery (CD), scalability and adaptability towards new technologies and applications, tolerance against IoT cyber-attacks, requirement of advanced data storage methods, processing power, interoperability solutions for data analysis and connectivity. In order to address these, a flagship project of the European Commission, GATEKEEPER, represents a pioneering effort designed to transform healthcare delivery through the utilization of sophisticated digital technologies. The architecture of the GATEKEEPER platform has been meticulously crafted, in compliance with the EHDS, to integrate a multitude of data sources, deploying advanced analytical tools to enable the development of novel solutions for the effective prediction, detection, and management of chronic health conditions. GATEKEEPER addresses the aforementioned challenges by integrating collaborative tools for data management and consistency, machine learning modelling and management tool, activity feeds and issue tracking tools with developers authentication, CI/CD tools allowing, among others scalability in multiple formats, tools for assessing security, vulnerability and dependency for third party packages.;;IEEE ACCESS;;;
wos;;Article;A Scalable Microservices Architecture for Real-Time Data Processing in Cloud-Based Applications;"Reddy, DN; Suryodai, R; Kumar, SBV; Ambika, M; Muniyandy, E; Krishna, VR; Abdurasul, B";2025;;;today's data-intensive landscape, the exponential growth of digital applications and IoT devices has heightened the demand for real-time data processing within cloud-native environments. Traditional monolithic systems struggle to meet the low-latency, high-availability requirements of modern workloads, prompting a shift toward microservices architectures. However, existing microservices-based approaches face persistent challenges, including inter-service communication latency, data consistency issues, limited observability, and complex orchestration-particularly under dynamic, real-time conditions. Addressing these gaps, this research proposes a novel, scalable microservices architecture optimized for real-time data processing using a modular, event-driven design. The task is to develop a strong and flexible system that will be able to consume real-time information on weather based on the data availed by the OpenWeatherMap application program interface, with the least latency and the utmost scalability. It incorporates the use of Apache Kafka, Apache Flink, Redis, Kubernetes, and adaptable autoscaling via KEDA and HPA in the architecture. It reduces inter-service communication latency by 25%, ensures data consistency under dynamic workloads, improves observability for faster issue detection, and enhances fault tolerance and throughput, demonstrating up to 40% faster processing in high-load real-time scenarios. Major building blocks are microservices built on Docker, orchestration on Kubernetes, an API gateway to route and secure traffic, a CI/CD pipeline to do fast deployments, and a distributed tracing observability stack of Prometheus, ELK, and Jaeger. Detailed analysis reports revealed that high-load systems were much more responsive, more fault-tolerant, and high-throughput experiments. Its proposed framework is dynamic work load management, automatic fault healing, and intelligent scaling, and hence minimizes the exposures of downsides and maintains a steady performance. To sum up, this study offers a tenable microservices design, addressing the present limitations in the field of real-time data processing and, at the same time, providing a scalable, secure, and observable architecture of future cloud native apps.;;INTERNATIONAL JOURNAL OF ADVANCED COMPUTER SCIENCE AND APPLICATIONS;;;
wos;;Proceedings Paper;A Distributed Container-Based Internet of Things (IoT)-Enabled Autonomous E-Healthcare System for Development and Operations (DevOps);"Dai, QL; Qin, GJ; Li, R";2026;10.1007/978-3-032-03215-7_6;http://dx.doi.org/10.1007/978-3-032-03215-7_6;It is a trend for hospitals to shift healthcare applications to cloud computing because the cloud has a powerful computing ability. The valuable, sensitive patient data is stored in the remote cloud. This makes it necessary for a hospital to build an autonomous cloud. However, there is a conflict between limited IT department staff and prosperous e-healthcare applications. To solve this problem, a distributed container-based Internet of Things (IoT)-enabled e-healthcare system for Development and Operations (DevOps) is presented. Using container technology and orchestration, a traditional healthcare application is deconstructed into a series of containers and is reorganized according to the application logic that facilitates DevOps. The introducing of container technology makes it possible to automatically increase or decrease docker containers when the e-healthcare application scales up or down. The function and performance of the proposed system are proved through three cases, i.e., scalability, service, and continuous integration (CI)/continuous delivery (CD) pipeline.;;COMMUNICATIONS AND NETWORKING, CHINACOM 2024, PT II;;;
wos;;Article;Machine Learning Operations on ZYNQ FPGA Board for Real-Time Face Recognition;"Kouach, B; Mekhfioui, M; El Gouri, R";2026;10.3390/asi9040071;http://dx.doi.org/10.3390/asi9040071;Nowadays, MLOps approaches are gaining popularity thanks to their ability to apply DevOps best practices to machine learning models. They enable the automation and optimization of model training, deployment, and monitoring in various environments, while ensuring effective Continuous Integration/Continuous Deployment (CI/CD). These approaches thus promote real-time applications that can react quickly and improve continuously. This paper examines the feasibility of implementing MLOps practices in embedded systems, specifically on the Zynq-7000 FPGA board. We present a comprehensive MLOps architecture that enables the automated deployment and monitoring of a convolutional neural network model for face recognition on an embedded hardware platform for datacenter physical access control scenarios. This architecture integrates GitLab CI/CD for version control and pipeline automation, MLflow for experiment tracking and model lifecycles management, Prometheus and Grafana for monitoring, and data storage in an S3 Bucket cloud connected to DVC for dataset versioning. The results demonstrate that the proposed pipeline can be effectively deployed on a Zynq-7000 FPGA board enabling automated model retraining, redeployment, and performance monitoring. This approach reduces operational complexity and supports faster adaptation to dataset changes.;;APPLIED SYSTEM INNOVATION;;;
wos;;Article;An Adaptive IoT-Based ForecastingFramework for Structural and Environmental Risk Detection in Tailings Dams;"Rabadán-Arroyo, R; Simó, E; Aguiló-Gost, F; Hernández-Ramírez, F; Masip-Bruin, X";2026;10.3390/electronics15030658;http://dx.doi.org/10.3390/electronics15030658;Tailings dams represent one of the most environmentally sensitive infrastructures in the mining industry. To address the need for continuous and accurate monitoring, this paper presents an adaptive forecasting framework that combines Internet of Things (IoT) technologies with machine learning (ML) models to detect early signs of structural and ecological risks. The proposed system architecture is modular and scalable and enables the automated training, selection, and deployment of predictive models for multivariate sensor data. Each sensor data flow is independently analyzed by using a configurable set of algorithms (including linear, convolutional, recurrent, and residual models). The framework is deployed via containers with a CI/CD pipeline and includes real-time visualization through Grafana dashboards. A use case involving tiltmeters and piezometers in an operational tailing dam shows the system's high predictive accuracy, with mean relative errors below 4% across all variables (in fact, many of them have a mean relative error below 1%). These results highlight the potential of the proposed solution to improve structural and environmental safety in mining operations.;;ELECTRONICS;;;
wos;;Proceedings Paper;Generative AI in Simulation-Based Test Environments for Large-Scale Cyber-Physical Systems: An Industrial Study;"Sadrnezhaad, M; Lopez, JA; Martensson, T; Varró, D";2026;10.1007/978-3-032-12089-2_13;http://dx.doi.org/10.1007/978-3-032-12089-2_13;Quality assurance for large-scale cyber-physical systems relies on sophisticated test activities using complex test environments investigated with the help of numerous types of simulators. As these systems grow, extensive resources are required to develop and maintain simulation models of hardware and software components, as well as physical environments. Meanwhile, recent advances in generative AI have led to tools that can produce executable test cases for software systems, offering potential benefits such as reducing manual efforts or increasing test coverage. However, the application of generative AI techniques to simulation-based testing of large-scale cyber-physical systems remains underexplored. To better understand this gap, this study captures practitioners perspectives on leveraging generative AI, based on a cross-company workshop with six organizations. Our contribution is twofold: (1) detailed, experience-based insights into challenges faced by engineers, and (2) a research agenda comprising three high-priority directions: (a) AI-generated scenarios and environment models, (b) simulators and AI in CI/CD pipelines, and (c) trustworthiness in generative AI for simulation. While participants acknowledged substantial potential, they also highlighted unresolved challenges. By detailing these issues, the paper aims to guide future academia-industry collaboration towards the responsible adoption of generative AI in simulation-based testing.;;PRODUCT-FOCUSED SOFTWARE PROCESS IMPROVEMENT, PROFES 2025;;;
wos;;Article;Toward Platform Engineering, the Evolution of DevOps-A Systematic Mapping;"Guisao, Y; Suescún, E; Noreña, P; Pardo, C";2026;10.1002/smr.70108;http://dx.doi.org/10.1002/smr.70108;The evolution of software development can be traced parallel to the recent industrial revolutions, which have significantly changed modern society. Recent advancements have transformed how software is created, distributed, and utilized. In the digitalization of industry, software development is created by using innovative solutions for artificial intelligence, machine learning, the Internet of Things, cloud computing, and more. Platform engineering evolves DevOps by integrating development (Dev) and IT operations (Ops) for enhancing developer experience and accelerating customer value delivery. This paper maps the current landscape of platform engineering and its adoption across industries. Additionally, it also makes recommendations for further research for understanding, advancing the state of the art, and fostering the adoption of platform engineering within the software development industry.;;JOURNAL OF SOFTWARE-EVOLUTION AND PROCESS;;;
wos;;Proceedings Paper;A Running Prototype for Dynamic QoS Management in the Cloud Continuum;"Sanou, DJC; Yangui, S; Faci, N";2026;10.1007/978-981-96-7423-7_30;http://dx.doi.org/10.1007/978-981-96-7423-7_30;The Cloud Continuum refers to the distributed, heterogeneous and dynamic ecosystem that covers a full spectrum of computing environments such as cloud computing, cloud/edge computing and the Internet of Things. In this context, proactive QoS management is challenging taking into consideration the dynamicity and the prospective mobility of the different entities involved in the continuum. The aim of this paper is twofold (i) highlight the need for dynamic and proactive QoS management models to provision the emerging applications such as autonomous vehicles and car platooning, and (ii) demonstrate the value-added of the adoption of DevOps and Site Reliability Engineering (SRE) techniques while managing their hosting network and infrastructures. The presented prototype implements a proactive video streaming service for car platooning. It relies on an innovative machine learning models switching approach during the platoon movement to enable the dynamic and proactive QoS management.;;SERVICE-ORIENTED COMPUTING-ICSOC 2024 WORKSHOPS, ASOCA, AI-PA, WESOACS, GAISS, LAIS, AI ON EDGE, RTSEMS, SQS, SOCAISA, SOC4AI AND SATELLITE EVENTS, PT II;;;
wos;;Proceedings Paper;Towards Automating the Life Cycle Management of Digital Twins;"Beaumont, G; Beugnard, A; Martinez, S; Urtado, C; Vauttier, S";2026;10.1007/978-3-032-08623-5_22;http://dx.doi.org/10.1007/978-3-032-08623-5_22;Digital Twins (DTs) are key to Industry 4.0 and IoT systems. By definition, as virtual counterparts of a Physical Object (PO), they have to be kept up-to-date with the PO at a fast pace, leading to multiple reconfigurations, reconnections and redeployments throughout their lifetime. On the one hand, there is a growing interest around DT platforms and DT modeling languages from both academia and industry. However, systematic operational methodologies and practical tools for managing DTs resources and life cycle are more scarce. This paper identifies the need for a domain-agnostic solution to systematically manage the DT life cycle. On the other hand, GitOps provides principles and concrete actionable tools, such as CI/CD pipelines, declarative cluster state and version control, to manage software architectures that needs to: (1) be redeployed swiftly without interruptions and, (2) be versioned. By combining the static Digital Twin Definition Language and the GitOps framework, a new way of automating life cycle management of DTs at runtime is proposed in this paper. A conceptualization of core DT life cycle operations at runtime such as connect, synchronize, or configure and a similar work on generic GitOps operations is provided. Then, a mapping from DT to generic GitOps operations is proposed. Finally, a proof-of-concept involving a Fischertechnik Training Factory 4.0 as a use-case is presented.;;CONCEPTUAL MODELING, ER 2025;;;
wos;;Proceedings Paper;AI-Driven Machine Learning Architecture for Scalable Irrigation Detection in Precision Agriculture: A Case Study with CropX;"Ozimek, J; Yakobovich, M; Hoving, HJ; Capiluppi, A";2026;10.1007/978-3-032-02138-0_27;http://dx.doi.org/10.1007/978-3-032-02138-0_27;Agriculture is a significant contributor to global water consumption, making the optimization of irrigation practices essential for sustainability. CropX, an agritech startup, seeks to automate irrigation event detection using large-scale Volumetric Water Content (VWC) data from IoT sensors. Ensuring scalability and accuracy is vital for decision-making within CropX's farm management system. This paper describes the development of scalable machine learning (ML) models to automate irrigation detection in large, unbalanced datasets. We discuss the architectural patterns and software design decisions that enable these models to be effectively deployed within an AI-driven system, emphasizing MLOps and CI/CD practices. Multiple ML models were tested, including statistical methods (ARIMA, Kalman Filter), ano-maly detection techniques (Isolation Forest), and ensemble approaches. These were evaluated using performance metrics such as F1 score, precision, and recall. Additionally, we highlight the role of human-in-the-loop strategies in refining model predictions, showcasing the interaction between agronomists and AI-driven recommendations. Our contribution includes an analysis of the software architecture used for deploying ML models, focusing on microservices, data pipelines, and scalable cloud-based solutions. We illustrate how this system integrates with existing farm management platforms and discuss its implications for future AI-based agent systems in precision agriculture. The ensemble models achieved superior performance, significantly improving the F1 score compared to individual models. Their integration into CropX's infrastructure has enhanced irrigation event detection while optimizing resource usage. In addition, a robust software architecture will support continuous integration and model evolution, ensuring system scalability.;;SOFTWARE ARCHITECTURE, ECSA 2025;;;