Authors,Author(s) ID,Title,Year,Source title,Volume,Issue,Art. No.,Page start,Page end,Page count,Cited by,DOI,Link,Document Type,Publication Stage,Open Access,Source,EID
"Mukhiyadin, A., Akmoldina, A., Tainova, K., Abdrahmanov, D.","57979512100;60422327400;60433065600;60432961200;","Design and implementation of an interface architecture for automated IoT device testing platforms",2026,"Energy Informatics","9","1","28","","",0,,"10.1186/s42162-026-00629-6","https://www.scopus.com/inward/record.uri?eid=2-s2.0-105031699901&doi=10.1186%2fs42162-026-00629-6&partnerID=40&md5=5208040187d0608d1ebe44475d3e9cd8",Article,"Final","All Open Access, Gold, Green",Scopus,2-s2.0-105031699901
"Rabadán-Arroyo, R., Simó, E., Aguiló-Gost, F., Hernández-Ramírez, F., Masip-Bruin, X.","60387707800;6602076566;57222877225;60387808700;22433466100;","An Adaptive IoT-Based ForecastingFramework for Structural and Environmental Risk Detection in Tailings Dams",2026,"Electronics Switzerland","15","3","658","","",0,,"10.3390/electronics15030658","https://www.scopus.com/inward/record.uri?eid=2-s2.0-105030075161&doi=10.3390%2felectronics15030658&partnerID=40&md5=923bbb65c2d46ab3babcb928e7b410c7",Article,"Final","All Open Access, Gold",Scopus,2-s2.0-105030075161
"Sanou, D.J.C., Yangui, S., Faci, N.","60038509800;50061953500;36187816400;","A Running Prototype for Dynamic QoS Management in the Cloud Continuum",2026,"Lecture Notes in Computer Science","15834 LNCS",,,"264","269",0,,"10.1007/978-981-96-7423-7_30","https://www.scopus.com/inward/record.uri?eid=2-s2.0-105013049207&doi=10.1007%2f978-981-96-7423-7_30&partnerID=40&md5=35d5cecc724801544ec719e6924a3b54",Conference Paper,"Final","",Scopus,2-s2.0-105013049207
"Ozimek, J., Yakobovich, M., Hoving, H.-J., Capiluppi, A.","60095900600;60096371000;9236162600;14037028300;","AI-Driven Machine Learning Architecture for Scalable Irrigation Detection in Precision Agriculture: A Case Study with CropX",2026,"Lecture Notes in Computer Science","15929 LNCS",,,"389","405",0,,"10.1007/978-3-032-02138-0_27","https://www.scopus.com/inward/record.uri?eid=2-s2.0-105015788031&doi=10.1007%2f978-3-032-02138-0_27&partnerID=40&md5=c951d3ec9a1f69f79ce3fefb7e47b6d4",Conference Paper,"Final","All Open Access, Green",Scopus,2-s2.0-105015788031
"Beaumont, G., Beugnard, A., Martínez, S., Urtado, C., Vauttier, S.","57947769800;8882832700;57197244754;22434118100;22434283700;","Towards Automating the Life Cycle Management of Digital Twins",2026,"Lecture Notes in Computer Science","16189 LNCS",,,"412","430",0,1,"10.1007/978-3-032-08623-5_22","https://www.scopus.com/inward/record.uri?eid=2-s2.0-105020660338&doi=10.1007%2f978-3-032-08623-5_22&partnerID=40&md5=f1d574db5276b6149d4950b7085ff275",Conference Paper,"Final","All Open Access, Green",Scopus,2-s2.0-105020660338
"Sadrnezhaad, M., Hernández López, J.A., Mårtensson, T., Varró, D.","60216142600;57220116695;57192161976;57203069783;","Generative AI in Simulation-Based Test Environments for Large-Scale Cyber-Physical Systems: An Industrial Study",2026,"Lecture Notes in Computer Science","16361 LNCS",,,"203","219",0,,"10.1007/978-3-032-12089-2_13","https://www.scopus.com/inward/record.uri?eid=2-s2.0-105023306090&doi=10.1007%2f978-3-032-12089-2_13&partnerID=40&md5=74f4e2bfd1fa763858d37ea5a37260c0",Conference Paper,"Final","All Open Access, Green",Scopus,2-s2.0-105023306090
"Dai, Q., Qin, G., Li, R.","55973286700;54279481500;60194342000;","A Distributed Container-Based Internet of Things (IoT)-Enabled Autonomous E-Healthcare System for Development and Operations (DevOps)",2026,"Lecture Notes of the Institute for Computer Sciences Social Informatics and Telecommunications Engineering Lnicst","646 LNICST",,,"78","90",0,,"10.1007/978-3-032-03215-7_6","https://www.scopus.com/inward/record.uri?eid=2-s2.0-105021834159&doi=10.1007%2f978-3-032-03215-7_6&partnerID=40&md5=269299c1691b9e82f07be422dd3dbbb7",Conference Paper,"Final","",Scopus,2-s2.0-105021834159
"Giulianelli, N., Sabbioni, A., Montebugnoli, S., Bujari, A., Corradi, A.","60327907400;57196191696;58614357200;35118641200;57200217801;","Forging Industry 5.0 DevOps: Towards Secure and Scalable OT Orchestration Powered by Kubernetes",2026,"Proceedings IEEE Consumer Communications and Networking Conference Ccnc",,,,"","",0,,"10.1109/CCNC65079.2026.11366408","https://www.scopus.com/inward/record.uri?eid=2-s2.0-105034124266&doi=10.1109%2fCCNC65079.2026.11366408&partnerID=40&md5=731c759df86f7bd0d65b4580f2e8a08c",Conference Paper,"Final","",Scopus,2-s2.0-105034124266
"Giulianelli, N., Sabbioni, A., Montebugnoli, S., Bujari, A., Corradi, A.","60327907400;57196191696;58614357200;35118641200;57200217801;","KOTO: A Kubernetes-Based Platform for Secure and Scalable OT Orchestration in Industry 5.0",2025,"Proceedings of the 18th IEEE ACM International Conference on Utility and Cloud Computing Ucc 2025",,,"55","","",0,,"10.1145/3773274.3774700","https://www.scopus.com/inward/record.uri?eid=2-s2.0-105027103095&doi=10.1145%2f3773274.3774700&partnerID=40&md5=50e8d311adf40e29e4d3d90befab8c56",Conference Paper,"Final","All Open Access, Gold",Scopus,2-s2.0-105027103095
"Reddy, D.N., Suryodai, R., Kumar, S.B.V., Ambika, M., Muniyandy, E., Krishna, V.R., Abdurasul, B.","59337167000;60105463100;57190191354;59882131000;58932079700;56403187800;59128922000;","A Scalable Microservices Architecture for Real-Time Data Processing in Cloud-Based Applications",2025,"International Journal of Advanced Computer Science and Applications","16","9",,"31","42",0,,"10.14569/IJACSA.2025.0160905","https://www.scopus.com/inward/record.uri?eid=2-s2.0-105019232580&doi=10.14569%2fIJACSA.2025.0160905&partnerID=40&md5=7c32dc99eb5e11f8c8a765b72a6c405c",Article,"Final","All Open Access, Gold",Scopus,2-s2.0-105019232580
"Hodge, V.J., Osborne, M.","7004904183;57211169524;","Agile Development for Safety Assurance of Machine Learning in Autonomous Systems (AgileAMLAS)",2025,"Array","27",,"100482","","",0,1,"10.1016/j.array.2025.100482","https://www.scopus.com/inward/record.uri?eid=2-s2.0-105013656428&doi=10.1016%2fj.array.2025.100482&partnerID=40&md5=ba4d2f160498c3fc240e2d8797a0ca80",Article,"Final","All Open Access, Gold, Green",Scopus,2-s2.0-105013656428
"Arivanantham, V.P., Ghanimi, H.M.A., Sonthi, V.K., Ayasrah, F.T., Lenka, R.M., Hemalatha, P., Sengan, S., Dadheech, P.","59971839800;57191921310;57226497399;57216162328;60110900500;60157277800;55008255500;57189097825;","The secured authentication system: Integrated cyber security end-toend based cyber-physical systems for improved DevOps resilience with authentication",2025,"Journal of Discrete Mathematical Sciences and Cryptography","28","5",,"1887","1898",0,,"10.47974/JDMSC-2365","https://www.scopus.com/inward/record.uri?eid=2-s2.0-105017074846&doi=10.47974%2fJDMSC-2365&partnerID=40&md5=a0dc166b8764acebd5f044b8ca6d3803",Article,"Final","",Scopus,2-s2.0-105017074846
"Palesetti, P.P., Engström, E., Söderberg, E., Jasim, A.-H.H., Bexell, A., Korkakakis, N., Aminifar, A., Lagerstedt, R., Olsson, P., Sigurdson, P., Borg, M., Hagatulah, N., Orucevic-Alagic, A., Kihl, M.","60059921200;26430601700;37007724200;57217989582;60059449700;59707253800;35725193700;56405643700;60060037100;60059334700;37103431600;60015287100;36930632200;6701782286;","Towards Sustainable DevOps for Cyber Physical Systems",2025,"Proceedings of the ACM SIGSOFT Symposium on the Foundations of Software Engineering",,,,"1437","1440",0,,"10.1145/3696630.3728708","https://www.scopus.com/inward/record.uri?eid=2-s2.0-105013960274&doi=10.1145%2f3696630.3728708&partnerID=40&md5=a0f8736bdc0ad8e78f6b313656b1c276",Conference Paper,"Final","All Open Access, Gold",Scopus,2-s2.0-105013960274
"Bhande, A.S., Sharma, N.J., Barabde, S.V.","60005255400;60005255500;60004631000;","Emerging Trends in Database Design: Toward Improved Modeling and Development Practices",2025,"EPJ Web of Conferences","328",,"01065","","",0,,"10.1051/epjconf/202532801065","https://www.scopus.com/inward/record.uri?eid=2-s2.0-105011063880&doi=10.1051%2fepjconf%2f202532801065&partnerID=40&md5=85ac900969d86dd909fee11ee21ecf6e",Conference Paper,"Final","All Open Access, Gold, Green",Scopus,2-s2.0-105011063880
"Valle, P., Arrieta, A., Han, L., Ali, S., Yue, T.","57271903800;56514865400;57841637400;56962801700;25651096400;","Defining and generating multi-level and uncertainty-wise test oracles for cyber-physical systems",2025,"Software and Systems Modeling","24","3",,"679","704",0,1,"10.1007/s10270-025-01271-8","https://www.scopus.com/inward/record.uri?eid=2-s2.0-85218826125&doi=10.1007%2fs10270-025-01271-8&partnerID=40&md5=b00029115c27961bce507dbc57bc46f1",Article,"Final","All Open Access, Hybrid Gold",Scopus,2-s2.0-85218826125
"Fan, Y., Ma, H., Zhang, Y., Li, S., Guo, X., Wang, B.","59257785900;59258215100;57192176739;60153290700;57268004400;60038594600;","A DDoS attack detection method based on improved transformer and temporal feature enhancement",2025,"Journal of Supercomputing","81","8","947","","",0,3,"10.1007/S11227-025-07440-2","https://www.scopus.com/inward/record.uri?eid=2-s2.0-105019516972&doi=10.1007%2fS11227-025-07440-2&partnerID=40&md5=0cc905b51d8ca6bbd55a71d1f0386f4f",Article,"Final","",Scopus,2-s2.0-105019516972
"Awad, H., Ledoux, T., Bruneliere, H., Rivalan, J.","59208055800;23393061300;27067480800;57219281375;","VeriFogOps: Automated Deployment Tool Selection and CI/CD Pipeline Generation for Verifying Fog Systems at Deployment Time",2025,"Proceedings of the ACM Symposium on Applied Computing",,,,"1674","1683",0,1,"10.1145/3672608.3707854","https://www.scopus.com/inward/record.uri?eid=2-s2.0-105006419564&doi=10.1145%2f3672608.3707854&partnerID=40&md5=64d225d18f166aa49dc7511819bfd136",Conference Paper,"Final","All Open Access, Gold, Green",Scopus,2-s2.0-105006419564
"Rodríguez, P., Laso, S., Berrocal, J., Fernández, P., Ruiz-Cortés, A., Murillo, J.M.","59510541000;57215899094;32667521200;56365074900;15120180100;8687210000;","Computing Continuum Simulator: A comprehensive framework for continuum architecture evaluation",2025,"Softwarex","30",,"102156","","",0,,"10.1016/j.softx.2025.102156","https://www.scopus.com/inward/record.uri?eid=2-s2.0-105002487100&doi=10.1016%2fj.softx.2025.102156&partnerID=40&md5=b2e2d182f88b97716d6e0ea44b34d245",Article,"Final","All Open Access, Gold, Green",Scopus,2-s2.0-105002487100
"Vaish, P., Anand, N., Sharma, G.","58296792400;57193648536;57226032643;","Unleashing the power of Devops and Iot: a framework for software delivery and system availability",2025,"Multimedia Tools and Applications","84","13",,"12241","12264",0,1,"10.1007/s11042-024-19452-w","https://www.scopus.com/inward/record.uri?eid=2-s2.0-105004070607&doi=10.1007%2fs11042-024-19452-w&partnerID=40&md5=e4a05b7e945887faea4109cf7ecea9e3",Article,"Final","",Scopus,2-s2.0-105004070607
"Pereira, I., Carneiro, T., Figueiredo, E.","57193726837;6505541905;18433988600;","Manipulating a CI/CD Pipeline in an IoT Embedded Project: A Quasi-Experiment",2025,"Journal of Software Evolution and Process","37","4","e70022","","",0,,"10.1002/smr.70022","https://www.scopus.com/inward/record.uri?eid=2-s2.0-105003231163&doi=10.1002%2fsmr.70022&partnerID=40&md5=986ac51ce1075066b7eb32aff1e8055b",Article,"Final","All Open Access, Bronze",Scopus,2-s2.0-105003231163
"Cheng, Y., Li, X., Mao, Z., Fan, W., Huang, W., Liu, W.","57197713247;59679867900;59679431400;35812034200;56286405800;55723569800;","IoTBenchSL: A Streamlined Framework for the Efficient Production of Standardized IoT Benchmarks with Automated Pipeline Validation",2025,"Electronics Switzerland","14","5","856","","",0,2,"10.3390/electronics14050856","https://www.scopus.com/inward/record.uri?eid=2-s2.0-86000538349&doi=10.3390%2felectronics14050856&partnerID=40&md5=b37ab93fce4d9a7e060589443a5e7be1",Article,"Final","All Open Access, Gold",Scopus,2-s2.0-86000538349
"Tang, B., Zhang, X., Yang, Q., Qi, X., Alqahtani, F., Tolba, A.","50162526500;57442581900;57202223559;57219853462;56113467000;56442428300;","Cost-optimized Internet of Things application deployment in edge computing environment",2025,"International Journal of Communication Systems","38","1","e5618","","",0,9,"10.1002/dac.5618","https://www.scopus.com/inward/record.uri?eid=2-s2.0-85172996582&doi=10.1002%2fdac.5618&partnerID=40&md5=c6e90f1e4c49c3e3b492e9a8cbb4de8d",Article,"Final","",Scopus,2-s2.0-85172996582
"Vora, U.","23006394000;","Identifying and Architecting Microservices for Edge Computing",2025,"Proceedings 2025 IEEE 22nd International Conference on Software Architecture Icsa C 2025",,,,"173","174",0,1,"10.1109/ICSA-C65153.2025.00032","https://www.scopus.com/inward/record.uri?eid=2-s2.0-105007920758&doi=10.1109%2fICSA-C65153.2025.00032&partnerID=40&md5=f5abe7c3ae3b3b57c9ac60ee159cf42a",Conference Paper,"Final","",Scopus,2-s2.0-105007920758
"Schubaur, P., Knauer, P., Merli, D.","58561660600;37083447900;36675433800;","Threats to the IoT Device Production Processes – A Blind Spot in the Product Security Lifecycle",2025,"IFIP Advances in Information and Communication Technology","738 IFIPAICT",,,"87","103",0,1,"10.1007/978-3-031-82065-6_7","https://www.scopus.com/inward/record.uri?eid=2-s2.0-85219200635&doi=10.1007%2f978-3-031-82065-6_7&partnerID=40&md5=11222b353ffc8d9eaebfe012ee4fe4a6",Conference Paper,"Final","",Scopus,2-s2.0-85219200635
"Kouach, B., Mekhfioui, M., El Mrabet, A., El Gouri, R.","59745967100;57215200937;58566242900;55868978200;","Implementing Machine Learning models in a Kubernetes cluster for a smart monitoring system",2025,"2025 11th International Conference on Optimization and Applications Icoa 2025 Proceedings",,,,"","",0,,"10.1109/ICOA66896.2025.11236859","https://www.scopus.com/inward/record.uri?eid=2-s2.0-105029625967&doi=10.1109%2fICOA66896.2025.11236859&partnerID=40&md5=5b31570ccde94bbb22294ef6cd9faeda",Conference Paper,"Final","",Scopus,2-s2.0-105029625967
"Myakala, R.K., Nagata, P.K., Lavudya, S., Pedhapally, S.K., Podduturi, V.R.","60421998600;60421858200;60421858300;60422855500;60422280000;","AutoDrift: A Forecast-Aware Concept Drift Detection and Retraining Pipeline in MLOps with CMAPSS",2025,"Proceedings of the IEEE International Conference on Big Data Computing Service and Applications Bigdataservice",,"2025",,"94","100",0,,"10.1109/BigDataService65758.2025.00019","https://www.scopus.com/inward/record.uri?eid=2-s2.0-105031397681&doi=10.1109%2fBigDataService65758.2025.00019&partnerID=40&md5=7d5f2016a11e49f91c41e51c8d7c4983",Conference Paper,"Final","",Scopus,2-s2.0-105031397681
"Poojary, S.S., Kamble, S., Mamatha, G.S.","60422880000;60422301800;35146519000;","A Scalable DevOps Framework Using Kubernetes-Orchestrated Microservices for Cloud-Native Infrastructure",2025,"2025 9th International Conference on Computational System and Information Technology for Sustainable Solutions Csitss 2025",,,,"","",0,,"10.1109/CSITSS67709.2025.11294211","https://www.scopus.com/inward/record.uri?eid=2-s2.0-105031363910&doi=10.1109%2fCSITSS67709.2025.11294211&partnerID=40&md5=4b5df92c9094bb7e76f1bbfd73188847",Conference Paper,"Final","",Scopus,2-s2.0-105031363910
"Georgiev, G., Trifonov, R., Gotseva, D., Kotov, G.","58376879300;34881030700;35366158500;60076447000;","Digital Twin-Driven Testing of IoT Systems: A Scalable Simulation-Based Approach",2025,"2025 13th International Scientific Conference on Computer Science Comsci 2025 Proceedings",,,,"","",0,,"10.1109/COMSCI67172.2025.11225248","https://www.scopus.com/inward/record.uri?eid=2-s2.0-105026859299&doi=10.1109%2fCOMSCI67172.2025.11225248&partnerID=40&md5=5a8abaf4be27b6f5ae52dcbfa28565e8",Conference Paper,"Final","",Scopus,2-s2.0-105026859299
"Wolff, C., Schulz, P., Rettkowski, J., Sleibi, N., Trimech, S., Hensen, C.","54421696300;57190743367;56565618000;57219799569;58730723000;57225357470;","Continuous Integration for Electronic Products-Enabled by Digital Twins",2025,"Proceedings of the IEEE International Conference on Intelligent Data Acquisition and Advanced Computing Systems Technology and Applications Idaacs",,,,"168","174",0,,"10.1109/IDAACS68557.2025.11322082","https://www.scopus.com/inward/record.uri?eid=2-s2.0-105032755941&doi=10.1109%2fIDAACS68557.2025.11322082&partnerID=40&md5=12987b2e5c50c9bce30a5e96c72a5137",Conference Paper,"Final","",Scopus,2-s2.0-105032755941
"Ferreira, D., Pereira, T., Mendes, I., Amaral, A.","59712990100;35097611700;57196907009;56207302800;","WordPress Architecture Modernization Projects",2025,"Lecture Notes of the Institute for Computer Sciences Social Informatics and Telecommunications Engineering Lnicst","607 LNICST",,,"121","131",0,,"10.1007/978-3-031-84426-3_10","https://www.scopus.com/inward/record.uri?eid=2-s2.0-105001360085&doi=10.1007%2f978-3-031-84426-3_10&partnerID=40&md5=fffbf132143b7fbf60cf1fffb6888dfc",Conference Paper,"Final","",Scopus,2-s2.0-105001360085
"Martinsky, M., Papan, J., Tatarka, S.","60422145400;55560792500;58454221400;","Deployment and Design of AI-Powered Edge Systems for Wildlife Monitoring: A Survey",2025,"Iceta 2025 23rd Year of International Conference on Emerging Elearning Technologies and Applications Proceedings",,,,"566","571",0,,"10.1109/ICETA67772.2025.11280041","https://www.scopus.com/inward/record.uri?eid=2-s2.0-105031445883&doi=10.1109%2fICETA67772.2025.11280041&partnerID=40&md5=211e136fb04d02c44f98dbb03dd95c31",Conference Paper,"Final","",Scopus,2-s2.0-105031445883
"Landa-Arrue, A., Barceló, M., Garitano, I., Urbieta, A.","59987207900;36636822600;50661415500;24832431600;","Secure Deployment of 5G/B5G Core Network",2025,"2025 14th Mediterranean Conference on Embedded Computing Meco 2025 Proceedings",,,,"","",0,,"10.1109/MECO66322.2025.11049157","https://www.scopus.com/inward/record.uri?eid=2-s2.0-105010373486&doi=10.1109%2fMECO66322.2025.11049157&partnerID=40&md5=f1b78257c092472fe3ab4598848152ee",Conference Paper,"Final","",Scopus,2-s2.0-105010373486
"Sharma, P., Nellutla, N.","60143771200;60262182000;","Automated Compliance-Aware DevSecOps for AI-Driven IoT Data Streams Using Cloud-Native ML Across AWS, GCP, and Azure",2025,"2025 20th International Joint Symposium on Artificial Intelligence and Natural Language Processing Isai Nlp 2025",,,,"","",0,,"10.1109/iSAI-NLP66160.2025.11320492","https://www.scopus.com/inward/record.uri?eid=2-s2.0-105032729100&doi=10.1109%2fiSAI-NLP66160.2025.11320492&partnerID=40&md5=c0aaa787981b7df8c07caa625a6318ee",Conference Paper,"Final","",Scopus,2-s2.0-105032729100
"Singh, S., Sethi, S., Sharma, R., Vaibhavi, D., Tiwari, A.","57852603400;59223919800;59223849300;59223955000;59188392300;","AI-Powered CNC Digital Twin for Predictive Maintenance",2025,"2025 4th International Conference on Power Control and Computing Technologies Icpc2t 2025",,,,"892","897",0,3,"10.1109/ICPC2T63847.2025.10958573","https://www.scopus.com/inward/record.uri?eid=2-s2.0-105004744387&doi=10.1109%2fICPC2T63847.2025.10958573&partnerID=40&md5=8705fdfddbb125d7c7b4dc61fea60868",Conference Paper,"Final","",Scopus,2-s2.0-105004744387
"Pandi, V.S., Ranjani, K., Azzam, Z., Thethi, H.P., Dinesh, M., Yuvabharathi, E.","57191615002;57219295647;57211801015;54586104500;59258973900;59514205800;","Development of Interoperability in Industrial Internet of Things (IIoT) Ecosystems: Integrating DevOps and Digital Twins to Platform Integration and Ensure Seamless Device",2025,"2025 International Conference on Smart and Sustainable Technology Incsst 2025",,,,"","",0,,"10.1109/INCSST64791.2025.11210416","https://www.scopus.com/inward/record.uri?eid=2-s2.0-105024935819&doi=10.1109%2fINCSST64791.2025.11210416&partnerID=40&md5=f46681e5b23d2479e87a962466305bb7",Conference Paper,"Final","",Scopus,2-s2.0-105024935819
"Koch, W., Ortiz, R., Benda, O., Mishra, A.K.","58326405100;58135137900;57383002200;58560808500;","The Information System Factory - Return to Simplicity",2025,"International Conference on Electrical Computer Communications and Mechatronics Engineering Iceccme 2025",,,,"","",0,,"10.1109/ICECCME64568.2025.11277453","https://www.scopus.com/inward/record.uri?eid=2-s2.0-105031371815&doi=10.1109%2fICECCME64568.2025.11277453&partnerID=40&md5=e3eac42a1b50f9a61b521ff1bb57b8b6",Conference Paper,"Final","",Scopus,2-s2.0-105031371815
"Davuluri, S.K., Challagulla, V., Mudapaka, V., Konka, U.","58404550000;59791930500;60201486500;58864545900;","AI-Driven DevOps in Telecommunications: Bridging Predictive Analytics with Continuous Delivery for Network Agility",2025,"2025 IEEE International Conference and Expo on Real Time Communications at Iit Rtc 2025",,,,"","",0,,"10.1109/RTC66985.2025.11211551","https://www.scopus.com/inward/record.uri?eid=2-s2.0-105022272857&doi=10.1109%2fRTC66985.2025.11211551&partnerID=40&md5=261fa5730e7d721ec2a22638ba733318",Conference Paper,"Final","",Scopus,2-s2.0-105022272857
"Capocchi, L., Santucci, J.-F., Tigli, J.-Y., Gomnin, T., Lavirotte, S., Rocher, G.","6506228384;7003990556;6602916792;59518090700;13605275200;57188680515;","Actuation Conflict Management in Internet of Things Systems DevOps: A Discrete Event Modeling and Simulation Approach",2025,"IFIP Advances in Information and Communication Technology","737 IFIPAICT",,,"189","206",0,2,"10.1007/978-3-031-81900-1_12","https://www.scopus.com/inward/record.uri?eid=2-s2.0-85215304769&doi=10.1007%2f978-3-031-81900-1_12&partnerID=40&md5=4b37a7193b3c33a4e4a2bb98ebc80db5",Conference Paper,"Final","",Scopus,2-s2.0-85215304769
"Djaja, L.T., Kurniawati, Y.E.","60226588000;57193920274;","Enhancing Concurrent User Capacity Through Kubernetes Implementation: A Case Study at PT. XYZ",2025,"Procedia Computer Science","269",,,"1033","1042",0,,"10.1016/j.procs.2025.09.045","https://www.scopus.com/inward/record.uri?eid=2-s2.0-105023978642&doi=10.1016%2fj.procs.2025.09.045&partnerID=40&md5=192ef6e08c189224405a5609b0fdd836",Conference Paper,"Final","All Open Access, Gold",Scopus,2-s2.0-105023978642
"Luo, W., Cen, H., Zhang, H., Yang, S., Xue, S., Zhao, X.","60151812100;60151538300;60151648700;60151595100;60151865500;60151595200;","Research on a New Security Development Toolchain for Scheduling Systems Based on Static Analysis and Continuous Integration",2025,"Smart Innovation Systems and Technologies","452 SIST",,,"374","383",0,,"10.1007/978-3-032-06376-2_32","https://www.scopus.com/inward/record.uri?eid=2-s2.0-105019512775&doi=10.1007%2f978-3-032-06376-2_32&partnerID=40&md5=0d3a9c7b7858fb73b0a23120c617fb36",Conference Paper,"Final","",Scopus,2-s2.0-105019512775
"Yalla, R.K.M.K., Devarajan, M.V., Ganesan, T., Yallamelli, A.R.G., Mamidala, V., Sambas, A.","59400488900;59031645000;59035044000;59369976600;59401305800;55536627700;","Securing Cloud-Edge Collaborative Computing with AI, GANs, TEEs, Micro Data Centers, and Cloud-Oriented DevOps for Privacy Protection",2025,"International Journal of Automation and Smart Technology","15","1",,"","",0,1,"10.5875/xyfd7w08","https://www.scopus.com/inward/record.uri?eid=2-s2.0-105009307977&doi=10.5875%2fxyfd7w08&partnerID=40&md5=75aa892acbb32a2472dd7806d2c0a185",Article,"Final","All Open Access, Gold",Scopus,2-s2.0-105009307977
"Shidqi, H., Hermanto, B.R., Bandung, Y.","60516200800;57196329357;25824690200;","Design and Implementation of an IoT-Driven Full-stack Fleet Management System Leveraging a DevOps Approach",2025,"2025 12th International Conference on Advanced Informatics Concept Theory and Application Icaicta 2025",,,,"","",0,,"10.1109/ICAICTA67604.2025.11335146","https://www.scopus.com/inward/record.uri?eid=2-s2.0-105033039411&doi=10.1109%2fICAICTA67604.2025.11335146&partnerID=40&md5=ad0f38cf4d09b5545ba17660e21d15cc",Conference Paper,"Final","",Scopus,2-s2.0-105033039411
"Rajeshwari, J., Patil, A.P., Sankarasubramanian, R., Yelaka, S.P., Megavarsini, J., Kirthana Bhoomika, C.R.","56538603000;36617874400;60195906400;60195813400;60196196800;60196392800;","Enhancing Interoperability and system performance through Automation and testing of IoT sensors",2025,"2025 International Conference on Next Generation Computing Systems Intelligent System for Sustainable Development Icngcs 2025 Conference Proceedings",,,,"","",0,,"10.1109/ICNGCS64900.2025.11182974","https://www.scopus.com/inward/record.uri?eid=2-s2.0-105021940383&doi=10.1109%2fICNGCS64900.2025.11182974&partnerID=40&md5=aa81974b6d504dda84d76e0612642ca4",Conference Paper,"Final","",Scopus,2-s2.0-105021940383
"Aissat, S., Beaulieu, J., Poirier, É., Motamedi, A., Gascon-Samson, J., Bordeleau, F.","59474925100;59474925200;54895017500;6603546314;56022777500;13106215800;","A devops framework for the systematic engineering and evolution of digital twins for built assets",2025,"Software and Systems Modeling",,,,"","",0,,"10.1007/s10270-025-01330-0","https://www.scopus.com/inward/record.uri?eid=2-s2.0-105020411096&doi=10.1007%2fs10270-025-01330-0&partnerID=40&md5=59069470def79a2d985d3f9dfb44cb5b",Article,"Article in Press","",Scopus,2-s2.0-105020411096
"Yeman, R., Johnson, S.","58771670700;59716001300;","Advancing Industrial DevOps: Harnessing Digital Twins and AI for Future-Ready Engineering",2025,"AIAA Science and Technology Forum and Exposition AIAA Scitech Forum 2025",,,,"","",0,,"10.2514/6.2025-0284","https://www.scopus.com/inward/record.uri?eid=2-s2.0-105001311208&doi=10.2514%2f6.2025-0284&partnerID=40&md5=dc5455281b4e9fee52c3083a8144488d",Conference Paper,"Final","",Scopus,2-s2.0-105001311208
"Singh, S., Desai, P., Amilkanthwar, S.","60250307900;60340948100;60250103300;","The Science of Threat Modeling in Complex Industrial Systems",2025,"2025 Cyber Awareness and Research Symposium Cars 2025",,,,"","",0,,"10.1109/CARS67163.2025.11337795","https://www.scopus.com/inward/record.uri?eid=2-s2.0-105033546453&doi=10.1109%2fCARS67163.2025.11337795&partnerID=40&md5=01a9233e09559d1b1aca524ffbddf5f8",Conference Paper,"Final","",Scopus,2-s2.0-105033546453
"Farooq, M.A., Bellavista, P., Bujari, A., Sita, A.","57964671700;6603925242;35118641200;60320811400;","Leveraging AI and MLOps for IoT-Edge-Cloud Industrial Digital Twins: A Practical Case Study",2025,"2025 IEEE Conference on Standards for Communications and Networking Cscn 2025",,,,"","",0,,"10.1109/CSCN67557.2025.11230711","https://www.scopus.com/inward/record.uri?eid=2-s2.0-105027168708&doi=10.1109%2fCSCN67557.2025.11230711&partnerID=40&md5=790431c5fc5e8b3ab2fabef16f47bbfe",Conference Paper,"Final","",Scopus,2-s2.0-105027168708
"Firizqi, J.D., Indrajit, R.E.","60439953600;57090804500;","Unified DevSecOps Toolchain for Secure AI-Enabled Maritime Applications: Theory, Concepts, and Implementation",2025,"2025 10th International Conference on Informatics and Computing Icic 2025",,,,"","",0,,"10.1109/ICIC68054.2025.11309501","https://www.scopus.com/inward/record.uri?eid=2-s2.0-105032127834&doi=10.1109%2fICIC68054.2025.11309501&partnerID=40&md5=148978fb33412c95eecedf514f67692e",Conference Paper,"Final","",Scopus,2-s2.0-105032127834
"Schyr, C., Braun, N., Nickel, D., Schmidt, M.","7801370656;59155023400;57202981160;60244507100;","Integration Core - A Novel Platform for Scenario-Based Testing of Automated and Electric Mobility Systems",2025,"Iavvc 2025 IEEE International Automated Vehicle Validation Conference Proceedings",,,,"","",0,,"10.1109/IAVVC61942.2025.11219555","https://www.scopus.com/inward/record.uri?eid=2-s2.0-105025148676&doi=10.1109%2fIAVVC61942.2025.11219555&partnerID=40&md5=5e1c1641d708c9b19b0f875260c35992",Conference Paper,"Final","",Scopus,2-s2.0-105025148676
"Wang, W., Li, J.","59731012000;59481010600;","A Runtime Design of WebAssembly Container for Embedded Real-Time Operating Systems",2025,"Lecture Notes of the Institute for Computer Sciences Social Informatics and Telecommunications Engineering Lnicst","616 LNICST",,,"156","164",0,1,"10.1007/978-3-031-91853-7_17","https://www.scopus.com/inward/record.uri?eid=2-s2.0-105006896832&doi=10.1007%2f978-3-031-91853-7_17&partnerID=40&md5=62303878d6feb09f37f81abcd23a6130",Conference Paper,"Final","",Scopus,2-s2.0-105006896832
"von Zmuda, J., Koch, T., Ahmed, S.","60133928100;60133798000;60084567300;","Continuous Integration and Delivery of ROS2 projects",2025,"IEEE International Conference on Automation Science and Engineering",,,,"2388","2395",0,,"10.1109/CASE58245.2025.11163918","https://www.scopus.com/inward/record.uri?eid=2-s2.0-105018313030&doi=10.1109%2fCASE58245.2025.11163918&partnerID=40&md5=c0f62247d83553211e6217eadba14fc6",Conference Paper,"Final","",Scopus,2-s2.0-105018313030
"Hatzivasilis, G., Ioannidis, S.","55554489600;24767420100;","CyberHeraclius: Cyber Defence Evaluation Methodology",2025,"Proceedings of the 2025 IEEE International Conference on Cyber Security and Resilience Csr 2025",,,,"1113","1118",0,,"10.1109/CSR64739.2025.11130048","https://www.scopus.com/inward/record.uri?eid=2-s2.0-105016254839&doi=10.1109%2fCSR64739.2025.11130048&partnerID=40&md5=3ad809fd6895674f51e5737590f62845",Conference Paper,"Final","All Open Access, Green",Scopus,2-s2.0-105016254839
"Agorogiannis, E., Petrakis, K., Antonopoulos, G., Anagnostopoulos, T., Grigoropoulos, N., Benomar, Z.","59921677400;58106167000;60132233600;59810290000;56784189800;57209478291;","MAGNET: An optimized DevOps framework for efficient software integration and orchestration in the IoT-Edge-Cloud Continuum",2025,"Eeite 2025 6th International Conference in Electronic Engineering and Information Technology",,,,"","",0,,"10.1109/EEITE65381.2025.11166038","https://www.scopus.com/inward/record.uri?eid=2-s2.0-105018235835&doi=10.1109%2fEEITE65381.2025.11166038&partnerID=40&md5=ac336a9d45aaa5ca1abb510e539b73b4",Conference Paper,"Final","",Scopus,2-s2.0-105018235835
"Reyes-Hung, L., Soto, I.","58806594800;15119628600;","Machine Learning Approaches for Predicting Code Refactoring Opportunities",2025,"2025 South American Conference on Visible Light Communications Sacvlc 2025",,,,"","",0,,"10.1109/SACVLC67412.2025.11261938","https://www.scopus.com/inward/record.uri?eid=2-s2.0-105031418656&doi=10.1109%2fSACVLC67412.2025.11261938&partnerID=40&md5=bc00f68cf396f8ca1531016ea836c550",Conference Paper,"Final","",Scopus,2-s2.0-105031418656
"Wijesekera, T., Jayarathna, L., Pathirana, G., Banu, R., Wickramarathne, J.","60199790000;60503480300;60503280600;60502490800;35147255200;","Kube5GC: Kubernetes-Native Orchestration for 5G Core Network",2025,"Proceedings of the IEEE International Conference on Intelligent Data Acquisition and Advanced Computing Systems Technology and Applications Idaacs",,,,"1206","1215",0,,"10.1109/IDAACS68557.2025.11322314","https://www.scopus.com/inward/record.uri?eid=2-s2.0-105032729079&doi=10.1109%2fIDAACS68557.2025.11322314&partnerID=40&md5=6f4f69924ecf1527a12a4f3a3a70dab0",Conference Paper,"Final","",Scopus,2-s2.0-105032729079
"Davuluri, S.K., Challagulla, V., Mudapaka, V., Konka, U.","58404550000;59791930500;60201486500;58864545900;","Telcoformrix: An AI-Augmented Framework for Declarative and Scalable Provisioning of Real-Time Communication Infrastructure (Work in Progress)",2025,"2025 IEEE International Conference and Expo on Real Time Communications at Iit Rtc 2025",,,,"","",0,,"10.1109/RTC66985.2025.11211725","https://www.scopus.com/inward/record.uri?eid=2-s2.0-105022239615&doi=10.1109%2fRTC66985.2025.11211725&partnerID=40&md5=b4ba87c06b8d0c703c6e26562f9d942d",Conference Paper,"Final","",Scopus,2-s2.0-105022239615
"Wu, T., Yao, H., Mai, T., Wang, Z., Wang, F., Guizani, M.","57207116475;24330114000;57203133905;57216175209;57209623973;7004750176;","Using Full-Dimensional Programmability to Power Self-Driving 6G Networks",2025,"IEEE Network","39","1",,"270","277",0,2,"10.1109/MNET.2024.3448288","https://www.scopus.com/inward/record.uri?eid=2-s2.0-85201762049&doi=10.1109%2fMNET.2024.3448288&partnerID=40&md5=1c045c8a8411257b552ca43c371cb335",Article,"Final","",Scopus,2-s2.0-85201762049
"Yelkotwar, P., Raj, R., Pingle, A., Talasila, P., Goveas, N.","60405456600;60405456700;60405208600;57200410090;57221335687;","On-Demand Cardiac Digital Twins: A Case Study on DevOps workflows for Digital Twin Platforms",2025,"Proceedings 2025 ACM IEEE 28th International Conference on Model Driven Engineering Languages and Systems Companion Models C 2025",,,,"236","242",0,,"10.1109/MODELS-C68889.2025.00041","https://www.scopus.com/inward/record.uri?eid=2-s2.0-105030499869&doi=10.1109%2fMODELS-C68889.2025.00041&partnerID=40&md5=0df71940550cc4daefd08c31c4a18d2a",Conference Paper,"Final","",Scopus,2-s2.0-105030499869
"Wang, L., Yang, Z., Zhong, C., Zhang, W.","60194103600;60193562400;60194103700;55700285900;","Cloud-Native Hybrid Deployment Technology Under Narrowband Communication Conditions",2025,"Icnc Fskd 2025 21st International Conference on Natural Computation Fuzzy Systems and Knowledge Discovery",,,,"737","746",0,,"10.1109/ICNC-FSKD67701.2025.11198011","https://www.scopus.com/inward/record.uri?eid=2-s2.0-105021809009&doi=10.1109%2fICNC-FSKD67701.2025.11198011&partnerID=40&md5=02afa621d2c874022bd5864940b2288a",Conference Paper,"Final","",Scopus,2-s2.0-105021809009
"Gaeta, E., Salman Haleem, M., Lopez-Perez, L., Manea, M., Fernanda Cabrera Umpierrez, M., Teresa Arredondo Waldmeyer, M., Pecchia, L., Fico, G.","23469338000;59662135800;57210571063;57016469300;59661982800;58898652600;35746897300;16174738100;","GATEKEEPER Platform: Secure Processing Environment for European Health Data Space",2025,"IEEE Access","13",,,"34627","34638",0,5,"10.1109/ACCESS.2025.3539559","https://www.scopus.com/inward/record.uri?eid=2-s2.0-85217928339&doi=10.1109%2fACCESS.2025.3539559&partnerID=40&md5=7dbe33a2ce6d694d670c25745c92f116",Article,"Final","All Open Access, Gold, Green",Scopus,2-s2.0-85217928339
"Oliveira, F.B., Di Felice, M., Kamienski, C.","59312181800;14068345500;22035040900;","IoTDeploy: Deployment of IoT Smart Applications over the Computing Continuum",2024,"Internet of Things Netherlands","28",,"101348","","",0,9,"10.1016/j.iot.2024.101348","https://www.scopus.com/inward/record.uri?eid=2-s2.0-85202997242&doi=10.1016%2fj.iot.2024.101348&partnerID=40&md5=c3a6e4756ad5f8b26cd9d2c8f9a3c305",Article,"Final","All Open Access, Green",Scopus,2-s2.0-85202997242
"Thalla, R., Srirama, S.N.","57553656300;14632859900;","FogDEFTKube: Standards-compliant dynamic deployment of fog service containers",2024,"Software Practice and Experience","54","12",,"2428","2453",0,1,"10.1002/spe.3354","https://www.scopus.com/inward/record.uri?eid=2-s2.0-85196151347&doi=10.1002%2fspe.3354&partnerID=40&md5=713415842da5abb07516da5721c32815",Article,"Final","",Scopus,2-s2.0-85196151347
"Qu, M., He, J., Tucaković, Z., Bartocci, E., Ničković, D., Isaković, H., Grosu, R.","57205114045;57274961800;57205877939;14053557900;14024782900;55571415800;6601973195;","DeepRIoT: Continuous Integration and Deployment of Robotic-IoT Applications",2024,"Proceedings Design Automation Conference",,,"300","","",0,3,"10.1145/3649329.3658250","https://www.scopus.com/inward/record.uri?eid=2-s2.0-85211103973&doi=10.1145%2f3649329.3658250&partnerID=40&md5=0cf50c1235537e8bc30c57d730a6fe7c",Conference Paper,"Final","All Open Access, Gold",Scopus,2-s2.0-85211103973
"Hashemi, S., Mäntylä, M.","57222250357;7006843663;","OneLog: towards end-to-end software log anomaly detection",2024,"Automated Software Engineering","31","2","37","","",0,13,"10.1007/s10515-024-00428-x","https://www.scopus.com/inward/record.uri?eid=2-s2.0-85190575283&doi=10.1007%2fs10515-024-00428-x&partnerID=40&md5=0dcad80711d42dff44b1e574fbfea372",Article,"Final","All Open Access, Hybrid Gold",Scopus,2-s2.0-85190575283
"Aissat, S., Beaulieu, J., Bordeleau, F., Gascon-Samson, J., Motamedi, A., Poirier, É.","59474925100;59474925200;13106215800;56022777500;6603546314;54895017500;","JuNo-OPS: A DevOps Framework for the Engineering of Digital Twins for Built Assets",2024,"Proceedings Models 2024 ACM IEEE 27th International Conference on Model Driven Engineering Languages and Systems Companion Proceedings",,,,"496","506",0,11,"10.1145/3652620.3688266","https://www.scopus.com/inward/record.uri?eid=2-s2.0-85212223414&doi=10.1145%2f3652620.3688266&partnerID=40&md5=2be59572f3f52ae0d90b40c6650e57a7",Conference Paper,"Final","",Scopus,2-s2.0-85212223414
"Brabbs, J., Jones, B.C.","6506564502;59343060400;","How the Cloud is a Mission Enabler for Embedded System Development",2024,"SAE Technical Papers",,,,"","",0,,"10.4271/2024-01-4101","https://www.scopus.com/inward/record.uri?eid=2-s2.0-85204934928&doi=10.4271%2f2024-01-4101&partnerID=40&md5=0cc9fdf72fbb3e9c9c94c8c556e3d4fb",Conference Paper,"Final","",Scopus,2-s2.0-85204934928
"Trabelsi, I., Popa, B., Péreyrol, J., Beaulieu, P.-O., Moha, N.","56717790600;59315510300;59314322900;59315510400;18038269700;","MicroMatic: Fully Automated Microservices Identification Approach from Monolithic Systems",2024,"Proceedings 2024 ACM IEEE 6th International Workshop on Software Engineering Research and Practices for the Internet of Things Serp4iot 2024",,,,"7","13",0,3,"10.1145/3643794.3648283","https://www.scopus.com/inward/record.uri?eid=2-s2.0-85203148592&doi=10.1145%2f3643794.3648283&partnerID=40&md5=aac1aa789e9a70f67fccbef2c3deda65",Conference Paper,"Final","",Scopus,2-s2.0-85203148592
"Ribeiro, E., Restivo, A., Ferreira, H.S., Dias, J.P.","59012678100;26531800800;35188804100;57194725990;","WASMICO: Micro-containers in microcontrollers with WebAssembly",2024,"Journal of Systems and Software","214",,"112081","","",0,4,"10.1016/j.jss.2024.112081","https://www.scopus.com/inward/record.uri?eid=2-s2.0-85192025807&doi=10.1016%2fj.jss.2024.112081&partnerID=40&md5=03092a00184503523e6880d8b230613c",Article,"Final","",Scopus,2-s2.0-85192025807
"Delaitre, S., Pulgar Gutiérrez, J.M.","6506306504;59245098900;","Vulnerability detection tool in source code by building and leveraging semantic code graph.",2024,"ACM International Conference Proceeding Series",,,"149","","",0,2,"10.1145/3664476.3670942","https://www.scopus.com/inward/record.uri?eid=2-s2.0-85200418058&doi=10.1145%2f3664476.3670942&partnerID=40&md5=dd36445e29a740a46b6162489cd3c1f7",Conference Paper,"Final","",Scopus,2-s2.0-85200418058
"Mendis, P., Reeves, W., Babar, M.A., Zhang, Y., Rahman, A.","59227505600;59202234800;6602842620;58246013700;57188647874;","Evaluating the Quality of Open Source Ansible Playbooks: An Executability Perspective",2024,"Sea4dq 2024 Proceedings of the 4th International Workshop on Software Engineering and AI for Data Quality in Cyber Physical Systems Internet of Things Co Located with Esec Fse 2024",,,,"2","5",0,2,"10.1145/3663530.3665019","https://www.scopus.com/inward/record.uri?eid=2-s2.0-85199216857&doi=10.1145%2f3663530.3665019&partnerID=40&md5=86766d93a6906a038877753c1d8053a8",Conference Paper,"Final","",Scopus,2-s2.0-85199216857
"Saravanakumar, R., Arularasan, A.N., Harekal, D., Praveen, K.R., Kaliyamoorthi, P., Pushpalatha, K.S., Vidhya, R.G.","55587425400;57118243800;56453482800;57188626251;58408108400;59153654800;57751176300;","Advancing Smart Cyber Physical System with Self-Adaptive Software",2024,"International Research Journal of Multidisciplinary Scope","5","3",,"571","582",0,12,"10.47857/irjms.2024.v05i03.01013","https://www.scopus.com/inward/record.uri?eid=2-s2.0-85201668038&doi=10.47857%2firjms.2024.v05i03.01013&partnerID=40&md5=27cbd138e9a9e8483683cb6293e074e2",Article,"Final","All Open Access, Gold",Scopus,2-s2.0-85201668038
"Soldani, J., Amadini, R., Brogi, A., Forti, S., Giallorenzo, S., Plebani, P., Vitali, M., Zavattaro, G.","56203938200;55975718400;57193752782;57195946378;55932233200;22734593000;42662409700;6701571633;","Towards Sustainable Deployment of Microservices over the Cloud-IoT Continuum, with FREEDA",2024,"Frame 2024 Proceedings of the 2024 on Workshop on Flexible Resource and Application Management on the Edge Part of Hpdc 2024 3rd International Symposium on High Performance Parallel and Distributed Computing",,,,"1","4",0,5,"10.1145/3659994.3660311","https://www.scopus.com/inward/record.uri?eid=2-s2.0-85195187443&doi=10.1145%2f3659994.3660311&partnerID=40&md5=f70f74c719865410faa63a1f6f8a9e7d",Conference Paper,"Final","All Open Access, Gold, Green",Scopus,2-s2.0-85195187443
"Eguzo, C., Scherer, B., Kebel, D., Bekman, I., Streun, M., Schlosser, M., Van Waasen, S.","57202044433;58609579800;59160440500;59017723500;6601967146;35181942200;6603964299;","On Automating FPGA Design Build Flow Using GitLab CI",2024,"IEEE Embedded Systems Letters","16","2",,"227","230",0,3,"10.1109/LES.2023.3314148","https://www.scopus.com/inward/record.uri?eid=2-s2.0-85171745178&doi=10.1109%2fLES.2023.3314148&partnerID=40&md5=394ebbb9137120d1fe864db93b34f5cd",Article,"Final","",Scopus,2-s2.0-85171745178
"Cederbladh, J., Eramo, R., Muttillo, V., Strandberg, P.E.","58813190300;18039710400;56805275400;57193354005;","Experiences and challenges from developing cyber-physical systems in industry-academia collaboration",2024,"Software Practice and Experience","54","6",,"1193","1212",0,16,"10.1002/spe.3312","https://www.scopus.com/inward/record.uri?eid=2-s2.0-85182415072&doi=10.1002%2fspe.3312&partnerID=40&md5=5712249c2cc4e4573f7b878c3bc4d126",Article,"Final","All Open Access, Hybrid Gold",Scopus,2-s2.0-85182415072
"Ratushniak, O., Cabrero-Daniel, B.","58244085200;57219337738;","Designing Digital Twins for Enhanced Reusability",2024,"Proceedings International Conference on Software Engineering",,,,"331","332",0,2,"10.1145/3639478.3643102","https://www.scopus.com/inward/record.uri?eid=2-s2.0-85194832352&doi=10.1145%2f3639478.3643102&partnerID=40&md5=745fa307981e2f37b04b35548740bb79",Conference Paper,"Final","All Open Access, Gold",Scopus,2-s2.0-85194832352
"Aldalur, I., Arrieta, A., Agirre, A., Sagardui, G., Arratibel, M.","56492990100;56514865400;57203899020;13104721400;57219568384;","A microservice-based framework for multi-level testing of cyber-physical systems",2024,"Software Quality Journal","32","1",,"193","223",0,1,"10.1007/s11219-023-09639-z","https://www.scopus.com/inward/record.uri?eid=2-s2.0-85160692935&doi=10.1007%2fs11219-023-09639-z&partnerID=40&md5=18099698d8c76b8c4433c478c6f2db16",Article,"Final","All Open Access, Hybrid Gold, Green",Scopus,2-s2.0-85160692935
"Cob-Parro, A.C., Lalangui, Y., Lazcano, R.","57223032109;58929210800;57192839213;","Fostering Agricultural Transformation through AI: An Open-Source AI Architecture Exploiting the MLOps Paradigm",2024,"Agronomy","14","2","259","","",0,34,"10.3390/agronomy14020259","https://www.scopus.com/inward/record.uri?eid=2-s2.0-85187256455&doi=10.3390%2fagronomy14020259&partnerID=40&md5=c96b3c4ed6c0722100a4fe5c2fde9a8f",Article,"Final","All Open Access, Gold, Green",Scopus,2-s2.0-85187256455
"Vitali, M., Soldani, J., Amadini, R., Brogi, A., Forti, S., Gazza, S., Giallorenzo, S., Plebani, P., Ponce, F., Zavattaro, G.","42662409700;56203938200;55975718400;57193752782;57195946378;59156384500;55932233200;22734593000;57193949387;6701571633;","FREEDA: Failure-Resilient, Energy-aware, and Explainable Deployment of Microservice-based Applications over Cloud-IoT Infrastructures",2024,"Ceur Workshop Proceedings","3692",,,"69","75",0,1,,"https://www.scopus.com/inward/record.uri?eid=2-s2.0-85195213536&partnerID=40&md5=afdfee12fd37739ecbc0e45015517607",Conference Paper,"Final","",Scopus,2-s2.0-85195213536
"McColl, M., McColl, C., Tuxworth, G., Pereira, A., Hexel, R.","57207874099;57568276900;35147259800;55849822200;23396845500;","A Framework for Building Verifiable Scalable Embedded Systems Interfacing through Sensors and Actuators",2024,"Sensors and Transducers","265","2",,"27","39",0,,,"https://www.scopus.com/inward/record.uri?eid=2-s2.0-85209171886&partnerID=40&md5=dc85009829f94eb270dd24ada3e1d87c",Article,"Final","",Scopus,2-s2.0-85209171886
"Bankoff, K.P., Muñoz, R., Pasini, A., Pesado, P.","58636034400;57200604176;57190005712;55933335800;","Quality 4.0 in Software Engineering: Incorporating Scaled Agile Insights to a Framework Proposal",2024,"Communications in Computer and Information Science","2123 CCIS",,,"179","194",0,1,"10.1007/978-3-031-62245-8_13","https://www.scopus.com/inward/record.uri?eid=2-s2.0-85199202170&doi=10.1007%2f978-3-031-62245-8_13&partnerID=40&md5=e467d883f57589d7baf6bfd361f1e95d",Conference Paper,"Final","",Scopus,2-s2.0-85199202170
"Benmhamed, C., Zemzami, M., Yalaoui, F., Nguyen, N.-Q., Reddad, H., El Gaamaze, M.A.","60021847900;57193029543;6507073882;57183540500;58003044100;60022384900;","Industrial DevOps Soft: A New Framework for Enhancing Industry 4.0 Efficiency",2024,"2024 International Conference on Smart Digital Green Technologies and Artificial Intelligence Sciences Csdgais 2024",,,,"","",0,1,"10.1109/CSDGAIS64098.2024.11064768","https://www.scopus.com/inward/record.uri?eid=2-s2.0-105012094076&doi=10.1109%2fCSDGAIS64098.2024.11064768&partnerID=40&md5=1a74ecccddea1007b8cd7f3b544a0ffd",Conference Paper,"Final","",Scopus,2-s2.0-105012094076
"Sanjay, R., Pulakhandam, D., Nirmalrani, V.","59143975000;59173944200;56491142200;","Real-Time Dashboarding using Big Data Tools",2024,"7th International Conference on Inventive Computation Technologies Icict 2024",,,,"629","635",0,2,"10.1109/ICICT60155.2024.10545021","https://www.scopus.com/inward/record.uri?eid=2-s2.0-85196067123&doi=10.1109%2fICICT60155.2024.10545021&partnerID=40&md5=939f83fa9ab27368e633f1fc905f5619",Conference Paper,"Final","",Scopus,2-s2.0-85196067123
"Herrera Gonzalez, J.L., Montebugnoli, S., Scotece, D., Foschini, L.","57215896262;58614357200;57201698918;7004212533;","XSTART: XApp Simulated Evaluation Environment for Developers",2024,"2024 IEEE International Workshop on Metrology for Industry 4 0 and Iot Metroind4 0 and Iot 2024 Proceedings",,,,"366","371",0,2,"10.1109/MetroInd4.0IoT61288.2024.10584214","https://www.scopus.com/inward/record.uri?eid=2-s2.0-85199525706&doi=10.1109%2fMetroInd4.0IoT61288.2024.10584214&partnerID=40&md5=2d1b03d7c305bf911c540ab0d4fcdae3",Conference Paper,"Final","All Open Access, Green",Scopus,2-s2.0-85199525706
"Tshakwanda, P.M., Kumar, H., Arzo, S.T., Devetsikiotis, M.","58027777600;57322507400;55979134900;35598790300;","SE-DO: Navigating the 6G Frontier with Scalable and Efficient DevOps for Intelligent Agents Optimization",2024,"2024 IEEE 14th Annual Computing and Communication Workshop and Conference Ccwc 2024",,,,"269","277",0,3,"10.1109/CCWC60891.2024.10427717","https://www.scopus.com/inward/record.uri?eid=2-s2.0-85186746004&doi=10.1109%2fCCWC60891.2024.10427717&partnerID=40&md5=88c05045d9e7381568112c7199ef48cf",Conference Paper,"Final","",Scopus,2-s2.0-85186746004
"Loisel, F., Zeqo, G., Morichetta, A., Lackinger, A., Dustdar, S.","59452564700;59452778900;57201982932;59261526600;6701473617;","RainCloud: Decentralized Coordination and Communication in Heterogeneous IoT Swarms",2024,"Proceedings of the 1st International Symposium on Parallel Computing and Distributed Systems Pcds 2024",,,,"","",0,1,"10.1109/PCDS61776.2024.10743766","https://www.scopus.com/inward/record.uri?eid=2-s2.0-85211381685&doi=10.1109%2fPCDS61776.2024.10743766&partnerID=40&md5=5e132f2f96ebbf1e6874b98ddb746f91",Conference Paper,"Final","All Open Access, Green",Scopus,2-s2.0-85211381685
"Vitumbiko, M., Kim, Y.","57282472600;56812550600;","Life Cycle Automation of IoT Services over Multiple Edge Clouds",2024,"International Conference on Information Networking",,,,"532","536",0,,"10.1109/ICOIN59985.2024.10572158","https://www.scopus.com/inward/record.uri?eid=2-s2.0-85198327189&doi=10.1109%2fICOIN59985.2024.10572158&partnerID=40&md5=20aeb4268055faad0bc7c2b20caf276e",Conference Paper,"Final","",Scopus,2-s2.0-85198327189
"Ghantous, G.B.","57204020559;","Enabling Digital Transformation Using DRA",2024,"Lecture Notes in Networks and Systems","1170 LNNS",,,"173","188",0,,"10.1007/978-3-031-73344-4_14","https://www.scopus.com/inward/record.uri?eid=2-s2.0-85207575676&doi=10.1007%2f978-3-031-73344-4_14&partnerID=40&md5=e25a21392d3b3dd98bf66faa630efffd",Conference Paper,"Final","",Scopus,2-s2.0-85207575676
"Maureal, A.L., Telen, M.A.E., Uy, U.L.F., Lorilla, F.M.A.","59531501000;59532351600;59531672800;57208543286;","Enhancing e-Governance through Microservices - The Development and Impact of the NTC-EDGE System",2024,"Mindanao Journal of Science and Technology","22",,,"260","276",0,,"10.61310/mjst.v22iS1.2221","https://www.scopus.com/inward/record.uri?eid=2-s2.0-85216193975&doi=10.61310%2fmjst.v22iS1.2221&partnerID=40&md5=7c4aa0bfcf06fd081361366c9f15552e",Article,"Final","All Open Access, Bronze",Scopus,2-s2.0-85216193975
"Abbas, S.I., Walia, R.","58671169900;57201801382;","Analysis of Revolutionizing IoT Solutions through Cloud Computing Integration",2024,"Proceedings 2024 3rd International Conference on Sentiment Analysis and Deep Learning Icsadl 2024",,,,"39","45",0,1,"10.1109/ICSADL61749.2024.00012","https://www.scopus.com/inward/record.uri?eid=2-s2.0-85200704986&doi=10.1109%2fICSADL61749.2024.00012&partnerID=40&md5=ca23cd228d266ded81877fda54e2fbca",Conference Paper,"Final","",Scopus,2-s2.0-85200704986
"Beckmann, N., Lucia, B., Gobieski, G., Nowatzki, T., Jackson, T., Lallement, G., Zhang, K., Nagi, A., Sathe, A., Desai, H.","35106612200;25027799600;57191444561;55200649300;56669235100;57200283824;57215774892;57211567893;59231085000;57202645437;","Monza: An Energy-Minimal, General-Purpose Dataflow System-on-Chip for the Internet of Things",2024,"IEEE Micro","44","6",,"52","62",0,2,"10.1109/MM.2024.3426611","https://www.scopus.com/inward/record.uri?eid=2-s2.0-85199397652&doi=10.1109%2fMM.2024.3426611&partnerID=40&md5=f0fdb5fc4801baf41f2f1bdeae80d63f",Article,"Final","",Scopus,2-s2.0-85199397652
"Philippe, J., Omond, A., Coullon, H., Prud'Homme, C., Raïs, I.","57196243708;59122629100;36195502500;55959538000;57191587914;","Fast Choreography of Cross-DevOps Reconfiguration with Ballet: A Multi-Site OpenStack Case Study",2024,"Proceedings 2024 IEEE International Conference on Software Analysis Evolution and Reengineering Saner 2024",,,,"1","11",0,4,"10.1109/SANER60148.2024.00007","https://www.scopus.com/inward/record.uri?eid=2-s2.0-85199801687&doi=10.1109%2fSANER60148.2024.00007&partnerID=40&md5=22ab3dba71d693b55b39923618234c47",Conference Paper,"Final","All Open Access, Green",Scopus,2-s2.0-85199801687
"Dakić, P.","57224193975;","Significance of Standards Compliance Organizations for the Sustainable Automotive Software and Car Production",2024,"Acta Polytechnica Hungarica","21","3",,"325","344",0,3,"10.12700/APH.21.3.2024.3.20","https://www.scopus.com/inward/record.uri?eid=2-s2.0-85211182609&doi=10.12700%2fAPH.21.3.2024.3.20&partnerID=40&md5=450c40670df5bbb626fdba4b0253f8cc",Article,"Final","All Open Access, Gold",Scopus,2-s2.0-85211182609
"Abbas, S.I., Singh, M.","58671169900;56040301000;","Enhancing Operational Efficiency and User Experience in Virtual Workspaces: A Comprehensive Analysis and Action Plan",2024,"Proceedings 2024 3rd International Conference on Sentiment Analysis and Deep Learning Icsadl 2024",,,,"52","58",0,1,"10.1109/ICSADL61749.2024.00014","https://www.scopus.com/inward/record.uri?eid=2-s2.0-85200704777&doi=10.1109%2fICSADL61749.2024.00014&partnerID=40&md5=b6121afe489c3957cb599064b67de9ca",Conference Paper,"Final","",Scopus,2-s2.0-85200704777
"Tazzioli, D., Sabbioni, A., Bujari, A., Foschini, L.","58930164700;57196191696;35118641200;7004212533;","Empowering Kubernetes with Platform Engineering to Automate IoT Processing Workflows Orchestration at the Edge",2024,"IEEE International Workshop on Computer Aided Modeling and Design of Communication Links and Networks Camad",,,,"","",0,1,"10.1109/CAMAD62243.2024.10942956","https://www.scopus.com/inward/record.uri?eid=2-s2.0-105002867861&doi=10.1109%2fCAMAD62243.2024.10942956&partnerID=40&md5=dceb4acaacb4658b88ac75d3d4acaa09",Conference Paper,"Final","",Scopus,2-s2.0-105002867861
"Alselek, M., Alcaraz-Calero, J.M., Wang, Q.","57203132054;25721805600;57091061800;","Agile AI and Firmware Management in IoT: DevOps for Low-Power Microcontroller-Based Platforms",2024,"2024 9th International Conference on Smart and Sustainable Technologies Splitech 2024",,,,"","",0,1,"10.23919/SpliTech61897.2024.10612585","https://www.scopus.com/inward/record.uri?eid=2-s2.0-85202438268&doi=10.23919%2fSpliTech61897.2024.10612585&partnerID=40&md5=0ad5ef2896e4f58f28ae7cea6281ca77",Conference Paper,"Final","All Open Access, Green",Scopus,2-s2.0-85202438268
"Subramaniam, A., Prajapati, D.H., Alremeithi, K., Sealy, W.","59301480600;59301561900;58928449600;56300928700;","Enhancing Autonomous Robotics Through Cloud Computing",2024,"Proceedings of the 2024 IEEE International Conference on Industry 4 0 Artificial Intelligence and Communications Technology Iaict 2024",,,,"259","265",0,3,"10.1109/IAICT62357.2024.10617458","https://www.scopus.com/inward/record.uri?eid=2-s2.0-85202293340&doi=10.1109%2fIAICT62357.2024.10617458&partnerID=40&md5=eac5f78cd10c9315525a7122ea0c0eb3",Conference Paper,"Final","",Scopus,2-s2.0-85202293340
"Khalaifat, W., Abdulaziz, F.","59550189000;58991514200;","Challenges and Opportunities of DevOps for IoT Systems:DevOps-For-IoT",2024,"2024 International Conference on Innovation and Intelligence for Informatics Computing and Technologies 3ict 2024",,,,"289","294",0,2,"10.1109/3ICT64318.2024.10824302","https://www.scopus.com/inward/record.uri?eid=2-s2.0-85217431991&doi=10.1109%2f3ICT64318.2024.10824302&partnerID=40&md5=5242ca672ea7a5d87db176774b1b8585",Conference Paper,"Final","",Scopus,2-s2.0-85217431991
"Mahalingam, G., Appusamy, R.","59296259300;56740520300;","Forecast for Container Retention in IoT Serverless Applications on OpenWhisk",2024,"International Journal of Advanced Computer Science and Applications","15","7",,"1217","1225",0,,"10.14569/IJACSA.2024.01507119","https://www.scopus.com/inward/record.uri?eid=2-s2.0-85201870188&doi=10.14569%2fIJACSA.2024.01507119&partnerID=40&md5=73e32d37e2c57ef17a49563ac5aff105",Article,"Final","All Open Access, Gold",Scopus,2-s2.0-85201870188
"Amiri, A., Steindl, G., Kastner, W.","57210982553;57210927410;8390971800;","Model-Based Systems Engineering for the Agile Life-Cycle Management of IIoT Based on DevOps",2024,"IEEE International Conference on Emerging Technologies and Factory Automation ETFA",,,,"","",0,1,"10.1109/ETFA61755.2024.10711004","https://www.scopus.com/inward/record.uri?eid=2-s2.0-85207817754&doi=10.1109%2fETFA61755.2024.10711004&partnerID=40&md5=828573e143732a97706a3ec05fe447fb",Conference Paper,"Final","",Scopus,2-s2.0-85207817754
"Yadav, V., Botchway, R.K., Šenkeřík, R., Komínková Oplatková, Z.","57303202200;57213065239;23975048900;15043128400;","A Kafka-Based Robot Automation Testing Using Genetic Algorithm",2024,"Lecture Notes in Electrical Engineering","1081",,,"297","308",0,,"10.1007/978-981-99-8703-0_25","https://www.scopus.com/inward/record.uri?eid=2-s2.0-85187790993&doi=10.1007%2f978-981-99-8703-0_25&partnerID=40&md5=ed779bc95cc8122cf373d156c79a7bbe",Conference Paper,"Final","",Scopus,2-s2.0-85187790993
"Boisrond, K., Tardif, P.M., Jaafar, F.","59244133000;6602263599;54684236700;","Ensuring the Integrity, Confidentiality, and Availability of IoT Data in Industry 5.0: A Systematic Mapping Study",2024,"IEEE Access","12",,,"107017","107045",0,16,"10.1109/ACCESS.2024.3434618","https://www.scopus.com/inward/record.uri?eid=2-s2.0-85200205212&doi=10.1109%2fACCESS.2024.3434618&partnerID=40&md5=2d471a22fbb95ce962bde104e6239ba9",Article,"Final","All Open Access, Gold, Green",Scopus,2-s2.0-85200205212
"Olsson, H.H., Bosch, J.","24335916300;56675290800;","Strategic Digital Product Management in the Age of AI",2024,"Lecture Notes in Business Information Processing","500 LNBIP",,,"344","359",0,5,"10.1007/978-3-031-53227-6_24","https://www.scopus.com/inward/record.uri?eid=2-s2.0-85188683557&doi=10.1007%2f978-3-031-53227-6_24&partnerID=40&md5=ff21f9d7826ae4b6d04a0c34aee99441",Conference Paper,"Final","All Open Access, Hybrid Gold, Green",Scopus,2-s2.0-85188683557
"Cederbladh, J., Berardinelli, L., Bruneliere, H., Cicchetti, A., Dehghani, M., Di Sipio, C., Miranda, J., Rahimi, A., Rubei, R., Suryadevara, J.","58813190300;23466256500;27067480800;22733357800;57214824076;57215525221;57190380083;58345727100;57204794283;23393730500;","Towards Automating Model-Based Systems Engineering in Industry - An Experience Report",2024,"Syscon 2024 18th Annual IEEE International Systems Conference Proceedings",,,,"","",0,10,"10.1109/SysCon61195.2024.10553610","https://www.scopus.com/inward/record.uri?eid=2-s2.0-85197357111&doi=10.1109%2fSysCon61195.2024.10553610&partnerID=40&md5=b5d90a171c904a3099a983981c72889a",Conference Paper,"Final","All Open Access, Green",Scopus,2-s2.0-85197357111
"Sharma, H.S., Sarkar, A., Singh, M.M.","57924722400;24578195200;56316589700;","An efficient deep learning-based solution for network intrusion detection in wireless sensor network",2023,"International Journal of System Assurance Engineering and Management","14","6",,"2423","2446",0,11,"10.1007/s13198-023-02090-0","https://www.scopus.com/inward/record.uri?eid=2-s2.0-85168120034&doi=10.1007%2fs13198-023-02090-0&partnerID=40&md5=6645e7434b26c93e3125c6f162137510",Article,"Final","",Scopus,2-s2.0-85168120034
"Ballhausen, H., Hinske, L.C.","55630336600;26635250300;","Federated Secure Computing",2023,"Informatics","10","4","83","","",0,5,"10.3390/informatics10040083","https://www.scopus.com/inward/record.uri?eid=2-s2.0-85180652343&doi=10.3390%2finformatics10040083&partnerID=40&md5=7bd84edde1728d48b92ba1c709648ead",Article,"Final","All Open Access, Gold, Green",Scopus,2-s2.0-85180652343
"Dobaj, J., Riel, A., Macher, G., Egretzberger, M.","57203317154;6507294478;56418503500;58823980100;","Towards DevOps for Cyber-Physical Systems (CPSs): Resilient Self-Adaptive Software for Sustainable Human-Centric Smart CPS Facilitated by Digital Twins",2023,"Machines","11","10","973","","",0,18,"10.3390/machines11100973","https://www.scopus.com/inward/record.uri?eid=2-s2.0-85175031906&doi=10.3390%2fmachines11100973&partnerID=40&md5=5e0d1126be87b6fd21b7b77f667e9194",Article,"Final","All Open Access, Gold, Green",Scopus,2-s2.0-85175031906
"Herrera, J.L., Berrocal, J., Forti, S., Brogi, A., Murillo, J.M.","57215896262;32667521200;57195946378;57193752782;8687210000;","Continuous QoS-aware adaptation of Cloud-IoT application placements",2023,"Computing","105","9",,"2037","2059",0,17,"10.1007/s00607-023-01153-1","https://www.scopus.com/inward/record.uri?eid=2-s2.0-85146955227&doi=10.1007%2fs00607-023-01153-1&partnerID=40&md5=2aa0174cfa74210569087c07d839e454",Article,"Final","All Open Access, Hybrid Gold, Green",Scopus,2-s2.0-85146955227
"Yeruva, A.R., Ramu, V.B.","57987691700;58313915600;","AIOps research innovations, performance impact and challenges faced",2023,"International Journal of System of Systems Engineering","13","3",,"229","247",0,12,"10.1504/IJSSE.2023.133013","https://www.scopus.com/inward/record.uri?eid=2-s2.0-85169931710&doi=10.1504%2fIJSSE.2023.133013&partnerID=40&md5=8191bb057f31134b1ba4e4b29adbcbad",Article,"Final","",Scopus,2-s2.0-85169931710
"Baron, C., Louis, V.","7102110919;57221372163;","Framework and tooling proposals for Agile certification of safety-critical embedded software in avionic systems",2023,"Computers in Industry","148",,"103887","","",0,10,"10.1016/j.compind.2023.103887","https://www.scopus.com/inward/record.uri?eid=2-s2.0-85150266211&doi=10.1016%2fj.compind.2023.103887&partnerID=40&md5=05e21ac80be2c1b4d10edda2b055e718",Article,"Final","All Open Access, Green",Scopus,2-s2.0-85150266211
"Zampetti, F., Tamburri, D., Panichella, S., Panichella, A., Canfora, G., Di Penta, M.","57193336107;35488974800;35095375100;35095519000;7006337131;6602794138;","Continuous Integration and Delivery Practices for Cyber-Physical Systems: An Interview-Based Study",2023,"ACM Transactions on Software Engineering and Methodology","32","3","73","","",0,20,"10.1145/3571854","https://www.scopus.com/inward/record.uri?eid=2-s2.0-85162002833&doi=10.1145%2f3571854&partnerID=40&md5=8c5f68470ca18aba99495f5eff0de260",Article,"Final","All Open Access, Bronze, Green",Scopus,2-s2.0-85162002833
"Fritzsch, J., Bogner, J., Haug, M., Franco da Silva, A.C., Rubner, C., Saft, M., Sauer, H., Wagner, S.","57203399187;57189261793;57221288954;57192212727;57953871500;23992624800;57130020300;55286051900;","Adopting microservices and DevOps in the cyber-physical systems domain: A rapid review and case study",2023,"Software Practice and Experience","53","3",,"790","810",0,20,"10.1002/spe.3169","https://www.scopus.com/inward/record.uri?eid=2-s2.0-85143406852&doi=10.1002%2fspe.3169&partnerID=40&md5=9523525a972a68fb24ff63b44e2cbb19",Article,"Final","All Open Access, Hybrid Gold, Green",Scopus,2-s2.0-85143406852
"Aktas, G., Ipek, B., Konukoglu, E.A., Aydin, Y.","57197953575;58928327600;58903669800;25627484300;","Development of Artificial Intelligence Supported Tool for Anomaly Detection in Cloud Computing Systems",2023,"4th International Conference on Electrical Communication and Computer Engineering Icecce 2023",,,,"","",0,3,"10.1109/ICECCE61019.2023.10442490","https://www.scopus.com/inward/record.uri?eid=2-s2.0-85187216002&doi=10.1109%2fICECCE61019.2023.10442490&partnerID=40&md5=b8757fc4dbd9890b9a9ff174cbce25a5",Conference Paper,"Final","",Scopus,2-s2.0-85187216002
"Aruna, K., Pradeep, G.","57560923200;57211448847;","CFSSN: Container with Fog based Scalable Self-organizing Network",2023,"Journal of Intelligent and Fuzzy Systems","44","3",,"4137","4148",0,1,"10.3233/JIFS-221524","https://www.scopus.com/inward/record.uri?eid=2-s2.0-85162041632&doi=10.3233%2fJIFS-221524&partnerID=40&md5=591e979ed8f0ac411bba21f6806182aa",Article,"Final","",Scopus,2-s2.0-85162041632
"Pautasso, C.","7801368483;","A Brief History of Liquid Software",2023,"Proceedings IEEE International Conference on Edge Computing","2023-July",,,"354","363",0,2,"10.1109/EDGE60047.2023.00058","https://www.scopus.com/inward/record.uri?eid=2-s2.0-85173460030&doi=10.1109%2fEDGE60047.2023.00058&partnerID=40&md5=9811364846d6e15a7240f662ca2eb259",Conference Paper,"Final","",Scopus,2-s2.0-85173460030
"Solayman, H.E., Qasha, R.P.","57682084000;57160066300;","Seamless Integration of DevOps Tools for Provisioning Automation of the IoT Application on Multi-Infrastructures",2023,"2023 3rd International Conference on Intelligent Communication and Computational Techniques ICCT 2023",,,,"","",0,5,"10.1109/ICCT56969.2023.10075814","https://www.scopus.com/inward/record.uri?eid=2-s2.0-85152204160&doi=10.1109%2fICCT56969.2023.10075814&partnerID=40&md5=5e873373df7c12295ebdc2ed09f39f3a",Conference Paper,"Final","",Scopus,2-s2.0-85152204160
"Di Modica, G., Galletta, A., Carnevale, L., Alkhansa, A., Costantini, A., Cesini, D., Bellavista, P., Villari, M.","57209339075;57195106941;57195963279;58033063300;8979348400;24757828000;6603925242;12645423500;","Orchestration of Containerized Applications in the Cloud Continuum",2023,"2023 IEEE International Conference on Pervasive Computing and Communications Workshops and Other Affiliated Events Percom Workshops 2023",,,,"44","49",0,2,"10.1109/PerComWorkshops56833.2023.10150375","https://www.scopus.com/inward/record.uri?eid=2-s2.0-85164185886&doi=10.1109%2fPerComWorkshops56833.2023.10150375&partnerID=40&md5=6cff86acc0607c87eccca0b4ccb7247d",Conference Paper,"Final","All Open Access, Green",Scopus,2-s2.0-85164185886
"Arrieta, A., Sagardui, G., Agirre, A., Afzal, W., Ali, S.","56514865400;13104721400;57203899020;24832739300;56962801700;","DevOps for Cyber-Physical Systems: Objectives, Results and Lessons Learned from the Adeptness H2020 Project",2023,"Proceedings 2023 26th Euromicro Conference on Digital System Design Dsd 2023",,,,"184","189",0,,"10.1109/DSD60849.2023.00035","https://www.scopus.com/inward/record.uri?eid=2-s2.0-85189142410&doi=10.1109%2fDSD60849.2023.00035&partnerID=40&md5=90af5e5356e971b99ce1ea57e637e0d2",Conference Paper,"Final","",Scopus,2-s2.0-85189142410
"Mehdi, A., Bali, M.K., Abbas, S.I., Singh, M.","58765521200;58765450700;58671169900;56040301000;","""Unleashing the Potential of Grafana: A Comprehensive Study on Real-Time Monitoring and Visualization""",2023,"2023 14th International Conference on Computing Communication and Networking Technologies Icccnt 2023",,,,"","",0,6,"10.1109/ICCCNT56998.2023.10306699","https://www.scopus.com/inward/record.uri?eid=2-s2.0-85179850781&doi=10.1109%2fICCCNT56998.2023.10306699&partnerID=40&md5=43b5a024a3740f66f8f86992de66c4e8",Conference Paper,"Final","",Scopus,2-s2.0-85179850781
"Obst, A.G., Eng, J., Decker, R.A., McNamara, H., Knuth, A., Becker, L.","58293752100;58293627900;58293883900;58294528500;55220569200;57219400231;","InSECTS Cloud Agnostic On-Orbit Processing for Satellite Development",2023,"IEEE Aerospace Conference Proceedings","2023-March",,,"","",0,1,"10.1109/AERO55745.2023.10115658","https://www.scopus.com/inward/record.uri?eid=2-s2.0-85160542905&doi=10.1109%2fAERO55745.2023.10115658&partnerID=40&md5=7ebb1ca7fbcd003093623a4de10b9767",Conference Paper,"Final","",Scopus,2-s2.0-85160542905
"Koren, I., Rinker, F., Meixner, K., Kröger, M., Zeng, M.","55820473400;57205417794;57204805351;57206397362;58311956400;","Implementing DevOps Practices in CPPS Using Microservices and GitOps",2023,"IEEE International Conference on Emerging Technologies and Factory Automation ETFA","2023-September",,,"","",0,5,"10.1109/ETFA54631.2023.10275433","https://www.scopus.com/inward/record.uri?eid=2-s2.0-85175481825&doi=10.1109%2fETFA54631.2023.10275433&partnerID=40&md5=4bd64811de7ade6b2e3dba1a445922cd",Conference Paper,"Final","",Scopus,2-s2.0-85175481825
"Alonso, J., Huarte, M., Arrieta, L.O.-E.","55961117200;58110005000;55681115900;","ACSmI: a solution to address the challenges of cloud services federation and monitoring towards the cloud continuum",2023,"International Journal of Computational Science and Engineering","26","5",,"537","554",0,1,"10.1504/IJCSE.2023.133676","https://www.scopus.com/inward/record.uri?eid=2-s2.0-85174051287&doi=10.1504%2fIJCSE.2023.133676&partnerID=40&md5=885d43158154f3538fc31c82db0ba213",Article,"Final","",Scopus,2-s2.0-85174051287
"Talekar, M., Harpale, V.K.","58928724700;56891625600;","CI-CD Workflow For Embedded System Design",2023,"2023 7th International Conference on Computing Communication Control and Automation Iccubea 2023",,,,"","",0,1,"10.1109/ICCUBEA58933.2023.10392168","https://www.scopus.com/inward/record.uri?eid=2-s2.0-85187248413&doi=10.1109%2fICCUBEA58933.2023.10392168&partnerID=40&md5=5005595a12ea3f8e44f9f3742e6d8c49",Conference Paper,"Final","",Scopus,2-s2.0-85187248413
"Buttar, A.M., Khalid, A., Alenezi, M., Akbar, M.A., Rafi, S., Gumaei, A.H., Riaz, M.T.","42262245300;58077304900;55854089000;57200183503;57215827304;55332296700;57217657646;","Optimization of DevOps Transformation for Cloud-Based Applications",2023,"Electronics Switzerland","12","2","357","","",0,10,"10.3390/electronics12020357","https://www.scopus.com/inward/record.uri?eid=2-s2.0-85146795884&doi=10.3390%2felectronics12020357&partnerID=40&md5=b1cc72fc574a3b491b58b3f87a4407fb",Article,"Final","All Open Access, Gold, Green",Scopus,2-s2.0-85146795884
"Simopoulos, D., Wolf, A.","57556546600;57556172900;","Overcoming New Technologies Challenges in IoT Security Labs: Strategies for Effective Adaptation",2023,"2023 IFIP Networking Conference IFIP Networking 2023",,,,"","",0,,"10.23919/IFIPNetworking57963.2023.10186388","https://www.scopus.com/inward/record.uri?eid=2-s2.0-85167867714&doi=10.23919%2fIFIPNetworking57963.2023.10186388&partnerID=40&md5=34195cd7244122d50f7caf9aee3e58c2",Conference Paper,"Final","",Scopus,2-s2.0-85167867714
"Guissouma, H., Zink, M., Sax, E.","57203912030;58246022900;35243409200;","Continuous Safety Assessment of Updated Supervised Learning Models in Shadow Mode",2023,"Proceedings IEEE 20th International Conference on Software Architecture Companion Icsa C 2023",,,,"301","308",0,8,"10.1109/ICSA-C57050.2023.00069","https://www.scopus.com/inward/record.uri?eid=2-s2.0-85159089396&doi=10.1109%2fICSA-C57050.2023.00069&partnerID=40&md5=021d8da5e9c87ee95ed26fe22f65534d",Conference Paper,"Final","",Scopus,2-s2.0-85159089396
"Moens, P., Andriessen, B., Sebrechts, M., Volckaert, B., Van Hoecke, S.","57215091723;58297913500;57193068481;6507089696;8576234000;","Edge Anomaly Detection Framework for AIOps in Cloud and IoT",2023,"International Conference on Cloud Computing and Services Science Closer Proceedings","2023-April",,,"204","211",0,5,"10.5220/0011838600003488","https://www.scopus.com/inward/record.uri?eid=2-s2.0-85160778762&doi=10.5220%2f0011838600003488&partnerID=40&md5=a1ca3d144c5634c8a13c03c7ebbd9e73",Conference Paper,"Final","All Open Access, Gold, Green",Scopus,2-s2.0-85160778762
"Zhong, T., Teng, Y., Ma, S., Chen, J., Yu, S.","58779517100;35308431000;57220858362;58778681400;57361588600;","A Microservices Identification Method Based on Spectral Clustering for Industrial Legacy Systems",2023,"2023 IEEE Globecom Workshops GC Wkshps 2023",,,,"1331","1337",0,3,"10.1109/GCWkshps58843.2023.10464508","https://www.scopus.com/inward/record.uri?eid=2-s2.0-85190244017&doi=10.1109%2fGCWkshps58843.2023.10464508&partnerID=40&md5=69236e38c0184b0ebe1c96b132947047",Conference Paper,"Final","",Scopus,2-s2.0-85190244017
"Byrne, K., Cevenini, A.","58654349300;58654247300;","Aligning DevOps Concepts with Agile Models of the Software Development Life Cycle (SLDC) in Pursuit of Continuous Regulatory Compliance",2023,"Lecture Notes in Electrical Engineering","1029 LNEE",,,"359","374",0,1,"10.1007/978-3-031-29078-7_32","https://www.scopus.com/inward/record.uri?eid=2-s2.0-85174446367&doi=10.1007%2f978-3-031-29078-7_32&partnerID=40&md5=50f09ec4385fa1ec9b4bcda52f50d1c3",Conference Paper,"Final","",Scopus,2-s2.0-85174446367
"Aktaş, G., Konukoǧlu, E., Aydin, Y.","57197953575;58903669800;25627484300;","Monitoring Approach and Framework Development for System Tracking in IoT Devices",2023,"14th International Conference on Electrical and Electronics Engineering Eleco 2023 Proceedings",,,,"","",0,1,"10.1109/ELECO60389.2023.10416017","https://www.scopus.com/inward/record.uri?eid=2-s2.0-85185827468&doi=10.1109%2fELECO60389.2023.10416017&partnerID=40&md5=b511d2eb1b65caf008c041ddff989d0e",Conference Paper,"Final","",Scopus,2-s2.0-85185827468
"Zhang, X., Tang, B., Yang, Q., Xu, W., Guo, F.","57442581900;50162526500;57202223559;57712834400;57221589772;","Cost-Optimized Microservice Deployment for IoT Application in Cloud-Edge Collaborative Environment",2023,"Proceedings of the 2023 26th International Conference on Computer Supported Cooperative Work in Design Cscwd 2023",,,,"873","878",0,5,"10.1109/CSCWD57460.2023.10152549","https://www.scopus.com/inward/record.uri?eid=2-s2.0-85164737463&doi=10.1109%2fCSCWD57460.2023.10152549&partnerID=40&md5=2dd2800ed432bfd5e98cae4473dd2bf2",Conference Paper,"Final","",Scopus,2-s2.0-85164737463
"Stanciu, A., Miclea, L.C.","22434453900;6508329176;","Ecosystem-Centric Approach to Intelligent Product Development: Paving the Way for Scalable and Adaptive Solutions",2023,"2023 27th International Conference on System Theory Control and Computing Icstcc 2023 Proceedings",,,,"493","498",0,1,"10.1109/ICSTCC59206.2023.10308437","https://www.scopus.com/inward/record.uri?eid=2-s2.0-85179506887&doi=10.1109%2fICSTCC59206.2023.10308437&partnerID=40&md5=b6b8111fe028b60232d954e01f65f515",Conference Paper,"Final","",Scopus,2-s2.0-85179506887
"Fornes-Leal, A., Biot, F.M., Vano, R., Simon, R.R., Szmeja, P., Lacalle, I., Palau, C.E.","56644785200;59145280600;57218282812;58999186900;55236510400;57211429006;55934518500;","Design Concepts of the ASSIST-IoT Smart Orchestrator for Managing the Realization of NGIoT Systems",2023,"2023 IEEE World Forum on Internet of Things the Blue Planet A Marriage of Sea and Space Wf Iot 2023",,,,"","",0,,"10.1109/WF-IoT58464.2023.10539440","https://www.scopus.com/inward/record.uri?eid=2-s2.0-85195395880&doi=10.1109%2fWF-IoT58464.2023.10539440&partnerID=40&md5=8e6aa94d95d499ace2a31279792fb3d6",Conference Paper,"Final","",Scopus,2-s2.0-85195395880
"Duser, T., Fischer, D., Freyer, J.","25925737100;58771042700;58656098600;","A Study on the Paradigm Shift in the Validation of Automated Vehicles",2023,"Iavvc 2023 IEEE International Automated Vehicle Validation Conference Proceedings",,,,"","",0,2,"10.1109/IAVVC57316.2023.10328076","https://www.scopus.com/inward/record.uri?eid=2-s2.0-85180126080&doi=10.1109%2fIAVVC57316.2023.10328076&partnerID=40&md5=929bc6915ebcef7c402cc9c7d2756a08",Conference Paper,"Final","",Scopus,2-s2.0-85180126080
"Varelas, T.J., Kaklis, D., Varlamis, I., Flori, A.","55316581800;57210581754;6603228762;58664810600;","Improving Voyage Efficiency in the Shipping 4.0 Decarbonization Era",2023,"Proceedings 17th IEEE International Conference on Service Oriented System Engineering Sose 2023",,,,"191","198",0,1,"10.1109/SOSE58276.2023.00030","https://www.scopus.com/inward/record.uri?eid=2-s2.0-85174918423&doi=10.1109%2fSOSE58276.2023.00030&partnerID=40&md5=af605c173de8914d9edb7eba3d08bfb8",Conference Paper,"Final","",Scopus,2-s2.0-85174918423
"Koren, I., Rinker, F., Meixner, K., Matevska, J., Walter, J.","55820473400;57205417794;57204805351;24479045500;57197514457;","Challenges and Opportunities of DevOps in Cyber-Physical Production Systems Engineering",2023,"Proceedings 2023 IEEE 6th International Conference on Industrial Cyber Physical Systems Icps 2023",,,,"","",0,17,"10.1109/ICPS58381.2023.10128073","https://www.scopus.com/inward/record.uri?eid=2-s2.0-85163077071&doi=10.1109%2fICPS58381.2023.10128073&partnerID=40&md5=539769b13b2db7a01501366388b07750",Conference Paper,"Final","",Scopus,2-s2.0-85163077071
"Combemale, B., Jezequel, J.-M., Perez, Q., Vojtisek, D., Jansen, N., Michael, J., Rademacher, F., Rumpe, B., Wortmann, A., Zhang, J.","24343217800;35618077100;57210745319;56507460600;57204976543;55341586200;57015087900;55861872700;56581745100;58813182600;","Model-Based DevOps: Foundations and Challenges",2023,"Proceedings 2023 ACM IEEE International Conference on Model Driven Engineering Languages and Systems Companion Models C 2023",,,,"429","433",0,12,"10.1109/MODELS-C59198.2023.00076","https://www.scopus.com/inward/record.uri?eid=2-s2.0-85182393081&doi=10.1109%2fMODELS-C59198.2023.00076&partnerID=40&md5=5093842f1c25cf16bbca726d628085df",Conference Paper,"Final","All Open Access, Green",Scopus,2-s2.0-85182393081
"Albeanu, G., Popențiu-Vlădicescu, F., Madsen, H.","6602656209;36696997800;56519253700;","Dependability Analysis in TwinOps Environments",2023,"28th Issat International Conference on Reliability and Quality in Design Rqd 2023",,,,"359","363",0,1,,"https://www.scopus.com/inward/record.uri?eid=2-s2.0-85174361796&partnerID=40&md5=5e6f4c9d4d2392ceb0fe400da7e8d3ba",Conference Paper,"Final","",Scopus,2-s2.0-85174361796
"Mohammed, Y.A., Nourildean, S.W.","57216726691;56487868100;","An Intelligent Encrypt/Decrypt Algorithm in IoT Regarding Home Data Privacy and Security",2023,"International Journal of Computing and Digital Systems","13","1",,"1351","1358",0,,"10.12785/ijcds/1301110","https://www.scopus.com/inward/record.uri?eid=2-s2.0-85165020696&doi=10.12785%2fijcds%2f1301110&partnerID=40&md5=51b4fdad4ef0a3ce95b5bb060e1a2113",Article,"Final","All Open Access, Gold",Scopus,2-s2.0-85165020696
"Lampe, B., Reiher, L., Zanger, L., Woopen, T., Van Kempen, R., Eckstein, L.","57219735081;57219740706;57218882437;57215353585;57219765293;35366150700;","RobotKube: Orchestrating Large-Scale Cooperative Multi-Robot Systems with Kubernetes and ROS",2023,"IEEE Conference on Intelligent Transportation Systems Proceedings ITSC",,,,"2719","2725",0,8,"10.1109/ITSC57777.2023.10422370","https://www.scopus.com/inward/record.uri?eid=2-s2.0-85186536716&doi=10.1109%2fITSC57777.2023.10422370&partnerID=40&md5=745371dee44d339afac3bce6e202255b",Conference Paper,"Final","All Open Access, Green",Scopus,2-s2.0-85186536716
"Oztoprak, K., Tuncel, Y.K., Butun, I.","21743623400;57355405300;35316899700;","Technological Transformation of Telco Operators towards Seamless IoT Edge-Cloud Continuum",2023,"Sensors","23","2","1004","","",0,31,"10.3390/s23021004","https://www.scopus.com/inward/record.uri?eid=2-s2.0-85146716356&doi=10.3390%2fs23021004&partnerID=40&md5=bec43988db55dc23f472eb2236be675f",Article,"Final","All Open Access, Gold, Green",Scopus,2-s2.0-85146716356
"Colarusso, C., De Iasio, A., Furno, A., Goglia, L., Merzoug, M.A., Zimeo, E.","57221690896;57215427627;54790878400;57215601767;56495320100;6602933134;","PROMENADE: A big data platform for handling city complex networks with dynamic graphs",2022,"Future Generation Computer Systems","137",,,"129","145",0,10,"10.1016/j.future.2022.07.008","https://www.scopus.com/inward/record.uri?eid=2-s2.0-85135137434&doi=10.1016%2fj.future.2022.07.008&partnerID=40&md5=cc50de6395a2f7f6162d347617d08e4e",Article,"Final","All Open Access, Hybrid Gold",Scopus,2-s2.0-85135137434
"Pereira, I.M., Carneiro, T.G.D.S., Figueiredo, E.","57193726837;6505541905;18433988600;","Investigating Continuous Delivery on IoT Systems",2022,"ACM International Conference Proceeding Series",,,"8","","",0,3,"10.1145/3493244.3493261","https://www.scopus.com/inward/record.uri?eid=2-s2.0-85147693522&doi=10.1145%2f3493244.3493261&partnerID=40&md5=b6d7a3d9449d63a7edd076e701e1b93b",Conference Paper,"Final","",Scopus,2-s2.0-85147693522
"Chadha, M., Pacyna, V., Jindal, A., Gu, J., Gerndt, M.","57193381434;57933767100;57203162595;57348828300;22333929300;","Migrating from Microservices to Serverless: An IoT Platform Case Study",2022,"Wosc 2022 Proceedings of the 8th International Workshop on Serverless Computing Part of Middleware 2022",,,,"19","24",0,1,"10.1145/3565382.3565881","https://www.scopus.com/inward/record.uri?eid=2-s2.0-85145557445&doi=10.1145%2f3565382.3565881&partnerID=40&md5=b23aab768c1cb70af98b192732e11f5f",Conference Paper,"Final","",Scopus,2-s2.0-85145557445
"Bergelin, J., Strandberg, P.E.","57713657400;57193354005;","Industrial requirements for supporting AI-enhanced model-driven engineering",2022,"Proceedings ACM IEEE 25th International Conference on Model Driven Engineering Languages and Systems Models 2022 Companion Proceedings",,,,"375","379",0,4,"10.1145/3550356.3561609","https://www.scopus.com/inward/record.uri?eid=2-s2.0-85142919611&doi=10.1145%2f3550356.3561609&partnerID=40&md5=3f673a8fe0276221b6726c9c312cd7e8",Conference Paper,"Final","",Scopus,2-s2.0-85142919611
"Zampetti, F., Nardone, V., Di Penta, M.","57193336107;56940443100;6602794138;","Problems and Solutions in Applying Continuous Integration and Delivery to 20 Open-Source Cyber-Physical Systems",2022,"Proceedings 2022 Mining Software Repositories Conference MSR 2022",,,,"646","657",0,8,"10.1145/3524842.3527948","https://www.scopus.com/inward/record.uri?eid=2-s2.0-85134077833&doi=10.1145%2f3524842.3527948&partnerID=40&md5=b350cd117aa5b70dc310f3185e0dc60b",Conference Paper,"Final","All Open Access, Gold",Scopus,2-s2.0-85134077833
"Bruneliere, H., Muttillo, V., Eramo, R., Berardinelli, L., Gómez, A., Bagnato, A., Sadovykh, A., Cicchetti, A.","27067480800;56805275400;18039710400;23466256500;14050365600;36052505500;24479058100;22733357800;","AIDOaRt: AI-augmented Automation for DevOps, a model-based framework for continuous development in Cyber–Physical Systems",2022,"Microprocessors and Microsystems","94",,"104672","","",0,33,"10.1016/j.micpro.2022.104672","https://www.scopus.com/inward/record.uri?eid=2-s2.0-85138071342&doi=10.1016%2fj.micpro.2022.104672&partnerID=40&md5=e0e1ce282b8b3929d9c739c230de17cf",Article,"Final","All Open Access, Green",Scopus,2-s2.0-85138071342
"Song, H., Dautov, R., Ferry, N., Solberg, A., Fleurey, F.","57195274282;56626911600;35291975700;14827375100;8582683100;","Model-based fleet deployment in the IoT–edge–cloud continuum",2022,"Software and Systems Modeling","21","5",,"1931","1956",0,23,"10.1007/s10270-022-01006-z","https://www.scopus.com/inward/record.uri?eid=2-s2.0-85129268131&doi=10.1007%2fs10270-022-01006-z&partnerID=40&md5=55e80ed917209bc084b7101e1d9e50cc",Article,"Final","All Open Access, Hybrid Gold",Scopus,2-s2.0-85129268131
"Hitimana, E., Bajpai, G., Musabe, R., Sibomana, L., Jayavel, K.","57222516825;57202923371;54895164500;55849220600;57188638422;","Containerized Architecture Performance Analysis for IoT Framework Based on Enhanced Fire Prevention Case Study: Rwanda",2022,"Sensors","22","17","6462","","",0,5,"10.3390/s22176462","https://www.scopus.com/inward/record.uri?eid=2-s2.0-85137560749&doi=10.3390%2fs22176462&partnerID=40&md5=14018ca55236c5831192eb9c4c8daa33",Article,"Final","All Open Access, Gold, Green",Scopus,2-s2.0-85137560749
"Yasar, H., Teplov, S.E.","57193614147;57219505072;","DevSecOps in Embedded Systems: An Empirical Study of Past Literature",2022,"ACM International Conference Proceeding Series",,,"155","","",0,9,"10.1145/3538969.3544451","https://www.scopus.com/inward/record.uri?eid=2-s2.0-85136963110&doi=10.1145%2f3538969.3544451&partnerID=40&md5=8b11a05ccd465e59bed382b34ba05f68",Conference Paper,"Final","All Open Access, Hybrid Gold",Scopus,2-s2.0-85136963110
"Kartheeyayini, V., Madhumitha, S., Lalitha, G., Jackulin, C., Subramanian, K.","57722806100;57723275300;57722483800;57216490406;57195072550;","AWS cloud computing platforms deployment of landing zone - Infrastructure as a code",2022,"Aip Conference Proceedings","2393",,"020175","","",0,2,"10.1063/5.0079757","https://www.scopus.com/inward/record.uri?eid=2-s2.0-85131163612&doi=10.1063%2f5.0079757&partnerID=40&md5=ca420b02db12f877d87668f87d2f211f",Conference Paper,"Final","",Scopus,2-s2.0-85131163612
"Alonso, J., Orue-Echevarria, L., Huarte, M.","55961117200;55681115900;58110005000;","CloudOps: Towards the Operationalization of the Cloud Continuum: Concepts, Challenges and a Reference Framework",2022,"Applied Sciences Switzerland","12","9","4347","","",0,17,"10.3390/app12094347","https://www.scopus.com/inward/record.uri?eid=2-s2.0-85129018309&doi=10.3390%2fapp12094347&partnerID=40&md5=60fc7f14948387e4e9723a4a0fa3ebcf",Article,"Final","All Open Access, Gold, Green",Scopus,2-s2.0-85129018309
"Cui, D., Xia, M.","57209306004;59396664800;","Application of Virtualization Technology in Aeronautical Computing Field [虚 拟 化 技 术 在 航 空 计 算 领 域 的 应 用]",2022,"Advances in Aeronautical Science and Engineering","13","2",,"71","77",0,4,"10.16615/j.cnki.1674-8190.2022.02.11","https://www.scopus.com/inward/record.uri?eid=2-s2.0-85188859912&doi=10.16615%2fj.cnki.1674-8190.2022.02.11&partnerID=40&md5=9d2cc7ff4430f5ed859f7608cab79720",Article,"Final","",Scopus,2-s2.0-85188859912
"Mizutani, I., Ramanathan, G., Mayer, S.","57189249195;57214261242;42861937800;","Integrating Multi-Disciplinary Offline and Online Engineering in Industrial Cyber-Physical Systems through DevOps",2022,"ACM International Conference Proceeding Series",,,,"40","47",0,11,"10.1145/3494322.3494328","https://www.scopus.com/inward/record.uri?eid=2-s2.0-85127142227&doi=10.1145%2f3494322.3494328&partnerID=40&md5=84e9604b832c2aa9c2361a6919ca59d5",Conference Paper,"Final","",Scopus,2-s2.0-85127142227
"Cañete, A., Amor, M., Fuentes, L.","57210886346;7004952527;7006580503;","Supporting IoT applications deployment on edge-based infrastructures using multi-layer feature models",2022,"Journal of Systems and Software","183",,"111086","","",0,20,"10.1016/j.jss.2021.111086","https://www.scopus.com/inward/record.uri?eid=2-s2.0-85115968962&doi=10.1016%2fj.jss.2021.111086&partnerID=40&md5=f776b736335e0a4db66f5f7b7902e6b2",Article,"Final","All Open Access, Hybrid Gold, Green",Scopus,2-s2.0-85115968962
"Rai, B.K., Zaidi, S.A.H., Singh, D.","57420954100;57716900200;57715876400;","DevOps Sensoring Neuro Cluster",2022,"Lecture Notes in Electrical Engineering","828",,,"69","77",0,1,"10.1007/978-981-16-7985-8_8","https://www.scopus.com/inward/record.uri?eid=2-s2.0-85130867676&doi=10.1007%2f978-981-16-7985-8_8&partnerID=40&md5=3c4a26cd1d583c8a62081f65a4313f0b",Conference Paper,"Final","",Scopus,2-s2.0-85130867676
"Sankararaman, A., Narayanaswamy, B., Singh, V., Song, Z.","57063481300;14071642900;58021159500;58363350000;","FITNESS: (Fine Tune on New and Similar Samples) to detect anomalies in streams with drift and outliers",2022,"Proceedings of Machine Learning Research","162",,,"19153","19177",0,10,,"https://www.scopus.com/inward/record.uri?eid=2-s2.0-85153761783&partnerID=40&md5=06a00e97e990e0db28c0f86745d9939b",Conference Paper,"Final","",Scopus,2-s2.0-85153761783
"Gartziandia, A., Ayerdi, J., Arrieta, A., Ali, S., Yue, T., Agirre, A., Sagardui, G., Arratibel, M.","57223128564;57211242935;56514865400;56962801700;25651096400;57203899020;13104721400;57219568384;","Extended abstract of “Microservices for Continuous Deployment, Monitoring and Validation in Cyber-Physical Systems: an Industrial Case Study for Elevators Systems”",2022,"26th Jornadas De Ingenieria Del Software Y Bases De Datos Jisbd 2022",,,,"","",0,,"10.1109/ICSA-C52384.2021.00014","https://www.scopus.com/inward/record.uri?eid=2-s2.0-85177873814&doi=10.1109%2fICSA-C52384.2021.00014&partnerID=40&md5=c24084efd38407b59190565d9fba65ac",Conference Paper,"Final","All Open Access, Green",Scopus,2-s2.0-85177873814
"Dobaj, J., Riel, A., Krug, T., Seidl, M., MacHer, G., Egretzberger, M.","57203317154;6507294478;57218595912;57218597496;56418503500;58823980100;","Towards Digital Twin-enabled DevOps for CPS providing Architecture-Based Service Adaptation & Verification at Runtime",2022,"Proceedings 17th Symposium on Software Engineering for Adaptive and Self Managing Systems Seams 2022",,,,"132","143",0,28,"10.1145/3524844.3528057","https://www.scopus.com/inward/record.uri?eid=2-s2.0-85134157307&doi=10.1145%2f3524844.3528057&partnerID=40&md5=98483941e58e90a1eb0a82c5852699a1",Conference Paper,"Final","All Open Access, Gold, Green",Scopus,2-s2.0-85134157307
"Arrieta, A., Otaegi, M., Han, L., Sagardui, G., Ali, S., Arratibel, M.","56514865400;57841931300;57841637400;13104721400;56962801700;57219568384;","Automating Test Oracle Generation in DevOps for Industrial Elevators",2022,"Proceedings 2022 IEEE International Conference on Software Analysis Evolution and Reengineering Saner 2022",,,,"284","288",0,8,"10.1109/SANER53432.2022.00044","https://www.scopus.com/inward/record.uri?eid=2-s2.0-85135769441&doi=10.1109%2fSANER53432.2022.00044&partnerID=40&md5=a2790bff5ac4f932329baeba3c3f690c",Conference Paper,"Final","All Open Access, Green",Scopus,2-s2.0-85135769441
"Sarma, S.K.","57216287326;","Hybrid optimised deep learning-deep belief network for attack detection in the internet of things",2022,"Journal of Experimental and Theoretical Artificial Intelligence","34","4",,"695","724",0,7,"10.1080/0952813X.2021.1924868","https://www.scopus.com/inward/record.uri?eid=2-s2.0-85107485462&doi=10.1080%2f0952813X.2021.1924868&partnerID=40&md5=6b41384064f037e34f852e4d37b4abed",Article,"Final","",Scopus,2-s2.0-85107485462
"Campell, C., Graber, J., Tashakkori, R., O'Brien, W.","58017947600;57679576800;6603105339;57678051900;","IoT Apiary Fleet Management with Jenkins",2022,"2022 IEEE 13th Annual Ubiquitous Computing Electronics and Mobile Communication Conference Uemcon 2022",,,,"328","335",0,1,"10.1109/UEMCON54665.2022.9965635","https://www.scopus.com/inward/record.uri?eid=2-s2.0-85144077888&doi=10.1109%2fUEMCON54665.2022.9965635&partnerID=40&md5=9e14400437a6852159aa4971edf6392b",Conference Paper,"Final","",Scopus,2-s2.0-85144077888
"Łuczak, A., Stróżański, K., Orłowski, C.","58134574800;58134574900;57204234589;","A Model of a Parallel Design Environment for the Development of Decision-Making IoT Systems",2022,"Lecture Notes in Computer Science Including Subseries Lecture Notes in Artificial Intelligence and Lecture Notes in Bioinformatics","13750 LNCS",,,"157","170",0,1,"10.1007/978-3-662-66597-8_9","https://www.scopus.com/inward/record.uri?eid=2-s2.0-85149615760&doi=10.1007%2f978-3-662-66597-8_9&partnerID=40&md5=8ffd222946ee7191f6e9b5bd59af4450",Conference Paper,"Final","",Scopus,2-s2.0-85149615760
"Rocher, G., Tigli, J.-Y., Lavirotte, S.","57188680515;6602916792;13605275200;","Semantic Inferences Towards Smart IoT-Based Systems Actuation Conflicts Management",2022,"IFIP Advances in Information and Communication Technology","665 IFIP",,,"255","273",0,1,"10.1007/978-3-031-18872-5_15","https://www.scopus.com/inward/record.uri?eid=2-s2.0-85142690823&doi=10.1007%2f978-3-031-18872-5_15&partnerID=40&md5=bc815140abdc16fdd20c460d562d8dc6",Conference Paper,"Final","All Open Access, Green",Scopus,2-s2.0-85142690823
"Bijwe, A., Shankar, P.","58067668100;57703312800;","Challenges of Adopting DevOps Culture on the Internet of Things Applications - A Solution Model",2022,"Proceedings of International Conference on Technological Advancements in Computational Sciences Ictacs 2022",,,,"638","645",0,14,"10.1109/ICTACS56270.2022.9988182","https://www.scopus.com/inward/record.uri?eid=2-s2.0-85146369003&doi=10.1109%2fICTACS56270.2022.9988182&partnerID=40&md5=1b9ab2121c598f839ea897846c35d290",Conference Paper,"Final","",Scopus,2-s2.0-85146369003
"Hasko, R., Hasko, O., Strauss, C., Vyshnevska, S.","24479272400;57210409232;7006744372;58021194600;","MEdOps - Medical Education with Emphasis on Robotics",2022,"Ceur Workshop Proceedings","3302",,,"266","271",0,3,,"https://www.scopus.com/inward/record.uri?eid=2-s2.0-85144223792&partnerID=40&md5=821fc404e94b9568705fd492bf7876d9",Conference Paper,"Final","",Scopus,2-s2.0-85144223792
"Hass, D., Spillner, J.","57223916995;14042825100;","Workload Deployment and Configuration Reconciliation at Scale in Kubernetes-Based Edge-Cloud Continuums",2022,"Proceedings 2022 21st International Symposium on Parallel and Distributed Computing Ispdc 2022",,,,"121","128",0,2,"10.1109/ISPDC55340.2022.00026","https://www.scopus.com/inward/record.uri?eid=2-s2.0-85142859926&doi=10.1109%2fISPDC55340.2022.00026&partnerID=40&md5=dfa733d6e26d73dfb1660e198a552f06",Conference Paper,"Final","All Open Access, Green",Scopus,2-s2.0-85142859926
"Guissouma, H., Hohl, C.P., Lesniak, F., Schindewolf, M., Becker, J., Sax, E.","57203912030;57215532775;57188710189;57340315800;55842468000;35243409200;","Lifecycle Management of Automotive Safety-Critical Over the Air Updates: A Systems Approach",2022,"IEEE Access","10",,,"57696","57717",0,31,"10.1109/ACCESS.2022.3176879","https://www.scopus.com/inward/record.uri?eid=2-s2.0-85130791684&doi=10.1109%2fACCESS.2022.3176879&partnerID=40&md5=6474f2e5fa0b58e70f580da1b9280ba1",Article,"Final","All Open Access, Gold, Green",Scopus,2-s2.0-85130791684
"Kassif Traore, S.A., Valero, M., Shahriar, H., Zhao, L., Ahamed, S., Lee, A.","57866023700;56261438400;23096391900;56278541200;7005199740;55477235200;","Enabling Cyberanalytics using IoT Clusters and Containers",2022,"Proceedings 2022 IEEE 46th Annual Computers Software and Applications Conference Compsac 2022",,,,"1798","1803",0,2,"10.1109/COMPSAC54236.2022.00286","https://www.scopus.com/inward/record.uri?eid=2-s2.0-85136984181&doi=10.1109%2fCOMPSAC54236.2022.00286&partnerID=40&md5=a5136412272adbbe9d87b3f922c62299",Conference Paper,"Final","",Scopus,2-s2.0-85136984181
"Dasi, S., Srinivas, Y., Vadivel, M., Satpathy, R., Dash, B.B., De, U.C.","57646391500;57642698800;56335753000;57425440500;57645650600;36725641600;","Internet of Things (IoT) based Comprehensive testing of 5G network for Specific Absorption Rate (SAR)",2022,"Proceedings of the International Conference on Electronics and Renewable Systems Icears 2022",,,,"506","510",0,1,"10.1109/ICEARS53579.2022.9751967","https://www.scopus.com/inward/record.uri?eid=2-s2.0-85128937747&doi=10.1109%2fICEARS53579.2022.9751967&partnerID=40&md5=5c4ccbd394e2f8b8721d880195b23600",Conference Paper,"Final","",Scopus,2-s2.0-85128937747
"López-Viana, R., Díaz, J., Pérez, J.E.","57219440457;35092351500;57218886032;","Continuous Deployment in IoT Edge Computing A GitOps implementation",2022,"Iberian Conference on Information Systems and Technologies Cisti","2022-June",,,"","",0,10,"10.23919/CISTI54924.2022.9820108","https://www.scopus.com/inward/record.uri?eid=2-s2.0-85134814582&doi=10.23919%2fCISTI54924.2022.9820108&partnerID=40&md5=bb63e5fbe014ef1b1e0dab786dffe1a2",Conference Paper,"Final","",Scopus,2-s2.0-85134814582
"Siau, K., Woo, C., Storey, V.C., Chiang, R.H.L., Chua, C.E.H., Beard, J.W.","7003774702;7102601023;7003462863;56254265700;57216717174;59598133000;","Information Systems Analysis and Design: Past Revolutions, Present Challenges, and Future Research Directions",2022,"Communications of the Association for Information Systems","50","1","33","835","856",0,15,"10.17705/1CAIS.05037","https://www.scopus.com/inward/record.uri?eid=2-s2.0-85133364294&doi=10.17705%2f1CAIS.05037&partnerID=40&md5=b5af3f1f5b322b77913acdd6fafafd09",Article,"Final","All Open Access, Bronze, Green",Scopus,2-s2.0-85133364294
"Usman, M., Ferlin, S., Brunstrom, A., Taheri, J.","57212398647;55361182400;6603120426;55896986000;","A Survey on Observability of Distributed Edge & Container-Based Microservices",2022,"IEEE Access","10",,,"86904","86919",0,87,"10.1109/ACCESS.2022.3193102","https://www.scopus.com/inward/record.uri?eid=2-s2.0-85135227242&doi=10.1109%2fACCESS.2022.3193102&partnerID=40&md5=5104a6938957d2ea325200b62a5b9e9f",Article,"Final","All Open Access, Gold, Green",Scopus,2-s2.0-85135227242
"Zhao, J., Eoff, U., Luo, F., Xu, G., Xiang, H., Zhong, H.","57216369789;8702940200;57226755222;58199351500;57226736307;57226739740;","DevOps for Open Source Multimedia Frameworks",2022,"Lecture Notes in Networks and Systems","283",,,"244","254",0,,"10.1007/978-3-030-80119-9_13","https://www.scopus.com/inward/record.uri?eid=2-s2.0-85112503976&doi=10.1007%2f978-3-030-80119-9_13&partnerID=40&md5=8730d57e021b2f7539bdc47da6f987b3",Conference Paper,"Final","",Scopus,2-s2.0-85112503976
"van Tooren, M., Reti, D., Schneider, D., Bassem, C., Santos de la Cámara, R., Schotten, H.D.","57911192700;57203167704;57205124226;57220028830;55272360200;7004559819;","Research Questions in the Acceptance of Cybersecurity by SMEs in the EU",2022,"Lecture Notes in Computer Science Including Subseries Lecture Notes in Artificial Intelligence and Lecture Notes in Bioinformatics","13415 LNCS",,,"247","255",0,1,"10.1007/978-3-031-14862-0_18","https://www.scopus.com/inward/record.uri?eid=2-s2.0-85139067471&doi=10.1007%2f978-3-031-14862-0_18&partnerID=40&md5=148354502e2656af0f60cdf39bafc83d",Conference Paper,"Final","",Scopus,2-s2.0-85139067471
"Le-Anh, T., Nguyen-Van, B., Le-Trung, Q.","60151168200;57768665000;26428806400;","An Intelligent Edge System for Face Mask Recognition Application",2022,"Lecture Notes of the Institute for Computer Sciences Social Informatics and Telecommunications Engineering Lnicst","444 LNICST",,,"107","124",0,4,"10.1007/978-3-031-08878-0_8","https://www.scopus.com/inward/record.uri?eid=2-s2.0-85132989390&doi=10.1007%2f978-3-031-08878-0_8&partnerID=40&md5=0da428e5236714eb79af95a6ec8536f2",Conference Paper,"Final","",Scopus,2-s2.0-85132989390
"Goh, J.E.E., Mojado, C.V., Manaligod, H.J.T.","57215410885;58251771700;57206480850;","Competency Model for Programming Courses in Information Technology Education (ITE) Programs from Industry Perspective: A Delphi Method",2022,"2022 IEEE 14th International Conference on Humanoid Nanotechnology Information Technology Communication and Control Environment and Management Hnicem 2022",,,,"","",0,5,"10.1109/HNICEM57413.2022.10109471","https://www.scopus.com/inward/record.uri?eid=2-s2.0-85159416798&doi=10.1109%2fHNICEM57413.2022.10109471&partnerID=40&md5=40ad867f5f39f65944456a223adf8409",Conference Paper,"Final","",Scopus,2-s2.0-85159416798
"Shiang-Jiun, C., Yu-Chun, P., Yi-Wei, M., Cheng-Mou, C., Chi-Chin, T.","57560500100;16029794700;35117935100;57004195900;57560277500;","Trustworthy Software Development-Practical view of security processes through MVP methodology",2022,"International Conference on Advanced Communication Technology Icact","2022-February",,,"412","416",0,2,"10.23919/ICACT53585.2022.9728811","https://www.scopus.com/inward/record.uri?eid=2-s2.0-85127534656&doi=10.23919%2fICACT53585.2022.9728811&partnerID=40&md5=a9089b06a47d8c6e24abb722e79d7684",Conference Paper,"Final","",Scopus,2-s2.0-85127534656
"Schwaiger, P., Simopoulos, D., Wolf, A.","57556546700;57556546600;57556172900;","Automated IoT security testing with SecLab",2022,"Proceedings of the IEEE IFIP Network Operations and Management Symposium 2022 Network and Service Management in the Era of Cloudification Softwarization and Artificial Intelligence NOMS 2022",,,,"","",0,5,"10.1109/NOMS54207.2022.9789797","https://www.scopus.com/inward/record.uri?eid=2-s2.0-85133182088&doi=10.1109%2fNOMS54207.2022.9789797&partnerID=40&md5=8403702382596878fd74710ac520bed2",Conference Paper,"Final","",Scopus,2-s2.0-85133182088
"Sleibi, N., Aldaghamin, A., Wolff, C.","57219799569;57219804215;54421696300;","Automating Distributed Production Testing",2022,"Cando EPE 2022 Proceedings IEEE 5th International Conference and Workshop in Obuda on Electrical and Power Engineering",,,,"147","152",0,3,"10.1109/CANDO-EPE57516.2022.10046366","https://www.scopus.com/inward/record.uri?eid=2-s2.0-85149518556&doi=10.1109%2fCANDO-EPE57516.2022.10046366&partnerID=40&md5=8a1fc6e10294e903c3105145d90efcb0",Conference Paper,"Final","",Scopus,2-s2.0-85149518556
"Yulianto, Y., Utami, E., Kusnawi","57697069100;35796613800;57202045654;","Automatic Deployment Pipeline for Containerized Application of IoT Device",2022,"Proceeding 6th International Conference on Information Technology Information Systems and Electrical Engineering Applying Data Sciences and Artificial Intelligence Technologies for Environmental Sustainability Icitisee 2022",,,,"81","86",0,4,"10.1109/ICITISEE57756.2022.10057699","https://www.scopus.com/inward/record.uri?eid=2-s2.0-85150422722&doi=10.1109%2fICITISEE57756.2022.10057699&partnerID=40&md5=ce40dc92158ed62e482f1a475267b817",Conference Paper,"Final","",Scopus,2-s2.0-85150422722
"Dautov, R., Husom, E.J., Gonidis, F., Papatzelos, S., Malamas, N.","56626911600;57220550985;55968750200;57983814800;57292042900;","Bridging the Gap Between Java and Python in Mobile Software Development to Enable MLOps",2022,"International Conference on Wireless and Mobile Computing Networking and Communications","2022-October",,,"363","368",0,4,"10.1109/WiMob55322.2022.9941679","https://www.scopus.com/inward/record.uri?eid=2-s2.0-85142676326&doi=10.1109%2fWiMob55322.2022.9941679&partnerID=40&md5=ffeebd57cd963a1cd94ec48e1e7c56b7",Conference Paper,"Final","",Scopus,2-s2.0-85142676326
"Mikkonen, T., Pautasso, C., Systa, K., Taivalsaari, A.","57220096141;7801368483;6506558673;6507045147;","Cargo-Cult Containerization: A Critical View of Containers in Modern Software Development",2022,"Proceedings 16th IEEE International Conference on Service Oriented System Engineering Sose 2022",,,,"93","98",0,2,"10.1109/SOSE55356.2022.00017","https://www.scopus.com/inward/record.uri?eid=2-s2.0-85141391530&doi=10.1109%2fSOSE55356.2022.00017&partnerID=40&md5=da341c6c3c1a073e8e4298239a3450ca",Conference Paper,"Final","",Scopus,2-s2.0-85141391530
"Ganeshan, M., Rajesh, A.","59296259300;56740520300;","Implementation of DevOps Culture in Customizing Serverless Computing and Function as a Service (FaaS) for IoT Mashup",2022,"Lecture Notes in Networks and Systems","321",,,"375","384",0,,"10.1007/978-981-16-5987-4_38","https://www.scopus.com/inward/record.uri?eid=2-s2.0-85123278026&doi=10.1007%2f978-981-16-5987-4_38&partnerID=40&md5=fdb0a04ccff3c28c52fde5becea839ed",Conference Paper,"Final","",Scopus,2-s2.0-85123278026
"Neto, E.C.P., Dadkhah, S., Ghorbani, A.A.","57203989692;57222049220;57219106164;","Collaborative DDoS Detection in Distributed Multi-Tenant IoT using Federated Learning",2022,"2022 19th Annual International Conference on Privacy Security and Trust Pst 2022",,,,"","",0,41,"10.1109/PST55820.2022.9851984","https://www.scopus.com/inward/record.uri?eid=2-s2.0-85137843333&doi=10.1109%2fPST55820.2022.9851984&partnerID=40&md5=f9799ea5265f23227cfd9fbc760db4c0",Conference Paper,"Final","",Scopus,2-s2.0-85137843333
"Judvaitis, J., Balass, R., Greitans, M.","55023815600;55023815700;24478597700;","Mobile iot-edge-cloud continuum based and devops enabled software framework",2021,"Journal of Sensor and Actuator Networks","10","4","62","","",0,12,"10.3390/jsan10040062","https://www.scopus.com/inward/record.uri?eid=2-s2.0-85119038134&doi=10.3390%2fjsan10040062&partnerID=40&md5=682ccac478ec1c2d9bcab3e0ed5a2969",Article,"Final","All Open Access, Gold, Green",Scopus,2-s2.0-85119038134
"Mitzutani, I., Ramanathan, G., Mayer, S.","57370285200;57214261242;42861937800;","Semantic data integration with DevOps to support engineering process of intelligent building automation systems",2021,"Buildsys 2021 Proceedings of the 2021 ACM International Conference on Systems for Energy Efficient Built Environments",,,,"294","297",0,8,"10.1145/3486611.3492413","https://www.scopus.com/inward/record.uri?eid=2-s2.0-85120994325&doi=10.1145%2f3486611.3492413&partnerID=40&md5=137be4a33d881268bbdcfe8310a7eb8d",Conference Paper,"Final","",Scopus,2-s2.0-85120994325
"Pereira, I., Carneiro, T., Figueiredo, E.","57193726837;6505541905;18433988600;","Main Differences of DevOps on IoT Systems",2021,"ACM International Conference Proceeding Series",,,,"315","319",0,1,"10.1145/3474624.3474630","https://www.scopus.com/inward/record.uri?eid=2-s2.0-85117155769&doi=10.1145%2f3474624.3474630&partnerID=40&md5=a3645e6241a7fef589aa09a07faaf5db",Conference Paper,"Final","",Scopus,2-s2.0-85117155769
"Kumara, I., Mundt, P., Tokmakov, K., Radolović, D., Maslennikov, A., González, R.S., Fabeiro, J.F., Quattrocchi, G., Meth, K., Di Nitto, E., Tamburri, D.A., Van Den Heuvel, W.-J., Meditskos, G.","36662316400;55345381000;57216590117;57105737100;57225974197;57192167470;56085460900;57090214300;6507959734;6602196755;35488974800;7005472245;14035720700;","SODALITE@RT: Orchestrating Applications on Cloud-Edge Infrastructures",2021,"Journal of Grid Computing","19","3","29","","",0,26,"10.1007/s10723-021-09572-0","https://www.scopus.com/inward/record.uri?eid=2-s2.0-85109930985&doi=10.1007%2fs10723-021-09572-0&partnerID=40&md5=75aefbf84116761672a05d8a0d9e7449",Article,"Final","All Open Access, Hybrid Gold, Green",Scopus,2-s2.0-85109930985
"John, M.M., Olsson, H.H., Bosch, J.","57126758000;24335916300;56675290800;","Towards MLOps: A Framework and Maturity Model",2021,"Proceedings 2021 47th Euromicro Conference on Software Engineering and Advanced Applications Seaa 2021",,,,"334","341",0,125,"10.1109/SEAA53835.2021.00050","https://www.scopus.com/inward/record.uri?eid=2-s2.0-85119201202&doi=10.1109%2fSEAA53835.2021.00050&partnerID=40&md5=14b048530f744c613608b5f7ac8f82cf",Conference Paper,"Final","",Scopus,2-s2.0-85119201202
"Garcia, J., Shannon, R., Jacobson, A., Mosca, W., Burger, M., Maldonado, R.","57992045100;24179273300;57992417900;57992418000;57992294600;57992294700;","Powerful authentication regime applicable to naval OFP integrated development (PARANOID): a vision for non-circumventable code signing and traceability for embedded avionics software",2021,"Journal of Defense Analytics and Logistics","5","1",,"46","76",0,2,"10.1108/JDAL-03-2020-0006","https://www.scopus.com/inward/record.uri?eid=2-s2.0-85138599288&doi=10.1108%2fJDAL-03-2020-0006&partnerID=40&md5=82a9aa56af9899a8dccf4fa029443bcd",Article,"Final","All Open Access, Gold, Green",Scopus,2-s2.0-85138599288
"Hasselbring, W., Wojcieszak, M., Dustdar, S.","26643500000;57206662484;6701473617;","Control Flow Versus Data Flow in Distributed Systems Integration: Revival of Flow-Based Programming for the Industrial Internet of Things",2021,"IEEE Internet Computing","25","4","9514390","5","12",0,6,"10.1109/MIC.2021.3053712","https://www.scopus.com/inward/record.uri?eid=2-s2.0-85113714705&doi=10.1109%2fMIC.2021.3053712&partnerID=40&md5=2f5619c4fde52f36bd5c0963367b3941",Article,"Final","All Open Access, Green",Scopus,2-s2.0-85113714705
"Dakkak, A., Mattos, D.I., Bosch, J.","57211252573;57208718252;56675290800;","Perceived benefits of continuous deployment in software-intensive embedded systems",2021,"Proceedings 2021 IEEE 45th Annual Computers Software and Applications Conference Compsac 2021",,,,"934","941",0,13,"10.1109/COMPSAC51774.2021.00126","https://www.scopus.com/inward/record.uri?eid=2-s2.0-85115868646&doi=10.1109%2fCOMPSAC51774.2021.00126&partnerID=40&md5=35723059d8f95e23c56b442761427436",Conference Paper,"Final","",Scopus,2-s2.0-85115868646
"Boskov, I., Yetgin, H., Fortuna, C., Mohorcic, M.","57221141357;55323124900;25122210000;6603024958;","Performance evaluation of COINS framework for wireless network automation",2021,"2021 Joint European Conference on Networks and Communications and 6g Summit Eucnc 6g Summit 2021",,,"9482454","466","471",0,3,"10.1109/EuCNC/6GSummit51104.2021.9482454","https://www.scopus.com/inward/record.uri?eid=2-s2.0-85112635038&doi=10.1109%2fEuCNC%2f6GSummit51104.2021.9482454&partnerID=40&md5=45b5faaa3309d7747d5262edfc434ad1",Conference Paper,"Final","",Scopus,2-s2.0-85112635038
"Pérez, L.J., Salvachúa, J.","59158322400;6506354531;","An approach to build e-health iot reactive multi-services based on technologies around cloud computing for elderly care in smart city homes",2021,"Applied Sciences Switzerland","11","11","5172","","",0,17,"10.3390/app11115172","https://www.scopus.com/inward/record.uri?eid=2-s2.0-85107743176&doi=10.3390%2fapp11115172&partnerID=40&md5=32c25997c71bea3ab40f5afc4c6906ec",Article,"Final","All Open Access, Gold, Green",Scopus,2-s2.0-85107743176
"Pereira, I.M., De Senna Carneiro, T.G., Figueiredo, E.","57193726837;57223834415;18433988600;","Understanding the context of IoT software systems in DevOps",2021,"Proceedings 2021 IEEE ACM 3rd International Workshop on Software Engineering Research and Practices for the Iot Serp4iot 2021",,,,"13","20",0,9,"10.1109/SERP4IoT52556.2021.00009","https://www.scopus.com/inward/record.uri?eid=2-s2.0-85115159711&doi=10.1109%2fSERP4IoT52556.2021.00009&partnerID=40&md5=73bb8f8ba398fb302feca8a76123c886",Conference Paper,"Final","All Open Access, Green",Scopus,2-s2.0-85115159711
"Hegedus, C., Varga, P., Franko, A.","57193084519;8562009900;57202985581;","A DevOps Approach for Cyber-Physical System-of-Systems Engineering through Arrowhead",2021,"Proceedings of the IM 2021 2021 IFIP IEEE International Symposium on Integrated Network Management",,,"9464069","902","907",0,8,,"https://www.scopus.com/inward/record.uri?eid=2-s2.0-85113686616&partnerID=40&md5=2cbebff335bfc04f00ac9d6a5ee7fa39",Conference Paper,"Final","",Scopus,2-s2.0-85113686616
"Gautham, S., Jayakumar, A.V., Rajagopala, A., Elks, C.","57202302784;57219110729;57215564269;6507194517;","Realization of a model-based DevOps process for industrial safety critical cyber physical systems",2021,"Proceedings 2021 4th IEEE International Conference on Industrial Cyber Physical Systems Icps 2021",,,"9468213","597","604",0,11,"10.1109/ICPS49255.2021.9468213","https://www.scopus.com/inward/record.uri?eid=2-s2.0-85112350140&doi=10.1109%2fICPS49255.2021.9468213&partnerID=40&md5=72d82946c4a5db36e8589364f1bc8c0a",Conference Paper,"Final","",Scopus,2-s2.0-85112350140
"Sarma, S.K.","57216287326;","Optimally Configured Deep Convolutional Neural Network for Attack Detection in Internet of Things: Impact of Algorithm of the Innovative Gunner",2021,"Wireless Personal Communications","118","1",,"239","260",0,15,"10.1007/s11277-020-08011-9","https://www.scopus.com/inward/record.uri?eid=2-s2.0-85098696058&doi=10.1007%2fs11277-020-08011-9&partnerID=40&md5=84b7d6fd09957e48edabc80eb8d4eaee",Article,"Final","",Scopus,2-s2.0-85098696058
"Demertzis, K., Tsiknas, K., Takezis, D., Skianis, C., Iliadis, L.","12780245700;55241785200;57193072308;15124619200;35240330900;","Darknet traffic big-data analysis and network management for real-time automating of the malicious intent detection process by a weight agnostic neural networks framework",2021,"Electronics Switzerland","10","7","781","","",0,46,"10.3390/electronics10070781","https://www.scopus.com/inward/record.uri?eid=2-s2.0-85102935113&doi=10.3390%2felectronics10070781&partnerID=40&md5=9aacaad1dcf6f81dc3509952a283dfb8",Article,"Final","All Open Access, Green",Scopus,2-s2.0-85102935113
"Bou Ghantous, G., Gill, A.Q.","57204020559;53979600700;","Evaluating the DevOps Reference Architecture for Multi-cloud IoT-Applications",2021,"SN Computer Science","2","2","123","","",0,14,"10.1007/s42979-021-00519-6","https://www.scopus.com/inward/record.uri?eid=2-s2.0-85112098751&doi=10.1007%2fs42979-021-00519-6&partnerID=40&md5=60d5efddb0f5874b6adfb2cd3527f1d1",Article,"Final","All Open Access, Hybrid Gold",Scopus,2-s2.0-85112098751
"Pereira, I.M., Carneiro, T., Figueiredo, E.","57193726837;6505541905;18433988600;","A systematic review on the use of DevOps in internet of things software systems",2021,"Proceedings of the ACM Symposium on Applied Computing",,,,"1569","1571",0,5,"10.1145/3412841.3442126","https://www.scopus.com/inward/record.uri?eid=2-s2.0-85104943011&doi=10.1145%2f3412841.3442126&partnerID=40&md5=5972072a80a57df621237509a2d77131",Conference Paper,"Final","",Scopus,2-s2.0-85104943011
"Gartziandia, A., Ayerdi, J., Arrieta, A., Ali, S., Yue, T., Agirre, A., Sagardui, G., Arratibel, M.","57223128564;57211242935;56514865400;56962801700;25651096400;57203899020;13104721400;57219568384;","Microservices for Continuous Deployment, Monitoring and Validation in Cyber-Physical Systems: An Industrial Case Study for Elevators Systems",2021,"Proceedings 2021 IEEE 18th International Conference on Software Architecture Companion Icsa C 2021",,,"9425852","46","53",0,6,"10.1109/ICSA-C52384.2021.00014","https://www.scopus.com/inward/record.uri?eid=2-s2.0-85106633942&doi=10.1109%2fICSA-C52384.2021.00014&partnerID=40&md5=2c8f5247df767d94de5c2f93b13825f7",Conference Paper,"Final","All Open Access, Green",Scopus,2-s2.0-85106633942
"Choudhari, N.V., Sasankar, A.B.","24314567300;57223108950;","Architectural vision of cloud computing in the indian government",2021,"2021 International Conference on Innovative Trends in Information Technology Icitiit 2021",,,"9399598","","",0,5,"10.1109/ICITIIT51526.2021.9399598","https://www.scopus.com/inward/record.uri?eid=2-s2.0-85104848951&doi=10.1109%2fICITIIT51526.2021.9399598&partnerID=40&md5=bd2a193273ee74fd947258c639059478",Conference Paper,"Final","",Scopus,2-s2.0-85104848951
"Henning, S., Hasselbring, W.","57202362026;26643500000;","The Titan Control Center for Industrial DevOps analytics research",2021,"Software Impacts","7",,"100050","","",0,9,"10.1016/j.simpa.2020.100050","https://www.scopus.com/inward/record.uri?eid=2-s2.0-85100609918&doi=10.1016%2fj.simpa.2020.100050&partnerID=40&md5=e2b0a9d34f1ad57d5cea4ce8e3619224",Article,"Final","All Open Access, Gold",Scopus,2-s2.0-85100609918
"Sadovykh, A., Widforss, G., Truscan, D., Enoiu, E.P., Mallouli, W., Iglesias, R., Bagnto, A., Hendel, O.","24479058100;57188769074;6508330976;36462407100;14037829000;24478273400;36052505500;57226269201;","VeriDevOps: Automated Protection and Prevention to Meet Security Requirements in DevOps",2021,"Proceedings Design Automation and Test in Europe Date","2021-February",,"9474185","1330","1333",0,17,"10.23919/DATE51398.2021.9474185","https://www.scopus.com/inward/record.uri?eid=2-s2.0-85108370840&doi=10.23919%2fDATE51398.2021.9474185&partnerID=40&md5=d7f5410a5d4b5d820e2f2eda0800f889",Conference Paper,"Final","",Scopus,2-s2.0-85108370840
"Bhardwaj, V.P.","46661695500;","On Comparative Analysis of Advanced Omega Network and Irregular Advance Omega Network",2021,"Proceedings of the IEEE International Conference Image Information Processing","2021-November",,,"343","346",0,1,"10.1109/ICIIP53038.2021.9702700","https://www.scopus.com/inward/record.uri?eid=2-s2.0-85125878904&doi=10.1109%2fICIIP53038.2021.9702700&partnerID=40&md5=c8bb1a279e9519aae4f93f2503c0277b",Conference Paper,"Final","",Scopus,2-s2.0-85125878904
"Zhou, X., Feng, Z., Xiao, J., Chen, S., Xue, X., Wu, H.","57419372400;56984876600;57208469280;59157692000;14057314400;55597567000;","A Generic Method to Rapidly Release Internet Services on Commercial Platforms",2021,"Proceedings 2021 IEEE International Conference on Web Services Icws 2021",,,,"364","371",0,2,"10.1109/ICWS53863.2021.00055","https://www.scopus.com/inward/record.uri?eid=2-s2.0-85123220502&doi=10.1109%2fICWS53863.2021.00055&partnerID=40&md5=50cf3e05631bc6b3f8f28601a1d072fd",Conference Paper,"Final","",Scopus,2-s2.0-85123220502
"Ganeshan, M., Vigneshwaran, P.","59296259300;57224220046;","A Survey on DevOps Techniques Used in Cloud-Based IOT Mashups",2021,"Advances in Intelligent Systems and Computing","1270",,,"383","393",0,4,"10.1007/978-981-15-8289-9_37","https://www.scopus.com/inward/record.uri?eid=2-s2.0-85098136936&doi=10.1007%2f978-981-15-8289-9_37&partnerID=40&md5=8eb27558f0ca9f71133ae8fa3757a410",Conference Paper,"Final","",Scopus,2-s2.0-85098136936
"Tisi, M., Bruneliere, H., de Lara, J., Di Ruscio, D., Kolovos, D.","23398292800;27067480800;6604098453;57201633392;8895714200;","Towards Twin-Driven Engineering: Overview of the State-of-The-Art and Research Directions",2021,"IFIP Advances in Information and Communication Technology","630 IFIP",,,"351","359",0,8,"10.1007/978-3-030-85874-2_37","https://www.scopus.com/inward/record.uri?eid=2-s2.0-85115213298&doi=10.1007%2f978-3-030-85874-2_37&partnerID=40&md5=fc445f7c86a8e3a17dcbc15d366533db",Conference Paper,"Final","",Scopus,2-s2.0-85115213298
"Debab, R., Hidouci, W.K.","44461214200;44461389800;","Containers Runtimes War: A Comparative Study",2021,"Advances in Intelligent Systems and Computing","1289",,,"135","161",0,2,"10.1007/978-3-030-63089-8_9","https://www.scopus.com/inward/record.uri?eid=2-s2.0-85096494198&doi=10.1007%2f978-3-030-63089-8_9&partnerID=40&md5=49dcee98091df711d6913ad5c181e0d7",Conference Paper,"Final","",Scopus,2-s2.0-85096494198
"Eramo, R., Muttillo, V., Berardinelli, L., Bruneliere, H., Gomez, A., Bagnato, A., Sadovykh, A., Cicchetti, A.","18039710400;56805275400;23466256500;27067480800;14050365600;36052505500;24479058100;22733357800;","AIdoArt: AI-augmented Automation for DevOps, a Model-based Framework for Continuous Development in Cyber-Physical Systems",2021,"Proceedings 2021 24th Euromicro Conference on Digital System Design Dsd 2021",,,,"303","310",0,18,"10.1109/DSD53832.2021.00053","https://www.scopus.com/inward/record.uri?eid=2-s2.0-85119884136&doi=10.1109%2fDSD53832.2021.00053&partnerID=40&md5=0ebe8ed6a92856ef309a37f5f5c1f540",Conference Paper,"Final","All Open Access, Green",Scopus,2-s2.0-85119884136
"Valdivia-Bedregal, J., Bedregal-Alpaca, N., Castañeda-Huaman, E.","55972385500;57204841602;57205321866;","Private LTE Network Service Management Model, based on Agile Methodologies, for Big Mining Companies",2021,"International Journal of Advanced Computer Science and Applications","12","4",,"400","406",0,1,"10.14569/IJACSA.2021.0120451","https://www.scopus.com/inward/record.uri?eid=2-s2.0-85105806146&doi=10.14569%2fIJACSA.2021.0120451&partnerID=40&md5=4f00e83470bfd44e87b54f8ca27483e8",Article,"Final","All Open Access, Gold",Scopus,2-s2.0-85105806146
"Tao, L., Huang, Y., Liu, D., Ma, X., Wu, S., Cui, C.","57221113084;56035389000;59474565300;57221126019;57221119936;54794756100;","Application of Container Image Repository Technology in Automatic Operation and Maintenance of the Dispatching and Control Cloud",2021,"Advances in Intelligent Systems and Computing","1303",,,"1794","1800",0,,"10.1007/978-981-33-4572-0_268","https://www.scopus.com/inward/record.uri?eid=2-s2.0-85098246386&doi=10.1007%2f978-981-33-4572-0_268&partnerID=40&md5=2ab5ff92cbb7fe5bfa8f98f7574d4055",Conference Paper,"Final","",Scopus,2-s2.0-85098246386
"Mertens, J., Denil, J.","57209744557;35145566200;","The Digital Twin as a Common Knowledge Base in DevOps to Support Continuous System Evolution",2021,"Lecture Notes in Computer Science Including Subseries Lecture Notes in Artificial Intelligence and Lecture Notes in Bioinformatics","12853 LNCS",,,"158","170",0,10,"10.1007/978-3-030-83906-2_12","https://www.scopus.com/inward/record.uri?eid=2-s2.0-85115129760&doi=10.1007%2f978-3-030-83906-2_12&partnerID=40&md5=26db70eb0321d387489cd323b30c7156",Conference Paper,"Final","",Scopus,2-s2.0-85115129760
"Gotsev, L., Dimitrova, M., Jekov, B., Kovatcheva, E., Shoikova, E.","57219438418;57324595300;57194638728;24474946200;6506588344;","A cybersecurity data science demonstrator: Machine learning in IoT network security",2021,"25th World Multi Conference on Systemics Cybernetics and Informatics Wmsci 2021","2",,,"1","6",0,4,,"https://www.scopus.com/inward/record.uri?eid=2-s2.0-85118530097&partnerID=40&md5=c8bf8946f44ed8d8588b6fc50ea5af1c",Conference Paper,"Final","",Scopus,2-s2.0-85118530097
"Singh, V., Singh, A., Aggarwal, A., Aggarwal, S.","58455730000;58730385500;57198156094;57195869266;","DevOps based migration aspects from Legacy Version Control System to Advanced Distributed VCS for deploying Micro-services",2021,"Csitss 2021 2021 5th International Conference on Computational Systems and Information Technology for Sustainable Solutions Proceedings",,,,"","",0,18,"10.1109/CSITSS54238.2021.9683718","https://www.scopus.com/inward/record.uri?eid=2-s2.0-85125759315&doi=10.1109%2fCSITSS54238.2021.9683718&partnerID=40&md5=d9a83f441f36339a0b45ec65873a134d",Conference Paper,"Final","",Scopus,2-s2.0-85125759315
"Chang, C.K., Ceravolo, P., Chang, R.N., Helal, S., Jin, Z., Liu, X., Ming, H.","59096518000;6506416314;7403713275;6602561979;59634631900;22035687800;25929406700;","Software Services Engineering Manifesto - A Cross-Cutting Declaration",2021,"Proceedings 2021 IEEE International Conference on Web Services Icws 2021",,,,"703","709",0,4,"10.1109/ICWS53863.2021.00014","https://www.scopus.com/inward/record.uri?eid=2-s2.0-85123160294&doi=10.1109%2fICWS53863.2021.00014&partnerID=40&md5=6412e182c450ec9e90553751baad647e",Conference Paper,"Final","",Scopus,2-s2.0-85123160294
"Liu, P., Silva, D.D., Hu, L.","57204848159;8053349800;55420535000;","DART: A scalable and adaptive edge stream processing engine",2021,"2021 Usenix Annual Technical Conference",,,,"239","252",0,28,,"https://www.scopus.com/inward/record.uri?eid=2-s2.0-85111780188&partnerID=40&md5=07723e884515a8a3dc9790b4ce409a94",Conference Paper,"Final","",Scopus,2-s2.0-85111780188
"Choudhry, A., Premchand, A.","57208227565;57208223525;","Microservices and DevOps for Optimal Benefits from IoT in Manufacturing",2021,"Advances in Intelligent Systems and Computing","1245",,,"375","384",0,5,"10.1007/978-981-15-7234-0_33","https://www.scopus.com/inward/record.uri?eid=2-s2.0-85096423479&doi=10.1007%2f978-981-15-7234-0_33&partnerID=40&md5=79f4143cea35de26446fb08cdff97954",Conference Paper,"Final","",Scopus,2-s2.0-85096423479
"Rocher, G., Gonnin, T., Dechavanne, F., Lavirotte, S., Tigli, J.-Y., Capocchi, L., Santucci, J.-F.","57188680515;57218553730;57219548486;13605275200;6602916792;6506228384;7003990556;","An actuation conflicts management flow for smart IoT-based systems",2020,"2020 7th International Conference on Internet of Things Systems Management and Security Iotsms 2020",,,"9340196","","",0,7,"10.1109/IOTSMS52051.2020.9340196","https://www.scopus.com/inward/record.uri?eid=2-s2.0-85100935532&doi=10.1109%2fIOTSMS52051.2020.9340196&partnerID=40&md5=aded0eb223291ee8834502fd9e6f224f",Conference Paper,"Final","",Scopus,2-s2.0-85100935532
"El Khalyly, B., Belangour, A.","57219017014;57200278748;","A Kubernetes Algorithm for scaling Virtual Objects",2020,"2020 3rd International Seminar on Research of Information Technology and Intelligent Systems Isriti 2020",,,"9315393","638","641",0,2,"10.1109/ISRITI51436.2020.9315393","https://www.scopus.com/inward/record.uri?eid=2-s2.0-85100025987&doi=10.1109%2fISRITI51436.2020.9315393&partnerID=40&md5=f2c7e9b3662768a2d6be0783596fde99",Conference Paper,"Final","",Scopus,2-s2.0-85100025987
"El Khalyly, B., Belangour, A., Banane, M., Erraissi, A.","57219017014;57200278748;57202161243;57204883509;","A new metamodel approach of CI/CD applied to Internet of Things Ecosystem",2020,"2020 IEEE 2nd International Conference on Electronics Control Optimization and Computer Science Icecocs 2020",,,"9314485","","",0,6,"10.1109/ICECOCS50124.2020.9314485","https://www.scopus.com/inward/record.uri?eid=2-s2.0-85100111688&doi=10.1109%2fICECOCS50124.2020.9314485&partnerID=40&md5=185025cadf5be2f5b24f7a2c9a14ed4d",Conference Paper,"Final","",Scopus,2-s2.0-85100111688
"El Khalyly, B., Belangour, A., Erraissi, A., Banane, M.","57219017014;57200278748;57204883509;57202161243;","Meta-model approach of applied devops on internet of things ecosystem",2020,"2020 IEEE 2nd International Conference on Electronics Control Optimization and Computer Science Icecocs 2020",,,"9314552","","",0,1,"10.1109/ICECOCS50124.2020.9314552","https://www.scopus.com/inward/record.uri?eid=2-s2.0-85100101062&doi=10.1109%2fICECOCS50124.2020.9314552&partnerID=40&md5=bf02e67669129cc146980814d5732783",Conference Paper,"Final","",Scopus,2-s2.0-85100101062
"Pääkkönen, P., Pakkala, D.","35547145800;15127670500;","Extending reference architecture of big data systems towards machine learning in edge computing environments",2020,"Journal of Big Data","7","1","25","","",0,32,"10.1186/s40537-020-00303-y","https://www.scopus.com/inward/record.uri?eid=2-s2.0-85083265040&doi=10.1186%2fs40537-020-00303-y&partnerID=40&md5=5de2ce72902813337438c54aa7189742",Article,"Final","All Open Access, Gold, Green",Scopus,2-s2.0-85083265040
"Zhao, Z., Rong, C., Jaatun, M.G.","55726169800;7005804907;23397142100;","A trustworthy blockchain-based decentralised resource management system in the cloud",2020,"Proceedings of the International Conference on Parallel and Distributed Systems ICPADS","2020-December",,"9359214","617","624",0,6,"10.1109/ICPADS51040.2020.00086","https://www.scopus.com/inward/record.uri?eid=2-s2.0-85102344940&doi=10.1109%2fICPADS51040.2020.00086&partnerID=40&md5=c73e9a22175cb5257017a34afe037dc7",Conference Paper,"Final","All Open Access, Green",Scopus,2-s2.0-85102344940
"Khalyly, B.E., Banane, M., Erraissi, A., Belangour, A.","57219017014;57202161243;57204883509;57200278748;","Smart Agent Edge Microservices Deployment Approach",2020,"2020 International Conference on Decision Aid Sciences and Application Dasa 2020",,,"9317202","697","701",0,1,"10.1109/DASA51403.2020.9317202","https://www.scopus.com/inward/record.uri?eid=2-s2.0-85100588392&doi=10.1109%2fDASA51403.2020.9317202&partnerID=40&md5=69405b3559d6c332bfa51a4c61770e67",Conference Paper,"Final","",Scopus,2-s2.0-85100588392
"Costa, D.I.C., Filho, E.P.S., Da Silva, R.F., De C. Quaresma Gama, T.D., Cortés, M.I.","57219870968;57219863963;57219873598;57219868700;15759394400;","Microservice architecture: A tertiary study",2020,"ACM International Conference Proceeding Series",,,,"61","70",0,4,"10.1145/3425269.3425277","https://www.scopus.com/inward/record.uri?eid=2-s2.0-85095804316&doi=10.1145%2f3425269.3425277&partnerID=40&md5=3fb8114f8f06579e6b49e9dacc2de0f7",Conference Paper,"Final","All Open Access, Green",Scopus,2-s2.0-85095804316
"Hugues, J., Hristosov, A., Hudak, J.J., Yankel, J.","35494793200;57212561110;57198392220;56811646300;","TwinOps - DevOps meets model-based engineering and digital twins for the engineering of CPS",2020,"Proceedings 23rd ACM IEEE International Conference on Model Driven Engineering Languages and Systems Models C 2020 Companion Proceedings",,,,"668","",0,32,"10.1145/3417990.3421446","https://www.scopus.com/inward/record.uri?eid=2-s2.0-85096747019&doi=10.1145%2f3417990.3421446&partnerID=40&md5=29cb381ba22f3ec5027c77115a025895",Conference Paper,"Final","All Open Access, Gold",Scopus,2-s2.0-85096747019
"Song, H., Dautov, R., Ferry, N., Solberg, A., Fleurey, F.","57195274282;56626911600;35291975700;14827375100;8582683100;","Model-based fleet deployment of edge computing applications",2020,"Proceedings 23rd ACM IEEE International Conference on Model Driven Engineering Languages and Systems Models 2020",,,,"132","142",0,23,"10.1145/3365438.3410951","https://www.scopus.com/inward/record.uri?eid=2-s2.0-85097001114&doi=10.1145%2f3365438.3410951&partnerID=40&md5=d526fff7aee90727d9203f8f0adb9f5a",Conference Paper,"Final","",Scopus,2-s2.0-85097001114
"Bharani Dharan, G., Jayalakshmi, S.","58637274400;59335002200;","Energy efficient next-gen of virtualization for cloud-native applications in modern data centres",2020,"Proceedings of the 4th International Conference on Iot in Social Mobile Analytics and Cloud Ismac 2020",,,"9243497","203","210",0,2,"10.1109/I-SMAC49090.2020.9243497","https://www.scopus.com/inward/record.uri?eid=2-s2.0-85097827309&doi=10.1109%2fI-SMAC49090.2020.9243497&partnerID=40&md5=ab215f23af34b3b1195d9a1c769a8173",Conference Paper,"Final","All Open Access, Green",Scopus,2-s2.0-85097827309
"Gonnin, T., Dechavanne, F., Rocher, G., Lavirotte, S., Tigli, J.-Y., Capocchi, L., Santucci, J.-F.","57218553730;57219548486;57188680515;13605275200;6602916792;6506228384;7003990556;","Actuation Conflict Management Enabler for DevOps in IoT",2020,"ACM International Conference Proceeding Series",,,"18","","",0,1,"10.1145/3423423.3423474","https://www.scopus.com/inward/record.uri?eid=2-s2.0-85123043210&doi=10.1145%2f3423423.3423474&partnerID=40&md5=8cec045b72f2fce34b8b8074a4d7ea84",Conference Paper,"Final","",Scopus,2-s2.0-85123043210
"Lopez-Pena, M.A., Diaz, J., Perez, J.E., Humanes, H.","57217736195;35092351500;57218886032;57197750696;","DevOps for IoT Systems: Fast and Continuous Monitoring Feedback of System Availability",2020,"IEEE Internet of Things Journal","7","10","9151987","10695","10707",0,43,"10.1109/JIOT.2020.3012763","https://www.scopus.com/inward/record.uri?eid=2-s2.0-85092738657&doi=10.1109%2fJIOT.2020.3012763&partnerID=40&md5=e9360dc498b9a50c0bf3470a51dc3d40",Article,"Final","",Scopus,2-s2.0-85092738657
"Lopez-Viana, R., Diaz, J., Diaz, V.H., Martinez, J.-F.","57219440457;35092351500;23060298800;57685344200;","Continuous Delivery of Customized SaaS Edge Applications in Highly Distributed IoT Systems",2020,"IEEE Internet of Things Journal","7","10","9142209","10189","10199",0,16,"10.1109/JIOT.2020.3009633","https://www.scopus.com/inward/record.uri?eid=2-s2.0-85092715218&doi=10.1109%2fJIOT.2020.3009633&partnerID=40&md5=7c6f6bf85ef6abce2b5abefe3ff19823",Article,"Final","",Scopus,2-s2.0-85092715218
"Forti, S., Brogi, A.","57195946378;57193752782;","Continuous reasoning for managing next-gen distributed applications",2020,"Electronic Proceedings in Theoretical Computer Science Eptcs","325",,,"164","177",0,9,"10.4204/EPTCS.325.22","https://www.scopus.com/inward/record.uri?eid=2-s2.0-85092636913&doi=10.4204%2fEPTCS.325.22&partnerID=40&md5=76c7b70b20baa39f70cd98f728733a85",Conference Paper,"Final","All Open Access, Gold, Green",Scopus,2-s2.0-85092636913
"Sharif, M., Janto, S., Lueckemeyer, G.","57201995140;15050961900;55317788000;","COaaS: Continuous Integration and Delivery framework for HPC using Gitlab-Runner",2020,"ACM International Conference Proceeding Series",,,,"54","58",0,4,"10.1145/3421537.3421539","https://www.scopus.com/inward/record.uri?eid=2-s2.0-85093865641&doi=10.1145%2f3421537.3421539&partnerID=40&md5=62d73089ab57bc996fb499c2f585ac06",Conference Paper,"Final","",Scopus,2-s2.0-85093865641
"Ayerdi, J., Garciandia, A., Arrieta, A., Afzal, W., Enoiu, E., Agirre, A., Sagardui, G., Arratibel, M., Sellin, O.","57211242935;57223128564;56514865400;24832739300;36462407100;57203899020;13104721400;57219568384;55445436400;","Towards a Taxonomy for Eliciting Design-Operation Continuum Requirements of Cyber-Physical Systems",2020,"Proceedings of the IEEE International Conference on Requirements Engineering","2020-August",,"9218194","280","290",0,21,"10.1109/RE48521.2020.00038","https://www.scopus.com/inward/record.uri?eid=2-s2.0-85093982993&doi=10.1109%2fRE48521.2020.00038&partnerID=40&md5=34530461cbca4a1f9852f50593f0aed7",Conference Paper,"Final","",Scopus,2-s2.0-85093982993
"Novacek, J., Kuhlwein, A., Reiter, S., Viehl, A., Bringmann, O., Rosenstiel, W.","57194006915;57208390622;57196774188;16176796200;6602259734;7006528940;","Lemons: Leveraging Model-Based Techniques to Enable Non-Intrusive Semantic Enrichment in Wireless Sensor Networks",2020,"Proceedings 46th Euromicro Conference on Software Engineering and Advanced Applications Seaa 2020",,,"9226280","561","568",0,3,"10.1109/SEAA51224.2020.00092","https://www.scopus.com/inward/record.uri?eid=2-s2.0-85096557140&doi=10.1109%2fSEAA51224.2020.00092&partnerID=40&md5=d934d752edc947bcdf5111369c0e9ee7",Conference Paper,"Final","",Scopus,2-s2.0-85096557140
"Zhou, H., Ouyang, X., Zhao, Z.","57190840986;60214006500;55726169800;","ALLSTAR: A blockchain based decentralized ecosystem for cloud and edge computing",2020,"Proceedings 2020 IEEE International Conference on Joint Cloud Computing Jcc 2020",,,"9183596","55","62",0,3,"10.1109/JCC49151.2020.00018","https://www.scopus.com/inward/record.uri?eid=2-s2.0-85092030069&doi=10.1109%2fJCC49151.2020.00018&partnerID=40&md5=20a049938ade591465c0ae24b5704951",Conference Paper,"Final","All Open Access, Green",Scopus,2-s2.0-85092030069
"Ghantous, G.B., Gill, A.","57204020559;53979600700;","The DevOps Reference Architecture Evaluation : A Design Science Research Case Study",2020,"Proceedings 2020 IEEE International Conference on Smart Internet of Things Smartiot 2020",,,"9192390","295","299",0,8,"10.1109/SmartIoT49966.2020.00052","https://www.scopus.com/inward/record.uri?eid=2-s2.0-85091969805&doi=10.1109%2fSmartIoT49966.2020.00052&partnerID=40&md5=785888a1a79888ab136e28704860cbe1",Conference Paper,"Final","",Scopus,2-s2.0-85091969805
"Martin, R.A.","55568516057;","Visibility Control: Addressing Supply Chain Challenges to Trustworthy Software-Enabled Things",2020,"Systems Security Symposium Sss 2020 Conference Proceedings",,,"9174365","","",0,14,"10.1109/SSS47320.2020.9174365","https://www.scopus.com/inward/record.uri?eid=2-s2.0-85092713432&doi=10.1109%2fSSS47320.2020.9174365&partnerID=40&md5=fa0a5d7ae057cf01883a3165eae758e8",Conference Paper,"Final","",Scopus,2-s2.0-85092713432
"Cope, R.","57218224957;","Strong security starts with software development",2020,"Network Security","2020","7",,"6","9",0,7,"10.1016/S1353-4858(20)30078-7","https://www.scopus.com/inward/record.uri?eid=2-s2.0-85088399301&doi=10.1016%2fS1353-4858%2820%2930078-7&partnerID=40&md5=63c83abad83126df487616bacda25205",Article,"Final","",Scopus,2-s2.0-85088399301
"Martin, R.A.","55568516057;","Assurance for CyberPhysical Systems: Addressing Supply Chain Challenges to Trustworthy Software-Enabled Things",2020,"Systems Security Symposium Sss 2020 Conference Proceedings",,,"9174201","","",0,7,"10.1109/SSS47320.2020.9174201","https://www.scopus.com/inward/record.uri?eid=2-s2.0-85092699909&doi=10.1109%2fSSS47320.2020.9174201&partnerID=40&md5=238a29333012d2d9075783c317d45907",Conference Paper,"Final","",Scopus,2-s2.0-85092699909
"Ferry, N., Nguyen, P.H., Song, H., Rios, E., Iturbe, E., Martinez, S., Rego, A.","35291975700;55646510700;57195274282;14050840000;56991048200;57214777475;57197729847;","Continuous deployment of trustworthy smart IoT systems",2020,"Journal of Object Technology","19","2",,"1","23",0,18,"10.5381/jot.2020.19.2.a16","https://www.scopus.com/inward/record.uri?eid=2-s2.0-85089665982&doi=10.5381%2fjot.2020.19.2.a16&partnerID=40&md5=595fba2ef0f4b761c341732877afa8cb",Article,"Final","All Open Access, Gold, Green",Scopus,2-s2.0-85089665982
"Ameen Ishaq, M.P., Prakash, N.","57218667377;58832905700;","Agility in Telecommunication Product Development, Challenges and the Way Forward",2020,"Proceedings of the 4th International Conference on Trends in Electronics and Informatics Icoei 2020",,,"9142947","402","406",0,2,"10.1109/ICOEI48184.2020.9142947","https://www.scopus.com/inward/record.uri?eid=2-s2.0-85089974186&doi=10.1109%2fICOEI48184.2020.9142947&partnerID=40&md5=ee175f5e9d4f7c07214731fa267c64ff",Conference Paper,"Final","",Scopus,2-s2.0-85089974186
"Petrovic, N., Tosic, M.","57206900973;7006349903;","SMADA-Fog: Semantic model driven approach to deployment and adaptivity in fog computing",2020,"Simulation Modelling Practice and Theory","101",,"102033","","",0,31,"10.1016/j.simpat.2019.102033","https://www.scopus.com/inward/record.uri?eid=2-s2.0-85076510068&doi=10.1016%2fj.simpat.2019.102033&partnerID=40&md5=a9c08ae71828c20f37a767a7fb4eab82",Article,"Final","",Scopus,2-s2.0-85076510068
"Sarma, S.K.","57216287326;","Rider Optimization based Optimized Deep-CNN towards Attack Detection in IoT",2020,"Proceedings of the International Conference on Intelligent Computing and Control Systems Iciccs 2020",,,"9121042","163","169",0,2,"10.1109/ICICCS48265.2020.9121042","https://www.scopus.com/inward/record.uri?eid=2-s2.0-85087444951&doi=10.1109%2fICICCS48265.2020.9121042&partnerID=40&md5=4a025d4e1714389784fad955916f3119",Conference Paper,"Final","",Scopus,2-s2.0-85087444951
"Li, R., Liu, X., Zheng, X., Zhang, C., Liu, H.","59100561100;52365658400;57223122043;57215862674;19640635500;","TDD4Fog: A Test-Driven Software Development Platform for Fog Computing Systems",2020,"Proceedings 20th IEEE ACM International Symposium on Cluster Cloud and Internet Computing Ccgrid 2020",,,"9139723","673","676",0,7,"10.1109/CCGrid49817.2020.00-25","https://www.scopus.com/inward/record.uri?eid=2-s2.0-85089079673&doi=10.1109%2fCCGrid49817.2020.00-25&partnerID=40&md5=b1a2c0c2ecd79947f22d180c0cf82b38",Conference Paper,"Final","",Scopus,2-s2.0-85089079673
"Truong, H.-L., Klein, P.","7006826705;57260960800;","DevOps Contract for Assuring Execution of IoT Microservices in the Edge",2020,"Internet of Things Netherlands","9",,"100150","","",0,14,"10.1016/j.iot.2019.100150","https://www.scopus.com/inward/record.uri?eid=2-s2.0-85087172820&doi=10.1016%2fj.iot.2019.100150&partnerID=40&md5=853a9278fc9bf7fe09a28c09b99d8e0a",Article,"Final","All Open Access, Hybrid Gold, Green",Scopus,2-s2.0-85087172820
"Wagner, T.J., Ford, T.C.","57210455460;29067752500;","Metrics to Meet Security Privacy Requirements with Agile Software Development Methods in a Regulated Environment",2020,"2020 International Conference on Computing Networking and Communications Icnc 2020",,,"9049681","17","23",0,8,"10.1109/ICNC47757.2020.9049681","https://www.scopus.com/inward/record.uri?eid=2-s2.0-85083451767&doi=10.1109%2fICNC47757.2020.9049681&partnerID=40&md5=adb46f4a67e49e90735aff4a0e667b93",Conference Paper,"Final","",Scopus,2-s2.0-85083451767
"Ugarte Querejeta, M., Etxeberria, L., Sagardui, G.","55883941700;13105885100;13104721400;","Towards a DevOps Approach in Cyber Physical Production Systems Using Digital Twins",2020,"Lecture Notes in Computer Science Including Subseries Lecture Notes in Artificial Intelligence and Lecture Notes in Bioinformatics","12235 LNCS",,,"205","216",0,23,"10.1007/978-3-030-55583-2_15","https://www.scopus.com/inward/record.uri?eid=2-s2.0-85096529757&doi=10.1007%2f978-3-030-55583-2_15&partnerID=40&md5=ca9761a17305b3ea4d8a36ed6ac667d1",Conference Paper,"Final","",Scopus,2-s2.0-85096529757
"Salehi, V.","57220261667;","Development of an agile concept for mbse for future digital products through the entire life cycle management called Munich agile MBSE concept (MAGIC)",2020,"Computer Aided Design and Applications","17","1",,"147","166",0,13,"10.14733/cadaps.2020.147-166","https://www.scopus.com/inward/record.uri?eid=2-s2.0-85068769866&doi=10.14733%2fcadaps.2020.147-166&partnerID=40&md5=be560aebb7b86f73a57826b1357b7d25",Article,"Final","All Open Access, Gold",Scopus,2-s2.0-85068769866
"Zaeske, W., Durak, U.","57220041158;24334630800;","Leveraging Semi-formal Approaches for DepDevOps",2020,"Lecture Notes in Computer Science Including Subseries Lecture Notes in Artificial Intelligence and Lecture Notes in Bioinformatics","12235 LNCS",,,"217","222",0,4,"10.1007/978-3-030-55583-2_16","https://www.scopus.com/inward/record.uri?eid=2-s2.0-85096528163&doi=10.1007%2f978-3-030-55583-2_16&partnerID=40&md5=c64c38676c75f5dd39073e3b22c4db57",Conference Paper,"Final","",Scopus,2-s2.0-85096528163
"Combemale, B., Wimmer, M.","24343217800;14030698000;","Towards a Model-Based DevOps for Cyber-Physical Systems",2020,"Lecture Notes in Computer Science Including Subseries Lecture Notes in Artificial Intelligence and Lecture Notes in Bioinformatics","12055 LNCS",,,"84","94",0,26,"10.1007/978-3-030-39306-9_6","https://www.scopus.com/inward/record.uri?eid=2-s2.0-85079099244&doi=10.1007%2f978-3-030-39306-9_6&partnerID=40&md5=705e7b4dc5689de08ea35ad6257dd4a4",Conference Paper,"Final","",Scopus,2-s2.0-85079099244
"Lavirotte, S., Rocher, G., Tigli, J.-Y., Gonnin, T.","13605275200;57188680515;6602916792;57218553730;","IoT-based systems actuation conflicts management towards devops: A systematic mapping study",2020,"Iotbds 2020 Proceedings of the 5th International Conference on Internet of Things Big Data and Security",,,,"227","234",0,6,"10.5220/0009355102270234","https://www.scopus.com/inward/record.uri?eid=2-s2.0-85089484819&doi=10.5220%2f0009355102270234&partnerID=40&md5=871fab44c5cf55cb3194af2554d7c491",Conference Paper,"Final","All Open Access, Gold",Scopus,2-s2.0-85089484819
"Jiménez, M., Tamura, G., Villegas, N.M., Müller, H.A.","57198326445;41562190700;37016683400;7404943303;","Deployment specification challenges in the context of large scale systems",2020,"Proceedings of the 27th Annual International Conference on Computer Science and Software Engineering Cascon 2017",,,,"220","226",0,3,,"https://www.scopus.com/inward/record.uri?eid=2-s2.0-85091341555&partnerID=40&md5=210bb603f519b659cb2eb26eac009c64",Conference Paper,"Final","",Scopus,2-s2.0-85091341555
"Wolf, A., Simopoulos, D., D’Avino, L., Schwaiger, P.","57556172900;57556546600;57557122100;57556546700;","The PASTA threat model implementation in the IoT development life cycle",2020,"Lecture Notes in Informatics Lni Proceedings Series of the Gesellschaft Fur Informatik Gi","P-307",,,"1195","1204",0,10,"10.18420/inf2020_111","https://www.scopus.com/inward/record.uri?eid=2-s2.0-85126471832&doi=10.18420%2finf2020_111&partnerID=40&md5=fd6ae6f70378a7384520d331ed32a570",Conference Paper,"Final","",Scopus,2-s2.0-85126471832
"Kassab, M., Mazzara, M.","16022132400;8557895400;","Towards Designing Smart Learning Environments with IoT",2020,"Lecture Notes in Computer Science Including Subseries Lecture Notes in Artificial Intelligence and Lecture Notes in Bioinformatics","12055 LNCS",,,"152","166",0,10,"10.1007/978-3-030-39306-9_11","https://www.scopus.com/inward/record.uri?eid=2-s2.0-85079086572&doi=10.1007%2f978-3-030-39306-9_11&partnerID=40&md5=171f421ca1f71b1d2c21ba6732159322",Conference Paper,"Final","",Scopus,2-s2.0-85079086572
"Myklebust, T., Meland, P.H., Stålhane, T., Hanssen, G.K.","55574858800;19934033100;8693760700;8850029100;","The agile RAMSS lifecycle for the future",2020,"Proceedings of the 29th European Safety and Reliability Conference Esrel 2019",,,,"4030","4035",0,1,"10.3850/978-981-11-2724-3_0170-cd","https://www.scopus.com/inward/record.uri?eid=2-s2.0-85089177145&doi=10.3850%2f978-981-11-2724-3_0170-cd&partnerID=40&md5=351a5e330bf328eee366968b668c257e",Conference Paper,"Final","",Scopus,2-s2.0-85089177145
"Thompson, A., Erdogan, G.","57216289436;36052731400;","Tool support for risk-driven planning of trustworthy smart IoT systems within devops",2020,"Icissp 2020 Proceedings of the 6th International Conference on Information Systems Security and Privacy",,,,"742","753",0,,"10.5220/0009189307420753","https://www.scopus.com/inward/record.uri?eid=2-s2.0-85083026068&doi=10.5220%2f0009189307420753&partnerID=40&md5=fcc227e9b2bc2e2e4a655767e29ef382",Conference Paper,"Final","All Open Access, Gold",Scopus,2-s2.0-85083026068
"Woody, C., Chick, T.A., Reffett, A., Pavetti, S., Laughlin, R., Frye, B., Bandor, M.","16032368700;14019095700;57220035061;57220036098;57220033281;57220033013;57220031594;","DevSecOps Pipeline for complex software-intensive systems: Addressing cybersecurity challenges",2020,"Imsci 2020 14th International Multi Conference on Society Cybernetics and Informatics Proceedings",,,,"225","230",0,,,"https://www.scopus.com/inward/record.uri?eid=2-s2.0-85096520900&partnerID=40&md5=075dc1d188e7ef5e781915ae40af7216",Conference Paper,"Final","",Scopus,2-s2.0-85096520900
"Selgert, F.","23009764200;","Cynefin Framework, DevOps and Secure IoT: Understanding the Nature of IoT Systems and Exploring Where in the DevOps Cycle Easy Gains Can Be Made to Increase Their Security",2020,"Lecture Notes in Computer Science Including Subseries Lecture Notes in Artificial Intelligence and Lecture Notes in Bioinformatics","12235 LNCS",,,"255","265",0,2,"10.1007/978-3-030-55583-2_19","https://www.scopus.com/inward/record.uri?eid=2-s2.0-85096513361&doi=10.1007%2f978-3-030-55583-2_19&partnerID=40&md5=cfd7ee2790c2fbc042e3038061652657",Conference Paper,"Final","",Scopus,2-s2.0-85096513361
"Camilli, M.","55320192900;","Continuous formal verification of microservice-based process flows",2020,"Communications in Computer and Information Science","1269 CCIS",,,"420","435",0,8,"10.1007/978-3-030-59155-7_31","https://www.scopus.com/inward/record.uri?eid=2-s2.0-85091523738&doi=10.1007%2f978-3-030-59155-7_31&partnerID=40&md5=a92811f8a7117d55cfb56630ad64b35e",Conference Paper,"Final","All Open Access, Green",Scopus,2-s2.0-85091523738
"De Sanctis, M., Bucchiarone, A., Trubiani, C.","56358489900;13105059800;24781277400;","A DevOps Perspective for QoS-Aware Adaptive Applications",2020,"Lecture Notes in Computer Science Including Subseries Lecture Notes in Artificial Intelligence and Lecture Notes in Bioinformatics","12055 LNCS",,,"95","111",0,2,"10.1007/978-3-030-39306-9_7","https://www.scopus.com/inward/record.uri?eid=2-s2.0-85079097542&doi=10.1007%2f978-3-030-39306-9_7&partnerID=40&md5=ef147913b7db064e94cbd0513e57ebf4",Conference Paper,"Final","",Scopus,2-s2.0-85079097542
"Ferry, N., Dominiak, J., Gallon, A., González, E., Iturbe, E., Lavirotte, S., Martinez, S., Metzger, A., Muntés-Mulero, V., Nguyen, P.H., Palm, A., Rego, A., Rios, E., Riviera, D., Solberg, A., Song, H., Tigli, J.-Y., Winter, T.","35291975700;56829502400;57214779543;57214778806;56991048200;13605275200;57214777475;15119826600;8905990700;55646510700;57193737993;57197729847;14050840000;57214781735;14827375100;57195274282;6602916792;57223010061;","Development and Operation of Trustworthy Smart IoT Systems: The ENACT Framework",2020,"Lecture Notes in Computer Science Including Subseries Lecture Notes in Artificial Intelligence and Lecture Notes in Bioinformatics","12055 LNCS",,,"121","138",0,4,"10.1007/978-3-030-39306-9_9","https://www.scopus.com/inward/record.uri?eid=2-s2.0-85079102926&doi=10.1007%2f978-3-030-39306-9_9&partnerID=40&md5=257f7e4f85246f9473ca0821ae054cfe",Conference Paper,"Final","",Scopus,2-s2.0-85079102926
"Duque Anton, S.D., Fraunholz, D., Krohmer, D., Reti, D., Schotten, H.D., Selgert, F., Marosvölgyi, M., Larsen, M., Sudhakar, K., Koch, T., Witt, T., Bassem, C.","57194205014;57194062701;57200144614;57203167704;7004559819;23009764200;57224304713;57220028313;56830214600;57220668772;57220034244;57220028830;","Creating It from SCRATCh: A Practical Approach for Enhancing the Security of IoT-Systems in a DevOps-Enabled Software Development Environment",2020,"Lecture Notes in Computer Science Including Subseries Lecture Notes in Artificial Intelligence and Lecture Notes in Bioinformatics","12235 LNCS",,,"266","281",0,2,"10.1007/978-3-030-55583-2_20","https://www.scopus.com/inward/record.uri?eid=2-s2.0-85096568142&doi=10.1007%2f978-3-030-55583-2_20&partnerID=40&md5=5b3c0aacf794d804012234793fef810b",Conference Paper,"Final","All Open Access, Green",Scopus,2-s2.0-85096568142
"Dehury, C., Jakovits, P., Srirama, S.N., Tountopoulos, V., Giotis, G.","57190092027;41261456200;14632859900;55405052200;57190345210;","Data pipeline architecture for serverless platform",2020,"Communications in Computer and Information Science","1269 CCIS",,,"241","246",0,7,"10.1007/978-3-030-59155-7_18","https://www.scopus.com/inward/record.uri?eid=2-s2.0-85091486048&doi=10.1007%2f978-3-030-59155-7_18&partnerID=40&md5=40c7193041afc8f786ad2d320e6f3a2d",Conference Paper,"Final","",Scopus,2-s2.0-85091486048
"Mertens, J., Denil, J.","57209744557;35145566200;","Digital twins for continuous deployment in model-based systems engineering of cyber-physical systems",2020,"Ceur Workshop Proceedings","2822",,,"32","39",0,4,,"https://www.scopus.com/inward/record.uri?eid=2-s2.0-85102746191&partnerID=40&md5=a0d427ee83fd4a90e27c310a605a09e1",Conference Paper,"Final","",Scopus,2-s2.0-85102746191
"Thompson, A., Erdogan, G.","57216289436;36052731400;","Tool Support for Risk-driven Planning of Trustworthy Smart IoT Systems within DevOps",2020,"International Conference on Information Systems Security and Privacy",,,,"742","753",0,,"10.5220/0009189307420753","https://www.scopus.com/inward/record.uri?eid=2-s2.0-85176374060&doi=10.5220%2f0009189307420753&partnerID=40&md5=0cb088ead7ed0257b46e8538bf58e437",Conference Paper,"Final","All Open Access, Gold",Scopus,2-s2.0-85176374060
"Sarma, S.K.","57216287326;","Optimized Activation Function on Deep Belief Network for Attack Detection in IoT",2019,"Proceedings of the 3rd International Conference on I Smac Iot in Social Mobile Analytics and Cloud I Smac 2019",,,"9032633","702","708",0,1,"10.1109/I-SMAC47947.2019.9032633","https://www.scopus.com/inward/record.uri?eid=2-s2.0-85083027591&doi=10.1109%2fI-SMAC47947.2019.9032633&partnerID=40&md5=881ceeadcdd82ce941a4a385944fe258",Conference Paper,"Final","",Scopus,2-s2.0-85083027591
"De Iasio, A., Futno, A., Goglia, L., Zimeo, E.","57215427627;54790878400;57215601767;6602933134;","A Microservices Platform for Monitoring and Analysis of IoT Traffic Data in Smart Cities",2019,"Proceedings 2019 IEEE International Conference on Big Data Big Data 2019",,,"9006025","5223","5232",0,20,"10.1109/BigData47090.2019.9006025","https://www.scopus.com/inward/record.uri?eid=2-s2.0-85081406556&doi=10.1109%2fBigData47090.2019.9006025&partnerID=40&md5=1b98b6e5125fe68ddf6d06966a723372",Conference Paper,"Final","",Scopus,2-s2.0-85081406556
"Wijaya, P.E., Rosyadi, I., Taryana, A.","57212307349;57211970447;57202788822;","An attempt to adopt DevOps on embedded system development: Empirical evidence",2019,"Journal of Physics Conference Series","1367","1","012078","","",0,5,"10.1088/1742-6596/1367/1/012078","https://www.scopus.com/inward/record.uri?eid=2-s2.0-85076411753&doi=10.1088%2f1742-6596%2f1367%2f1%2f012078&partnerID=40&md5=d87d1eabe28190e0b42d431daf03ad57",Conference Paper,"Final","All Open Access, Gold",Scopus,2-s2.0-85076411753
"Sion, L., Tuma, K., Scandariato, R., Yskout, K., Joosen, W.","57188934512;57200532199;23095243000;23478950900;57202521929;","Towards automated security design flaw detection",2019,"Proceedings 2019 34th IEEE ACM International Conference on Automated Software Engineering Workshops Asew 2019",,,"8967432","49","56",0,15,"10.1109/ASEW.2019.00028","https://www.scopus.com/inward/record.uri?eid=2-s2.0-85079279288&doi=10.1109%2fASEW.2019.00028&partnerID=40&md5=bd79ada242bd7faf62afd3bbacf6020a",Conference Paper,"Final","All Open Access, Green",Scopus,2-s2.0-85079279288
"George, A., Ravindran, A.","57209573824;7005539426;","Distributed Middleware for Edge Vision Systems",2019,"Honet ICT 2019 IEEE 16th International Conference on Smart Cities Improving Quality of Life Using ICT Iot and AI",,,"8908023","193","194",0,13,"10.1109/HONET.2019.8908023","https://www.scopus.com/inward/record.uri?eid=2-s2.0-85076344600&doi=10.1109%2fHONET.2019.8908023&partnerID=40&md5=fb9e4d393b5b6b59cdbc6d14a648b42b",Conference Paper,"Final","",Scopus,2-s2.0-85076344600
"Beeharry, Y., Fowdur, T.P., Sunglee, J.A.","56095429800;15061174000;57215429170;","A Cloud-Based Real-Time Weather Forecasting Application",2019,"2019 14th International Conference on Advanced Technologies Systems and Services in Telecommunications Telsiks 2019 Proceedings",,,"9002327","294","297",0,12,"10.1109/TELSIKS46999.2019.9002327","https://www.scopus.com/inward/record.uri?eid=2-s2.0-85080966205&doi=10.1109%2fTELSIKS46999.2019.9002327&partnerID=40&md5=b2d3b352b4cdaf8f66695eb3e79e9662",Conference Paper,"Final","",Scopus,2-s2.0-85080966205
"Di Orio, G., Maló, P., Barata, J.","55263493900;12544978000;7006937215;","NOVAAS: A Reference Implementation of Industrie4.0 Asset Administration Shell with best-of-breed practices from IT engineering",2019,"IECON Proceedings Industrial Electronics Conference","2019-October",,"8927081","5505","5512",0,43,"10.1109/IECON.2019.8927081","https://www.scopus.com/inward/record.uri?eid=2-s2.0-85083963647&doi=10.1109%2fIECON.2019.8927081&partnerID=40&md5=ed10566647b8acc50bf27be32e6cec33",Conference Paper,"Final","",Scopus,2-s2.0-85083963647
"Ferry, N., Nguyen, P.H.","35291975700;55646510700;","Towards model-based continuous deployment of secure IoT systems",2019,"Proceedings 2019 ACM IEEE 22nd International Conference on Model Driven Engineering Languages and Systems Companion Models C 2019",,,"8904644","613","618",0,22,"10.1109/MODELS-C.2019.00093","https://www.scopus.com/inward/record.uri?eid=2-s2.0-85075910586&doi=10.1109%2fMODELS-C.2019.00093&partnerID=40&md5=571a8d61d5a95f74fe5a30178ddc0408",Conference Paper,"Final","",Scopus,2-s2.0-85075910586
"Guseila, L.G., Bratu, D.-V., Moraru, S.-A.","57216336750;57216355951;22433787000;","DevOps Transformation for Multi-Cloud IoT Applications",2019,"2019 International Conference on Sensing and Instrumentation in Iot Era Issi 2019",,,"9043730","","",0,17,"10.1109/ISSI47111.2019.9043730","https://www.scopus.com/inward/record.uri?eid=2-s2.0-85083182836&doi=10.1109%2fISSI47111.2019.9043730&partnerID=40&md5=462e7e5d143401e75db44d7398ce6a74",Conference Paper,"Final","",Scopus,2-s2.0-85083182836
"Giaimo, F., Andrade, H., Berger, C.","57126161900;57125737200;16067915300;","The Automotive Take on Continuous Experimentation: A Multiple Case Study",2019,"Proceedings 45th Euromicro Conference on Software Engineering and Advanced Applications Seaa 2019",,,"8906771","126","130",0,16,"10.1109/SEAA.2019.00028","https://www.scopus.com/inward/record.uri?eid=2-s2.0-85076036203&doi=10.1109%2fSEAA.2019.00028&partnerID=40&md5=ba9f04d5f30370999ef05765c77fec67",Conference Paper,"Final","All Open Access, Green",Scopus,2-s2.0-85076036203
"Guseila, L.G., Bratu, D.-V., Moraru, S.-A.","57216336750;57216355951;22433787000;","Continuous Testing in the Development of IoT Applications",2019,"2019 International Conference on Sensing and Instrumentation in Iot Era Issi 2019",,,"9043692","","",0,11,"10.1109/ISSI47111.2019.9043692","https://www.scopus.com/inward/record.uri?eid=2-s2.0-85083197670&doi=10.1109%2fISSI47111.2019.9043692&partnerID=40&md5=ecb72ce5a172229db887dca371faa514",Conference Paper,"Final","",Scopus,2-s2.0-85083197670
"Grobmann, M., Ioannidis, C.","55364664500;57210957487;","Continuous integration of applications for onos",2019,"Proceedings of the 2019 IEEE Conference on Network Softwarization Unleashing the Power of Network Softwarization Netsoft 2019",,,"8806696","213","217",0,12,"10.1109/NETSOFT.2019.8806696","https://www.scopus.com/inward/record.uri?eid=2-s2.0-85072044912&doi=10.1109%2fNETSOFT.2019.8806696&partnerID=40&md5=fab9bbd97b3ee4ea5a6656e14890c3c6",Conference Paper,"Final","",Scopus,2-s2.0-85072044912
"Sivanandan, S.","57191244369;","Test Automation Framework as a Service (TAFaaS) - scale test automation & devops practices with cloud, containers, and microservice.",2019,"International Journal of Innovative Technology and Exploring Engineering","8","7C2",,"108","111",0,,,"https://www.scopus.com/inward/record.uri?eid=2-s2.0-85070741957&partnerID=40&md5=879423b8e93c0fc922a389dddafa709e",Article,"Final","",Scopus,2-s2.0-85070741957
"Salazar Ch, G.D., Venegas, C., Marrone, L.","57667039800;57193381047;24470325700;","MQTT-based prototype rover with vision-as-a-service (VAAS)in an IoT dual-stack scenario",2019,"2019 6th International Conference on Edemocracy and Egovernment Icedeg 2019",,,"8734341","344","349",0,9,"10.1109/ICEDEG.2019.8734341","https://www.scopus.com/inward/record.uri?eid=2-s2.0-85068381927&doi=10.1109%2fICEDEG.2019.8734341&partnerID=40&md5=a536e2b8ff459c2dda3eda9c4c0215a4",Conference Paper,"Final","",Scopus,2-s2.0-85068381927
"Sanabria-Russo, L., Pubill, D., Serra, J., Verikoukis, C.","55489845400;56584110500;25929578200;16176716900;","IoT Data Analytics as a Network Edge Service",2019,"INFOCOM 2019 IEEE Conference on Computer Communications Workshops INFOCOM Wkshps 2019",,,"8845207","969","970",0,13,"10.1109/INFCOMW.2019.8845207","https://www.scopus.com/inward/record.uri?eid=2-s2.0-85073204972&doi=10.1109%2fINFCOMW.2019.8845207&partnerID=40&md5=edf6aa49328edeb33c502b363fd7ded1",Conference Paper,"Final","All Open Access, Green",Scopus,2-s2.0-85073204972
"Zimmerer, P.","6508000681;","Test architects at Siemens",2019,"Ceur Workshop Proceedings","2358",,,"6","",0,,,"https://www.scopus.com/inward/record.uri?eid=2-s2.0-85066024361&partnerID=40&md5=68abc8e91625e672876d9e8856990fd3",Conference Paper,"Final","",Scopus,2-s2.0-85066024361
"Ferry, N., Solberg, A., Song, H., Lavirotte, S., Tigli, J.-Y., Winter, T., Muntés-Mulero, V., Metzger, A., Rios Velasco, E., Castelruiz Aguirre, A.","35291975700;14827375100;57195274282;13605275200;6602916792;57223010061;8905990700;15119826600;14050840000;8653242100;","Enact: Development, operation, and quality assurance of trustworthy smart iot systems",2019,"Lecture Notes in Computer Science Including Subseries Lecture Notes in Artificial Intelligence and Lecture Notes in Bioinformatics","11350 LNCS",,,"112","127",0,22,"10.1007/978-3-030-06019-0_9","https://www.scopus.com/inward/record.uri?eid=2-s2.0-85061085691&doi=10.1007%2f978-3-030-06019-0_9&partnerID=40&md5=ae167d7a6a32f8d00760295174ba70a4",Conference Paper,"Final","",Scopus,2-s2.0-85061085691
"Díaz, J., Pérez, J.E., Lopez-Peña, M.A., Mena, G.A., Yagüe, A.","35092351500;57218886032;57217736195;57220572888;6603710246;","Self-service cybersecurity monitoring as enabler for DevSecops",2019,"IEEE Access","7",,"8766805","100283","100295",0,54,"10.1109/ACCESS.2019.2930000","https://www.scopus.com/inward/record.uri?eid=2-s2.0-85084859519&doi=10.1109%2fACCESS.2019.2930000&partnerID=40&md5=d36de19de7bda421c23d4ef421361e21",Article,"Final","All Open Access, Gold, Green",Scopus,2-s2.0-85084859519
"Petrović, N.","57206900973;","Model-based approach for semantic-driven deployment of containerized applications to support future internet services and architectures",2019,"Serbian Journal of Electrical Engineering","16","1",,"21","44",0,7,"10.2298/SJEE1901021P","https://www.scopus.com/inward/record.uri?eid=2-s2.0-85067337670&doi=10.2298%2fSJEE1901021P&partnerID=40&md5=3073e2fc7e58f692b6e3f79b465c64be",Article,"Final","All Open Access, Gold, Green",Scopus,2-s2.0-85067337670
"Dahab, S., Maag, S., Mallouli, W., Cavalli, A.","57192081494;55917333100;14037829000;7101898075;","Smart Measurements and Analysis for Software Quality Enhancement",2019,"Communications in Computer and Information Science","1077",,,"194","219",0,1,"10.1007/978-3-030-29157-0_9","https://www.scopus.com/inward/record.uri?eid=2-s2.0-85071665000&doi=10.1007%2f978-3-030-29157-0_9&partnerID=40&md5=5e67ba3bdaf893e56be53350bc51deb0",Conference Paper,"Final","",Scopus,2-s2.0-85071665000
"Judvaitis, J., Nesenbergs, K., Balass, R., Greitans, M.","55023815600;55578343800;55023815700;24478597700;","Challenges of DevOps ready IoT testbed",2019,"Ceur Workshop Proceedings","2442",,,"3","6",0,8,,"https://www.scopus.com/inward/record.uri?eid=2-s2.0-85072767742&partnerID=40&md5=97896bd46aefcf437dd6b26e459c04d1",Conference Paper,"Final","",Scopus,2-s2.0-85072767742
"Baskaran, V., Singh, S., Reddy, V., Mohandas, S.","60364365300;57206712001;57215131979;57215140368;","Digital assurance for oil and gas 4.0: Role, implementation and case studies",2019,"Society of Petroleum Engineers SPE Iatmi Asia Pacific Oil and Gas Conference and Exhibition 2019 Apog 2019",,,,"","",0,7,"10.2118/196292-ms","https://www.scopus.com/inward/record.uri?eid=2-s2.0-85088761394&doi=10.2118%2f196292-ms&partnerID=40&md5=3e0e581cfcd3fa8dbd8d2781a5b40bc0",Conference Paper,"Final","",Scopus,2-s2.0-85088761394
"Marron, M.","7003748717;","Log++ logging for a cloud-native world",2018,"ACM SIGPLAN Notices","53","8",,"25","36",0,2,"10.1145/3276945.3276952","https://www.scopus.com/inward/record.uri?eid=2-s2.0-85083380350&doi=10.1145%2f3276945.3276952&partnerID=40&md5=d8ac8d46f012f66f9757dbaf6af3b319",Article,"Final","",Scopus,2-s2.0-85083380350
"Truong, H.-L.","7006826705;","Tutorial: Dynamic IoT data, protocol, and middleware interoperability with resource slice concepts and tools",2018,"ACM International Conference Proceeding Series",,,"48","","",0,1,"10.1145/3277593.3277642","https://www.scopus.com/inward/record.uri?eid=2-s2.0-85056659931&doi=10.1145%2f3277593.3277642&partnerID=40&md5=64ac1241140ee17b8fdae87f5672c8fc",Conference Paper,"Final","",Scopus,2-s2.0-85056659931
"Mimidis, A., Ollora, E., Soler, J., Bessem, S., Roullet, L., Van Rossem, S., Pinneterre, S., Paolino, M., Raho, D., Du, X., Chesterfield, J., Flouris, M., Mariani, L., Riganelli, O., Mobilio, M., Ramos, A., Labrador, I., Broadbent, A., Veitch, P., Zembra, M.","57190439240;57212018043;56948752800;57204108929;9040899600;6507980927;57202045994;56158379900;55814465100;57204110701;58580107800;8945689400;8965048200;14020561200;55916296500;25926656400;57195986928;57204110572;7005135148;57204114985;","The Next Generation Platform as a Service Cloudifying Service Deployments in Telco-Operators Infrastructure",2018,"2018 25th International Conference on Telecommunications ICT 2018",,,"8464838","399","404",0,14,"10.1109/ICT.2018.8464838","https://www.scopus.com/inward/record.uri?eid=2-s2.0-85054500870&doi=10.1109%2fICT.2018.8464838&partnerID=40&md5=2b6c053e1574724e2c732ce933b8da96",Conference Paper,"Final","All Open Access, Green",Scopus,2-s2.0-85054500870
"Marquez, G., Osses, F., Astudillo, H.","56160547700;57202887189;6603646692;","Review of architectural patterns and tactics for microservices in academic and industrial literature",2018,"IEEE Latin America Transactions","16","9","8789551","2321","2327",0,23,"10.1109/TLA.2018.8789551","https://www.scopus.com/inward/record.uri?eid=2-s2.0-85050144880&doi=10.1109%2fTLA.2018.8789551&partnerID=40&md5=96f7ebe8d604cd405db4d31ffe2da325",Article,"Final","",Scopus,2-s2.0-85050144880
"Ghantous, G.B., Gill, A.Q.","57204020559;53979600700;","DevOps reference architecture for multi-cloud IOT applications",2018,"Proceeding 2018 20th IEEE International Conference on Business Informatics CBI 2018","1",,"8452669","158","167",0,22,"10.1109/CBI.2018.00026","https://www.scopus.com/inward/record.uri?eid=2-s2.0-85054055492&doi=10.1109%2fCBI.2018.00026&partnerID=40&md5=e72d0182b98f2b8817e1d8e721305ae5",Conference Paper,"Final","",Scopus,2-s2.0-85054055492
"Syed, M.H., Fernandez, E.B.","59809867600;7402178980;","A reference architecture for the container ecosystem",2018,"ACM International Conference Proceeding Series",,,,"","",0,9,"10.1145/3230833.3232854","https://www.scopus.com/inward/record.uri?eid=2-s2.0-85055278208&doi=10.1145%2f3230833.3232854&partnerID=40&md5=f96a794ae3f3ad8e75bb387f518dea2a",Conference Paper,"Final","",Scopus,2-s2.0-85055278208
"Alipour, H., Liu, Y.","55534404400;55885279500;","Model Driven Deployment of Auto-Scaling Services on Multiple Clouds",2018,"Proceedings 2018 IEEE 15th International Conference on Software Architecture Companion Icsa C 2018",,,"8432188","93","96",0,12,"10.1109/ICSA-C.2018.00033","https://www.scopus.com/inward/record.uri?eid=2-s2.0-85052570864&doi=10.1109%2fICSA-C.2018.00033&partnerID=40&md5=0582f2b639aca2c361c6b269b55b8535",Conference Paper,"Final","",Scopus,2-s2.0-85052570864
"Artac, M., Borovsak, T., Di Nitto, E., Guerriero, M., Perez-Palacin, D., Tamburri, D.A.","57060212700;57203285817;6602196755;57162975400;35422750700;35488974800;","Infrastructure-as-Code for Data-Intensive Architectures: A Model-Driven Development Approach",2018,"Proceedings 2018 IEEE 15th International Conference on Software Architecture Icsa 2018",,,"8417149","156","165",0,33,"10.1109/ICSA.2018.00025","https://www.scopus.com/inward/record.uri?eid=2-s2.0-85051103640&doi=10.1109%2fICSA.2018.00025&partnerID=40&md5=aff924b85e6f3476704a5a46ce227e88",Conference Paper,"Final","",Scopus,2-s2.0-85051103640
"Xu, Q., Jin, C., Rasid, M.F.B.M., Veeravalli, B., Aung, K.M.M.","24825810500;56325434400;57195072380;35582689700;8879655700;","Blockchain-based decentralized content trust for docker images",2018,"Multimedia Tools and Applications","77","14",,"18223","18248",0,47,"10.1007/s11042-017-5224-6","https://www.scopus.com/inward/record.uri?eid=2-s2.0-85030856326&doi=10.1007%2fs11042-017-5224-6&partnerID=40&md5=9a4fa055a2f6e05c3a745ec14846fcb2",Article,"Final","",Scopus,2-s2.0-85030856326
"Barendt, N., Sridhar, N., Loparo, K.A.","6508055764;58518533700;7006850519;","A new course for teaching internet of things: A practical, hands-on, and systems-level approach",2018,"ASEE Annual Conference and Exposition Conference Proceedings","2018-June",,,"","",0,9,,"https://www.scopus.com/inward/record.uri?eid=2-s2.0-85051178694&partnerID=40&md5=e58b33f2b82f637f65f6dd78c239039d",Conference Paper,"Final","",Scopus,2-s2.0-85051178694
"Osses, F., Márquez, G., Astudillo, H.","57202887189;56160547700;6603646692;","Poster: Exploration of academic and industrial evidence about architectural tactics and patterns in microservices",2018,"Proceedings International Conference on Software Engineering",,,,"256","257",0,19,"10.1145/3183440.3194958","https://www.scopus.com/inward/record.uri?eid=2-s2.0-85049679642&doi=10.1145%2f3183440.3194958&partnerID=40&md5=5b348ca431f2d7eb64276440699c13ed",Conference Paper,"Final","",Scopus,2-s2.0-85049679642
"Lipton, P., Palma, D., Rutkowski, M., Tamburri, D.A.","36998865900;57200410306;57200415678;35488974800;","TOSCA Solves Big Problems in the Cloud and Beyond!",2018,"IEEE Cloud Computing","5","2",,"37","47",0,32,"10.1109/MCC.2018.022171666","https://www.scopus.com/inward/record.uri?eid=2-s2.0-85046806822&doi=10.1109%2fMCC.2018.022171666&partnerID=40&md5=e7233055fa62fe4969a7d736422fc80e",Article,"Final","",Scopus,2-s2.0-85046806822
"Jesse, N.","14016003500;","Organizational Evolution - How Digital Disruption Enforces Organizational Agility",2018,"IFAC Papersonline","51","30",,"486","491",0,22,"10.1016/j.ifacol.2018.11.310","https://www.scopus.com/inward/record.uri?eid=2-s2.0-85057017504&doi=10.1016%2fj.ifacol.2018.11.310&partnerID=40&md5=7bb845cb0322d50b531d037168579dad",Conference Paper,"Final","All Open Access, Gold",Scopus,2-s2.0-85057017504
"Osses, F., Márquez, G., Astudillo, H.","57202887189;56160547700;6603646692;","An exploratory study of academic architectural tactics and patterns in microservices: A systematic literature review",2018,"Avances En Ingenieria De Software A Nivel Iberoamericano Cibse 2018",,,,"71","84",0,9,,"https://www.scopus.com/inward/record.uri?eid=2-s2.0-85054066307&partnerID=40&md5=e51536f75f66e6e3b6171fe7e3d0f7dd",Conference Paper,"Final","",Scopus,2-s2.0-85054066307
"Ferry, N., Chauvel, F., Song, H., Rossini, A., Lushpenko, M., Solberg, A.","35291975700;13104917300;57195274282;7102582294;57063267500;14827375100;","CloudMF: Model-driven management of multi-cloud applications",2018,"ACM Transactions on Internet Technology","18","2","16","","",0,68,"10.1145/3125621","https://www.scopus.com/inward/record.uri?eid=2-s2.0-85041437398&doi=10.1145%2f3125621&partnerID=40&md5=5f750525e61dc00c590d3092c15a9918",Article,"Final","",Scopus,2-s2.0-85041437398
"Kim, C., Kim, S., Kim, J.","57193681862;57190445550;36063003600;","Understanding automated continuous integration for containerized smart energy IoT-cloud service",2018,"Lecture Notes in Electrical Engineering","474",,,"1275","1280",0,3,"10.1007/978-981-10-7605-3_203","https://www.scopus.com/inward/record.uri?eid=2-s2.0-85039442596&doi=10.1007%2f978-981-10-7605-3_203&partnerID=40&md5=ef5f388e7739139cac075e5988647151",Conference Paper,"Final","",Scopus,2-s2.0-85039442596
"Ahmadighohandizi, F., Systä, K.","57188724884;6506558673;","Application development and deployment for IoT devices",2018,"Communications in Computer and Information Science","707",,,"74","85",0,8,"10.1007/978-3-319-72125-5_6","https://www.scopus.com/inward/record.uri?eid=2-s2.0-85042116784&doi=10.1007%2f978-3-319-72125-5_6&partnerID=40&md5=77a5b785f974d2b457866b6d3b7e8082",Conference Paper,"Final","",Scopus,2-s2.0-85042116784
"Portabales, A.R., Nores, M.L.","57200146956;35614992300;","Dockemu: Extension of a scalable network simulation framework based on docker and ns3 to cover iot scenarios",2018,"Simultech 2018 Proceedings of 8th International Conference on Simulation and Modeling Methodologies Technologies and Applications",,,,"175","182",0,6,"10.5220/0006913601750182","https://www.scopus.com/inward/record.uri?eid=2-s2.0-85071553858&doi=10.5220%2f0006913601750182&partnerID=40&md5=74e38519afeb8e12396bbfb47478b932",Conference Paper,"Final","",Scopus,2-s2.0-85071553858
"Beranek, M., Stastny, M., Kovar, V., Feuerlicht, G.","56577850400;57202690145;56578213100;7801427691;","Architecting Enterprise Applications for the Cloud: The Unicorn Universe Cloud Framework",2018,"Lecture Notes in Computer Science","10797 LNCS",,,"258","269",0,3,"10.1007/978-3-319-91764-1_21","https://www.scopus.com/inward/record.uri?eid=2-s2.0-85049047531&doi=10.1007%2f978-3-319-91764-1_21&partnerID=40&md5=ffa5d29da730077e0036ff2e31cfdfff",Conference Paper,"Final","",Scopus,2-s2.0-85049047531
"Zhao, M., Le Gall, F., Cousin, P., Vilalta, R., Muñoz, R., Castro, S., Peuster, M., Schneider, S., Siapera, M., Kapassa, E., Kyriazis, D., Hasselmeyer, P., Xilouris, G., Tranoris, C., Denazis, S., Martrat, J.","57192383828;36458727100;55848517000;6701800953;14032184500;57195631941;55841510300;57193331091;57201028532;57201027060;16301182100;7801589283;14322527100;14021836900;6602834987;36617644600;","Verification and validation framework for 5g network services and apps",2017,"2017 IEEE Conference on Network Function Virtualization and Software Defined Networks Nfv Sdn 2017","2017-January",,,"321","326",0,24,"10.1109/NFV-SDN.2017.8169878","https://www.scopus.com/inward/record.uri?eid=2-s2.0-85042915681&doi=10.1109%2fNFV-SDN.2017.8169878&partnerID=40&md5=1e3686e294399e82f4615dd9e0104eb2",Conference Paper,"Final","All Open Access, Green",Scopus,2-s2.0-85042915681
"Rufino, J., Alam, M., Ferreira, J.","57194274629;55538864000;57203290355;","Monitoring V2X applications using DevOps and docker",2017,"2017 International Smart Cities Conference Isc2 2017",,,"8090868","","",0,9,"10.1109/ISC2.2017.8090868","https://www.scopus.com/inward/record.uri?eid=2-s2.0-85039944987&doi=10.1109%2fISC2.2017.8090868&partnerID=40&md5=df7c004b6015b29a88b89c6bda42c90c",Conference Paper,"Final","",Scopus,2-s2.0-85039944987
"Ahram, T., Sargolzaei, A., Sargolzaei, S., Daniels, J., Amaba, B.","35097126400;24781230900;23390264600;57191254339;23011287400;","Blockchain technology innovations",2017,"2017 IEEE Technology and Engineering Management Society Conference Temscon 2017",,,"7998367","137","141",0,529,"10.1109/TEMSCON.2017.7998367","https://www.scopus.com/inward/record.uri?eid=2-s2.0-85028525259&doi=10.1109%2fTEMSCON.2017.7998367&partnerID=40&md5=9594448ba6ddc6febd97d6317d65c46b",Conference Paper,"Final","All Open Access, Green",Scopus,2-s2.0-85028525259
"Xu, Q., Jin, C., Rasid, M.F.B.M., Veeravalli, B., Aung, K.M.M.","24825810500;56325434400;57195072380;35582689700;8879655700;","Decentralized content trust for docker images",2017,"Iotbds 2017 Proceedings of the 2nd International Conference on Internet of Things Big Data and Security",,,,"431","437",0,4,"10.5220/0006379404310437","https://www.scopus.com/inward/record.uri?eid=2-s2.0-85025174286&doi=10.5220%2f0006379404310437&partnerID=40&md5=2f4ddc10c10acda03ad2d442f67e9177",Conference Paper,"Final","",Scopus,2-s2.0-85025174286
"Bae, J., Kim, C., Kim, J.","57188865474;57193681862;36063003600;","Automated deployment of SmartX IoT-cloud services based on continuous integration",2016,"2016 International Conference on Information and Communication Technology Convergence Ictc 2016",,,"7763372","1076","1081",0,12,"10.1109/ICTC.2016.7763372","https://www.scopus.com/inward/record.uri?eid=2-s2.0-85015804380&doi=10.1109%2fICTC.2016.7763372&partnerID=40&md5=e84e3a9bd55be9a90baadb042cc180da",Conference Paper,"Final","",Scopus,2-s2.0-85015804380
"Shin, J.-S., Kim, J.","57094409100;36063003600;","Template-based automation with distributed secure provisioning installer for remote cloud boxes",2016,"2016 International Conference on Information and Communication Technology Convergence Ictc 2016",,,"7763428","33","35",0,2,"10.1109/ICTC.2016.7763428","https://www.scopus.com/inward/record.uri?eid=2-s2.0-85015766312&doi=10.1109%2fICTC.2016.7763428&partnerID=40&md5=fa42dbe76074959c1fb6fad1294b7e02",Conference Paper,"Final","",Scopus,2-s2.0-85015766312
"Karapantelakis, A., Liang, H., Wang, K., Vandikas, K., Inam, R., Fersman, E., Mulas-Viela, I., Seyvet, N., Giannokostas, V.","35113103400;57191621357;57191612753;26424819500;54381601500;12765843800;57191620020;57191620596;57191623764;","DevOps for IoT applications using cellular networks and cloud",2016,"Proceedings 2016 IEEE 4th International Conference on Future Internet of Things and Cloud Ficloud 2016",,,"7575883","340","347",0,20,"10.1109/FiCloud.2016.55","https://www.scopus.com/inward/record.uri?eid=2-s2.0-84992036313&doi=10.1109%2fFiCloud.2016.55&partnerID=40&md5=d4238069a65c76d7081bf287be9fa80e",Conference Paper,"Final","All Open Access, Green",Scopus,2-s2.0-84992036313
"Kim, S., Kim, J.","57190445550;36063003600;","Enabling operation data visibility for SmartX-mini IoT-cloud playground",2016,"IEEE Netsoft 2016 2016 IEEE Netsoft Conference and Workshops Software Defined Infrastructure for Networks Clouds Iot and Services",,,"7502480","428","430",0,5,"10.1109/NETSOFT.2016.7502480","https://www.scopus.com/inward/record.uri?eid=2-s2.0-84979996132&doi=10.1109%2fNETSOFT.2016.7502480&partnerID=40&md5=c5a4bc231f1c28e95ea98b2cde705a28",Conference Paper,"Final","",Scopus,2-s2.0-84979996132
"Moore, J., Kortuem, G., Smith, A., Chowdhury, N., Cavero, J., Gooch, D.","55584792417;6602781855;57207400505;26638731900;57204494188;39061306900;","DevOps for the urban IoT",2016,"ACM International Conference Proceeding Series","24-25-May-2016",,"2962747","78","81",0,23,"10.1145/2962735.2962747","https://www.scopus.com/inward/record.uri?eid=2-s2.0-84985914450&doi=10.1145%2f2962735.2962747&partnerID=40&md5=e42d8ead4de5feaa0c9c2c66178df760",Conference Paper,"Final","",Scopus,2-s2.0-84985914450
"Syed, M.H., Fernandez, E.B.","59809867600;7402178980;","Cloud ecosystems support for internet of things and DevOps using patterns",2016,"Proceedings 2016 IEEE 1st International Conference on Internet of Things Design and Implementation Iotdi 2016",,,"7471379","301","304",0,15,"10.1109/IoTDI.2015.31","https://www.scopus.com/inward/record.uri?eid=2-s2.0-84977609466&doi=10.1109%2fIoTDI.2015.31&partnerID=40&md5=7910455c5e57837ea0d84c24412f3440",Conference Paper,"Final","",Scopus,2-s2.0-84977609466
"Mather, Y.","26037240400;","Automation in the Era of Economic Crises",2016,"Critique United Kingdom","44","1-2",,"67","84",0,,"10.1080/03017605.2016.1173824","https://www.scopus.com/inward/record.uri?eid=2-s2.0-84981501505&doi=10.1080%2f03017605.2016.1173824&partnerID=40&md5=57b48a57cd2f13881d7f1d27103ccdf3",Article,"Final","",Scopus,2-s2.0-84981501505
"Takimoto, M., Komine, H., Tamura, K.","57188927815;7006001622;57188929975;","Network Devops solution for creating new network services",2016,"Fujitsu Scientific and Technical Journal","52","2",,"8","12",0,,,"https://www.scopus.com/inward/record.uri?eid=2-s2.0-84964237544&partnerID=40&md5=88e228cb1df41fccc77c94b4073f0c87",Article,"Final","",Scopus,2-s2.0-84964237544
"Bae, J., Kim, J.","57188865474;36063003600;","An experimental continuous delivery framework for SmartX-mini IoT-cloud playground",2016,"International Conference on Information Networking","2016-March",,"7427129","348","350",0,4,"10.1109/ICOIN.2016.7427129","https://www.scopus.com/inward/record.uri?eid=2-s2.0-84963988122&doi=10.1109%2fICOIN.2016.7427129&partnerID=40&md5=3c9888f6e1ac84132b59c57250a0be19",Conference Paper,"Final","",Scopus,2-s2.0-84963988122
"Lwakatare, L.E., Karvonen, T., Sauvola, T., Kuvaja, P., Olsson, H.H., Bosch, J., Oivo, M.","56728797500;56843496200;56728576000;56202183100;24335916300;56675290800;6603040928;","Towards DevOps in the embedded systems domain: Why is it so hard?",2016,"Proceedings of the Annual Hawaii International Conference on System Sciences","2016-March",,"7427859","5437","5446",0,112,"10.1109/HICSS.2016.671","https://www.scopus.com/inward/record.uri?eid=2-s2.0-84975460866&doi=10.1109%2fHICSS.2016.671&partnerID=40&md5=7cf1760c724b7e4ecdfedb11c29b7118",Conference Paper,"Final","",Scopus,2-s2.0-84975460866
"Evans, N.D.","36943636500;","FUTURE SKILLS",2016,"Itnow","58","1",,"50","51",0,8,"10.1093/itnow/bww022","https://www.scopus.com/inward/record.uri?eid=2-s2.0-84969811707&doi=10.1093%2fitnow%2fbww022&partnerID=40&md5=26f80074c9ae2cf74f18aafcbca52a2c",Article,"Final","",Scopus,2-s2.0-84969811707
"Sand, B.","57192983662;","IoT testing - The big challenge why, what and how",2016,"Lecture Notes of the Institute for Computer Sciences Social Informatics and Telecommunications Engineering Lnicst","170",,,"70","76",0,7,"10.1007/978-3-319-47075-7_9","https://www.scopus.com/inward/record.uri?eid=2-s2.0-85009794039&doi=10.1007%2f978-3-319-47075-7_9&partnerID=40&md5=d39b6887a078f432d2799c2016abd0c5",Conference Paper,"Final","",Scopus,2-s2.0-85009794039
"Lustenberger, F.","6603318687;","On the fading of organizational interfaces in the era of Internet-of-Things",2016,"IEEE Engineering Management Review","44","1",,"14","15",0,2,"10.1109/EMR.2016.2530642","https://www.scopus.com/inward/record.uri?eid=2-s2.0-84964331231&doi=10.1109%2fEMR.2016.2530642&partnerID=40&md5=43dfdb32db46f118f6a4ba2250802043",Article,"Final","",Scopus,2-s2.0-84964331231
"Stäbler, A.","57225699863;","The imperative to develop digitization patterns for enterprises",2016,"Lecture Notes in Informatics Lni Proceedings Series of the Gesellschaft Fur Informatik Gi","P-258",,,"15","18",0,,,"https://www.scopus.com/inward/record.uri?eid=2-s2.0-85131165570&partnerID=40&md5=0632b9a40439803d4d1030d11a5763fe",Conference Paper,"Final","",Scopus,2-s2.0-85131165570