source;entry_type;document_type;title;authors;year;doi;url;abstract;keywords;journal;booktitle;publisher;pages
scopus;;Conference paper;DevOps for the urban IoT;"Moore J.; Kortuem G.; Smith A.; Chowdhury N.; Cavero J.; Gooch D.";2016;10.1145/2962735.2962747;https://www.scopus.com/pages/publications/84985914450?origin=resultslist;Choosing the right technologies to build an urban-scale IoT system can be challenging. There is often a focus on low-level architectural details such as the scalability of message handling. In our experience building an IoT information system requires a high-level holistic approach that mixes traditional data collection from vendor-specific cloud backends, together with data collected directly from embedded hardware and mobile devices. Supporting this heterogeneous environment can prove challenging and lead to complex systems that are difficult to develop and deploy in a timely fashion. In this paper we describe how we address these challenges by proposing a three-tiered DevOps model which we used to build an information system that is capable of providing real-time analytics of Electric Vehicle (EV) mobility usage and management within a smart city project. © 2016 ACM.;;ACM International Conference Proceeding Series;;;
scopus;;Conference paper;IoT testing - The big challenge why, what and how;Sand B.;2016;10.1007/978-3-319-47075-7_9;https://www.scopus.com/pages/publications/85009794039?origin=resultslist;“Internet of Things” (IoT) is the network or associations between those Internets connected objects (smart Devices) that are able to exchange information by using an agreed method and data schema. The enormous amount of things, the communication protocols the combination between hardware and software, the Big Data impact, a verity of protocols, lack of standards and the high level of the required SLA by the end users set up new and challenging bars regarding QA in general and testing in particular in the IoT scene. This article will highlight the challenges as well as address potential strategies and solutions. © ICST Institute for Computer Sciences, Social Informatics and Telecommunications Engineering 2016.;;Lecture Notes of the Institute for Computer Sciences, Social-Informatics and Telecommunications Engineering, LNICST;;;
scopus;;Conference paper;Automated deployment of SmartX IoT-cloud services based on continuous integration;"Bae J.; Kim C.; Kim J.";2016;10.1109/ICTC.2016.7763372;https://www.scopus.com/pages/publications/85015804380?origin=resultslist;Since convergence of IoT and Cloud, IoT-Cloud, has potential to provide futuristic IT services, there are many research about IoT-Cloud service. To keep pace with trend, we are studying and developing IoT-Cloud service. Goal of this service is reducing power consumption in server room. To design this service, we use microservice. Since it is set of inter-connection of functions, frequent verification is important. Therefore, we adopt Continuous Integration (CI). It is designed to build and running service in testbed automatically. It reduces integration effort. In this paper, we introduce our experience in automated deployment of SmartX IoT-Cloud services based on CI. © 2016 IEEE.;;2016 International Conference on Information and Communication Technology Convergence, ICTC 2016;;;
scopus;;Conference paper;The imperative to develop digitization patterns for enterprises;Stäbler A.;2016;;https://www.scopus.com/pages/publications/85131165570?origin=resultslist;"The imperative to develop digitization patterns for enterprises, organizations, institutions, hospitals etc. highlights that all branches have a similar tasks and according to these tasks similar questions and challenges. The never ending transition process to digitalize enterprises which at the end means ""to automate tasks more and more based on stochastic decisions"", raises up always similar questions: What should we do first? What are the quick wins? How to get emerging technology under cost and lifecycle control? How to establish which clouds (hybrid, enabled or native?) to provide the technological basics to enable business cases like Industry 4.0, Big Data, IoT, smart home etc. consuming technological features like scaling and methods/technics like continuous delivery? © 2016 Gesellschaft fur Informatik (GI). All rights reserved.";;Lecture Notes in Informatics (LNI), Proceedings - Series of the Gesellschaft fur Informatik (GI);;;
scopus;;Article;Network Devops solution for creating new network services;"Takimoto M.; Komine H.; Tamura K.";2016;;https://www.scopus.com/pages/publications/84964237544?origin=resultslist;"Fujitsu has systematized its experience and expertise in DevOps (a portmanteau of ""development"" and ""operations"") into a cloud solution that integrates products and services on the basis of software-defined networking (SDN) and network functions virtualization (NFV). This Network DevOps Solution provides telecom carriers with network development and operations management systems and enables them to independently improve their systems and achieve flexible operations management by combining Fujitsu's network platforms, management system products, and partner products. Customers can then quickly respond to changing market needs and continuously enhance their service quality. These abilities will be crucial for carriers as network users' needs increasingly diversify and the demand for new network services multiplies in the era of the Internet of Things (IoT). This paper outlines this Network DevOps Solution, describes application examples, and discusses future development.";;Fujitsu Scientific and Technical Journal;;;
scopus;;Conference paper;Towards DevOps in the embedded systems domain: Why is it so hard?;"Lwakatare L.E.; Karvonen T.; Sauvola T.; Kuvaja P.; Olsson H.H.; Bosch J.; Oivo M.";2016;10.1109/HICSS.2016.671;https://www.scopus.com/pages/publications/84975460866?origin=resultslist;DevOps is a predominant phenomenon in the web domain. Its two core principles emphasize collaboration between software development and operations, and the use of agile principles to manage deployment environments and their configurations. DevOps techniques, such as collaboration and behaviour-driven monitoring, have been used by web companies to facilitate continuous deployment of new functionality to customers. The techniques may also offer opportunities for continuous product improvement when adopted in the embedded systems domain. However, certain characteristics of embedded software development present obstacles for DevOps adoption, and as yet, there is no empirical evidence of its adoption in the embedded systems domain. In this study, we present the challenges for DevOps adoption in embedded systems using a multiple-case study approach with four companies. The contribution of this paper is to introduce the concept of DevOps adoption in the embedded systems domain and then to identify key challenges for the DevOps adoption. © 2016 IEEE.;;Proceedings of the Annual Hawaii International Conference on System Sciences;;;
scopus;;Conference paper;DevOps for IoT applications using cellular networks and cloud;"Karapantelakis A.; Liang H.; Wang K.; Vandikas K.; Inam R.; Fersman E.; Mulas-Viela I.; Seyvet N.; Giannokostas V.";2016;10.1109/FiCloud.2016.55;https://www.scopus.com/pages/publications/84992036313?origin=resultslist;The Internet of Things (IoT) is a vision of a future society where an ever-increasing number of heterogeneous physical devices ('things') obtain Internet connectivity, thus enabling a large number of applications for a broad range of industries and society at large. Mobile network operators, expected to provide the network infrastructure for many of these applications, face an unprecedented level of complexity. This complexity not only relates to the number of applications that share the network infrastructure, but also to the different network Quality of Service (QoS) requirements these applications have. To achieve economies of scale, automation in management of those applications throughout their lifecycle is essential. In this paper, we propose an architecture that automates allocation, monitoring and deallocation of both cloud and cellular network resources to ensure QoS for applications that involve connected devices communicating with cloud-hosted software. We describe an implementation of this architecture using a combination of open source, commercial, and custom components and evaluate it through a series of measurements. Results show that our implementation can simultaneously support mobile broadband and low latency, high availability mission-critical applications. © 2016 IEEE.;;Proceedings - 2016 IEEE 4th International Conference on Future Internet of Things and Cloud, FiCloud 2016;;;
scopus;;Article;On the fading of organizational interfaces in the era of Internet-of-Things;Lustenberger F.;2016;10.1109/EMR.2016.2530642;https://www.scopus.com/pages/publications/84964331231?origin=resultslist;THE previous article discussed the adaptation from a Greek temple structure to the tightly packed atomic structure, when tackling the organizational issues related to the transformation of a (hardware) product centric company to the business-driven entity. It turned out that tight interaction is necessary if fast- evolving data-driven business services or software products are to be developed and marketed. Therefore, it might be interesting to investigate a unique approach nowadays often used in the software world: DevOps, a term first forged by Andrew Clay Shafer and Patrick Debois at the Agile 2008 conference [1]. © 1973-2011 IEEE.;;IEEE Engineering Management Review;;;
scopus;;Conference paper;Cloud ecosystems support for internet of things and DevOps using patterns;"Syed M.H.; Fernandez E.B.";2016;10.1109/IoTDI.2015.31;https://www.scopus.com/pages/publications/84977609466?origin=resultslist;An ecosystem is the expansion of a software product line architecture to include systems outside the product which interact with the product. A cloud ecosystem includes interdependent and communicating components. Not only the cloud ecosystem itself keeps evolving, but it also affects the way in which we develop and deploy software. We model the architecture of a cloud ecosystem as a set of patterns, showing partial descriptions for some of them. We then discuss the role of this evolving platform in facilitating the Internet of Things and the new DevOps framework for developing software. © 2016 IEEE.;;Proceedings - 2016 IEEE 1st International Conference on Internet-of-Things Design and Implementation, IoTDI 2016;;;
scopus;;Article;FUTURE SKILLS;Evans N.D.;2016;10.1093/itnow/bww022;https://www.scopus.com/pages/publications/84969811707?origin=resultslist;In conclusion, there are now a rich set of future skills in which to specialise for those entering, or already working in, the IT arena. Whether it's a focus on specifi c technology enablers such as robotics or the IoT, or a focus on specifi c techniques such as agile and DevOps, these skills will become more and more critical in the years ahead as organisations invest in scaling up their digital transformation initiatives. These organisations will look to IT professionals to provide compelling, dierentiated solutions that enhance the digital customer experience, improve operations, and which can be designed and deployed in an agile manner. Finally, since business and IT strategy will determine and drive these future skill needs, capabilities in strategic planning, innovation management, enterprise architecture, program management, and change management will also be essential to pull everything together and execute on the overall transformation. IT professionals will be able to choose whether to go deep in terms of specialising in a specifi c technology or capability, or whether to go wide in terms of specialising in the broader perspective of how all these elements come together from a strategy and execution standpoint to enable the next generation of digital business solutions. © 2016 The British Computer Society.;;ITNOW;;;
scopus;;Conference paper;Enabling operation data visibility for SmartX-mini IoT-cloud playground;"Kim S.; Kim J.";2016;10.1109/NETSOFT.2016.7502480;https://www.scopus.com/pages/publications/84979996132?origin=resultslist;SmartX-mini playground is a miniaturized IoT-Cloud environment, where DevOps-based automation can be practiced to develop and operate various IoT-Cloud services. Enabling visibility over the targeted playground is critical for the automated operation and effective resource utilization. Thus, in this paper, by leveraging various open-source software tools over small-size boxes, we design and prototype operation data visibility for SmartX-mini IoT-Cloud playground. Typically, we focus on open-source Kafka and Spark to meet the operation data visibility requirements of SmartX-mini playground. Scenario-driven experiments are executed to evaluate the analysis capability for distributed IoT boxes. © 2016 IEEE.;;IEEE NETSOFT 2016 - 2016 IEEE NetSoft Conference and Workshops: Software-Defined Infrastructure for Networks, Clouds, IoT and Services;;;
scopus;;Conference paper;A framework to support interoperability in iot and facilitate the development and deployment of highly distributed cloud applications;"Koutsouris N.; Voulkidis A.; Tsagkaris K.";2016;10.1007/978-3-319-52727-7_6;https://www.scopus.com/pages/publications/85013287798?origin=resultslist;The constantly increased variety of available hardware and software solutions for the IoT sector is facilitating the development of novel applications, but at the same time the lack of standardized or widely accepted means of interaction, deployment and configuration is seriously hindering the IoT’s potential. The ARCADIA framework is an application development paradigm that enables the cooperation between software components designed and implemented independently and using various technologies and platforms, so that they can form sophisticated, distributed, cloud applications. © ICST Institute for Computer Sciences, Social Informatics and Telecommunications Engineering 2017.;;Lecture Notes of the Institute for Computer Sciences, Social-Informatics and Telecommunications Engineering, LNICST;;;
scopus;;Conference paper;Dependability of adaptable and evolvable distributed systems;Ghezzi C.;2016;10.1007/978-3-319-34096-8_2;https://www.scopus.com/pages/publications/84979052880?origin=resultslist;This article is a tutorial on how to achieve software evolution and adaptation in a dependable manner, by systematically applying formal modelling and verification. It shows how software can be designed upfront to tolerate different sources of uncertainty that cause continuous future changes. If possible changes can be predicted, and their occurrence can be detected, it is possible to design the software to be self-adaptable. Otherwise, continuous evolution has to be supported and continuous flow into operation has to be ensured. In cases where systems are designed to be continuously running, it is necessary to support safe continuous software deployment that guarantees correct operation in the presence of dynamic reconfigurations. The approaches we survey here have been mainly developed in the context of the SMScom project, funded by the European Commission –Programme IDEAS-ERC (http:// erc-smscom.dei.polimi.it/.) – and lead by the author. It is argued that these approaches fit well the current agile methods for development and operations that are popularized as DevOps. © Springer International Publishing Switzerland 2016.;;Lecture Notes in Computer Science (including subseries Lecture Notes in Artificial Intelligence and Lecture Notes in Bioinformatics);;;
scopus;;Conference paper;An experimental continuous delivery framework for SmartX-mini IoT-cloud playground;"Bae J.; Kim J.";2016;10.1109/ICOIN.2016.7427129;https://www.scopus.com/pages/publications/84963988122?origin=resultslist;Internet of Things (IoT), one of the hottest research targets, needs the systematic leverage from cloud-centric ICT infrastructure. Among several challenges for fast and economic IoT-Cloud service enablement, the continuous integration and delivery (CI/CD) framework is one of commonly wanted capabilities. In this paper, we introduce early experience with deploying an experimental continuous delivery framework for SmartX-mini IoT-Cloud Playground. © 2016 IEEE.;;International Conference on Information Networking;;;
scopus;;Conference paper;Template-based automation with distributed secure provisioning installer for remote cloud boxes;"Shin J.-S.; Kim J.";2016;10.1109/ICTC.2016.7763428;https://www.scopus.com/pages/publications/85015766312?origin=resultslist;The emerging edge computing concept with μCloud boxes, in charge of front-end data processing for remote large-scale cloud data centers, is addressing the delay and efficiency concerns for IoT-Cloud services. The infrastructure operators of IoT-Cloud services require several provisioning tools to handle a number of cloud boxes across multiple remote sites. The resulting open-source software provisioning tools should support automated installation and configuration for remote cloud boxes, albeit with flexibility and scalability. Thus, in this paper, we discuss our ongoing DevOps-based realization for DsP-Installer (Distributed Secure Provisioning Installer), which automates the template-based installation and configuration for remote cloud boxes. © 2016 IEEE.;;2016 International Conference on Information and Communication Technology Convergence, ICTC 2016;;;
scopus;;Article;Automation in the Era of Economic Crises;Mather Y.;2016;10.1080/03017605.2016.1173824;https://www.scopus.com/pages/publications/84981501505?origin=resultslist;As the world economy faces yet another downturn we hear on the one hand a lot of hype about the role of new technology in saving the economy and on the other hand fears expressed about robots and artificial intelligence replacing humans. This article is an attempt at explaining the challenges faced by new technology and the current state of automation and computing as well as the consequences of such development on civil rights. © 2016 Critique.;;Critique (United Kingdom);;;
scopus;;Conference paper;Decentralized content trust for docker images;"Xu Q.; Jin C.; Rasid M.F.B.M.; Veeravalli B.; Aung K.M.M.";2017;10.5220/0006379404310437;https://www.scopus.com/pages/publications/85025174286?origin=resultslist;Default Docker installation does not verify an image authenticity. Authentication is vital for users to trust that the image is not malicious or tampered with. As Docker is currently a popular choice for developers, tightening its security is a priority for system administrators and DevOps engineers. Docker recently deployed Notary that is a solution to verify authenticity of their images. Notary is a viable solution, but it has some drawbacks. This paper specifically addresses its vulnerability towards Denial-of-Service (DoS) attacks, the repercussions, and discuss two potential solutions. The proposed solutions involve decentralising the trust via either a BitTorrent-like protocol or a modified blockchain. The solutions greatly reduce the risk of DoS and at the same time provide a trustless signature verification service for Docker. The solutions could also possibly be repackaged for similar use cases on other technologies. We demonstrate the proposed blockchain-based solution's scalability and efficiency by conducting performance evaluation. Copyright © 2017 by SCITEPRESS - Science and Technology Publications, Lda. All rights reserved.;;IoTBDS 2017 - Proceedings of the 2nd International Conference on Internet of Things, Big Data and Security;;;
scopus;;Conference paper;Monitoring V2X applications using DevOps and docker;"Rufino J.; Alam M.; Ferreira J.";2017;10.1109/ISC2.2017.8090868;https://www.scopus.com/pages/publications/85039944987?origin=resultslist;Vehicular communications are gaining one of the largest share of the automotive IoT market. The combination of the automotive sector with the transportation resulted in the emergence of the concept of connected vehicles. Therefore, motivating new proposals for real-Time applications for managing traffic and incident alerts to improve the overall mobility and road safety. The growing demand for new and better solutions lead to two of the biggest challenges faced in IoT-scalability and interoperability. Therefore in this paper, we propose an highly modular and easily distributable architecture built upon DevOps practices and relying on edge computing to enable V2X applications to be easily deployed and monitored in real-Time. The architecture was implemented and a vehicular application was divided in small modules to validate the functionalities of the proposed architecture. © 2017 IEEE.;;2017 International Smart Cities Conference, ISC2 2017;;;
scopus;;Conference paper;Blockchain technology innovations;"Ahram T.; Sargolzaei A.; Sargolzaei S.; Daniels J.; Amaba B.";2017;10.1109/TEMSCON.2017.7998367;https://www.scopus.com/pages/publications/85028525259?origin=resultslist;"Digital world has produced efficiencies, new innovative products, and close customer relationships globally by the effective use of mobile, IoT (Internet of Things), social media, analytics and cloud technology to generate models for better decisions. Blockchain is recently introduced and revolutionizing the digital world bringing a new perspective to security, resiliency and efficiency of systems. While initially popularized by Bitcoin, Blockchain is much more than a foundation for crypto currency. It offers a secure way to exchange any kind of good, service, or transaction. Industrial growth increasingly depends on trusted partnerships; but increasing regulation, cybercrime and fraud are inhibiting expansion. To address these challenges, Blockchain will enable more agile value chains, faster product innovations, closer customer relationships, and quicker integration with the IoT and cloud technology. Further Blockchain provides a lower cost of trade with a trusted contract monitored without intervention from third parties who may not add direct value. It facilitates smart contracts, engagements, and agreements with inherent, robust cyber security features. This paper is an effort to break the ground for presenting and demonstrating the use of Blockchain technology in multiple industrial applications. A healthcare industry application, Healthchain, is formalized and developed on the foundation of Blockchain using IBM Blockchain initiative. The concepts are transferable to a wide range of industries as finance, government and manufacturing where security, scalability and efficiency must meet. © 2017 IEEE.";;2017 IEEE Technology and Engineering Management Society Conference, TEMSCON 2017;;;
scopus;;Conference paper;Verification and validation framework for 5g network services and apps;"Zhao M.; Le Gall F.; Cousin P.; Vilalta R.; Muñoz R.; Castro S.; Peuster M.; Schneider S.; Siapera M.; Kapassa E.; Kyriazis D.; Hasselmeyer P.; Xilouris G.; Tranoris C.; Denazis S.; Martrat J.";2017;10.1109/NFV-SDN.2017.8169878;https://www.scopus.com/pages/publications/85042915681?origin=resultslist;5G does not only aim at higher capacity and lower latency than current 4G in mobile broadband networks, but also to increase the level of programmability, control and flexibility to meet the requirements from innovative use cases such as IoT, smart manufacturing, and immersive media. However, several difficulties still need to be overcome for a better technological adoption. To reduce the time-to-market for networked services and to lower the entry barrier to third party developers of VNFs and network services, an integrated development and operations (DevOps) methodology is a promising way. One of the biggest challenges in upcoming 5G DevOps is the validation and verification (V&V) of individual VNFs and network services (VNF graphs) so that operators can be sure of their behavior. In this paper, we propose an NFV architecture that supports the DevOps methodology with a V&V platform and an advanced NFV catalogue. The conceptual components of the V&V platform, the foreseen methodology and the outcomes are explained. Finally, we explore some perspectives in applying such V&V approach in another 5G research project. © 2017 IEEE.;;2017 IEEE Conference on Network Function Virtualization and Software Defined Networks, NFV-SDN 2017;;;
scopus;;Article;Review of architectural patterns and tactics for microservices in academic and industrial literature;"Marquez G.; Osses F.; Astudillo H.";2018;10.1109/TLA.2018.8789551;https://www.scopus.com/pages/publications/85050144880?origin=resultslist;Microservices are an emerging trend for development of service-oriented software. This approach proposes to build each application as a collection of small services running on separate process and inter-communicating with lightweight mechanisms. Systematic development of microservices is hampered by the lack of a catalog of emerging recurrent architectural solutions (architectural patterns) and design decisions (architectural tactics). This article describes a systematic review of academic and industrial literature regarding architectural patterns and architectural tactics for microservices. The review yield 44 architectural patterns in academic sources and 74 in industrial ones, as well as a few architectural tactics originally proposed to address related problems. Most architectural patterns and tactics are associated to one of just five quality attributes: Scalability, flexibility, testability, performance, and elasticity. Also, most microservices in academic (but not industrial) literature are related to DevOps and IoT. The findings lead to propose a new taxonomy of microservice architectural patterns. © 2018 IEEE.;;IEEE Latin America Transactions ;;;
scopus;;Conference paper;Understanding automated continuous integration for containerized smart energy IoT-cloud service;"Kim C.; Kim S.; Kim J.";2018;10.1007/978-981-10-7605-3_203;https://www.scopus.com/pages/publications/85039442596?origin=resultslist;DevOps-based CI/CD (Continuous Integration & Delivery) automation has become important in providing agile and economical services based on micro-services architecture (MSA). In this paper, by taking the example of containerized smart energy IoT-Cloud service, we explain continuous integration with associated testing features for MSA-based service realization. © Springer Nature Singapore Pte Ltd. 2018.;;Lecture Notes in Electrical Engineering;;;
scopus;;Conference paper;Organizational Evolution - How Digital Disruption Enforces Organizational Agility;Jesse N.;2018;10.1016/j.ifacol.2018.11.310;https://www.scopus.com/pages/publications/85057017504?origin=resultslist;The success of almost any business depends on the promotion of digital excellence. Disruptive technologies like Hadoop, IoT, Blockchain or DevOps pose completely new challenges for business development. While there is no doubt about the need for keeping pace with the technical progress it is blurry how much this affects leadership and organizational agility. At least in Germany, many analysts record a gap between the engineering innovativeness and an inadequate digital leadership. It is evident, that digitization leads to new occupational profiles and a specific stress on the organizational fabric. Many companies experiment with start-up culture, entrepreneurial responsibility and more flexible team patterns, but a consistent approach for manager is still missing. In this preliminary discussion we address three dimensions to increase a company's agility in times of digital Darwinism: structural flexibility, software-driven occupational profiles and requirements for leadership. © 2016;;IFAC-PapersOnLine;;;
scopus;;Conference paper;Infrastructure-as-Code for Data-Intensive Architectures: A Model-Driven Development Approach;"Artac M.; Borovsak T.; Di Nitto E.; Guerriero M.; Perez-Palacin D.; Tamburri D.A.";2018;10.1109/ICSA.2018.00025;https://www.scopus.com/pages/publications/85051103640?origin=resultslist;As part of the DevOps tactics, Infrastructure-as-Code (IaC) provides the ability to create, configure, and manage complex infrastructures by means of executable code. Writing IaC, however, is not an easy task, since it requires blending different infrastructure programming languages and abstractions, each specialized on a particular aspect of infrastructure creation, configuration, and management. Moreover, the more the architectures become large and complex (e.g. Data-Intensive or Microservice-based architectures), the more dire the need of IaC becomes. The goal of this paper is to exploit Model-Driven Engineering (MDE) to create language-agnostic models that are then automatically transformed into IaC. We focus on the domain of Data-Intensive Applications as these typically exploit complex infrastructures which demand sophisticated and fine-grained configuration and re-configuration - we show that, through our approach, called DICER, it is possible to create complex IaC with significant amounts of time savings, both in IaC design as well as deployment and re-deployment times. © 2018 IEEE.;;Proceedings - 2018 IEEE 15th International Conference on Software Architecture, ICSA 2018;;;
scopus;;Conference paper;DevOps reference architecture for multi-cloud IOT applications;"Ghantous G.B.; Gill A.Q.";2018;10.1109/CBI.2018.00026;https://www.scopus.com/pages/publications/85054055492?origin=resultslist;There is a growing interest among organizations in adopting DevOps approach for IoT (Internet of Things) applications. However, the challenge is: how to apply DevOps when a multi-cloud heterogeneous environment is required for IoT application. This paper aims to addresses this important challenge and proposes a DevOps Reference Architecture (DRA) to deploy IoT-applications on multi-cloud. The proposed architecture is evaluated by the means of a case study, which involves deploying an IoT application on the chosen set of clouds. The results of this initial evaluation indicate that the proposed architecture would help practitioners and researchers to understand the usefulness and applicability of DevOps approach on multi-cloud platform for automating IoT application deployment. © 2018 IEEE.;;Proceeding - 2018 20th IEEE International Conference on Business Informatics, CBI 2018;;;
scopus;;Conference paper;Model Driven Deployment of Auto-Scaling Services on Multiple Clouds;"Alipour H.; Liu Y.";2018;10.1109/ICSA-C.2018.00033;https://www.scopus.com/pages/publications/85052570864?origin=resultslist;Hybrid cloud platforms have been adopted to facilitate different parts of services to deliver functionalities to service consumers. Each cloud platform offers elastic resource allocation, which accommodates fluctuating demands on services by automating the provision/deprovision of resources, referred as auto-scaling. In term of service deployment, auto-scaling is usually not interoperable between multiple cloud platforms. As a result, the service level auto-scaling strategy needs to be configured separately on disparate cloud platforms, which incurs difficulties in tracing the configuration and maintaining consistent deployment. This paper presents a model-driven method to connect a cloud platform independent model of services with cloud specific operations. Through the automated transformation from model to the configuration, we use cloud management tools to deliver auto-scaling deployment across clouds. We demonstrate our method with scaling configuration and deployment of an open source benchmark application - Dell DVD store on two cloud platforms, AWS and Rackspace. The experiment demonstrates our proposed method resolves the vendor lock issues by a model-to-configuration-to-deployment automation. The empirical measurement shows our method reduces the effort of deploying auto-scaling services on cloud platforms. © 2018 IEEE.;;Proceedings - 2018 IEEE 15th International Conference on Software Architecture Companion, ICSA-C 2018;;;
scopus;;Conference paper;Dockemu: Extension of a scalable network simulation framework based on docker and ns3 to cover iot scenarios;"Portabales A.R.; Nores M.L.";2018;10.5220/0006913601750182;https://www.scopus.com/pages/publications/85071553858?origin=resultslist;The purpose of this project was to extend an existing open-source simulation framework called Dockemu in order to make it suitable to perform IoT simulations. The work covered some improvements with goes from the support of more network technologies to the use of setup and deployment tools used by modern devops professionals. The paper explains the architecture, the newly-added features and the specific advantages it offers for research works in IoT network simulations. Copyright © 2018 by SCITEPRESS-Science and Technology Publications, Lda. All rights reserved.;;SIMULTECH 2018 - Proceedings of 8th International Conference on Simulation and Modeling Methodologies, Technologies and Applications;;;
scopus;;Conference paper;An exploratory study of academic architectural tactics and patterns in microservices: A systematic literature review;"Osses F.; Márquez G.; Astudillo H.";2018;;https://www.scopus.com/pages/publications/85054066307?origin=resultslist;"Microservices are becoming a leading architectural choice in the service-oriented software industry. This approach proposes to develop applications as a suite of small services, each running on its own process and intercommunicating with lightweight mechanisms. Currently, there is still no clear perspective of emerging recurrent solutions (architectural patterns) or design decisions (architectural tactics) that influence microservices. This article describes an exploratory study, based on a systematic review, of academic literature related to architectural patterns and tactics proposed for microservices. The review yield 1067 initial studies, which reported: 44 architectural patterns of microservices; architectural tactics related to microservices dependent on other disciplines; and it was also found that most of architectural patterns and tactics are associated to five quality attributes: Scalability, flexibility, testability, performance, and elasticity. Added to that, it was noticed that most microservices are reported in articles related to DevOps and IoT. Finally, a new proposal of microservices pattern taxonomy is suggested. © 2018 Conferencia Iberoamericana de Software Engineering - CIbSE. All Rights Reserved.";;Avances en Ingenieria de Software a Nivel Iberoamericano, CIbSE 2018;;;
scopus;;Article;TOSCA Solves Big Problems in the Cloud and Beyond!;"Lipton P.; Palma D.; Rutkowski M.; Tamburri D.A.";2018;10.1109/MCC.2018.022171666;https://www.scopus.com/pages/publications/85046806822?origin=resultslist;TOSCA, the Topology and Orchestration Specification for Cloud Applications offers an OASIS-recognized, open standard domain-specific language (DSL) that enables portability and automated management of applications, services, and resources regardless of underlying cloud platform, software defined environment, or infrastructure. With a growing, interoperable eco-system of open source projects, solutions from leading cloud platform and service providers, and research, TOSCA empowers the definition and modeling of applications and their services (microservices or traditional services) across their entire lifecycle by describing their components, relationships, dependencies, requirements, and capabilities for orchestrating software in the context of associated operational policies. The authors introduce important TOSCA concepts and benefits in the context of commonly understood cloud use cases as a foundation to future discussions regarding advanced TOSCA concepts and additional breakthrough issues. © 2014 IEEE.;;IEEE Cloud Computing;;;
scopus;;Conference paper;The Next Generation Platform as a Service Cloudifying Service Deployments in Telco-Operators Infrastructure;"Mimidis A.; Ollora E.; Soler J.; Bessem S.; Roullet L.; Van Rossem S.; Pinneterre S.; Paolino M.; Raho D.; Du X.; Chesterfield J.; Flouris M.; Mariani L.; Riganelli O.; Mobilio M.; Ramos A.; Labrador I.; Broadbent A.; Veitch P.; Zembra M.";2018;10.1109/ICT.2018.8464838;https://www.scopus.com/pages/publications/85054500870?origin=resultslist;5G standard emerges at a particular time in technology history when cloud transforms deeply almost all industries and services: it becomes obvious that innovations have to be made cloud-native for being successful. 5G must become the ubiquitous fabric blending universal connectivity (to humans, robots, sensors...) with cloud versatility and scalability. For realizing this vision, another model than laaS must be adopted, the Platform as a Service (PaaS), which should be built to support telco-grade requirements and combine all sort of third-party applications. These are the core objectives of the Next Generation Platform as a Service (NGPaaS) project, a H2020 5G PPP Phase 2 project. The paper presents the project fundamentals, its architectural proposal and most relevant features. © 2018 IEEE.;;2018 25th International Conference on Telecommunications, ICT 2018;;;
scopus;;Conference paper;Application development and deployment for IoT devices;"Ahmadighohandizi F.; Systä K.";2018;10.1007/978-3-319-72125-5_6;https://www.scopus.com/pages/publications/85042116784?origin=resultslist;The current IoT systems are based on simple sensors that collect data to a cloud and actuators controlled by applications in the cloud. When the devices become more powerful they will eventually become programmable and host applications. In this paper we present an application framework, development tool and execution platform for such applications. The guiding principle in designing the workflow design has been Continuous Delivery (CD) and DevOps, and our paper also provides a comparison of DevOps in the cloud and DevOps for the IoT. © Springer International Publishing AG 2018.;;Communications in Computer and Information Science;;;
scopus;;Conference paper;Architecting Enterprise Applications for the Cloud: The Unicorn Universe Cloud Framework;"Beranek M.; Stastny M.; Kovar V.; Feuerlicht G.";2018;10.1007/978-3-319-91764-1_21;https://www.scopus.com/pages/publications/85049047531?origin=resultslist;Recent IT advances that include extensive use of mobile and IoT devices and wide adoption of cloud computing are creating a situation where existing architectures and software development frameworks no longer fully support the requirements of modern enterprise application. Furthermore, the separation of software development and operations is no longer practicable in this environment characterized by fast delivery and automated release and deployment of applications. This rapidly evolving situation requires new frameworks that support the DevOps approach and facilitate continuous delivery of cloud-based applications using micro-services and container-based technologies allowing rapid incremental deployment of application components. It is also becoming clear that the management of large-scale container-based environments has its own challenges. In this paper, we first discuss the challenges that developers of enterprise applications face today and then describe the Unicorn cloud framework (uuCloud) designed to support the development and deployment of cloud-based applications that incorporate mobile and IoT devices. We use a doctor surgery reservation application “Lekar” case study to illustrate how uuCloud is used to implement a large-scale cloud-based application. © Springer International Publishing AG, part of Springer Nature 2018.;;Lecture Notes in Computer Science;;;
scopus;;Conference paper;Tutorial: Dynamic IoT data, protocol, and middleware interoperability with resource slice concepts and tools;Truong H.-L.;2018;10.1145/3277593.3277642;https://www.scopus.com/pages/publications/85056659931?origin=resultslist;Dealing with interoperability in the IoT domain is a complex matter that requires various techniques for tackling data, protocol and middleware interoperability. We cannot solve IoT interoperability problems by just developing (new) software components and (semantic) data models. In this tutorial, we will present interoperability techniques for complex IoT Cloud applications by leveraging dynamic solutions of provisioning and reconfiguring of IoT data processing pipelines, protocol bridges, IoT middleware and cloud services. First, the tutorial will examine cross-layered, cross-system interoperability issues and present a DevOps IoT Interoperability approach for defining metadata, selecting resources and software artifacts, and provisioning and connecting resources to create various potential solutions for IoT Cloud interoperability using resource slice concepts. Second, the tutorial will present techniques for dynamically provisioning data pipelines, middleware services, protocol adapters and custom solutions to address cross-layered, cross-system interoperability for IoT Cloud applications. Such solutions also allow dynamic reconfiguration of resources to add/remove interoperability support. We will present the concepts and techniques with hands-on examples using our research tools rsiHub and IoTCloudSamples. © 2018 Copyright held by the owner/author(s).;;ACM International Conference Proceeding Series;;;
scopus;;Article;CloudMF: Model-driven management of multi-cloud applications;"Ferry N.; Chauvel F.; Song H.; Rossini A.; Lushpenko M.; Solberg A.";2018;10.1145/3125621;https://www.scopus.com/pages/publications/85041437398?origin=resultslist;While the number of cloud solutions is continuously increasing, the development and operation of largescale and distributed cloud applications are still challenging. A major challenge is the lack of interoperability between the existing cloud solutions, which increases the complexity of maintaining and evolving complex applications potentially deployed across multiple cloud infrastructures and platforms. In this article, we show how the Cloud Modelling Framework leverages model-driven engineering and supports the DevOps ideas to tame this complexity by providing: (i) a domain-specific language for specifying the provisioning and deployment of multi-cloud applications, and (ii) a models@run-time environment for their continuous provisioning, deployment, and adaptation.;;ACM Transactions on Internet Technology;;;
scopus;;Article;Log++ logging for a cloud-native world;Marron M.;2018;10.1145/3276945.3276952;https://www.scopus.com/pages/publications/85083380350?origin=resultslist;Logging is a fundamental part of the software development and deployment lifecycle but logging support is often provided as an afterthought via limited library APIs or third-party modules. Given the critical nature of logging in modern cloud, mobile, and IoT development workflows, the unique needs of the APIs involved, and the opportunities for optimization using semantic knowledge, we argue logging should be included as a central part of the language and runtime designs. This paper presents a rethinking of the logger for modern cloud-native workflows. Based on a set of design principles for modern logging we build a logging system, that supports near zero-cost for disabled log statements, low cost lazy-copying for enabled log statements, selective persistence of logging output, unified control of logging output across different libraries, and DevOps integration for use with modern cloud-based deployments. To evaluate these concepts we implemented the Log++ logger for Node.js hosted JavaScript applications. © 2018 ACM.;;ACM SIGPLAN Notices;;;
scopus;;Article;Blockchain-based decentralized content trust for docker images;"Xu Q.; Jin C.; Rasid M.F.B.M.; Veeravalli B.; Aung K.M.M.";2018;10.1007/s11042-017-5224-6;https://www.scopus.com/pages/publications/85030856326?origin=resultslist;It is feasible to deploy Docker containers in IoT (Internet of Things) devices because their runtime overhead is almost zero. Default Docker installation does not verify an image authenticity. Authentication is vital for users to trust that the image is not malicious or tampered with. As Docker is currently a popular choice for developers, tightening its security is a priority for system administrators and DevOps engineers. Docker recently deployed Notary as a solution to verify authenticity of their images. Notary is a viable solution, but it has some potential threats. This paper specifically addresses its vulnerability towards Denial-of-Service (DoS) attacks, and propose a potential solution: blockchain-based Decentralized Docker Trust (DDT). The proposed solution involves decentralizing the trust via a blockchain. The solution greatly reduces the risk of DoS and at the same time provides a signature verification service for Docker images. We demonstrate the proposed blockchain-based solution’s scalability and efficiency by conducting performance evaluation. At the same time, we also implemented a system prototype of Decentralized Docker Trust (DDT), and conducted performance evaluation for it on Amazon Web Services (AWS) across multiple data centers. © 2017, Springer Science+Business Media, LLC.;;Multimedia Tools and Applications;;;
scopus;;Conference paper;A new course for teaching internet of things: A practical, hands-on, and systems-level approach;"Barendt N.; Sridhar N.; Loparo K.A.";2018;;https://www.scopus.com/pages/publications/85051178694?origin=resultslist;This paper describes a one-semester course developed to address a gap in undergraduate engineering education - preparing students for creating and maintaining Internet-of-Things (IoT) products and services. The principles that drove the course content and organization are explained, along with a novel courseware delivery mechanism and organization to facilitate repeatability, as well as some additional tools the authors have found useful. The two-part organization of the IoT course content - building a complete IoT system, and then investigating system properties, behaviors, and concerns of that system - is explained in some depth. A detailed course outline illustrates the wide variety of technologies students gain hands-on experience with during the course, including embedded, web/cloud, mobile, analytics, load testing, security. A novel application of DevOps tools to incrementally deliver multi-platform (systems) solutions each week is discussed. Finally, lessons learned from several offerings of the course are presented, along with challenges, opportunities and successes, and directions for future work. © American Society for Engineering Education, 2018.;;ASEE Annual Conference and Exposition, Conference Proceedings;;;
scopus;;Conference paper;A reference architecture for the container ecosystem;"Syed M.H.; Fernandez E.B.";2018;10.1145/3230833.3232854;https://www.scopus.com/pages/publications/85055278208?origin=resultslist;"Containers have gained immense popularity as a portable and lightweight virtualization solution. They facilitate application development, deployment and distribution across computing environments. Their success is also attributed to the support they offer for DevOps teams and for applications developed using a microservices architecture style. Containers are not the only components in the environment but work closely with other components for managing and supporting them, forming an ecosystem. Architectural modeling can be used as a powerful tool to represent ecosystems which helps understand, build and secure such complex systems. We describe in this paper several models we have created for container ecosystem components. These models are abstract, and they help generalize the systems to handle complexity and heterogeneity; they provide a common vocabulary and build holistic and unified views of the systems. The use of UML for modeling improves precision. This can lead to better implementations with respect to reliability, security and interoperability compared to ad hoc methods. A reference architecture will not just facilitate the work of developers and security engineers but also of anyone who aims to ensure compliance, privacy, safety, reliability and/or governance for container ecosystems and we show how to build one. We also describe relationships between container, cloud and IoT ecosystems. This paper is part of our work on developing a security reference architecture for container ecosystems. © 2018 Association for Computing Machinery.";;ACM International Conference Proceeding Series;;;
scopus;;Conference paper;NOVAAS: A Reference Implementation of Industrie4.0 Asset Administration Shell with best-of-breed practices from IT engineering;"Di Orio G.; Maló P.; Barata J.";2019;10.1109/IECON.2019.8927081;https://www.scopus.com/pages/publications/85083963647?origin=resultslist;The fundamental role played by 'new technologies' to enhance the manufacturing infrastructure, products and services is confirmed by the strategies, roadmaps and initiatives established by the developed countries such as EU-28, US, China and Japan. Putting the light on Europe, the key priorities for manufacturing are aligned with the Industry 4.0 strategy/program where the proliferation of cyber-physical systems (CPSs) and technologies like predictive data analytics, cloud and edge computing are creating the foundation for smart factory, i.e. the efficient and effective connection between products, processes and their related services. However, even if the smart factory vision is quite clear, in practice, it is still unclear how it can be implemented in a way to allow the transparent data exchange between all the layers of a manufacturing company, as well as, between the manufacturing company and the value chain partners. Within the German Industrie4.0 program, the Asset Administration Shell concept is defined to create a standardized digital representation of the asset while ensuring interoperability between all the applications within the manufacturing ecosystem. In this paper, an implementation of the asset administration shell is provided - also called NOVAAS - based on the deep usage of internet technologies, languages and software engineering techniques and methods (such as DevOps, microservices, continuous integration, etc.). The main goal is to contribute towards a generic and extensible reference implementation of the concept. © 2019 IEEE.;;IECON Proceedings (Industrial Electronics Conference);;;
scopus;;Conference paper;Challenges of DevOps ready IoT testbed;"Judvaitis J.; Nesenbergs K.; Balass R.; Greitans M.";2019;;https://www.scopus.com/pages/publications/85072767742?origin=resultslist;Developing, deploying, testing and validating complex software systems is complicated and as a result security, privacy and quality in general often suffer due to limited resources and rapid development cycles. In the case of IoT system development there are additional levels of complexity and risks. In this paper we present our ongoing effort towards providing and validating a solution for these problems as a toolset/TestBed implementing previously established ENACT IoT DevOps concepts and Framework, aimed at ensuring continued Quality of Service and application of best practices during development cycle of IoT systems. Copyright © 2019 for this paper by its authors.;;CEUR Workshop Proceedings;;;
scopus;;Conference paper;Towards automated security design flaw detection;"Sion L.; Tuma K.; Scandariato R.; Yskout K.; Joosen W.";2019;10.1109/ASEW.2019.00028;https://www.scopus.com/pages/publications/85079279288?origin=resultslist;Efficiency of security-by-design has become an important goal for organizations implementing software engineering practices such as Agile, DevOps, and Continuous Integration. Software architectures are (often manually) analyzed at design time for potential security design flaws, based on natural language descriptions of security weaknesses (e.g., CWE, CAPEC). The use of natural language hinders the application of such knowledge bases in an automated fashion. In this paper, we analyze an existing catalog of 19 security design flaws in order to identify conceptual, technology-independent requirements on architectural models that enable automatically detecting these flaws. This constitutes the first step towards automated assessment of design-level security. Our findings are illustrated on an IoT-based smart home system. © 2019 IEEE.;;Proceedings - 2019 34th IEEE/ACM International Conference on Automated Software Engineering Workshops, ASEW 2019;;;
scopus;;Conference paper;Enact: Development, operation, and quality assurance of trustworthy smart iot systems;"Ferry N.; Solberg A.; Song H.; Lavirotte S.; Tigli J.-Y.; Winter T.; Muntés-Mulero V.; Metzger A.; Rios Velasco E.; Castelruiz Aguirre A.";2019;10.1007/978-3-030-06019-0_9;https://www.scopus.com/pages/publications/85061085691?origin=resultslist;To unleash the full potential of IoT and flourishing innovations in application domains such as eHealth or smart city, it is critical to facilitate the creation and operation of trustworthy Smart IoT Systems (SIS). Since SIS typically operate in a changing and often unpredictable environment, the ability of these systems to continuously evolve and adapt to their new environment is decisive to ensure and increase their trustworthiness, quality and user experience. The DevOps movement advocates a set of software engineering best practices and tools, to ensure Quality of Service whilst continuously evolving complex systems. However, there is no complete DevOps support for trustworthy SIS today. In this paper we present a research roadmap to enable DevOps in such systems and introduce the ENACT DevOps concepts and Framework. © 2019, Springer Nature Switzerland AG.;;Lecture Notes in Computer Science (including subseries Lecture Notes in Artificial Intelligence and Lecture Notes in Bioinformatics);;;
scopus;;Conference paper;Smart Measurements and Analysis for Software Quality Enhancement;"Dahab S.; Maag S.; Mallouli W.; Cavalli A.";2019;10.1007/978-3-030-29157-0_9;https://www.scopus.com/pages/publications/85071665000?origin=resultslist;Requests to improve the quality of software are increasing due to the competition in software industry and the complexity of software development integrating multiple technology domains (e.g., IoT, Big Data, Cloud, Artificial Intelligence, Security Technologies). Measurements collection and analysis is key activity to assess software quality during its development live-cycle. To optimize this activity, our main idea is to periodically select relevant measures to be executed (among a set of possible measures) and automatize their analysis by using a dedicated tool. The proposed solution is integrated in a whole PaaS platform called MEASURE. The tools supporting this activity are Software Metric Suggester tool that recommends metrics of interest according several software development constraints and based on artificial intelligence and MINT tool that correlates collected measurements and provides near real-time recommendations to software development stakeholders (i.e. DevOps team, project manager, human resources manager etc.) to improve the quality of the development process. To illustrate the efficiency of both tools, we created different scenarios on which both approaches are applied. Results show that both tools are complementary and can be used to improve the software development process and thus the final software quality. © 2019, Springer Nature Switzerland AG.;;Communications in Computer and Information Science;;;
scopus;;Conference paper;Continuous Testing in the Development of IoT Applications;"Guseila L.G.; Bratu D.-V.; Moraru S.-A.";2019;10.1109/ISSI47111.2019.9043692;https://www.scopus.com/pages/publications/85083197670?origin=resultslist;Internet-of-Things has evolved with the increased volume of data of interconnecting the physical world to the Internet. Cloud provides the underlying power for IoT to become a disrupting technology, revolutionizing the cloud, as we know it. IoT applications need to adapt frequently and rapidly to new requests. Increasing competition and rapidly changing market needs require from nowadays companies' flexibility and fast time to market of their products. To achieve these goals more and more organizations are relying on new IT technologies and software development processes. Though there are many publications around DevOps as a methodology and the use of a process for continuous integration and continuous development, there are fewer solutions provided which incorporate a software delivery pipeline incorporating all processes: continuous business planning, agile development, continuous integration, continuous deployment and continuous testing. The paper proposes a DevOps architecture and agile tools to be used in the implementation of a fully integrated DevOps pipeline based on open-source. Furthermore, continuous testing is covering test best practices and methods, which along with the DevOps pipeline can be widely implemented in any cloud environment, regardless of the cloud provider chosen. © 2019 IEEE.;;2019 International Conference on Sensing and Instrumentation in IoT Era, ISSI 2019;;;
scopus;;Conference paper;The Automotive Take on Continuous Experimentation: A Multiple Case Study;"Giaimo F.; Andrade H.; Berger C.";2019;10.1109/SEAA.2019.00028;https://www.scopus.com/pages/publications/85076036203?origin=resultslist;"Recently, an increasingly growing number of companies is focusing on achieving self-driving systems towards SAE level 3 and higher. Such systems will have much more complex capabilities than today's advanced driver assistance systems (ADAS) like adaptive cruise control and lane-keeping assistance. For complex software systems in the Web-application domain, the logical successor for Continuous Integration and Deployment (CI/CD) is known as Continuous Experimentation (CE), where product owners jointly with engineers systematically run A/B experiments on possible new features to get quantifiable data about a feature's adoption from the users. While this methodology is increasingly adopted in software-intensive companies, our study is set out to explore advantages and challenges when applying CE during the development and roll-out of functionalities required for self-driving vehicles. This paper reports about the design and results from a multiple case study that was conducted at four companies including two automotive OEMs with a long history of developing vehicles, a Tier-1 supplier, and a start-up company within the area of automated driving systems. Unanimously, all expect higher quality and fast roll-out cycles to the fleet; as major challenges, however, safety concerns next to organizational structures are mentioned. © 2019 IEEE.";;Proceedings - 45th Euromicro Conference on Software Engineering and Advanced Applications, SEAA 2019;;;
scopus;;Conference paper;MQTT-based prototype rover with vision-as-a-service (VAAS)in an IoT dual-stack scenario;"Salazar Ch G.D.; Venegas C.; Marrone L.";2019;10.1109/ICEDEG.2019.8734341;https://www.scopus.com/pages/publications/85068381927?origin=resultslist;This research and proof-of-concept paper presents the design and implementation of a wireless local and remote-controlled prototype Rover endowed with live video streaming capability (VAAS - Vision-as-a-Service)using MQTT, one of the most effective protocols in IoT environments. This prototype works under an IPv6 WAN connection to Cloud Computing Services and IPv4 WLAN connectivity for local control. Intelligent and Autonomous transportation systems will contribute significantly to develop Smart-Cities, intelligent logistics scenarios, and unmanned search vehicles for places not suitable for human beings, and that is the importance of the present practical paper, as well as to prove the feasibility of using MQTT through dual-stack IoT scenarios. © 2019 IEEE.;;2019 6th International Conference on eDemocracy and eGovernment, ICEDEG 2019;;;
scopus;;Conference paper;Continuous integration of applications for onos;"Grobmann M.; Ioannidis C.";2019;10.1109/NETSOFT.2019.8806696;https://www.scopus.com/pages/publications/85072044912?origin=resultslist;Micro-services dominate tomorrows virtualized network infrastructures and are going to abolish monolithic software. Paradigms like fog computing and the Internet of Things require virtualized packages of software to be distributed all over the network to form a service chain that enhances the overall Quality of Service. Therefore, SDN controllers need to be extendable, flexible, updatable, and manageable, which necessitates automation in the controller's application development and deployment. Such novel agile service management up-rose due to the increasing demand of micro-service structures in data centers and nowadays falls into the scope of DevOps activities. In our paper, we build a sample application for ONOS and deploy it within a virtualized environment to different infrastructures. Additionally, we provide an evaluation of different Continuous Integration (CI) tools for building and deploying our ONOS controller application. Our investigation shows the applicability of current CI solutions regarding an automated build, test, and deploy chain for SDN controller applications. © 2019 IEEE.;;Proceedings of the 2019 IEEE Conference on Network Softwarization: Unleashing the Power of Network Softwarization, NetSoft 2019;;;
scopus;;Conference paper;Towards model-based continuous deployment of secure IoT systems;"Ferry N.; Nguyen P.H.";2019;10.1109/MODELS-C.2019.00093;https://www.scopus.com/pages/publications/85075910586?origin=resultslist;Software development and delivery of IoT systems would greatly benefit from DevOps as their requirements for reliability, quality, security and privacy are paramount. The ability to continuously evolve these systems to adapt to their environment is decisive to ensure and increase their trustworthiness (including security and privacy) and quality. In particular, there is a need for supporting the continuous deployment of secure IoT systems over IoT, Edge, and Cloud infrastructures. However, our recent survey shows a lack of specific support for deploying security and privacy mechanisms as part of the system. This position paper reports on an on-going extension of the modelling language and models@runtime implementation of the Generation and Deployment of Smart IoT Systems (GeneSIS) tool for supporting continuous deployment of IoT security and privacy mechanisms on the Edge. In particular, we present our early design of the extended version of GeneSIS with the new concepts of port, security capability, and privacy capability. © 2019 IEEE.;;Proceedings - 2019 ACM/IEEE 22nd International Conference on Model Driven Engineering Languages and Systems Companion, MODELS-C 2019;;;
scopus;;Article;Self-service cybersecurity monitoring as enabler for DevSecops;"Díaz J.; Pérez J.E.; Lopez-Peña M.A.; Mena G.A.; Yagüe A.";2019;10.1109/ACCESS.2019.2930000;https://www.scopus.com/pages/publications/85084859519?origin=resultslist;Current IoT systems are highly distributed systems that integrate cloud, edge, and fog computing approaches depending on where intelligence and processing capabilities are allocated. This distribution and heterogeneity make development and deployment pipelines very complex and fragmented with multiple delivery endpoints above hardware. This fact prevents rapid development and makes the operation and monitoring of production systems a difficult and tedious task, including cybersecurity event monitoring. The DevSecOps can be defined as a cultural approach to improve and accelerate the delivery of business value by making dev/sec/ops teams’ collaboration effective. This paper focuses on self-service cybersecurity monitoring as an enabler to introduce security practices in a DevOps environment. To that end, we have defined and formalized an activity that supports ‘Fast and Continuous Feedback from Ops to Dev’ by providing a flexible monitoring infrastructure so that teams can configure their monitoring and alerting services according to their criteria (you build, you run, and now you monitor) to obtain fast and continuous feedback from the operation and thus, better anticipate problems when a production deployment is performed. This activity has been formalized using the Software & Systems Process Engineering Metamodel by OMG and its instantiation is described through a case study that shows the versioned and repeatable configuration of a cybersecurity monitoring infrastructure (Monitoring as Code) through virtualization and containerization technology. This self-service monitoring/alerting allows breaking silos between dev, ops, and sec teams by opening access to key security metrics, which enables a sharing culture and continuous improvement. © 2019 Institute of Electrical and Electronics Engineers Inc.. All rights reserved.;;IEEE Access;;;
scopus;;Conference paper;IoT Data Analytics as a Network Edge Service;"Sanabria-Russo L.; Pubill D.; Serra J.; Verikoukis C.";2019;10.1109/INFCOMW.2019.8845207;https://www.scopus.com/pages/publications/85073204972?origin=resultslist;Current IoT trends reveal an increase in computational requirements for data processing. Traditionally, data from sensors was uploaded to compute nodes at a backend cloud. Nevertheless, ever-growing amount of data generated by IoT devices have rendered this option too expensive in terms of network traffic, possibly leading to delays due to bottlenecks. Moreover, even if network connectivity were to be guaranteed, live processing of sensitive data (e.g.: biomedical) at a remote location may not comply with data protection policies. A popular approach tries to circumvent these issues by performing computational operations locally, that is, at the IoT Gateway level. This demo leverages open source lightweight virtualization tools and a container orchestration engine (i.e.: Docker and Ku-bernetes, respectively) in an cluster of IoT devices at the edge of the network, enabling the creation of a distributed pool of computing resources on top of which data analytics algorithms could be deployed, updated, or terminated. This approach guarantees that resource-hungry operations, such as live monitoring and real-time processing of sensitive data, are performed locally, reducing the overall delay and without risking data leaking to the outside world. © 2019 IEEE.;;INFOCOM 2019 - IEEE Conference on Computer Communications Workshops, INFOCOM WKSHPS 2019;;;
scopus;;Article;Test Automation Framework as a Service (TAFaaS) - scale test automation & devops practices with cloud, containers, and microservice.;Sivanandan S.;2019;;https://www.scopus.com/pages/publications/85070741957?origin=resultslist;Traditional test automation frameworks are tightly coupled with technology stacks, process, and teams. The team relies on their own test framework, which adds cost to migration, scalability, integration, maintenance, and performance. The test infrastructure is cost-oriented - idle time is more, instances are required if we want to run multiple automation runs. Other team members need to build the same framework and infrastructure for automation and DevOps. Dedicated resources are needed to maintain the framework, infrastructure, and operations. Migrating to a new test version of test framework, test tools, libraries become tedious as it is cost-oriented to move up and down. Validating new framework with the same infrastructure and tools takes another hardware instance procurement. As technology changes, test framework changes are hard and cost-effective. Test framework becomes oriented toward, functional automation, performance automation, unit tests, security tests, API testing etc. And most automation scenarios are not exact customer environment based at least on IOT and Cloud [replica of customer setup]. The paper is design for implementing a scalable, mutable and self -learning test automation framework providing test framework as a service. © Blue Eyes Intelligence Engineering & Sciences Publication.;;International Journal of Innovative Technology and Exploring Engineering;;;
scopus;;Conference paper;A Cloud-Based Real-Time Weather Forecasting Application;"Beeharry Y.; Fowdur T.P.; Sunglee J.A.";2019;10.1109/TELSIKS46999.2019.9002327;https://www.scopus.com/pages/publications/85080966205?origin=resultslist;With the advent of Internet of Things (IoT) applications requiring massive streaming data collections, the need for new cloud databases has risen. This work focusses on the implementation of an end-to-end system from real-time data collection to real-time prediction. The storage system is implemented on the International Business Machines (IBM) cloud platform using the Cloudant NoSQL database service. The prediction algorithm is implemented in Java using the Devops Insights service together with a web interface and an android mobile application. The system demonstrates rapid real-time prediction when deployed on the IBM cloud platform as well as real-time storage capabilities. © 2019 IEEE.;;2019 14th International Conference on Advanced Technologies, Systems and Services in Telecommunications, TELSIKS 2019 - Proceedings;;;
scopus;;Conference paper;An attempt to adopt DevOps on embedded system development: Empirical evidence;"Wijaya P.E.; Rosyadi I.; Taryana A.";2019;10.1088/1742-6596/1367/1/012078;https://www.scopus.com/pages/publications/85076411753?origin=resultslist;DevOps is a method that integrates and narrows two environments in software development process, developer side and operational side. DevOps becomes a solution that can be offered to improve SDLC (System Development Life Cycle) in current embedded system development process. This paper provides a concept and its implementation to prove that DevOps adoption on embedded system architecture is possible. After doing the research, we found out that it is possible to adopt DevOps on embedded system development, we also provide empirical evidence and analyze the weaknesses about the concept designed. © 2019 IOP Publishing Ltd. All rights reserved.;;Journal of Physics: Conference Series;;;
scopus;;Conference paper;DevOps Transformation for Multi-Cloud IoT Applications;"Guseila L.G.; Bratu D.-V.; Moraru S.-A.";2019;10.1109/ISSI47111.2019.9043730;https://www.scopus.com/pages/publications/85083182836?origin=resultslist;In the dynamic IoT ecosystem, the fast development of applications is critical to achieve business goals and stay ahead of the competition. DevOps is a software development method that enables enterprises to deliver software product features through process automation, foster team collaboration and increase efficiency in the entire software lifecycle management building the way towards cloudification and enabling digital transformation. Furthermore, DevOps relies on automation in operations through monitoring and measuring the KPIs of a running system. The research presents the role of DevOps in the transformation of the IT Service delivery using a DevOps assessment to establish the maturity of software applications and the adoption of DevOps using the CI/CD) pipeline and automated testing. The paper provides a conceptual view of the CI/CD) pipeline based on agile tool, which will be implemented during future research. © 2019 IEEE.;;2019 International Conference on Sensing and Instrumentation in IoT Era, ISSI 2019;;;
scopus;;Conference paper;Optimized Activation Function on Deep Belief Network for Attack Detection in IoT;Sarma S.K.;2019;10.1109/I-SMAC47947.2019.9032633;https://www.scopus.com/pages/publications/85083027591?origin=resultslist;This paper mainly focuses on presenting a novel attack detection system to thread out the risk issues in IoT. The presented attack detection system links the interconnection of DevOps as it creates the correlation between development and IT operations. Further, the presented attack detection model ensures the operational security of different applications. In view of this, the implemented system incorporates two main stages named Proposed Feature Extraction process and Classification. The data from every application is processed with the initial stage of feature extraction, which concatenates the statistical and higher-order statistical features. After that, these extracted features are supplied to classification process, where determines the presence of attacks. For this classification purpose, this paper aims to deploy the optimized Deep Belief Network (DBN), where the activation function is tuned optimally. Furthermore, the optimal tuning is done by a renowned meta-heuristic algorithm called Lion Algorithm (LA). Finally, the performance of proposed work is compared and proved over other conventional methods. © 2019 IEEE.;;Proceedings of the 3rd International Conference on I-SMAC IoT in Social, Mobile, Analytics and Cloud, I-SMAC 2019;;;
scopus;;Conference paper;Test architects at Siemens;Zimmerer P.;2019;;https://www.scopus.com/pages/publications/85066024361?origin=resultslist;At Siemens we have invented and defined a new key role Test Architect to meet the diverse challenges of shorter time-to-market, increasing complexity and more agility while keeping quality and other key system properties high. In the real world our test systems increase in size, volume, flexibility, velocity, complexity and unpredictability: think about testing of autonomous systems or testing of AI systems (artificial intelligence). Additionally, digitalization (virtualization, cloud, mobile, big data, data analytics, internet of things, continuous delivery, DevOps) requires more than just a face lift in testing. This talk shares our motivations, decisions, achievements, and experiences on our journey since 2016 to establish this new key role Test Architect on eye level with the software architects within the company. © 2019 CEUR-WS. All rights reserved.;;CEUR Workshop Proceedings;;;
scopus;;Conference paper;Digital assurance for oil and gas 4.0: Role, implementation and case studies;"Baskaran V.; Singh S.; Reddy V.; Mohandas S.";2019;10.2118/196292-ms;https://www.scopus.com/pages/publications/85088761394?origin=resultslist;"“Barrel through Byte” transformation is the new revolution in the oil and gas industry. Technologies such as the Internet of Things (IoT), Cloud, Blockchain, Data Analytics, Big Data, Robotics (autonomous vehicles, drones, RPA), Artificial Intelligence (AI), Machine Learning (ML), Digital Twins, AR/VR has catalyzed this transformation. For instance, the deployment of AI systems to help optimize Bakken Shale wells running on SRP's, implementation of Blockchain drilling for well construction activities, VR/AR visualization of Canada SAGD oilfields, proactive adjustments to ESP using real-time data analytics in Kazakhstan gas condensate wells are some of the recent transformations the industry has witnessed. As the Oil and Gas 4.0 simplifies, modernizing and securing the legacy environments for the new digital era, a robust Digital Assurance is essential. Digital Assurance is an exclusive digital service employing an end-to-end ecosystem approach with intelligent and automated processes to gain quality and speed for promoting faster business, technology change and better customer experience. The service shall offer evaluation of new tools and testing environments such as the cloud, software testing tools, mobile environment, and application performance. Digital Assurance is more than the traditional QA; the evolution of Agile methods with DevOps tools and techniques for software/simulator development and testing has made its deployment quick, safe and reliable. The end-to-end testing process serves to simulate the real user on-field scenarios and validate the system under test and its components for integration and data integrity. Leveraging Digital 2.0 transformations, smart oilfields (by implementing autonomous robots) can eliminate human intervention in potential risk areas and thereby providing a safe, compliant workplace for engineers, managers, crewmembers and other personnel. Especially, robotics has potential applications in inspection, maintenance, and safety operations. In alignment with this, our personalized robotic testing solution can automate various peripheral devices and has resulted in reduced testing cycle time up to 30% and cost by 40%. The solution enables automated end-to-end IoT device interactions spanning smart devices such as camera, thermostat, sensors and web applications in oil and gas facilities. Adding, our various other in-house digital framework and solutions such as Big Data validation framework, cloud-based on-demand testing, and automated test scriptwriters have eased digital transformations. Digital Assurance by rigorous testing practices can also immune oil and gas majors from the cyber threats for the cloud (grid, storage) and blockchain. To overcome such compromises in hardware failure, our smart and innovative IoT Test Workbench solution for integration testing can reduce the hardware dependency up to 100%. This novel solution virtualizes Rapid IoT Solution development replacing smart devices during testing under extreme conditions such as HPHT wells and permafrost conditions in the Arctic Circle. Furthermore, Digital Assurance compliance coupled with digitalization knowledge and experience can play a paramount role in averting disasters such as GOM deepwater explosion and Montara oil spill in the future. Copyright 2019, Society of Petroleum Engineers";;Society of Petroleum Engineers - SPE/IATMI Asia Pacific Oil and Gas Conference and Exhibition 2019, APOG 2019;;;
scopus;;Conference paper;A Microservices Platform for Monitoring and Analysis of IoT Traffic Data in Smart Cities;"De Iasio A.; Futno A.; Goglia L.; Zimeo E.";2019;10.1109/BigData47090.2019.9006025;https://www.scopus.com/pages/publications/85081406556?origin=resultslist;The ongoing digitization of cities, enabled by the diffusion of interconnected sensors and devices, makes it possible to continuously collect and analyze huge streams of data at extremely large spatio-temporal scales and fine resolutions. These data can be used to monitor, detect and anticipate different kinds of infrastructure vulnerabilities and anomalies, as well as to implement more personalized services that could improve citizens' life. In this new context, full of opportunities, it is difficult to foresee and develop, in advance, the set of applications and services that can be potentially useful for administrators and citizens to solve the manifold compelling needs a city may have to face. Novel ICT paradigms and technologies can help designing agile, general-purpose smart city platforms aimed at supporting the collection and treatment of large-scale, multi-source (streams of) data and the development of novel applications that could fulfill diverse functional requirements under strict non-functional constraints. This paper presents the reference architecture, a prototype implementation and a city-scale case-study evaluation of PROMENADE, a platform that exploits IoT/Fog/Cloud paradigms, microservices and DevOps infrastructures to guarantee continuous development of robust and reliable applications for real-time monitoring and analysis of traffic data generated by IoT devices in large smart cities. The prototype has been evaluated in a case study concerning the quasi real-time detection of road networks vulnerabilities via centrality measures from on-line traffic conditions, emulated from off-line real datasets available for the city of Lyon, France. © 2019 IEEE.;;Proceedings - 2019 IEEE International Conference on Big Data, Big Data 2019;;;
scopus;;Article;Model-based approach for semantic-driven deployment of containerized applications to support future internet services and architectures;Petrović N.;2019;10.2298/SJEE1901021P;https://www.scopus.com/pages/publications/85067337670?origin=resultslist;Due to increasing number of connected Internet of Things (IoT) devices, enormous amount of data needs to be transmitted to the Cloud for processing, while the network is becoming Cloud computing's bottleneck. On the other side, the privacy and security issues in more sensitive application domains could dramatically restrict the freedom of data movement, so it is not possible to offload all the data to the Cloud for processing. Furthermore, the manual operations related to tuning and deployment of these applications are time-consuming and require additional effort. In this paper, a model-based framework for automated, semantic-driven (re-)deployment of containerized applications is presented, leveraging the synergy of Virtual Network Functions (VNFs) and SDN, tackling the mentioned issues. © 2019 Serbian Journal of Electrical Engineering.;;Serbian Journal of Electrical Engineering;;;
scopus;;Conference paper;Cynefin Framework, DevOps and Secure IoT: Understanding the Nature of IoT Systems and Exploring Where in the DevOps Cycle Easy Gains Can Be Made to Increase Their Security;Selgert F.;2020;10.1007/978-3-030-55583-2_19;https://www.scopus.com/pages/publications/85096513361?origin=resultslist;In the relatively new domain of the Internet of Things (IoT), startups and small companies thrive in and stride in bringing new products to the market. Many of them experience problems and fail to profit from their IoT innovation. A lot of those problems are security related. In IoT development, security issues are often overlooked or underestimated. This article explores, from a holistic viewpoint, how security in IoT systems can be prevented or mitigated with a minimal effort. Concepts examined are: The Cynefin framework, Business DevOps, and the role of constraints and requirements in the design phase. © 2020, Springer Nature Switzerland AG.;;Lecture Notes in Computer Science (including subseries Lecture Notes in Artificial Intelligence and Lecture Notes in Bioinformatics);;;
scopus;;Conference paper;Visibility Control: Addressing Supply Chain Challenges to Trustworthy Software-Enabled Things;Martin R.A.;2020;10.1109/SSS47320.2020.9174365;https://www.scopus.com/pages/publications/85092713432?origin=resultslist;"Software is playing a pivotal role in most enterprises, whether they realize it or not, and with the proliferation of Industrial Internet of Things (IoT) and other cyber/physical systems across our society and critical infrastructure and our collective love affair with automation, optimization, and 'smart' devices, the role of these types of systems is only going to increase. This talk addresses the myriad of issues that underlie unsafe, insecure, and unreliable software and provides the insights of the Industrial Internet Consortium and other government and industry efforts on how to conquer them and pave the way to a marketplace of trustworthy software-enabled connected things.As the experience of several sectors has shown, the dependence on connected software needs to be met with a strong understanding of the risks to the overall trustworthiness of our software-based capabilities that we, our enterprises, and our world utilize. In many of these new connected systems issues of safety, reliability, and resilience rival or dominate concerns for security and privacy, the long-time focus of many in the IT world. Without a scalable and efficient method for managing these risks so our enterprises can continue to benefit from these advancements that powers our military, commercial industries, cities, and homes to new levels of efficiency, versatility, and cost effectiveness we face the potential for harm, death, and destructiveness.In such a marketplace, creating, exchanging, and integrating components that are trustworthy as well as entering into value-chain relationships with trustworthy partners and service suppliers will be common if we can provide a method for explicitly defining what is meant by the word trustworthy. The approach being pursued by these groups for applying Software Assurance to these systems and their Supply Chains by leveraging Structured Assurance Cases, Software Bill of Materials (the focus of this paper), and secure development practices applied to the evolving Agile and DevSecOps methodologies, is to explicitly identify the detailed requirements 'about what we need to know about something for it to be worthy of our trust' and to do that in a way that we can convey that basis of trust to others that: can scale; is consistent within different workflows; is flexible to differing sets of hazards and environments; and is applicable to all sectors, domains, and industries.  © 2020 IEEE.";;Systems Security Symposium, SSS 2020 - Conference Proceedings;;;
scopus;;Conference paper;Development and Operation of Trustworthy Smart IoT Systems: The ENACT Framework;"Ferry N.; Dominiak J.; Gallon A.; González E.; Iturbe E.; Lavirotte S.; Martinez S.; Metzger A.; Muntés-Mulero V.; Nguyen P.H.; Palm A.; Rego A.; Rios E.; Riviera D.; Solberg A.; Song H.; Tigli J.-Y.; Winter T.";2020;10.1007/978-3-030-39306-9_9;https://www.scopus.com/pages/publications/85079102926?origin=resultslist;To unleash the full potential of IoT, it is critical to facilitate threation and operation of trustworthy Smart IoT Systems (SIS). Software development and delivery of SIS would greatly benefit from DevOps as devices and IoT services requirements for reliability, quality, security and safety are paramount. However, DevOps practices are far from widely adopted in the IoT, in particular, due to a lack of key enabling tools. In last year paper at DevOps’18, we presented the ENACT research roadmap that identified the critical challenges to enable DevOps in the realm of trustworthy SIS. In this paper, we present the ENACT DevOps Framework as our current realization of these methods and tools. © 2020, Springer Nature Switzerland AG.;;Lecture Notes in Computer Science (including subseries Lecture Notes in Artificial Intelligence and Lecture Notes in Bioinformatics);;;
scopus;;Conference paper;Rider Optimization based Optimized Deep-CNN towards Attack Detection in IoT;Sarma S.K.;2020;10.1109/ICICCS48265.2020.9121042;https://www.scopus.com/pages/publications/85087444951?origin=resultslist;More researchers have made efforts on introducing various models for IoT security frameworks, however, no single IoT framework could assure the optimal security in opposition to varied kinds of attacks. Thereby, this paper intends to propose a new attack detection system by interlinking the Development and Operations (DevOps) concept. The proposed attack detection system involves two stages: Proposed Feature Extraction and Classification. In the first stage, the concatenation of statistical and higher-order statistical features is extracted. These extracted features are then subjected to Deep Convolutional Neural Network (CNN) based classification to identify the attacks in the network. To improve the classification accuracy, the convolution layers in DCNN are optimally tuned using Rider Optimization Algorithm (ROA). Finally, analysis is carried out for validating the betterment of the adopted scheme. © 2020 IEEE.;;Proceedings of the International Conference on Intelligent Computing and Control Systems, ICICCS 2020;;;
scopus;;Conference paper;A trustworthy blockchain-based decentralised resource management system in the cloud;"Zhao Z.; Rong C.; Jaatun M.G.";2020;10.1109/ICPADS51040.2020.00086;https://www.scopus.com/pages/publications/85102344940?origin=resultslist;"Quality Critical Decentralised Applications (QC-DApp) have high requirements for system performance and service quality, involve heterogeneous infrastructures (Clouds, Fogs, Edges and IoT), and rely on the trustworthy collaborations among participants of data sources and infrastructure providers to deliver their business value. The development of the QCDApp has to tackle the low-performance challenge of the current blockchain technologies due to the low collaboration efficiency among distributed peers for consensus. On the other hand, the resilience of the Cloud has enabled significant advances in software-defined storage, networking, infrastructure, and every technology; however, those rich programmabilities of infrastructure (in particular, the advances of new hardware accelerators in the infrastructures) can still not be effectively utilised for QCDApp due to lack of suitable architecture and programming model. © 2020 IEEE.";;Proceedings of the International Conference on Parallel and Distributed Systems - ICPADS;;;
scopus;;Conference paper;Continuous reasoning for managing next-gen distributed applications;"Forti S.; Brogi A.";2020;10.4204/EPTCS.325.22;https://www.scopus.com/pages/publications/85092636913?origin=resultslist;Continuous reasoning has proven effective in incrementally analysing changes in application codebases within Continuous Integration/Continuous Deployment (CI/CD) software release pipelines. In this article, we present a novel declarative continuous reasoning approach to support the management of multi-service applications over the Cloud-IoT continuum, in particular when infrastructure variations impede meeting application's hardware, software, IoT or network QoS requirements. We show how such an approach brings considerable speed-ups compared to non-incremental reasoning.  © S. Forti and A. Brogi.;;Electronic Proceedings in Theoretical Computer Science, EPTCS;;;
scopus;;Conference paper;Towards a Model-Based DevOps for Cyber-Physical Systems;"Combemale B.; Wimmer M.";2020;10.1007/978-3-030-39306-9_6;https://www.scopus.com/pages/publications/85079099244?origin=resultslist;The emerging field of Cyber-Physical Systems (CPS) calls for new scenarios of the use of models. In particular, CPS require to support both the integration of physical and cyber parts in innovative complex systems or production chains, together with the management of the data gathered from the environment to drive dynamic reconfiguration at runtime or finding improved designs. In such a context, the engineering of CPS must rely on models to uniformly reason about various heterogeneous concerns all along the system life cycle. In the last decades, the use of models has been intensively investigated both at design time for driving the development of complex systems, and at runtime as a reasoning layer to support deployment, monitoring and runtime adaptations. However, the approaches remain mostly independent. With the advent of DevOps principles, the engineering of CPS would benefit from supporting a smooth continuum of models from design to runtime, and vice versa. In this vision paper, we introduce a vision for supporting model-based DevOps practices, and we infer the corresponding research roadmap for the modeling community to address this vision by discussing a CPS demonstrator. © 2020, Springer Nature Switzerland AG.;;Lecture Notes in Computer Science (including subseries Lecture Notes in Artificial Intelligence and Lecture Notes in Bioinformatics);;;
scopus;;Conference paper;Lemons: Leveraging Model-Based Techniques to Enable Non-Intrusive Semantic Enrichment in Wireless Sensor Networks;"Novacek J.; Kuhlwein A.; Reiter S.; Viehl A.; Bringmann O.; Rosenstiel W.";2020;10.1109/SEAA51224.2020.00092;https://www.scopus.com/pages/publications/85096557140?origin=resultslist;The paper presents an efficient approach to the semantic enrichment of measured sensor data in Wireless Sensor Networks (WSNs), by bridging techniques from Model-driven Software Development (MDSD) and Semantic Web Technology (SWT). Our approach reinforces data interoperability, fostering data sharing and reuse, by utilizing SWT. Model-based and type-agnostic configuration reduces the overall effort for WSN setup and maintenance, which are traditionally complex and time-consuming tasks. The presented approach addresses the problem of large-scale WSN management through the application of SWT in WSN configuration and management without requiring expert knowledge. Additionally, we present a generic architecture and an implementation which is also supplemented by hands-on descriptions of an illustrative use case. Our experimental results demonstrate that our model-based approach provides non-intrusive semantic enrichment with sub-millisecond computational overhead, as well as partially automated configuration of WSNs.  © 2020 IEEE.;;Proceedings - 46th Euromicro Conference on Software Engineering and Advanced Applications, SEAA 2020;;;
scopus;;Conference paper;Creating It from SCRATCh: A Practical Approach for Enhancing the Security of IoT-Systems in a DevOps-Enabled Software Development Environment;"Duque Anton S.D.; Fraunholz D.; Krohmer D.; Reti D.; Schotten H.D.; Selgert F.; Marosvölgyi M.; Larsen M.; Sudhakar K.; Koch T.; Witt T.; Bassem C.";2020;10.1007/978-3-030-55583-2_20;https://www.scopus.com/pages/publications/85096568142?origin=resultslist;DevOps describes a method to reorganize the way different disciplines in software engineering work together to speed up software delivery. However, the introduction of DevOps-methods to organisations is a complex task. A successful introduction results in a set of structured process descriptions. Despite the structure, this process leaves margin for error: Especially security issues are addressed in individual stages, without consideration of the interdependence. Furthermore, applying DevOps-methods to distributed entities, such as the Internet of Things (IoT) is difficult as the architecture is tailormade for desktop and cloud resources. In this work, an overview of tooling employed in the stages of DevOps processes is introduced. Gaps in terms of security or applicability to the IoT are derived. Based on these gaps, solutions that are being developed in the course of the research project SCRATCh are presented and discussed in terms of benefit to DevOps-environments. © 2020, Springer Nature Switzerland AG.;;Lecture Notes in Computer Science (including subseries Lecture Notes in Artificial Intelligence and Lecture Notes in Bioinformatics);;;
scopus;;Conference paper;Deployment specification challenges in the context of large scale systems;"Jiménez M.; Tamura G.; Villegas N.M.; Müller H.A.";2020;;https://www.scopus.com/pages/publications/85091341555?origin=resultslist;Traditionally, the focus of software deployment has been mainly on the infrastructure to realise deployment and configuration (D&C) of complex and distributed systems, with an increasing interest in deployment of internet of things and cyber-physical systems. Advances in job scheduling, storage orchestration, containerized applications, along with agile practices such as continuous integration and microservices architecture, have improved the state of the practice. However, little effort has been devoted to the need for D&C specifications to support the various levels of detail and abstraction present in large-scale systems. The understanding of the software components hierarchy has shifted from the comprehension of design artefacts, usually specified with static diagrams, to the understanding of runtime concepts. The DevOps movement has dramatically influenced how and when deployment is realised, but little has been done from the software perspective in terms of documentation and linkage between design and runtime artefacts in the sense of software specification as such. This paper presents an overview of the state of the art of deployment requirements for large-scale, distributed and complex software and its automation and characterises a set of deployment specification challenges intended as starting points for advancing the field of software deployment. © 2017 Copyright held by the owner/author(s).;;Proceedings of the 27th Annual International Conference on Computer Science and Software Engineering, CASCON 2017;;;
scopus;;Conference paper;DevSecOps Pipeline for complex software-intensive systems: Addressing cybersecurity challenges;"Woody C.; Chick T.A.; Reffett A.; Pavetti S.; Laughlin R.; Frye B.; Bandor M.";2020;;https://www.scopus.com/pages/publications/85096520900?origin=resultslist;A major challenge for cybersecurity comes from new technology approaches that focus primarily on the benefits of implementation rather than on defining the governance and risk management changes necessary to establish and enforce appropriate protections. This challenge is especially important for the adoption of technology that impacts critical infrastructure and shared services, such as voting and defense. Researchers examined the challenges and the effective cybersecurity options facing Department of Defense (DoD) programs delivering cyberphysical systems and adopting DevSecOps. These researchers found a lack of broad understanding about the level of management and governance responsibility needed to define and use the DevSecOps pipeline. Adopting DevSecOps is a sociotechnical decision that links technology with operational process and practice. Researchers identified several areas that require cross-functional and organizational management attention to fit the pipeline for mission use and considerations to address for producing the system. This paper describes the case study and lessons learned to date. When a program adopts DevSecOps, it creates and supports two major systems concurrently: (1) the product the program was assigned to produce, and (2) the pipeline the program uses to develop and operationalize the product. Both systems need effective built-in security. In addition, neither the product nor the pipeline can remain static, so the cybersecurity of each must change to ensure sufficiency. The product expands with added functionality, which includes added vulnerabilities that tools and developers must address. The pipeline should be continually refined and improved as new tools and techniques better enable the consistent throughput of new features and capabilities. The focus on functionality and throughput is not sufficient for either system because the threat landscape changes constantly with new attacker capabilities. As a result, the need for improved tools to avoid and remove vulnerabilities from the product become critical. These tools must also be patched since they are software and contain vulnerabilities. As more data about the product is collected through the pipeline, it is critical to tap this information to improve the product and pipeline. However, the pipeline is not a single entity. It is a collection of highly configurable pieces built independently and assembled to perform together. The increased use of the DevSecOps pipeline to automate software assurance, cybersecurity, and safety compliance transfers the responsibilities for identifying and addressing pipeline and product risks to roles that were not involved in the past. For example, acquirers and maintainers of pipeline tools may now be responsible for the level of verification performed on the product and its associated effectiveness. If the criteria for tool selection remains focused only on cost, availability, and compliance, the expectations for this new responsibility could fall short of stakeholder expectations, especially if structuring the pipeline does not include stakeholder requirements. There is a lack of broad understanding about the level of management and governance responsibility needed to define and assure the responsible use of a DevSecOps pipeline. Our work is focused on bringing these under-addressed areas to light. © IMSCI 2020.All right reserved.;;IMSCI 2020 - 14th International Multi-Conference on Society, Cybernetics and Informatics, Proceedings;;;
scopus;;Conference paper;Actuation Conflict Management Enabler for DevOps in IoT;"Gonnin T.; Dechavanne F.; Rocher G.; Lavirotte S.; Tigli J.-Y.; Capocchi L.; Santucci J.-F.";2020;10.1145/3423423.3423474;https://www.scopus.com/pages/publications/85123043210?origin=resultslist;DevOps methodology is well known in the field of classical software development to improve the software quality and the frequency of the deliveries. However, DevOps has not yet been popularized in the field of IoT. The reasons of that are new challenges that require new enablers in the DevOps tools ecosystem. The European ENACT project supported under the H2020 programme aims to respond to these challenges by providing new enablers to apply DevOps methodology for IoT application[2]. We present, here, one of these enablers called Action Conflict Management Enabler (ACM enabler) which aims at anticipating and resolving at Devs Time all conflicts[1] and dysfunctions that might result from mismanagement of the IoT system actuators. © 2020 Owner/Author.;;ACM International Conference Proceeding Series;;;
scopus;;Conference paper;Towards a Taxonomy for Eliciting Design-Operation Continuum Requirements of Cyber-Physical Systems;"Ayerdi J.; Garciandia A.; Arrieta A.; Afzal W.; Enoiu E.; Agirre A.; Sagardui G.; Arratibel M.; Sellin O.";2020;10.1109/RE48521.2020.00038;https://www.scopus.com/pages/publications/85093982993?origin=resultslist;Software systems that are embedded in autonomous Cyber-Physical Systems (CPSs) usually have a large life-cycle, both during its development and in maintenance. This software evolves during its life-cycle in order to incorporate new requirements, bug fixes, and to deal with hardware obsolescence. The current process for developing and maintaining this software is very fragmented, which makes developing new software versions and deploying them in the CPSs extremely expensive. In other domains, such as web engineering, the phases of development and operation are tightly connected, making it possible to easily perform software updates of the system, and to obtain operational data that can be analyzed by engineers at development time. However, in spite of the rise of new communication technologies (e.g., 5G) providing an opportunity to acquire Design-Operation Continuum Engineering methods in the context of CPSs, there are still many complex issues that need to be addressed, such as the ones related with hardware-software co-design. Therefore, the process of Design-Operation Continuum Engineering for CPSs requires substantial changes with respect to the current fragmented software development process. In this paper, we build a taxonomy for Design-Operation Continuum Engineering of CPSs based on case studies from two different industrial domains involving CPSs (elevation and railway). This taxonomy is later used to elicit requirements from these two case studies in order to present a blueprint on adopting Design-Operation Continuum Engineering in any organization developing CPSs. © 2020 IEEE.;;Proceedings of the IEEE International Conference on Requirements Engineering;;;
scopus;;Conference paper;Model-based fleet deployment of edge computing applications;"Song H.; Dautov R.; Ferry N.; Solberg A.; Fleurey F.";2020;10.1145/3365438.3410951;https://www.scopus.com/pages/publications/85097001114?origin=resultslist;Edge computing brings software in close proximity to end users and IoT devices. Given the increasing number of distributed Edge devices with various contexts, as well as the widely adopted continuous delivery practices, software developers need to maintain multiple application versions and frequently (re-)deploy them to a fleet of many devices with respect to their contexts. Doing this correctly and efficiently goes beyond manual capabilities and requires employing an intelligent and reliable automated approach. Accordingly this paper describes a joint research with a Smart Healthcare application provider on a model-based approach to automatically assigning multiple software deployments to hundreds of Edge gateways. From a Platform-Specific Model obtained from the existing Edge computing platform, we extract a Platform-Independent Model that describes a list of target devices and a pool of available deployments. Next, we use constraint solving to automatically assign deployments to devices at once, given their specific contexts. The resulting solution is transformed back to the PSM as to proceed with software deployment accordingly. We validate the approach with a Fleet Deployment prototype integrated into the DevOps toolchain currently used by the application provider. Initial experiments demonstrate the viability of the approach and its usefulness in supporting DevOps in Edge computing applications. © 2020 ACM.;;Proceedings - 23rd ACM/IEEE International Conference on Model Driven Engineering Languages and Systems, MODELS 2020;;;
scopus;;Article;DevOps for IoT Systems: Fast and Continuous Monitoring Feedback of System Availability;"Lopez-Pena M.A.; Diaz J.; Perez J.E.; Humanes H.";2020;10.1109/JIOT.2020.3012763;https://www.scopus.com/pages/publications/85092738657?origin=resultslist;Current Internet-of-Things (IoT) systems are highly distributed systems, which integrate cloud, fog, and edge computing approaches. Accelerating their maintenance and continuous improvement, while ensuring their availability, is complex. DevOps promotes fast and continuous feedback from operations to development to detect problems before customers are impacted, among other benefits. However, there is not any formal definition of how to do this. This article defines the 'fast and continuous monitoring feedback of system availability' activity (FCF availability) that supports automatic and continuous monitoring feedback from operations to the development of the IoT system availability. This activity has been formalized through the software and systems process engineering metamodel (SPEM). Its implementation is demonstrated in a real scenario that provides evidence that the formalization of the FCF availability activity helps teams in better diagnosing and fixing outage problems. The result is a distributed and configurable monitoring component developed through code [monitoring as code (MaC)]. This component is embedded in the IoT infrastructure. MaC enables DevOps team to configure their own metrics and indicators at runtime, i.e., monitoring on demand. The formalization of this activity, based on an MaC technique, enables the automation, versioning, and replication of monitoring elements. © 2014 IEEE.;;IEEE Internet of Things Journal;;;
scopus;;Conference paper;Data pipeline architecture for serverless platform;"Dehury C.; Jakovits P.; Srirama S.N.; Tountopoulos V.; Giotis G.";2020;10.1007/978-3-030-59155-7_18;https://www.scopus.com/pages/publications/85091486048?origin=resultslist;To provide cost effective cloud resources with high QoS, serverless platform is introduced that allows to pay for the exact amount of resource usage. On the other hand, a number of data management tools are developed to handle the data from a large number of IoT sensing devices. However, the modern data-intensive cloud applications require the power that comes from integrating data management tools with serverless platforms. This paper proposes a novel data pipeline architecture for serverless platform for providing an environment to develop applications that can be broken into independently deployable, schedulable, scalable, and re-usable modules and efficiently manage the flow of data between different environments. © Springer Nature Switzerland AG 2020.;;Communications in Computer and Information Science;;;
scopus;;Conference paper;Tool Support for Risk-driven Planning of Trustworthy Smart IoT Systems within DevOps;"Thompson A.; Erdogan G.";2020;10.5220/0009189307420753;https://www.scopus.com/pages/publications/85176374060?origin=resultslist;There is a serious lack of support for trustworthy smart IoT systems within DevOps. Security and privacy are often overlooked in DevOps cultures and almost absent in the context of IoT. In this paper, we focus on the planning stage of DevOps and propose a tool-supported method for risk-driven planning considering security and privacy risks. Our method consists of five steps: establish context, analyse dataflow, model privacy and security risk, develop risk assessment algorithm based on risk model, and execute risk assessment algorithm. Our tool supports this method in the first and the last step and facilitates dynamic risk assessment based on input provided by the user or collected from the monitoring stage into predefined risk models. The output of the tool is a risk assessment which the end users, e.g. developers, can use as decision support to prioritize certain parts of the target under analysis in the next cycle of DevOps. The tool and the method are evaluated in a real-world smart home case. Our initial evaluation indicates that the approach is comprehensible for our intended users, supports the planning stage in terms of security and privacy risk assessment, and feasible for use in the DevOps practice. © 2022 by SCITEPRESS – Science and Technology Publications, Lda. All rights reserved.;;International Conference on Information Systems Security and Privacy;;;
scopus;;Conference paper;ALLSTAR: A blockchain based decentralized ecosystem for cloud and edge computing;"Zhou H.; Ouyang X.; Zhao Z.";2020;10.1109/JCC49151.2020.00018;https://www.scopus.com/pages/publications/85092030069?origin=resultslist;Last decades, Cloud computing has made significant impacts on traditional applications to change their development and operation methods. We witnessed ever more newly-built Clouds and data centers. However, the centralized management mechanism of current Clouds lacks the dispersion to satisfy the requirements of emerging collaborative applications, including AI, IoT, and autopilot. On the other hand, the Edge computing stays at the conceptual and experimental stage. Most organizations construct their own Edge nodes to operate applications. An efficient and incentive mechanism is missing to motivate the Edge and micro Cloud resource providers to join and constitute a more generalized and decentralized ecosystem. To address this issue, we propose ALLSTAR, a blockchain based architecture for equally combining all the Cloud and Edge resources to be seamlessly leveraged by the application in the DevOps (development and operations) lifecycle. The ALLSTAR architecture is a systematic solution to realize the 'Cloud+Edge' management and contributes to constructing the corresponding ALLSTAR ecosystem. This paper describes the overall architecture of ALLSTAR, the related key techniques, and detailed application DevOps processes as well as the new business model. © 2020 IEEE.;;Proceedings - 2020 IEEE International Conference on Joint Cloud Computing, JCC 2020;;;
scopus;;Conference paper;The PASTA threat model implementation in the IoT development life cycle;"Wolf A.; Simopoulos D.; D’Avino L.; Schwaiger P.";2020;10.18420/inf2020_111;https://www.scopus.com/pages/publications/85126471832?origin=resultslist;Recently, IoT usage has grown rapidly. Security risks are rising analogously, though. Our paper introduces an approach to identify and address security threats by applying the PASTA (Process for Attack Simulation and Threat Analysis) threat model to the IoT domain. By adapting PASTA, we optimize the threat analysis based on domain knowledge and specific needs of IoT. With integration of the PASTA results into the development process and the IoT software development life cycle, we reduce security risks. A prototype demonstrates the feasibility of the concept for security vulnerability reduction via an integrated DevSecOps toolchain. © 2020 Gesellschaft fur Informatik (GI). All rights reserved.;;Lecture Notes in Informatics (LNI), Proceedings - Series of the Gesellschaft fur Informatik (GI);;;
scopus;;Conference paper;Meta-model approach of applied devops on internet of things ecosystem;"El Khalyly B.; Belangour A.; Erraissi A.; Banane M.";2020;10.1109/ICECOCS50124.2020.9314552;https://www.scopus.com/pages/publications/85100101062?origin=resultslist;DevOps is a software development and distribution process. It combines an entire culture of collaboration and fusion between management approach, technologies of coding and technics of integration. DevOps is a new paradigm and novel concept that is introduced in different industries that concerns software and embedded development like robotics and smart agent.The ecosystem of the Internet of Things is a set of physical devices such as sensors and actuators. It includes a set of servers and gateways that provide connectivity. These devices can be installed at three levels: the edge level, the fog level and the cloud level. Applications that monitor things and collect data from sensors are deployed at the edge, fog and cloud levels. These applications can be containerized and deployed in different devices by Docker, which takes advantage of its advantage to create executable containers that are isolated from each other. This paper presents a generic metamodel of the Internet of Things ecosystem based on microservices and supported by Docker as a containerization tool and Ansible as a monitoring tool. This metamodel allows us to generate a system of connected objects that can be deployed on three levels: Fog, Edge, Cloud. This metamodel can be used in different types of domains such as Smart Home - Smart City - Smart Vehicle - Smart Health - Smart Farm - Smart Factory. The metamodel proposed in this article is a fusion between 5 metamodels: Internet of Things - Microservices - Ansible - Docker - Kubernetes.  © 2020 IEEE.;;2020 IEEE 2nd International Conference on Electronics, Control, Optimization and Computer Science, ICECOCS 2020;;;
scopus;;Conference paper;Agility in Telecommunication Product Development, Challenges and the Way Forward;"Ameen Ishaq M.P.; Prakash N.";2020;10.1109/ICOEI48184.2020.9142947;https://www.scopus.com/pages/publications/85089974186?origin=resultslist;"On time delivery of products with industry expected suite of features is one of the most common challenge for any product development organization. In order to address this, most of the software product development organizations have transformed their processes to agile models in recent years. Though most of them have tried to implement available flavors of agile models such as Scrum, Extreme programming, Test Driven Development etc., there is a wide variation on methods they use, challenges they face, and the level of their adoption. Adoption level varies among different sectors in the industry. The level is high for web development, pure software cloud-based product companies, wherein it is low for organizations developing systems with special hardware and embedded software such as communication products. This is basically due to the complexity of the processes they use in their product development lifecycles. At least some phases of their development lifecycle find it difficult to meet requirements expected by the regular agile models such as quick turnaround time, light weight viable deliverables with business value etc. This paper discusses some of the prominent process models used by telecommunication product industry, reasons for low adoption of Agile models, challenges faced while implementing related practices; suggests how to overcome those challenges by making use of traditional methods like Kanban and practices from recent innovations such as DevOps to get prepared for the way forward. © 2020 IEEE.";;Proceedings of the 4th International Conference on Trends in Electronics and Informatics, ICOEI 2020;;;
scopus;;Conference paper;Energy efficient next-gen of virtualization for cloud-native applications in modern data centres;"Bharani Dharan G.; Jayalakshmi S.";2020;10.1109/I-SMAC49090.2020.9243497;https://www.scopus.com/pages/publications/85097827309?origin=resultslist;In the new software-driven world this is the need of the hour to achieve success by accelerating development, delivery of applications and services rapidly that make customers happy and business competitive. To achieve faster delivery of resources and applications to strengthen the business with more transformations containers have been introduced. At the existing scenario, the hyper-converged data centre uses the concept of virtualization which creates software abstraction of the underlying hardware using Hypervisor software that enables to execute several Virtual Machines (VMs) with dissimilar Operating System (OS) flavours. But virtualization is heavyweight and it may take more time to boot. The proposed containerization and docker in hybrid cloud composable data centre is lightweight supports Operating System (OS) level virtualization that isolates resources, libraries and other binaries bundled into a single package for agile modern scalable workloads. This paper focuses on the container-based virtualization to shape the future cloud-based modern data centre for supporting the micro-services based applications for faster deployment to Developer Operations (DevOps) teams in IT with resiliency, High Availability and better resource management with energy savings. © 2020 IEEE.;;Proceedings of the 4th International Conference on IoT in Social, Mobile, Analytics and Cloud, ISMAC 2020;;;
scopus;;Conference paper;A Kubernetes Algorithm for scaling Virtual Objects;"El Khalyly B.; Belangour A.";2020;10.1109/ISRITI51436.2020.9315393;https://www.scopus.com/pages/publications/85100025987?origin=resultslist;Continuous scalability of applications operating in the Internet of Things domain has raised the issue of continuous integration. Users and operators involved in the establishment of connected object ecosystems want to have the ability to change and modify their applications without having to stop the function of the physical components in order to deploy their various applications that run these objects. In this article we propose a continuous integration and scaling approach based on Kubernetes and object virtualization to deploy different types of appropriate microservices.  © 2020 IEEE.;;2020 3rd International Seminar on Research of Information Technology and Intelligent Systems, ISRITI 2020;;;
scopus;;Conference paper;TDD4Fog: A Test-Driven Software Development Platform for Fog Computing Systems;"Li R.; Liu X.; Zheng X.; Zhang C.; Liu H.";2020;10.1109/CCGrid49817.2020.00-25;https://www.scopus.com/pages/publications/85089079673?origin=resultslist;As an ideal infrastructure for smart services, Fog Computing is becoming the next wave of IT investment harnessing the successful models of Cloud Computing and latest technologies such as 5G and Internet of Things (IoT). However, the development of Fog Computing systems is a big challenge due to its complex, heterogeneous and distributed nature. Currently, there are a few SDKs released by some public Cloud service providers to support the development of Fog services in a top-down fashion as the key motive is to leverage their business Cloud services. However, Fog Computing systems are usually designed in a bottom-up fashion as the major functionalities are centred around the Edge Nodes and the End Devices. Meanwhile, significant efforts are required to verify the conformance of software behaviours as the collaboration between the End Devices, Edge Nodes and Cloud Servers is vital to the success of a Fog Computing System. Therefore, a holistically designed software development platform is urgently required. In this paper, we propose TDD4Fog, a test-driven software development platform for Fog Computing systems. Following the Test-Driven Development (TDD) methodology and a bottom-up design fashion, TDD4Fog supports the microservice architecture and provides the Test-Driven utilities such as metamorphic testing, mutation testing and random testing for the whole software development lifecycle of Fog Computing systems. To demonstrate the feasibility of TDD4Fog, we have presented some preliminary results on the key components of TDD4Fog and discussed some important future research directions. © 2020 IEEE.;;Proceedings - 20th IEEE/ACM International Symposium on Cluster, Cloud and Internet Computing, CCGRID 2020;;;
scopus;;Article;Development of an agile concept for mbse for future digital products through the entire life cycle management called Munich agile MBSE concept (MAGIC);Salehi V.;2020;10.14733/cadaps.2020.147-166;https://www.scopus.com/pages/publications/85068769866?origin=resultslist;Model-based systems engineering (MBSE) is a well-known approach and one of the new aspects for system development in gaining the control over the complexity of systems and the development processes, while agile is a project management methodology originally from software development that uses short development cycles to focus on continuous improvement in the development of a product or service. In this paper, the different kinds of V-Models have been analyzed and the missing aspects related to new approaches based on digitization such as integration of IOT parts of data from manufacturing or usage of the products or data form services have been elaborated. Moreover, this paper will present an approach which melds the new development processes like DevOps or agile product development to a new MBSE Framework. In this paper, we adopt the concept of agile into MBSE and then proposed the new approach - Munich Agile MBSE Concept (MAGIC). The highlights of MAGIC approach can be concluded as 1) the requirements are continuously adopted to every stage of system development from first product ideas up to manufacturing and product services/usages for a better traceability 2) an agile working and communication are implemented between every state of the MAGIC approach. This ensures to have a close connection during system development phases. 3) the idea of Industry 4.0 has been included and reflected to achieve automation and data exchange with manufacturing technologies. 4) the concept of IOT (Internet of Things) is also considered when it comes to the usage and service of the system to satisfy the customer’s needs. 5) the whole spirit of agile is reflected as the iterative and incremental design and development. Last but not least, a use case of Mars rover development project has been introduced to verify the feasibility of this approach. © 2020, CAD Solutions, LLC. All rights reserved.;;Computer-Aided Design and Applications;;;
scopus;;Conference paper;Leveraging Semi-formal Approaches for DepDevOps;"Zaeske W.; Durak U.";2020;10.1007/978-3-030-55583-2_16;https://www.scopus.com/pages/publications/85096528163?origin=resultslist;While formal methods have long been praised by the dependable Cyber-Physical System community, continuous software engineering practices are now employing or promoting semi-formal approaches for achieving lean and agile processes. This paper is a discussion about using Behaviour Driven Development, particularly Gherkin and RSpec for DepDevOps, DevOps for dependable Cyber-Physical Systems. © 2020, Springer Nature Switzerland AG.;;Lecture Notes in Computer Science (including subseries Lecture Notes in Artificial Intelligence and Lecture Notes in Bioinformatics);;;
scopus;;Conference paper;TwinOps - DevOps meets model-based engineering and digital twins for the engineering of CPS;"Hugues J.; Hristosov A.; Hudak J.J.; Yankel J.";2020;10.1145/3417990.3421446;https://www.scopus.com/pages/publications/85096747019?origin=resultslist;The engineering of Cyber-Physical Systems (CPS) requires a large set of expertise to capture the system requirements and to derive a correct solution. Model-based Engineering and DevOps aim to efficiently deliver software with increased quality. Model-based Engineering relies on models as first-class artifacts to analyze, simulate, and ultimately generate parts of a system. DevOps focuses on software engineering activities, from early development to integration, and then improvement through the monitoring of the system at run-time. We claim these can be efficiently combined to improve the engineering process of CPS. In this paper, we present TwinOps, a process that unifies Model-based Engineering, Digital Twins, and DevOps practice in a uniform workflow. TwinOps illustrates how to leverage several best practices in MBE and DevOps for the engineering Cyber-Physical systems. We illustrate our contribution using a Digital Twins case study to illustrate TwinOps benefits, combining AADL and Modelica models, and an IoT platform.  © 2020 ACM.;;Proceedings - 23rd ACM/IEEE International Conference on Model Driven Engineering Languages and Systems, MODELS-C 2020 - Companion Proceedings;;;
scopus;;Article;Continuous deployment of trustworthy smart IoT systems;"Ferry N.; Nguyen P.H.; Song H.; Rios E.; Iturbe E.; Martinez S.; Rego A.";2020;10.5381/jot.2020.19.2.a16;https://www.scopus.com/pages/publications/85089665982?origin=resultslist;"While the next generation of IoT systems need to perform distributed processing and coordinated behaviour across IoT, Edge and Cloud infrastructures, their development and operation are still challenging. A major challenge is the high heterogeneity of their infrastructure, which broadens the surface for security attacks and increases the complexity of maintaining and evolving such complex systems. In this paper, we present our approach for Generation and Deployment of Smart IoT Systems (GeneSIS) to tame this complexity. GeneSIS leverages model-driven engineering to support the DevSecOps of Smart IoT Systems (SIS). More precisely, GeneSIS includes: (i) a domain specific modelling language to specify the deployment of SIS over IoT, Edge and Cloud infrastructure with the necessary concepts for security and privacy; and (ii) a models@run. time engine to enact the orchestration, deployment, and adaptation of these SIS. The results from our smart building case study have shown that GeneSIS can support security by design from the development (via deployment) to the operation of IoT systems and back again in a DevSecOps loop. In other words, GeneSIS enables IoT systems to keep up security and adapt to evolving conditions and threats while maintaining their trustworthiness. © 2020 Association Internationale pour les Technologies Objets.";;Journal of Object Technology;;;
scopus;;Conference paper;IoT-based systems actuation conflicts management towards devops: A systematic mapping study;"Lavirotte S.; Rocher G.; Tigli J.-Y.; Gonnin T.";2020;10.5220/0009355102270234;https://www.scopus.com/pages/publications/85089484819?origin=resultslist;The Internet of Things (IoT) has long been understood as an infrastructure layer allowing to gather environmental data through sensors. However, it also provides means to physically interact with our living environments through actuators. To the extent that actuation effects are not without risks on safety and trustworthiness, providing the IoT infrastructure layer with merely sensors access control mechanisms is no longer sufficient. It is also required to prevent conflicting (and possibly unsafe) actuation effects to occur in the physical environment and deploy means to resolve them. In this paper, we consider actuation conflicts management as part of the DevOps approach, which aims to harmonize tools and objectives of actors involved in IoT-based systems life cycle from their design to their deployment. In this context, a systematic mapping study (SMS) is conducted to better understand the actuation conflicts management approaches and to what extent they could be integrated into the DevOps life cycle. Copyright © 2020 by SCITEPRESS - Science and Technology Publications, Lda. All rights reserved.;;IoTBDS 2020 - Proceedings of the 5th International Conference on Internet of Things, Big Data and Security;;;
scopus;;Conference paper;An actuation conflicts management flow for smart IoT-based systems;"Rocher G.; Gonnin T.; Dechavanne F.; Lavirotte S.; Tigli J.-Y.; Capocchi L.; Santucci J.-F.";2020;10.1109/IOTSMS52051.2020.9340196;https://www.scopus.com/pages/publications/85100935532?origin=resultslist;"IoT-based applications have long been limited to collecting field information; at the edge of their underlying infrastructure, IoT devices utilization is mainly motivated by their capacity at gathering environmental information from sensors as means to support users in decision making. However, in numerous domains like home automation, smart factory, intelligent transportation systems, etc., so-called 'smart' IoT-based applications also involve devices interacting with the physical environment through actuators. Throughout their life cycle, from the design, the deployment to operation, the ability to prevent conflicting actuation commands and antagonistic effects (possibly harmful), represents a new challenge in the realm of trustworthy smart IoT-based applications. In this paper, we introduce a complete flow for identifying and resolving actuation conflicts at design time. The proposed approach is part of the DevOps software development life cycle. It advocates the reuse of conflict management solutions through local resolution strategies, considering asynchronous timings of targeted hardware platforms they are deployed on. An illustration of the flow is provided on a use-case.  © 2020 IEEE.";;2020 7th International Conference on Internet of Things: Systems, Management and Security, IOTSMS 2020;;;
scopus;;Article;Extending reference architecture of big data systems towards machine learning in edge computing environments;"Pääkkönen P.; Pakkala D.";2020;10.1186/s40537-020-00303-y;https://www.scopus.com/pages/publications/85083265040?origin=resultslist;Background: Augmented reality, computer vision and other (e.g. network functions, Internet-of-Things (IoT)) use cases can be realised in edge computing environments with machine learning (ML) techniques. For realisation of the use cases, it has to be understood how data is collected, stored, processed, analysed, and visualised in big data systems. In order to provide services with low latency for end users, often utilisation of ML techniques has to be optimized. Also, software/service developers have to understand, how to develop and deploy ML models in edge computing environments. Therefore, architecture design of big data systems to edge computing environments may be challenging. Findings: The contribution of this paper is reference architecture (RA) design of a big data system utilising ML techniques in edge computing environments. An earlier version of the RA has been extended based on 16 realised implementation architectures, which have been developed to edge/distributed computing environments. Also, deployment of architectural elements in different environments is described. Finally, a system view is provided of the software engineering aspects of ML model development and deployment. Conclusions: The presented RA may facilitate concrete architecture design of use cases in edge computing environments. The value of RAs is reduction of development and maintenance costs of systems, reduction of risks, and facilitation of communication between different stakeholders. © 2020, The Author(s).;;Journal of Big Data;;;
scopus;;Conference paper;Smart Agent Edge Microservices Deployment Approach;"Khalyly B.E.; Banane M.; Erraissi A.; Belangour A.";2020;10.1109/DASA51403.2020.9317202;https://www.scopus.com/pages/publications/85100588392?origin=resultslist;Smart agents are essential elements in an Internet of Things ecosystem. Smart agents are made up of sensors and actuators linked to a micro-controller. These smart agents are programmed through applications that are deployed at the microcontroller level. These programs can be modified or replaced or deleted. Also, the components of these smart agents may change, ie it may be that we add or remove a sensor and actuator. These smart agents must continue to operate without having to stop them and deploy new programs. In this case, we need tools that ensure deployment and continuous integration. Devops offers a continuous deployment chain. We offer an automation solution for the deployment and continuous integration of Edge microservice in microcontrollers. These systems are based on microservices. The microservices deployed are in the form of a Docker container. This solution allows the Internet of Things developer to install, modify, and delete containers at the microcontroller level and to control microcontrollers remotely while maintaining the continuity of operation of the microcontrollers. © 2020 IEEE.;;2020 International Conference on Decision Aid Sciences and Application, DASA 2020;;;
scopus;;Conference paper;The DevOps Reference Architecture Evaluation : A Design Science Research Case Study;"Ghantous G.B.; Gill A.";2020;10.1109/SmartIoT49966.2020.00052;https://www.scopus.com/pages/publications/85091969805?origin=resultslist;There is a growing interest to adopt vendor-driven DevOps tools in organizations. However, it is not clear which tools to use in a reference architecture which enables the deployment of the emerging IoT applications to multi-cloud environments. A research-based and vendor-neutral DevOps reference architecture (DRA) framework has been developed to address this critical challenge. The DRA framework can be utilized to architect and implement the DevOps environment that enables automation and continuous integration of software applications deployment to multi-cloud. This paper confers and discusses the evaluation outcomes of the DRA framework at the DigiSAS research Lab. The evaluation outcomes present practical evidence about the applicability of the DRA framework. The evaluation results also indicate that the DRA framework provides general knowledge-base to researchers and practitioners about the adoption DevOps approach in reference architecture design for deploying IoT-Applications to multi-cloud environments. © 2020 IEEE.;;Proceedings - 2020 IEEE International Conference on Smart Internet of Things, SmartIoT 2020;;;
scopus;;Article;SMADA-Fog: Semantic model driven approach to deployment and adaptivity in fog computing;"Petrovic N.; Tosic M.";2020;10.1016/j.simpat.2019.102033;https://www.scopus.com/pages/publications/85076510068?origin=resultslist;The deployment, monitoring and configuration of applications in Fog Computing are becoming quite challenging, due to heterogeneity of mobile and IoT devices involved, data movement constraints imposed by legal regulations as well as frequent changes in the execution environment that may affect quality of service. As a consequence, the system administration procedures are becoming more complex and time-consuming, especially if done manually. In this paper, a Semantic Model driven Approach to Deployment and Adaptivity of container-based applications in Fog Computing (SMADA-Fog) is proposed. Modeling tools, semantic framework, linear optimization model, simulation environment and infrastructure management code generator leveraging the semantic annotations are implemented and presented. According to results of the two experimentally tested scenarios, the proposed approach improves the application performance, while the time required for deployment as well as service adaptation is reduced for at least an order of magnitude. © 2019 Elsevier B.V.;;Simulation Modelling Practice and Theory;;;
scopus;;Conference paper;Assurance for CyberPhysical Systems: Addressing Supply Chain Challenges to Trustworthy Software-Enabled Things;Martin R.A.;2020;10.1109/SSS47320.2020.9174201;https://www.scopus.com/pages/publications/85092699909?origin=resultslist;"Software is playing a pivotal role in most enterprises, whether they realize it or not, and with the proliferation of Industrial Internet of Things (IoT) and other CyberPhysical systems across our society and critical infrastructure and our collective love affair with automation, optimization, and 'smart' devices, the role of these types of systems is only going to increase. This talk addresses the myriad of issues that underlie unsafe, insecure, and unreliable software and provides the insights of the Industrial Internet Consortium and other government and industry efforts on how to conquer them and pave the way to a marketplace of trustworthy software-enabled connected things.As the experience of several sectors has shown, the dependence on connected software needs to be met with a strong understanding of the risks to the overall trustworthiness of our software-based capabilities that we, our enterprises, and our world utilize. In many of these new connected systems issues of safety, reliability, and resilience rival or dominate concerns for security and privacy, the long-time focus of many in the IT world. Without a scalable and efficient method for managing these risks so our enterprises can continue to benefit from these advancements that powers our military, commercial industries, cities, and homes to new levels of efficiency, versatility, and cost effectiveness we face the potential for harm, death, and destructiveness.In such a marketplace, creating, exchanging, and integrating components that are trustworthy as well as entering into value-chain relationships with trustworthy partners and service suppliers will be common if we can provide a method for explicitly defining what is meant by the word trustworthy. The approach being pursued by these groups for applying Software Assurance to these systems and their Supply Chains by leveraging Structured Assurance Cases (the focus of this paper), Software Bill of Materials, and secure development practices applied to the evolving Agile and DevSecOps methodologies, is to explicitly identify the detailed requirements 'about what we need to know about something for it to be worthy of our trust' and to do that in a way that we can convey that basis of trust to others that: can scale; is consistent within different workflows; is flexible to differing sets of hazards and environments; and is applicable to all sectors, domains, and industries.  © 2020 IEEE.";;Systems Security Symposium, SSS 2020 - Conference Proceedings;;;
scopus;;Conference paper;COaaS: Continuous Integration and Delivery framework for HPC using Gitlab-Runner;"Sharif M.; Janto S.; Lueckemeyer G.";2020;10.1145/3421537.3421539;https://www.scopus.com/pages/publications/85093865641?origin=resultslist;To quickly and securely deploy the latest version of hardware and software resources, DevOps communities use continuous delivery, continuous integration, and continuous deployment framework. This paper presents the methodology adopted by the m41ab team of the University of Applied Sciences to use the CI/CD framework in the development of workflows and shows the benefits that can be achieved using the CI/CD framework. Using High-Performance Computing (HPC) along with GitLab runners, we show that the use of Continuous Integration and Delivery framework can efficiently overcome software management challenges even without knowing much about HPC. We present our CI/CD infrastructure deployed for the transfer portal for m41ab, and explain how Gitlab-Runner allows end-user to adapt the environment to use HPC for computation diligently. The research, by use-case, shows the way forward to use the m41ab transfer portal for developing and maintaining the computing resources. Similarly traditional software, HPC software management is a complicated process that shares a number of objectives with enterprise-scale software development which obliges trustworthy updates and validation on a hard deadline.  © 2020 ACM.;;ACM International Conference Proceeding Series;;;
scopus;;Conference paper;The agile RAMSS lifecycle for the future;"Myklebust T.; Meland P.H.; Stålhane T.; Hanssen G.K.";2020;10.3850/978-981-11-2724-3_0170-cd;https://www.scopus.com/pages/publications/85089177145?origin=resultslist;In recent years, there has been an increasing interest and growing use of agile development methods when developing safety-critical systems. This interest is motivated by the need to shorten time-to-market, reduce costs, improve quality, and to support the paradigm of continuous development and deployment. This paper presents an agile lifecycle approach to Reliability, Availability, Maintainability, Safety and Security (RAMSS) engineering and management. The current trend for cyber physical systems is more connectivity over insecure networks, and as a consequence of emerging security threats, we suggest a systematic addition of security in this area, complementing safety. Depending on the domain, it is not just the software itself that must be updated due to security issues, but also safety cases and accompanying evidence. The Agile RAMSS approach covers all phases of the development process, including improvements due to modifications and safe patching during operation. These improvements have to be performed based on strict safety standard requirements. The lifecycle is aimed at manufacturers of High Integrity Systems, like Industrial Automation and Control Systems and Safety Instrumented Systems. We have used our in-depth knowledge of security standards, like the IEC62443 series and the software safety standards IEC61508-3 and EN 50128, to establish a risk-based approach that is combined with a fast track solution of the SafeScrum method including DevOps. © 2019 European Safety and Reliability Association. Published by Research Publishing, Singapore.;;Proceedings of the 29th European Safety and Reliability Conference, ESREL 2019;;;
scopus;;Conference paper;A DevOps Perspective for QoS-Aware Adaptive Applications;"De Sanctis M.; Bucchiarone A.; Trubiani C.";2020;10.1007/978-3-030-39306-9_7;https://www.scopus.com/pages/publications/85079097542?origin=resultslist;"This paper presents a vision on how to apply the DevOps paradigm in the context of QoS-aware adaptive applications. The goal is to raise awareness on the lack of quantitative approaches that support software designers in understanding the impact of design alternatives at the development and operational stages. To this end, in this paper we: (i) verify the compliance of a design for adaptation approach with the DevOps life-cycle; (ii) perform the runtime monitoring of dynamic IoT systems, through Quality-of-Service (QoS) evaluation of system parameters, to guide a QoS-based adaptation with the goal of fulfilling QoS-based requirements over time. © 2020, Springer Nature Switzerland AG.";;Lecture Notes in Computer Science (including subseries Lecture Notes in Artificial Intelligence and Lecture Notes in Bioinformatics);;;
scopus;;Article;Continuous Delivery of Customized SaaS Edge Applications in Highly Distributed IoT Systems;"Lopez-Viana R.; Diaz J.; Diaz V.H.; Martinez J.-F.";2020;10.1109/JIOT.2020.3009633;https://www.scopus.com/pages/publications/85092715218?origin=resultslist;Edge computing is a reality for the current IoT systems that need fast processing and quick response time to make real-time decisions and IoT systems without permanent connectivity to the cloud (e.g., car manufacturing, precision agriculture, or cattle raising). Additionally, these industries are facing the need for rapid and continuous innovation by accelerating the delivery of over-the-air (OTA) software updates in edge devices. DevOps promotes collaboration between development and operation teams and automation at all steps of software construction to achieve continuous delivery (CD) of business value. Although DevOps has demonstrated numerous successful cases in the Web domain, in the IoT domain and, more specifically, at the edge, there are few reported cases. This work presents a success case of CD of customized software as a service software as a service (SaaS) updates at the IoT Edge. This may enable new business models at the IoT Edge. This article presents an architectural model of a highly distributed (cloud and edge) IoT system and a CD process flow for customized SaaS applications in edge nodes. Both the architectural model and the CD process flow are instantiated in a case study for precision agriculture. © 2014 IEEE.;;IEEE Internet of Things Journal;;;
scopus;;Article;Strong security starts with software development;Cope R.;2020;10.1016/S1353-4858(20)30078-7;https://www.scopus.com/pages/publications/85088399301?origin=resultslist;While there is – rightly – a big focus on securing software that is already deployed, the reality is that many future vulnerabilities stem from the creation of that software. Insecure applications give hackers a back door. For instance, buffer overflows and code injection attacks can lead to compromised confidentiality of data, loss of service, damage to the systems of thousands of users, even – in the case of products containing embedded software, such as medical equipment or vehicles – risk to life. While we focus on securing software that is already deployed, the reality is that many future vulnerabilities stem from the creation of that software. Securing development is a tough challenge due to the increasing complexity of software, the volume of code, multiple contributors, distributed teams and the pressure to deliver to tight deadlines. Plus, developers traditionally have not been focused on security. That is changing with the emergence of DevSecOps, which focuses on implementing software security practices and tools at every stage of the lifecycle, explains Rod Cope of Perforce Software. © 2020 Elsevier Ltd;;Network Security;;;
scopus;;Conference paper;Tool support for risk-driven planning of trustworthy smart IoT systems within devops;"Thompson A.; Erdogan G.";2020;10.5220/0009189307420753;https://www.scopus.com/pages/publications/85083026068?origin=resultslist;There is a serious lack of support for trustworthy smart IoT systems within DevOps. Security and privacy are often overlooked in DevOps cultures and almost absent in the context of IoT. In this paper, we focus on the planning stage of DevOps and propose a tool-supported method for risk-driven planning considering security and privacy risks. Our method consists of five steps: establish context, analyse dataflow, model privacy and security risk, develop risk assessment algorithm based on risk model, and execute risk assessment algorithm. Our tool supports this method in the first and the last step and facilitates dynamic risk assessment based on input provided by the user or collected from the monitoring stage into predefined risk models. The output of the tool is a risk assessment which the end users, e.g. developers, can use as decision support to prioritize certain parts of the target under analysis in the next cycle of DevOps. The tool and the method are evaluated in a real-world smart home case. Our initial evaluation indicates that the approach is comprehensible for our intended users, supports the planning stage in terms of security and privacy risk assessment, and feasible for use in the DevOps practice. © Copyright 2020 by SCITEPRESS - Science and Technology Publications, Lda. All rights reserved.;;ICISSP 2020 - Proceedings of the 6th International Conference on Information Systems Security and Privacy;;;
scopus;;Conference paper;Towards a DevOps Approach in Cyber Physical Production Systems Using Digital Twins;"Ugarte Querejeta M.; Etxeberria L.; Sagardui G.";2020;10.1007/978-3-030-55583-2_15;https://www.scopus.com/pages/publications/85096529757?origin=resultslist;Nowadays product manufacturing must respond to mass customisation of products in order to meet the global market needs. This requires an agile and dynamic production process to be competitive in the market. Consequently, the need of factory digitalisation arises with the introduction of Industry 4.0. One example of the digitalisation is the digital twin. Digital twin enhances flexibility due to its adaptability and seamless interaction between the physical system and its virtual model. Furthermore, it bridges the gap between development and operations through the whole product life cycle. Therefore, digital twin can be an enabler for the DevOps application in cyber physical production systems as DevOps aims at merging Development and Operations to provide a continuous and an agile process. This paper analyses the use of the digital twin to enable a DevOps approach of cyber physical production systems (CPPS) in order to create a fully integrated and automated production process, enabling continuous improvement. © 2020, Springer Nature Switzerland AG.;;Lecture Notes in Computer Science (including subseries Lecture Notes in Artificial Intelligence and Lecture Notes in Bioinformatics);;;
scopus;;Conference paper;Towards Designing Smart Learning Environments with IoT;"Kassab M.; Mazzara M.";2020;10.1007/978-3-030-39306-9_11;https://www.scopus.com/pages/publications/85079086572?origin=resultslist;"Internet of Things is a rapidly growing network of a variety of different connected objects. Now, because of their ubiquitous nature, educational institutions are looking to incorporate IoTs technologies in teaching and learning activities. This paper contributes to the ongoing discussion on the benefits and challenges of incorporating IoTs in education. More precisely, it provides (i) a summary that reports on results of a systematic literature review we conducted on IoT in education along with a framework for describing and classifying scenarios that involve IoTs for education, (ii) a demonstration of a tool we developed to provide an adaptive learning experience in response to a remote learner’s emotions, and (iii) a discussion on three domain-related quality requirements to consider when designing IoTs applications for education; namely, security, scalability and humanization. © 2020, Springer Nature Switzerland AG.";;Lecture Notes in Computer Science (including subseries Lecture Notes in Artificial Intelligence and Lecture Notes in Bioinformatics);;;
scopus;;Conference paper;Continuous formal verification of microservice-based process flows;Camilli M.;2020;10.1007/978-3-030-59155-7_31;https://www.scopus.com/pages/publications/85091523738?origin=resultslist;The microservice architectural style is often used to implement modern cloud, IoT, and large-scale distributed applications. Here software development processes are characterized by short incremental iterations, where several updates and new functionalities are continuously integrated many times a day in a agile fashion. Such a paradigm shift calls for new formal approaches to systematic (design-time and runtime) verification. This paper introduces a formal framework to apply continuous verification of microservice based applications built on top of Conductor, i.e., an open source orchestration engine of microservices workflows in use at Netflix, Inc. for their production environment. Our proposal adopts a model-driven paradigm and it leverages solid foundation from Petri nets to specify and verify the behavior of time-dependent workflows. This paper describes our approach, the current implementation, and evaluation activity conducted on a taxi-hailing application example. © Springer Nature Switzerland AG 2020.;;Communications in Computer and Information Science;;;
scopus;;Article;DevOps Contract for Assuring Execution of IoT Microservices in the Edge;"Truong H.-L.; Klein P.";2020;10.1016/j.iot.2019.100150;https://www.scopus.com/pages/publications/85087172820?origin=resultslist;The increasing availability of edge and IoT infrastructure-as-a-service allows us to develop lightweight IoT components and deploy them into edge/IoT infrastructures, enabling edge analytics and controls. This paper introduces the development of service contracts for IoT microservices from DevOps perspectives. We analyze stakeholders and present our methods to support stakeholders to program IoT service contracts. We address the diversity of service contracts by using common languages for IoT data and programming. We integrate the development and operation lifecycle of IoT contracts with IoT software components and with supporting DevOps services. To illustrate our approach, we use a real-world Base Transceiver Station maintenance application with Raspberry Pi, Java, JavaScript, JSON and other microservices. © 2019;;Internet of Things (Netherlands);;;
scopus;;Conference paper;Metrics to Meet Security Privacy Requirements with Agile Software Development Methods in a Regulated Environment;"Wagner T.J.; Ford T.C.";2020;10.1109/ICNC47757.2020.9049681;https://www.scopus.com/pages/publications/85083451767?origin=resultslist;This work examines metrics that can be used to measure the ability of agile software development methods to meet security and privacy requirements of communications applications. Many implementations of communication protocols, including those in vehicular networks, occur within regulated environments where agile development methods are traditionally discouraged. We propose a framework and metrics to measure adherence to security, quality and software effectiveness regulations if developers desire the cost and schedule benefits of agile methods. After providing an overview of specific challenges that a regulated environment imposes on communications software development, we proceed to examine the 12 agile principles and how they relate to a regulatory environment. From this review we identify two metrics to measure performance of three key regulatory attributes of software for communications applications, and then recommend an approach of either tools, agile methods or DevOps that is best positioned to satisfy its regulated environment attributes. By considering the recommendations in this paper, managers of software-dominant communications programs in a regulated environment can gain insight into leveraging the benefits of agile methods. © 2020 IEEE.;;2020 International Conference on Computing, Networking and Communications, ICNC 2020;;;
scopus;;Conference paper;Digital twins for continuous deployment in model-based systems engineering of cyber-physical systems;"Mertens J.; Denil J.";2020;;https://www.scopus.com/pages/publications/85102746191?origin=resultslist;Cyber-Physical Systems (CPS) are required to operate over a longer lifetime. As such, their requirements can change, requiring updates to the system to be be rolled out continuously (Continuous Deployment) throughout the system's lifetime. The DevOps methodology provides a structured, quality assuring way to do so, as it integrates Development and Operations of a system in a continuous cycle. DevOps is generally applied in software development, however in the design of CPS, which follows a Model-Based Systems Engineering (MBSE) approach, it is not. This is because many challenges remain in the application of DevOps in MBSE. Our focus is on creating the foundations for continuous deployment of safety-critical CPS using digital twins of the CPS.k. © 2020 CEUR-WS. All rights reserved.;;CEUR Workshop Proceedings;;;
scopus;;Conference paper;A new metamodel approach of CI/CD applied to Internet of Things Ecosystem;"El Khalyly B.; Belangour A.; Banane M.; Erraissi A.";2020;10.1109/ICECOCS50124.2020.9314485;https://www.scopus.com/pages/publications/85100111688?origin=resultslist;Continuous Integration is a development process where developers and integrators push code into a shared tools belonging to a toolchain. This is a kind of practive that permit build automation and test automation. This is a primordial practise that maintain the continuity of running programs in smart agents that constitutes Internet of Things systems. IoT connected objects are new technologies used to connect objects to the internet and users. The IoT influences our daily lives in several fields such as logistics, health, energy, intelligent vehicles, the smart home, or the smart city, etc. Subsequently, following the specific characteristics of the different architectures of the Internet of Things, a multitude of IoT architectures have been developed and deployed using different IoT frameworks. In this paper, we propose a metamodel of the Internet of Things, this proposal aims to standardize existing IoT architectures and those that may be proposed in the future.  © 2020 IEEE.;;2020 IEEE 2nd International Conference on Electronics, Control, Optimization and Computer Science, ICECOCS 2020;;;
scopus;;Article;Powerful authentication regime applicable to naval OFP integrated development (PARANOID): a vision for non-circumventable code signing and traceability for embedded avionics software;"Garcia J.; Shannon R.; Jacobson A.; Mosca W.; Burger M.; Maldonado R.";2021;10.1108/JDAL-03-2020-0006;https://www.scopus.com/pages/publications/85138599288?origin=resultslist;Purpose: This paper aims to describe an effort to provide for a robust and secure software development paradigm intended to support DevSecOps in a naval aviation enterprise (NAE) software support activity (SSA), with said paradigm supporting strong traceability and provability concerning the SSA’s output product, known as an operational flight program (OFP). Through a secure development environment (SDE), each critical software development function performed on said OFP during its development has a corresponding record represented on a blockchain. Design/methodology/approach: An SDE is implemented as a virtual machine or container incorporating software development tools that are modified to support blockchain transactions. Each critical software development function, e.g. editing, compiling, linking, generates a blockchain transaction message with associated information embedded in the output of a said function that, together, can be used to prove integrity and support traceability. An attestation process is used to provide proof that the toolchain containing SDE is not subject to unauthorized modification at the time said critical function is performed. Findings: Blockchain methods are shown to be a viable approach for supporting exhaustive traceability and strong provability of development system integrity for mission-critical software produced by an NAE SSA for NAE embedded systems software. Practical implications: A blockchain-based authentication approach that could be implemented at the OFP point-of-load would provide for fine-grain authentication of all OFP software components, with each component or module having its own proof-of-integrity (including the integrity of the used development tools) over its entire development history. Originality/value: Many SSAs have established control procedures for development such as check-out/check-in. This does not prove the SSA output software is secure. For one thing, a build system does not necessarily enforce procedures in a way that is determinable from the output. Furthermore, the SSA toolchain itself could be attacked. The approach described in this paper enforces security policy and embeds information into the output of every development function that can be cross-referenced to blockchain transaction records for provability and traceability that only trusted tools, free from unauthorized modifications, are used in software development. A key original concept of this approach is that it treats assigned developer time as a transferable digital currency. © 2021, In accordance with section 105 of the US Copyright Act, this work has been produced by a US government employee and shall be considered a public domain work, as copyright protection is not available.;;Journal of Defense Analytics and Logistics;;;
scopus;;Conference paper;Towards MLOps: A Framework and Maturity Model;"John M.M.; Olsson H.H.; Bosch J.";2021;10.1109/SEAA53835.2021.00050;https://www.scopus.com/pages/publications/85119201202?origin=resultslist;The adoption of continuous software engineering practices such as DevOps (Development and Operations) in business operations has contributed to significantly shorter software development and deployment cycles. Recently, the term MLOps (Machine Learning Operations) has gained increasing interest as a practice that brings together data scientists and operations teams. However, the adoption of MLOps in practice is still in its infancy and there are few common guidelines on how to effectively integrate it into existing software development practices. In this paper, we conduct a systematic literature review and a grey literature review to derive a framework that identifies the activities involved in the adoption of MLOps and the stages in which companies evolve as they become more mature and advanced. We validate this framework in three case companies and show how they have managed to adopt and integrate MLOps in their large-scale software development companies. The contribution of this paper is threefold. First, we review contemporary literature to provide an overview of the state-of-the-art in MLOps. Based on this review, we derive an MLOps framework that details the activities involved in the continuous development of machine learning models. Second, we present a maturity model in which we outline the different stages that companies go through in evolving their MLOps practices. Third, we validate our framework in three embedded systems case companies and map the companies to the stages in the maturity model.  © 2021 IEEE.;;Proceedings - 2021 47th Euromicro Conference on Software Engineering and Advanced Applications, SEAA 2021;;;
scopus;;Article;The Titan Control Center for Industrial DevOps analytics research;"Henning S.; Hasselbring W.";2021;10.1016/j.simpa.2020.100050;https://www.scopus.com/pages/publications/85100609918?origin=resultslist;The Titan Control Center is a software platform supporting research on industrial big data analytics. Building upon a scalable and extensible architecture, the Titan Control Center analyzes and visualizes data streams from Internet of Things sensors in industrial production. It performs different types of aggregations, correlation, forecasting, and anomaly detection to provide deeper insights into industrial production data for enabling Industrial DevOps. Furthermore, the Titan Control Center is used in research for implementing and evaluating novel approaches on multi-dimensional sensor data stream aggregation, as a reference platform for benchmarking scalability in modular analytics software, and for research on analyzing industrial energy consumption. © 2020 The Author(s);;Software Impacts;;;
scopus;;Article;Evaluating the DevOps Reference Architecture for Multi-cloud IoT-Applications;"Bou Ghantous G.; Gill A.Q.";2021;10.1007/s42979-021-00519-6;https://www.scopus.com/pages/publications/85112098751?origin=resultslist;"DevOps originated in the context of the agile development aims to enable the continuous deployment of software applications in small releases. Most recently, organizations are taking a significant interest in adopting DevOps for automatically deploying IoT applications to multi-cloud. The interest is there; however, the challenge is how to achieve this. A new DevOps reference architecture (DRA) framework has been iteratively developed to address this challenge. This paper presents the updated DRA framework and its empirical evaluation results. The empirical evaluation is composed of two phases: (1) industry case study evaluation conducted in an IT organization, and (2) industry field survey with a cohort of experts in software engineering. The evaluation aims to determine the applicability and novelty of the DRA framework. The evaluation results indicate that the DRA is fit for its intended purpose and is expected to help both researchers and practitioners. The DRA uses can architect complex design models for the purpose of supporting the automated development stage of software applications. Software engineers can implement the DRA models for deploying complex IoT application to the multi-cloud environment in the current organization development parameters. © 2021, The Author(s).";;SN Computer Science;;;
scopus;;Conference paper;A systematic review on the use of DevOps in internet of things software systems;"Pereira I.M.; Carneiro T.; Figueiredo E.";2021;10.1145/3412841.3442126;https://www.scopus.com/pages/publications/85104943011?origin=resultslist;Based on Systematic Literature Review (SLR), we search to investigate the relations of DevOps in IoT software systems. As a result, we characterize the benefits and challenges in the context of knowledge previously reported in primary studies. © 2021 Owner/Author.;;Proceedings of the ACM Symposium on Applied Computing;;;
scopus;;Conference paper;AIdoArt: AI-augmented Automation for DevOps, a Model-based Framework for Continuous Development in Cyber-Physical Systems;"Eramo R.; Muttillo V.; Berardinelli L.; Bruneliere H.; Gomez A.; Bagnato A.; Sadovykh A.; Cicchetti A.";2021;10.1109/DSD53832.2021.00053;https://www.scopus.com/pages/publications/85119884136?origin=resultslist;With the emergence of Cyber-Physical Systems (CPS), the increasing complexity in development and operation demands for an efficient engineering process. In the recent years DevOps promotes closer continuous integration of system development and its operational deployment perspectives. In this context, the use of Artificial Intelligence (AI) is beneficial to improve the system design and integration activities, however, it is still limited despite its high potential. AIDOaRT is a 3 years long H2020-ECSEL European project involving 32 organizations, grouped in clusters from 7 different countries, focusing on AI-augmented automation supporting modelling, coding, testing, monitoring and continuous development of Cyber-Physical Systems (CPS). The project proposes to apply Model-Driven Engineering (MDE) principles and techniques to provide a framework offering proper AI-enhanced methods and related tooling for building trustable CPSs. The framework is intended to work within the DevOps practices combining software development and information technology (IT) operations. In this regard, the project points at enabling AI for IT operations (AIOps) to automate decision making process and complete system development tasks. This paper presents an overview of the project with the aim to discuss context, objectives and the proposed approach. © 2021 IEEE.;;Proceedings - 2021 24th Euromicro Conference on Digital System Design, DSD 2021;;;
scopus;;Conference paper;Main Differences of DevOps on IoT Systems;"Pereira I.; Carneiro T.; Figueiredo E.";2021;10.1145/3474624.3474630;https://www.scopus.com/pages/publications/85117155769?origin=resultslist;IoT systems have barriers related to the different areas that involve their development. Hence, the scientific literature and industry practices investigate approaches that enable continuous interaction of these areas. Through semi-structured interviews with thirty-one professionals working in industry, this study investigated how DevOps is applied to make the development of IoT projects continuous and meet the demands of the industry. Through group discussions, we categorized the results of this study. As a preliminary contribution to this work, we investigate the contrasts between using DevOps in IoT system projects and using rigid, plan-oriented processes to develop embedded systems. © 2021 ACM.;;ACM International Conference Proceeding Series;;;
scopus;;Article;Control Flow Versus Data Flow in Distributed Systems Integration: Revival of Flow-Based Programming for the Industrial Internet of Things;"Hasselbring W.; Wojcieszak M.; Dustdar S.";2021;10.1109/MIC.2021.3053712;https://www.scopus.com/pages/publications/85113714705?origin=resultslist;When we consider the application layer1 of networked infrastructures, data and control flow are important concerns in distributed systems integration. Modularity is a fundamental principle in software design,2 in particular for distributed system architectures. Modularity emphasizes high cohesion of individual modules and low coupling between modules. Microservices are a recent modularization approach with the specific requirements of independent deployability and, in particular, decentralized data management.3 Cohesiveness of microservices goes hand-in-hand with loose coupling, making the development, deployment, and evolution of microservice architectures flexible and scalable.4 However, in our experience with microservice architectures, interactions and flows among microservices are usually more complex than in traditional, monolithic enterprise systems, since services tend to be smaller and only have one responsibility, causing collaboration needs. We suggest that for loose coupling among microservices, explicit control-flow modeling and execution with central workflow engines should be avoided on the application integration level. On the level of integrating microservices, data-flow modeling should be dominant. Control-flow should be secondary and preferably delegated to the microservices. We discuss coupling in distributed systems integration and reflect the history of business process modeling with respect to data and control flow. To illustrate our recommendations, we present some results for flow-based programming in our Industrial DevOps project Titan, where we employ flow-based programming for the Industrial Internet of Things. © 1997-2012 IEEE.;;IEEE Internet Computing;;;
scopus;;Conference paper;Architectural vision of cloud computing in the indian government;"Choudhari N.V.; Sasankar A.B.";2021;10.1109/ICITIIT51526.2021.9399598;https://www.scopus.com/pages/publications/85104848951?origin=resultslist;The GI (Govt. of India) cloud started in 2014 is built on the state of art technologies and rich architecture with the nationwide network infrastructure and Data Centres located across the country on National and State data centres. This paper investigates, study and analyze the cloud architecture of Govt. of India and suggests modifications that need to be adapted for sustainable development as per the global changing scenario and fulfill the future needs with improved service delivery, increased throughput, and increased efficiency to provide secured cloud services and to minimize the gap between the cloud service providers and end-users. The cloud services are designed for centralized storage and processing. The cloud data centers are generally located thousands of miles away from the end-users where the data is actually generated. The physical distance between the cloud infrastructure and the data source at edge level end-users produces latency for the real-time processing of the huge amount of data generated at the source level. In recent years the automation scenario is changing globally with various emerging technologies such as the Internet of Things (IoT), Wireless Fidelity 6 (Wi-Fi 6), Fifth Generation Mobile Network connectivity (5G), Artificial Intelligence (AI), and Machine Learning, etc. Emerging technologies like IoT, Wi-Fi 6, 5G gives large scope for boundary level computing and generates a very huge amount of data at the data source level produced by the end-users. These technologies require agile real-time processing and analysis of the data at the source level. Edge computing and Fog computing are the distributed architectures that work together, for reduced latency and speedy real-time processing where the data is actually generated by the end-user. According to the new implementation demands, various emerging cloud technologies such as Mobile Cloud Apps, Containers, Serverless, Microservices, Development and Information Technology Operations (DevOps), BlockChain, Fog computing, Edge Computing, and Software-Defined Infrastructure (SDI), etc are proposed for implementation  © 2021 IEEE.;;2021 International Conference on Innovative Trends in Information Technology, ICITIIT 2021;;;
scopus;;Conference paper;Semantic data integration with DevOps to support engineering process of intelligent building automation systems;"Mitzutani I.; Ramanathan G.; Mayer S.";2021;10.1145/3486611.3492413;https://www.scopus.com/pages/publications/85120994325?origin=resultslist;The reliable infrastructure of building automation (BA) systems forms the foundation of smart environments and energy systems in our building towards increasing occupant comfort and safety while reducing the ecological footprint of buildings. This is achieved through the processing of data points collected from sensors and the control of installed actuators, and increasingly incorporates machine learning components. However, engineering of BA systems is intricately linked with the planning, installation, (pre-)commissioning, and operation of building services such as HVAC, and it requires an extensive amount of manual coordination which is often prone to errors, many of which are only detected late in the lifecycle and tends to lose transparency in data provenance. To address this, we propose the application of DevOps, a highly successful paradigm in the field of software engineering, to BA engineering process coordination. In addition, the possibility of using semantic data to develop artifacts such as requirements, construction, and devices of BA systems opens up the avenue of achieving continuous verification of the system as it is built and commissioned. Concretely, we propose a novel approach that integrates a semantic reasoner using the machine-understandable data of the building along with interactions facilitated by Web of Thing Thing Description to the DevOps workflow. The proposed approach is expected to ameliorate limitations of existing workflow management methods and thus provide transparency in the data provenance to gain trust for data-driven AI applications for BA. © 2021 ACM.;;BuildSys 2021 - Proceedings of the 2021 ACM International Conference on Systems for Energy-Efficient Built Environments;;;
scopus;;Conference paper;VeriDevOps: Automated Protection and Prevention to Meet Security Requirements in DevOps;"Sadovykh A.; Widforss G.; Truscan D.; Enoiu E.P.; Mallouli W.; Iglesias R.; Bagnto A.; Hendel O.";2021;10.23919/DATE51398.2021.9474185;https://www.scopus.com/pages/publications/85108370840?origin=resultslist;Current software development practices are increasingly based on using both COTS and legacy components which make such systems prone to security vulnerabilities. The modern practice addressing ever changing conditions, DevOps, promotes frequent software deliveries, however, verification methods artifacts should be updated in a timely fashion to cope with the pace of the process. VeriDevOps, Horizon 2020 project, aims at providing a faster feedback loop for verifying the security requirements and other quality attributes of large scale cyber-physical systems. VeriDevOps focuses on optimizing the security verification activities, by automatically creating verifiable models directly from security requirements formulated in natural language, using these models to check security properties on design models and then generating artefacts such as, tests or monitors that can be used later in the DevOps process. The main drivers for these advances are: Natural Language Processing, a combined formal verification and model-based testing approach, and machine-learning-based security monitors. VeriDevOps is in its initial stage - the project started on 1.10.2020 and it will run for three years. In this paper we will present the major conceptual ideas behind the project approach as well as the organizational settings.  © 2021 EDAA.;;Proceedings -Design, Automation and Test in Europe, DATE;;;
scopus;;Conference paper;DevOps based migration aspects from Legacy Version Control System to Advanced Distributed VCS for deploying Micro-services;"Singh V.; Singh A.; Aggarwal A.; Aggarwal S.";2021;10.1109/CSITSS54238.2021.9683718;https://www.scopus.com/pages/publications/85125759315?origin=resultslist;Out of all version control system existed in development world, now a days 79% version control systems are on Git and it's growing. Many organizations have already left older version control system and adopted Git as their VCS. Although there are some migration tools available in the software industry, their options are somewhat lacking, especially when it comes to pre-migration checks such as empty directories, failover capability and reporting as steps of post-migration. In this work, various aspects of the migration work are explored within the sort of problems and their respective solutions. Four migration aspects - Project structure validation and self-resiliency capabilities, Sensing the SVN Git SSH network connectivity using NodeMCU IoT platform, SVN users and Git author mapping pattern validation, Remote Git server filing system space pre-validation - are covered in this work along with possible solutions. Various DevOps systems for version control migration are investigated like Kubernetes, AppDynamics, Chef, Jenkins. It is observed that current legacy migration DevOps tools do not provide the direct solutions for the version control migration like software project structure validation and self-resiliency approach but they indirectly speedup the migration by providing infrastructure provisioning, validation, monitoring and scaleup/down as and when required. It means no single migration tool pre-check that if the software project structure is 100% compatible for Git server and if there's any discrepancy then automatically correct that structure. One of the main aims of DevOps is to bridge the gap between Business, Dev and IT with the aim of converting the SDLC into a strategic resource for the firm. However, to achieve this goal, it is imperative to choose the right tools. © 2021 IEEE.;;CSITSS 2021 - 2021 5th International Conference on Computational Systems and Information Technology for Sustainable Solutions, Proceedings;;;
scopus;;Conference paper;A Generic Method to Rapidly Release Internet Services on Commercial Platforms;"Zhou X.; Feng Z.; Xiao J.; Chen S.; Xue X.; Wu H.";2021;10.1109/ICWS53863.2021.00055;https://www.scopus.com/pages/publications/85123220502?origin=resultslist;The prosperous development of Internet services such as O2O, IoT, and Web API has brought new vitality to service commercial platforms. However, these services involve online and offline business, which are widely diverse without a unified design and development standard. In addition, Internet services update frequently, which leads to repeat releases on commercial platforms. Therefore, in this paper, we present a generic method to rapidly release Internet services on commercial platforms. The method uses a highly abstract metamodel to express service business extensively and realizes service functions by executing metamodel objects. This method has wide versatility. Meanwhile, it extends the DevOps theory to solve the frequent changes of service functions during use after the release. Finally, we verified the usability of this method in the elderly healthcare domain. © 2021 IEEE.;;Proceedings - 2021 IEEE International Conference on Web Services, ICWS 2021;;;
scopus;;Conference paper;Understanding the context of IoT software systems in DevOps;"Pereira I.M.; De Senna Carneiro T.G.; Figueiredo E.";2021;10.1109/SERP4IoT52556.2021.00009;https://www.scopus.com/pages/publications/85115159711?origin=resultslist;The growing demand for connected devices and the increase in investments in the Internet of Things (IoT) sector induce the growth of the market for this technology. IoT permeates all areas of life of an individual, from smartwatches to entire home assistants and solutions in different areas. The IoT concept is gradually increasing all over the globe. IoT projects induce an articulation of studies in software engineering to prepare the development and operation of software systems materialized in physical objects and structures interconnected with embedded software and hosted in clouds. IoT projects have boundaries between development and operation stages. This study search for evidence in scientific literature to support these boundaries through Development and Operations (DevOps) principles. We rely on a Systematic Literature Review to investigate the relations of DevOps in IoT software systems. As a result, we identify concepts, characterize the benefits and challenges in the context of knowledge previously reported in primary studies in the literature. The main contributions of this paper are: (i) discussion of benefits and challenges for DevOps in IoT software systems, (ii) identification of tools, concepts, and programming languages used, and, (iii) perceived pipeline for this kind of software development. © 2021 IEEE.;;Proceedings - 2021 IEEE/ACM 3rd International Workshop on Software Engineering Research and Practices for the IoT, SERP4IoT 2021;;;
scopus;;Conference paper;Towards Twin-Driven Engineering: Overview of the State-of-The-Art and Research Directions;"Tisi M.; Bruneliere H.; de Lara J.; Di Ruscio D.; Kolovos D.";2021;10.1007/978-3-030-85874-2_37;https://www.scopus.com/pages/publications/85115213298?origin=resultslist;Cyber-Physical Systems (CPS) are complex physical systems interacting with a considerable number of distributed computing elements for monitoring, control and management. They are currently becoming larger as Cyber-Physical Systems of Systems (CPSoS), since many industrial companies are transitioning their complex systems of systems to software-intensive solutions in different domains such as production or manufacturing. Following the development and dissemination of DevOps approaches in the Software Engineering world, we propose the Twin-Driven Engineering (TDE) paradigm as a way to upgrade the role of Digital Twins (DT) to become a central point in all the engineering activities on the CPSoS, from design to decommissioning. Since CPSoS can be highly heterogeneous, we rather target the support for producing and maintaining a single integrated virtual representation of the CPSoS (i.e. a System of Twins) on which it is possible to perform global reasoning, analysis and verification. However, such a new paradigm comes with several open research challenges. We provide an overview of the state-of-the-art in key areas related to TDE. We identify under-investigated problems in related work and outline corresponding research directions. © 2021, IFIP International Federation for Information Processing.;;IFIP Advances in Information and Communication Technology;;;
scopus;;Conference paper;Performance evaluation of COINS framework for wireless network automation;"Boskov I.; Yetgin H.; Fortuna C.; Mohorcic M.";2021;10.1109/EuCNC/6GSummit51104.2021.9482454;https://www.scopus.com/pages/publications/85112635038?origin=resultslist;"With the evolution of mobile communications towards fifth-generation (5G) and beyond, all layers of the wireless networks are increasingly virtualized and software-controlled using automated tools. DevOps tools enabling smooth and fast testing through continuous integration (CI) and rapid deployment through continuous delivery (CD) of the software in cloud environments are permeating also communication infrastructures, eventually leading to the so-called 'zero-touch network automation'. Such automation frameworks have been actively used in wireless testing infrastructures, such as FIRE and GENI. For instance, the continuous integration in wireless (COINS) technology development framework has been used in the LOG-a-TEC testbed facility of the FIRE federation. In this paper, we propose a task-based operational structure of COINS for a thorough evaluation of the time for operation (TFO) performance of each task. Moreover, we analyse the impact of different experiments and the number of nodes participating in the experiment on the TFO performance of the COINS framework. The results; i) demonstrate that the device tasks within COINS framework are the bottleneck occupying up to 92.6% of the total TFO, and ii) reveal that the TFO performances of the receive details task on the device side and the gather results task on the server side are significantly diminished with the increased number of nodes participating in the same type of experiment. © 2021 IEEE.";;2021 Joint European Conference on Networks and Communications and 6G Summit, EuCNC/6G Summit 2021;;;
scopus;;Conference paper;Perceived benefits of continuous deployment in software-intensive embedded systems;"Dakkak A.; Mattos D.I.; Bosch J.";2021;10.1109/COMPSAC51774.2021.00126;https://www.scopus.com/pages/publications/85115868646?origin=resultslist;"Continuous Deployment (CD) advocates for quick and frequent deployments of software to production. The goal is to bring new functionality as early as possible to users while learning from their usage. CD has emerged from web-based applications where it has been gaining traction over the past years. While CD is appealing for many software development organizations, empirical evidence on perceived benefits in software-intensive embedded systems is scarce. The objective of this paper is to identify perceived benefits after transitioning to continuous deployment from a long-cycle release and deployment process. To do that, a case study at a multinational telecommunication company was conducted focusing on large and complex embedded software; the Third Generation (3G) Radio Access Network (RAN) software. © 2021 IEEE.";;Proceedings - 2021 IEEE 45th Annual Computers, Software, and Applications Conference, COMPSAC 2021;;;
scopus;;Article;Mobile iot-edge-cloud continuum based and devops enabled software framework;"Judvaitis J.; Balass R.; Greitans M.";2021;10.3390/jsan10040062;https://www.scopus.com/pages/publications/85119038134?origin=resultslist;This research aims to provide a high-level software framework for IoT-Edge-Cloud computational continuum-based applications with support for mobile IoT and DevOps integration utilizing the Edge computing paradigms. This is achieved by dividing the system in a modular fashion and providing a loosely coupled service and module descriptions for usage in the respective system layers for flexible and yet trustworthy implementation. The article describes the software architecture for a DevOps-enabled Edge computing solution in the IoT-Edge-Cloud computational continuum with the support for flexible and mobile IoT solutions. The proposed framework is validated on an intelligent transport system use case in the rolling stock domain and showcases the improvements gained by using the proposed IoT-Edge-Cloud continuum framework. © 2021 by the authors. Licensee MDPI, Basel, Switzerland.;;Journal of Sensor and Actuator Networks;;;
scopus;;Article;SODALITE@RT: Orchestrating Applications on Cloud-Edge Infrastructures;"Kumara I.; Mundt P.; Tokmakov K.; Radolović D.; Maslennikov A.; González R.S.; Fabeiro J.F.; Quattrocchi G.; Meth K.; Di Nitto E.; Tamburri D.A.; Van Den Heuvel W.-J.; Meditskos G.";2021;10.1007/s10723-021-09572-0;https://www.scopus.com/pages/publications/85109930985?origin=resultslist;IoT-based applications need to be dynamically orchestrated on cloud-edge infrastructures for reasons such as performance, regulations, or cost. In this context, a crucial problem is facilitating the work of DevOps teams in deploying, monitoring, and managing such applications by providing necessary tools and platforms. The SODALITE@RT open-source framework aims at addressing this scenario. In this paper, we present the main features of the SODALITE@RT: modeling of cloud-edge resources and applications using open standards and infrastructural code, and automated deployment, monitoring, and management of the applications in the target infrastructures based on such models. The capabilities of the SODALITE@RT are demonstrated through a relevant case study. © 2021, The Author(s).;;Journal of Grid Computing;;;
scopus;;Conference paper;Microservices for Continuous Deployment, Monitoring and Validation in Cyber-Physical Systems: An Industrial Case Study for Elevators Systems;"Gartziandia A.; Ayerdi J.; Arrieta A.; Ali S.; Yue T.; Agirre A.; Sagardui G.; Arratibel M.";2021;10.1109/ICSA-C52384.2021.00014;https://www.scopus.com/pages/publications/85106633942?origin=resultslist;Cyber-Physical Systems (CPSs) are systems that integrate digital cyber computations with physical processes. The software embedded in CPSs has a long life-cycle, requiring constant evolution to support new requirements, bug fixes, and deal with hardware obsolescence. To date, the development of software for CPSs is fragmented, which makes it extremely expensive. This could be substantially enhanced by tightly connecting the development and operation phases, as is done in other software engineering domains (e.g., web engineering through DevOps). Nevertheless, there are still complex issues that make it difficult to use DevOps techniques in the CPS domain, such as those related to hardware-software co-design. To pave the way towards DevOps in the CPS domain, in this paper we instantiate part of the reference architecture presented in the H2020 Adeptness project, which is based on microservices that allow for the continuous deployment, monitoring and validation of CPSs. To this end, we elaborate a systematic methodology that considers as input both domain expertise and a previously defined taxonomy for DevOps in the CPS domain. We obtain a generic microservice template that can be used in any kind of CPS. In addition, we instantiate this architecture in the context of an industrial case study from the elevation domain.  © 2021 IEEE.;;Proceedings - 2021 IEEE 18th International Conference on Software Architecture Companion, ICSA-C 2021;;;
scopus;;Conference paper;Software Services Engineering Manifesto - A Cross-Cutting Declaration;"Chang C.K.; Ceravolo P.; Chang R.N.; Helal S.; Jin Z.; Liu X.; Ming H.";2021;10.1109/ICWS53863.2021.00014;https://www.scopus.com/pages/publications/85123160294?origin=resultslist;As we have entered the Internet-of-Things (IoT) era, further blessed with rapid advances in several key technological areas including DevOps, AI/ML, 5G/6G/, neurocomputing, to name a few, it is imperative we think big and aim high. This new venture will require professionals in both software engineering and services computing to collaborate with an unprecedented intensity, and jointly develop the new interdisciplinary field hereby named Software Services Engineering (SSE). In SSE, the ever-deepening system dynamics emerging from both environments and humans in varying contexts are imposing steep challenges to both researchers and practitioners. Humans, both developers and the vast number of end users, are embedded ever closer to IoT environments, and are being afforded ample opportunities to continuously inject inputs during system development and after deployment. In fact, humans are increasingly playing the roles of both sensor and actuator. Traditional requirements engineering researchers are being lured more than ever into exploiting the IoT environments where human users are deeply embedded, to gather contextual information that inevitably introduces lots of ambiguity and uncertainty. Provisioning of highly adaptable and scalable microservices would be key to timely meeting ever-changing human desires and ever-evolving system requirements in the nimblest manner. As such, an ultra-agile and field-programmable development methodology and environment will be imperative to achieving such ultrafine grained microservices provisioning. Such ultra-agility and ultrafine granularity requirements imposed to the services industry obligate company executives to expect extreme manageability assurance to become the centroid of system operations and administration. The ultimate goal in pursuit of such a noble dream will be to provide genuinely individualized and trustworthy service, possibly enabled by AI, but it should be both explainable and ethical. Facing such grand challenges, this declaration samples a subset of burning issues in SSE through observations in seven themes, only meant to be starting points for the SSE community to further investigate. Through our declarations we also call for heightened attention to an assorted array of existing, barely emerging or non-existent services computing and software engineering methods for a concerted effort to research and explore. © 2021 IEEE.;;Proceedings - 2021 IEEE International Conference on Web Services, ICWS 2021;;;
scopus;;Conference paper;Containers Runtimes War: A Comparative Study;"Debab R.; Hidouci W.K.";2021;10.1007/978-3-030-63089-8_9;https://www.scopus.com/pages/publications/85096494198?origin=resultslist;Docker has revolutionized the cloud by popularizing containerization, changing the habits of developers and their tools, introducing new paradigms such as microservices and serverless computing, facilitating CI/CD pipelines and packaging techniques, inspiring Infrastructure as Code (IaC) and pushing the Software Defined Everything (SDx. Docker is omnipresent, on our laptops, servers, storage arrays and even on IoT devices. Docker had also the merit of defining standards such as the OCI initiative. Despite all this, can we trust this technology and deploy it widely in our private or public clouds? Given the few vulnerabilities of Docker but badly impactful, many Cloud players (Google, Amazon, RedHat, IBM, Intel, VMware among others) have worked on containerized house technologies made public. Four types of releases resulted: containerization based on OS virtualization, containerization based on micro VMs, syscalls virtualization and finally the Unikernels approach. In this article we will try to briefly present the recent containerization technologies respecting the OCI standards with a comparative study of performance. The purpose of this paper is to provide elements that help in decision-making for the choice of the most suitable container engine. © 2021, Springer Nature Switzerland AG.;;Advances in Intelligent Systems and Computing;;;
scopus;;Conference paper;The Digital Twin as a Common Knowledge Base in DevOps to Support Continuous System Evolution;"Mertens J.; Denil J.";2021;10.1007/978-3-030-83906-2_12;https://www.scopus.com/pages/publications/85115129760?origin=resultslist;There is an industry wide push for faster and more feature rich systems, also in the development of Cyber-Physical Systems (CPS). Therefore, the need for applying agile development practices in the model-based design of CPS is becoming more widespread. This is no easy feat, as CPS are inherently complex, and their model-based development is less suited for agile development. Model-based development does suit the concept of digital twin, that is, design models representing a system instance in operation. In this paper we present an approach where the digital twins of system instances serve as a common-knowledge base for the entire agile development cycle of the system when performing system updates. Doing so enables interesting possibilities, such as the identification and detection of system variants, which is beneficial for the verification and validation of the system update. It also brings along challenges, as the executable physics based digital twin is generally computationally expensive. In this paper we introduce this approach by means of a small example of a swiveling pick and place robotic arm. We also elaborate on related work, and open future challenges. © 2021, Springer Nature Switzerland AG.;;Lecture Notes in Computer Science (including subseries Lecture Notes in Artificial Intelligence and Lecture Notes in Bioinformatics);;;
scopus;;Conference paper;On Comparative Analysis of Advanced Omega Network and Irregular Advance Omega Network;Bhardwaj V.P.;2021;10.1109/ICIIP53038.2021.9702700;https://www.scopus.com/pages/publications/85125878904?origin=resultslist;Parallel computation gives strength to the applications where high end and reliable computation is required. It is now aligned with the latest technologies of computer science. Blockchain technology, IoT, DevOps, AI and ML are some of the examples of latest technologies. At the core of almost every technology, it is observed that parallel computation is required and interconnection network gives strength to parallel computing applications. Therefore, author has shown his interest in this particular domain. In the present paper, author has compared two interconnection networks i.e. advanced omega network and irregular advance omega network. The comparison is founded on certain performance factors like bandwidth, and throughput. Both of these networks are coming into the categories of multistage interconnection networks, which have a huge contribution in the field of parallel computing. Further, result section shows that advanced omega network is better in terms of performance than the irregular advance omega network at network size 16, and it can be used as an alternative network for the applications where high performance computing is required.  © 2021 IEEE.;;Proceedings of the IEEE International Conference Image Information Processing;;;
scopus;;Conference paper;A DevOps Approach for Cyber-Physical System-of-Systems Engineering through Arrowhead;"Hegedus C.; Varga P.; Franko A.";2021;;https://www.scopus.com/pages/publications/85113686616?origin=resultslist;The stakeholders in the Cyber-Physical System-of-Systems (CPS, SoS, CPSoS) domains need to adopt current methodologies that enable reliable but also flexible and timely completion of development, integration, deployment, operation, and even maintenance-related tasks. The so-called DevOps (Development Operations) approach has been proven in various other domains of IT-related service completion and operation. Both the technology set and the management approaches of CPS and SoS practitioners can benefit the adoption of the DevOps toolchain success stories - the everyday life of software, cloud and IT-service development, and operations-focused companies. This paper proposes an expansion of the application area of the DevOps models, toolchains, and even utilities to the CPS and SoS domains. It proposes to create an abstraction of CPS devices as reusable infrastructure resources, which can be then automatically re-purposed for new workflow tasks, as well as to fill the remaining DevOps tooling gaps with actual Systems of the Arrowhead Framework. © 2021 IFIP.;;Proceedings of the IM 2021 - 2021 IFIP/IEEE International Symposium on Integrated Network Management;;;
scopus;;Article;Optimally Configured Deep Convolutional Neural Network for Attack Detection in Internet of Things: Impact of Algorithm of the Innovative Gunner;Sarma S.K.;2021;10.1007/s11277-020-08011-9;https://www.scopus.com/pages/publications/85098696058?origin=resultslist;Nowadays, the internet of things (IoT) has gained significant research attention. It is becoming critically imperative to protect IoT devices against cyberattacks with the phenomenal intensification. The malicious users or attackers might take control of the devices and serious things will be at stake apart from privacy violation. Therefore, it is important to identify and prevent novel attacks in the IoT context. This paper proposes a novel attack detection system by interlinking the development and operations framework. This proposed detection model includes two stages such as proposed feature extraction and classification. The preliminary phase is feature extraction, the data from every application are processed by integrating the statistical and higher-order statistical features together with the extant features. Based on these extracted features the classification process is evolved for this, an optimized deep convolutional neural network (DCNN) model is utilized. Besides, the count of filters and filter size in the convolution layer, as well as the activation function, are optimized using a new modified algorithm of the innovative gunner (MAIG), which is the enhanced version of the AIG algorithm. Finally, the proposed work is compared and proved over other traditional works concerning positive and negative measures as well. The experimental outcomes show that the proposed MAIG algorithm for application 1 under the GAF-GYT attack achieves higher accuracy of 64.52, 2.38 and 3.76% when compared over the methods like DCNN, AIG and FAE-GWO-DBN, respectively. © 2021, The Author(s), under exclusive licence to Springer Science+Business Media, LLC part of Springer Nature.;;Wireless Personal Communications;;;
scopus;;Conference paper;DART: A scalable and adaptive edge stream processing engine;"Liu P.; Silva D.D.; Hu L.";2021;;https://www.scopus.com/pages/publications/85111780188?origin=resultslist;Many Internet of Things (IoT) applications are time-critical and dynamically changing. However, traditional data processing systems (e.g., stream processing systems, cloud-based IoT data processing systems, wide-area data analytics systems) are not well-suited for these IoT applications. These systems often do not scale well with a large number of concurrently running IoT applications, do not support low-latency processing under limited computing resources, and do not adapt to the level of heterogeneity and dynamicity commonly present at edge environments. This suggests a need for a new edge stream processing system that advances the stream processing paradigm to achieve efficiency and flexibility under the constraints presented by edge computing architectures. We present DART, a scalable and adaptive edge stream processing engine that enables fast processing of a large number of concurrent running IoT applications' queries in dynamic edge environments. The novelty of our work is the introduction of a dynamic dataflow abstraction by leveraging distributed hash table (DHT) based peer-to-peer (P2P) overlay networks, which can automatically place, chain, and scale stream operators to reduce query latency, adapt to edge dynamics, and recover from failures. We show analytically and empirically that DART outperforms Storm and EdgeWise on query latency and significantly improves scalability and adaptability when processing a large number of real-world IoT stream applications' queries. DART significantly reduces application deployment setup times, becoming the first streaming engine to support DevOps for IoT applications on edge platforms. © 2021 USENIX Annual Technical Conference. All rights reserved.;;2021 USENIX Annual Technical Conference;;;
scopus;;Article;An approach to build e-health iot reactive multi-services based on technologies around cloud computing for elderly care in smart city homes;"Pérez L.J.; Salvachúa J.";2021;10.3390/app11115172;https://www.scopus.com/pages/publications/85107743176?origin=resultslist;Although there are e-health systems for the care of elderly people, the reactive characteristics to enhance scalability and extensibility, and the use of this type of system in smart cities, have been little explored. To date, some studies have presented healthcare systems for specific purposes without an explicit approach for the development of health services. Moreover, software engineering is hindered by agile management challenges regarding development and deployment processes of new applications. This paper presents an approach to develop health Internet of Things (IoT) reactive applications that can be widely used in smart cities for the care of elderly individuals. The proposed approach is based on the Rozanski and Woods’s iterative architectural design process, the use of architectural patterns, and the Reactive Manifesto Principles. Furthermore, domain-driven design and the characteristics of the emerging fast data architecture are used to adapt the functionalities of services around the IoT, big data, and cloud computing paradigms. In addition, development and deployment processes are proposed as a set of tasks through DevOps techniques. The approach validation was carried out through the implementation of several e-health services, and various workload experiments were performed to measure scalability and performance in certain parts of the architecture. The system obtained is flexible, scalable, and capable of handling the data flow in near real time. Such features are useful for users who work collaboratively in the care of elderly people. With the accomplishment of these results, one can envision using this approach for building other e-health services. © 2021 by the author. Licensee MDPI, Basel, Switzerland.;;Applied Sciences (Switzerland);;;
scopus;;Conference paper;A cybersecurity data science demonstrator: Machine learning in IoT network security;"Gotsev L.; Dimitrova M.; Jekov B.; Kovatcheva E.; Shoikova E.";2021;;https://www.scopus.com/pages/publications/85118530097?origin=resultslist;The punctilious understanding of where and how Data Science creates a value-added in IoT network security lies in the applied experimental session evaluating the performance of particular machine learning models for attack detection. Results stand as a base demonstrating the benefits of the emerging technologies integration for predicting threats issues. Furthermore, implementing machine learning to intelligent security systems deepens the need for a multi-disciplinary approach and data e-infrastructure to manage the whole lifecycle (Software Engineering end-to-end, including ML and Data DevOps). Comparative performance analysis of the algorithms that have proven helpful in mitigating security in IoT domains such as Support Vector Machines, Random Forrest, Naïve Bayes, Logistic Regression, Decision Tree is presenting. The case study is accomplished by conducting experiments with the public available IoT-23 dataset containing labeled information of malicious and benign IoT network traffic. The benign scenarios were obtained from original hardware and not simulated. That allowed to be analyzed real network behavior. As a result, models produce accurate outputs usable to predict and detect vulnerabilities in IoT-based systems. Besides, the lab could be multiplicate for creating business and industrial demonstrators to present the advantages of developing intrusion detection tools featuring machine learning algorithms. © WMSCI 2021.All right reserved.;;25th World Multi-Conference on Systemics, Cybernetics and Informatics, WMSCI 2021;;;
scopus;;Conference paper;Realization of a model-based DevOps process for industrial safety critical cyber physical systems;"Gautham S.; Jayakumar A.V.; Rajagopala A.; Elks C.";2021;10.1109/ICPS49255.2021.9468213;https://www.scopus.com/pages/publications/85112350140?origin=resultslist;Safety critical Industrial Cyber Physical Systems (CPS) have stringent safety and security requirements and need assurance of deterministic behavior during system operation. In many safety critical application domains, runtime monitors (or runtime verification) are used to enforce operational safety and security. One of the challenges in runtime verification is to identify the critical safety properties that we want to monitor at runtime. In this paper, we explore how structural verification activities in a Model Based Design and Engineering (MBDE) context help formulate more effective monitoring specifications to cover vulnerable areas in a system. We assert that leveraging synergy between design and runtime verification produces more informed runtime safety monitors. This approach of integrating design assurance and runtime safety and security is an important aspect of the dependable DevOps continuum process. To demonstrate this, we perform verification of an Emergency Diesel Generator Startup Sequencer (EDGSS) implemented on an FPGA overlay architecture using model-based verification techniques. We present our key findings on synergy between runtime verification and design processes to support a more inclusive safety case. © 2021 IEEE.;;Proceedings - 2021 4th IEEE International Conference on Industrial Cyber-Physical Systems, ICPS 2021;;;
scopus;;Article;Darknet traffic big-data analysis and network management for real-time automating of the malicious intent detection process by a weight agnostic neural networks framework;"Demertzis K.; Tsiknas K.; Takezis D.; Skianis C.; Iliadis L.";2021;10.3390/electronics10070781;https://www.scopus.com/pages/publications/85102935113?origin=resultslist;Attackers are perpetually modifying their tactics to avoid detection and frequently leverage legitimate credentials with trusted tools already deployed in a network environment, making it difficult for organizations to proactively identify critical security risks. Network traffic analysis products have emerged in response to attackers’ relentless innovation, offering organizations a realistic path forward for combatting creative attackers. Additionally, thanks to the widespread adoption of cloud computing, Device Operators (DevOps) processes, and the Internet of Things (IoT), maintaining effective network visibility has become a highly complex and overwhelming process. What makes network traffic analysis technology particularly meaningful is its ability to combine its core capabilities to deliver malicious intent detection. In this paper, we propose a novel darknet traffic analysis and network management framework to real-time automating the malicious intent detection process, using a weight agnostic neural networks architecture. It is an effective and accurate computational intelligent forensics tool for network traffic analysis, the demystification of malware traffic, and encrypted traffic identification in real time. Based on a weight agnostic neural networks (WANNs) methodology, we propose an automated searching neural net architecture strategy that can perform various tasks such as identifying zero-day attacks. By automating the malicious intent detection process from the darknet, the advanced proposed solution is reducing the skills and effort barrier that prevents many organizations from effectively protecting their most critical assets. © 2021 by the authors. Licensee MDPI, Basel, Switzerland.;;Electronics (Switzerland);;;
scopus;;Conference paper;A Survey on DevOps Techniques Used in Cloud-Based IOT Mashups;"Ganeshan M.; Vigneshwaran P.";2021;10.1007/978-981-15-8289-9_37;https://www.scopus.com/pages/publications/85098136936?origin=resultslist;Development life cycle involves writing scripts, testing, bug finding, recoding, documentation, and deployment, and this activity consumes more time. DevOps looks at automating the entire process. DevOps is a total software and template delivery system that gives importance to the interaction between operations and development fellows. Choosing the right technologies and crafting an IoT infrastructure need a sophisticated comprehensive methodology which can be difficult. DevOps consists of a set of people-oriented, technology-oriented, organizational methods, and tools that face challenges one after the other so that a smooth, easy, and flexible system is obtained. There are many STS practices involved in the development and crafting cloud-based IOT Mashups. We provide few theoretical points of the major IoT threats mentioned in the latest papers and a brief of research activity undertaken in DevOps world to overcome these demerits. This paper briefs the correlation between DevOps technical practices and the tools and engineering that enable uninterrupted integration and transmission, test mechanization, and quick implementation. This paper also gives insight on the tools that unite to give a “tool chain” of technology and services to excel the modular tasks of the template deployment and schedule of activities. © 2021, The Editor(s) (if applicable) and The Author(s), under exclusive license to Springer Nature Singapore Pte Ltd.;;Advances in Intelligent Systems and Computing;;;
scopus;;Conference paper;Application of Container Image Repository Technology in Automatic Operation and Maintenance of the Dispatching and Control Cloud;"Tao L.; Huang Y.; Liu D.; Ma X.; Wu S.; Cui C.";2021;10.1007/978-981-33-4572-0_268;https://www.scopus.com/pages/publications/85098246386?origin=resultslist;With the continuous development of the container technology, the scale of the dispatching and control cloud built by it is expanding continuously. At the same time, the application portability of cloud platform based on virtualization is poor, the man-made operation and maintenance mode of the dispatching and control cloud is inefficient and the error rate is high. It is difficult to guarantee the safe and high-quality operation of power grid and the lean and efficient operation of the dispatching management. Using container technology to containerize cloud platform applications and relying on the Continuous Integration and Continuous Deployment (CI/CD) platform which can achieve efficient and accurate maintenance of the dispatching and control cloud. In this paper, the CI/CD platform which consists of the Jenkins,Kubernetes and Docker is introduced to complete the operation and maintenance tasks of the dispatching and control cloud,such as automatically agile construction, automatic publishing. Finally, through the analysis of the dispatching and control cloud, it is verified that the results show that the platform has a certain effect in automation construction, publishing efficiency, gray publishing update, operation and maintenance quality. © 2021, The Editor(s) (if applicable) and The Author(s), under exclusive license to Springer Nature Singapore Pte Ltd.;;Advances in Intelligent Systems and Computing;;;
scopus;;Article;Private LTE Network Service Management Model, based on Agile Methodologies, for Big Mining Companies;"Valdivia-Bedregal J.; Bedregal-Alpaca N.; Castañeda-Huaman E.";2021;10.14569/IJACSA.2021.0120451;https://www.scopus.com/pages/publications/85105806146?origin=resultslist;"Information technology (IT) services must generate added value for any business, either by enhancing its processes, automating its activities, or managing its resources. Using Long Term Evolution (LTE) Networks, IoT solutions and devices are able to be deployed in order to prevent safety incidents and or to online monitor performance and maintenance indicators produced by field equipment. Under the same context, implementing a private LTE network Service Management Model becomes a basic need for any company. Proposed Service Management model must be flexible enough to changes in order to accomplish high productivity demands like the ones that a Big Mining Company requires. Proposed model is based on Information Technology Infrastructure Library (ITIL) as the best known, disseminated and proven framework; additionally, it uses well known agile methodologies such as Scrum and DevOps. Along with the deployment for each of the proposed stages, a visual scheme is generated which, when it comes to a conclusion at the final stage, allows to visualize model interactions in its entirety. In addition to describing the expected results, model validation has been accomplished by an expert panel judgment under the developed topic. As a conclusion, proposed model involves a holistic approach, that is, a comprehensive approach that addresses various aspects of service management supported by a private LTE platform. © 2021";;International Journal of Advanced Computer Science and Applications;;;
scopus;;Conference paper;Microservices and DevOps for Optimal Benefits from IoT in Manufacturing;"Choudhry A.; Premchand A.";2021;10.1007/978-981-15-7234-0_33;https://www.scopus.com/pages/publications/85096423479?origin=resultslist;Internet of Things (IoT) is not a pipe dream anymore. The trajectory of growth in the Internet of Things (IoT) space has been nothing short of phenomenal in the last few years. It is envisaged to keep a similar pace of growth for the next few years. This paper looks at Microservices and DevOps as relevant levers for faster adoption of IoT as well as for following the path of least resistance keeping in mind factors like future growth, pervasiveness, miniaturization, economics, etc. This paper proposes that usage of DevOps and Microservices is essential for eliciting maximum benefits from IoT and suggests a framework for the same. It also discusses the combined effects and benefits of IoT, Microservices, and DevOps. © 2021, Springer Nature Singapore Pte Ltd.;;Advances in Intelligent Systems and Computing;;;
scopus;;Conference paper;Research Questions in the Acceptance of Cybersecurity by SMEs in the EU;"van Tooren M.; Reti D.; Schneider D.; Bassem C.; Santos de la Cámara R.; Schotten H.D.";2022;10.1007/978-3-031-14862-0_18;https://www.scopus.com/pages/publications/85139067471?origin=resultslist;Cybersecurity is a very challenging field that asks for a multitude of solutions to an even larger spread of threats and issues. Charting all the risks one is facing, and deciding what to do about each of them, is a task worthy of hiring one or several dedicated experts. It is difficult for large companies to organise, and essentially impossible for SMEs (Small and Medium Enterprises). Throughout the SCRATCh project research, these matters became quite visible. Based on the project findings, this paper discusses these problems and their nature, and establishes the need for a novel holistic solution to be found. © 2022, The Author(s), under exclusive license to Springer Nature Switzerland AG.;;Lecture Notes in Computer Science (including subseries Lecture Notes in Artificial Intelligence and Lecture Notes in Bioinformatics);;;
scopus;;Conference paper;Semantic Inferences Towards Smart IoT-Based Systems Actuation Conflicts Management;"Rocher G.; Tigli J.-Y.; Lavirotte S.";2022;10.1007/978-3-031-18872-5_15;https://www.scopus.com/pages/publications/85142690823?origin=resultslist;IoT-based systems have long been limited to collecting field information via sensors distributed at the edge of their infrastructure. However, in many areas such as smart home, smart factory, etc. these systems include devices that interact with the physical environment via common actuators. Throughout the lifecycle of these systems, from design, to deployment to operation, the ability to avoid actuation conflicts, both in terms of the commands that actuators receive (direct conflicts) and the effects that they produce (indirect conflicts), is a new challenge in the realm of trustworthy Smart IoT-based Systems (SIS). As part of the European project ENACT, which aims to provide full DevOps support for trustworthy SIS, we present a lightweight ontology that provides SIS designers with (1) a semantic metamodel to formally describe SIS subsystems and the actuators they interact with, and (2) a set of SWRL (Semantic Web Rule Language) inference rules to automatically identify and semi-automatically resolve actuation conflicts. Consistent with the best practices of the DevOps approach, a particular emphasis is placed on facilitating the use and interpretation of inference results. To provide insight into the appropriateness of the proposed approach in the context of SIS, rule processing times for different actuation conflict configurations are provided. © 2022, IFIP International Federation for Information Processing.;;IFIP Advances in Information and Communication Technology;;;
scopus;;Conference paper;IoT Apiary Fleet Management with Jenkins;"Campell C.; Graber J.; Tashakkori R.; O'Brien W.";2022;10.1109/UEMCON54665.2022.9965635;https://www.scopus.com/pages/publications/85144077888?origin=resultslist;In recent years, a large number of honey bee colonies have collapsed due to various causes including Varroa Mites. Computerized honey bee monitoring systems have gained significant attention as part of the efforts by scientists and beekeepers to both learn more about the bee's behavior, and to determine their health. AppMAIS was funded in 2021 by the North Carolina General Assembly to obtain audio and video recordings as well as humidity, temperature, and weight data from 30 hives in Western North Carolina. In addition to this data, the project also collects genetic data from these hives in order to determine their genetic diversity. The monitoring system for this project is called Beemon which has been actively developed in the Department of Computer Science for the past eight years. Managing Beemon at all 30 hive locations while keeping up with software updates was a tedious task which needed to be significantly improved. We utilized Jenkins for this purpose. This paper provides details regarding how we manage software updates on the AppMAIS beehives. © 2022 IEEE.;;2022 IEEE 13th Annual Ubiquitous Computing, Electronics and Mobile Communication Conference, UEMCON 2022;;;
scopus;;Conference paper;A Model of a Parallel Design Environment for the Development of Decision-Making IoT Systems;"Łuczak A.; Stróżański K.; Orłowski C.";2022;10.1007/978-3-662-66597-8_9;https://www.scopus.com/pages/publications/85149615760?origin=resultslist;The aim of the article is to present a model of building a parallel design environment using containerization processes for Internet of Things (IoT) systems supported by local environments and their orchestration. According to the currently dominant approach in IT, which is the maximum automation of the software development process, special emphasis is placed on the processes of Continuous Integration and Continuous Delivery (CI / CD). They are supported by such solutions as Docker Compose, Swarm and Pipeline. CI / CD is a response to such common problems related to software development as slow product growth, lack of transparency in the cooperation of the development team, lack of predictability and the possibility of estimating project duration, late implementation of changes, repeatable errors caused by the human factor and many others. These challenges translate into the final product and customer satisfaction, and thus the success of the project or even the financial result of the enterprise. Although Continuous Integration and Delivery are not new concepts (the first mention of Continuous Integration dates back to 1991), thanks to the continuous improvement of these methods, many tools and new approaches are created. Therefore, in this article, the authors consider the research problems of building a decision-making system using Continuous Integration and Continuous Delivery processes. For this purpose, a model of the decision-making process was built using both of the above-mentioned processes and then it was verified in a parallel design environment. © 2022, Springer-Verlag GmbH Germany, part of Springer Nature.;;Lecture Notes in Computer Science (including subseries Lecture Notes in Artificial Intelligence and Lecture Notes in Bioinformatics);;;
scopus;;Conference paper;Workload Deployment and Configuration Reconciliation at Scale in Kubernetes-Based Edge-Cloud Continuums;"Hass D.; Spillner J.";2022;10.1109/ISPDC55340.2022.00026;https://www.scopus.com/pages/publications/85142859926?origin=resultslist;Continuum computing promises the abstraction of physical node location and node platform stack in order to create a seamless application deployment and execution across edges and cloud data centres. For industrial IoT applications, the demand to generate data insights in conjunction with an installed base of increasingly capable edge devices is calling for appropriate continuum computing interfaces. Derived from a case study in industrial water flow monitoring and based on the industry's de-facto standard Kubernetes to deploy complex containerised workloads, we present an appropriate continuum deployment mechanism based on custom Kubernetes controllers and CI/CD, called Kontinuum Controller. Through synthetic experiments and a holistic cross-provider deployment, we investigate its scalability with emphasis on reconciling adjusted configuration per application and per node, a critical requirement by industrial customers. Our findings convey that Kubernetes by default would enter undesirable oscillation already for modestly sized deployments. Thus, we also discuss possible solutions.  © 2022 IEEE.;;Proceedings - 2022 21st International Symposium on Parallel and Distributed Computing, ISPDC 2022;;;
scopus;;Conference paper;Towards Digital Twin-enabled DevOps for CPS providing Architecture-Based Service Adaptation & Verification at Runtime;"Dobaj J.; Riel A.; Krug T.; Seidl M.; MacHer G.; Egretzberger M.";2022;10.1145/3524844.3528057;https://www.scopus.com/pages/publications/85134157307?origin=resultslist;Background: Industrial Product-Service Systems (IPSS) denote a service-oriented way of providing access to cyber-physical systems' (CPS) capabilities. The design of such systems bears high risk due to uncertainty in requirements related to service function and behavior, operation environments, and evolving customer needs. Such risks and uncertainties are well known in the IT sector, where DevOps principles ensure continuous system improvement through reliable and frequent delivery processes. A modular and service-oriented system architecture complements these processes to facilitate IT system adaptation and evolution.Objective: This work proposes a method to use and extend the Digital Twins (DTs) of IPSS assets for enabling the continuous optimization of CPS service delivery and the latter's adaptation to changing needs and environments. This reduces uncertainty during design and operations by assuring IPSS integrity and availability, especially for design and service adaptations at CPS runtime.Methodology: The method builds on transferring IT DevOps principles to DT-enabled CPS IPSS. The chosen design approach integrates, reuses, and aligns the DT processing and communication resources with DevOps requirements derived from literature.Results: We use these requirements to propose a DT-enabled self-Adaptive CPS model, which guides the realization of DT-enabled DevOps in CPS IPSS. We further propose detailed design models for operation-critical DTs that integrate CPS closed-loop control and architecture-based CPS adaptation. This integrated approach enables the implementation of A/B testing as a use case and central concept to enable CPS IPSS service adaptation and reconfiguration.Conclusion: The self-Adaptive CPS model and DT design concept have been validated in an evaluation environment for operation-critical CPS IPSS. The demonstrator achieved sub-millisecond cycle times during service A/B testing at runtime without causing CPS operation interferences and downtime. © 2022 ACM.;;Proceedings - 17th Symposium on Software Engineering for Adaptive and Self-Managing Systems, SEAMS 2022;;;
scopus;;Conference paper;Automated IoT security testing with SecLab;"Schwaiger P.; Simopoulos D.; Wolf A.";2022;10.1109/NOMS54207.2022.9789797;https://www.scopus.com/pages/publications/85133182088?origin=resultslist;With the growing number of IoT applications and devices, IoT security breaches are a dangerous reality. Cost pressure and complexity of security tests for embedded systems and networked infrastructure are often the excuse for skipping them completely. In our paper we introduce SecLab security test lab to overcome that problem. Based on a flexible and lightweight architecture, SecLab allows developers and IoT security specialists to harden their systems with a low entry hurdle. The open architecture supports the reuse of existing external security test libraries and scalability for the assessment of complex IoT Systems. A reference implementation of security tests in a realistic IoT application scenario proves the approach. © 2022 IEEE.;;Proceedings of the IEEE/IFIP Network Operations and Management Symposium 2022: Network and Service Management in the Era of Cloudification, Softwarization and Artificial Intelligence, NOMS 2022;;;
scopus;;Conference paper;DevOps for Open Source Multimedia Frameworks;"Zhao J.; Eoff U.; Luo F.; Xu G.; Xiang H.; Zhong H.";2022;10.1007/978-3-030-80119-9_13;https://www.scopus.com/pages/publications/85112503976?origin=resultslist;DevOps is well deployed in “Software As A Service”, “Platform As A Service” or a lot of closed-loop software services and products. “DevOps” implies the collaborations between the “Development” and “Operations” team to achieve the same goal of a better development cycle and customer experience. In the closed-loop software, the operations are fully controlled by one party or federation. But in the open source development world, the codes contributed by different individual contributors are maintained by several key maintainers, handling the complexity of the target customers in different domains. One example is the frameworks of the multimedia middleware that provide the media capability to Clouds, Clients and Internet of Things (IoT) products: FFmpeg and GStreamer with a fully open source working model. A better way is required to feed the difference brought by the open source working model. This paper proposed Cartwheel, pre-checkin with DevOps, and the open source tool VAAPI-fits to address these new issues. We introduced the background of Intel’s contributions to the multimedia middleware, as well as the methods engaging with the open source working model and DevOps methodologies. © 2022, The Author(s), under exclusive license to Springer Nature Switzerland AG.;;Lecture Notes in Networks and Systems;;;
scopus;;Conference paper;Automating Test Oracle Generation in DevOps for Industrial Elevators;"Arrieta A.; Otaegi M.; Han L.; Sagardui G.; Ali S.; Arratibel M.";2022;10.1109/SANER53432.2022.00044;https://www.scopus.com/pages/publications/85135769441?origin=resultslist;Orona is a world-renowned elevators developer. During elevators' lives, their software continues to evolve, e.g., due to hardware obsolescence, requirements changes, vulnerabilities, and bug corrections. Such continuous evolution demands the continuous testing of industrial elevators with the minimum manual effort possible. To this end, we present a tool, whose core component is a domain-specific language (DSL) with which a user can specify test oracles at a higher level of abstraction and independent of a testing level. The DSL also supports specifying uncertainty-aware test oracles to test elevators under various uncertainties inherent in them. Finally, the DSL is also equipped with test oracle generation that generates test oracle code automatically at the different DevOps testing levels (i.e., Software and Hardware-in-the-Loop test levels, and in operation) to enable reuse of test oracles across these levels. We evaluated this DSL with an industrial elevators case study at Orona's site to specify and generate test oracles. The evaluation showed that the high expressiveness of the DSL permits the high-level definition of test oracles in our industrial context. Based on the industrial application, we discuss our experiences and lessons learned.  © 2022 IEEE.;;Proceedings - 2022 IEEE International Conference on Software Analysis, Evolution and Reengineering, SANER 2022;;;
scopus;;Article;AIDOaRt: AI-augmented Automation for DevOps, a model-based framework for continuous development in Cyber–Physical Systems;"Bruneliere H.; Muttillo V.; Eramo R.; Berardinelli L.; Gómez A.; Bagnato A.; Sadovykh A.; Cicchetti A.";2022;10.1016/j.micpro.2022.104672;https://www.scopus.com/pages/publications/85138071342?origin=resultslist;The advent of complex Cyber–Physical Systems (CPSs) creates the need for more efficient engineering processes. Recently, DevOps promoted the idea of considering a closer continuous integration between system development (including its design) and operational deployment. Despite their use being still currently limited, Artificial Intelligence (AI) techniques are suitable candidates for improving such system engineering activities (cf. AIOps). In this context, AIDOaRT is a large European collaborative project that aims at providing AI-augmented automation capabilities to better support the modeling, coding, testing, monitoring, and continuous development of CPSs. The project proposes to combine Model Driven Engineering principles and techniques with AI-enhanced methods and tools for engineering more trustable CPSs. The resulting framework will (1) enable the dynamic observation and analysis of system data collected at both runtime and design time and (2) provide dedicated AI-augmented solutions that will then be validated in concrete industrial cases. This paper describes the main research objectives and underlying paradigms of the AIDOaRt project. It also introduces the conceptual architecture and proposed approach of the AIDOaRt overall solution. Finally, it reports on the actual project practices and discusses the current results and future plans. © 2022 Elsevier B.V.;;Microprocessors and Microsystems;;;
scopus;;Conference paper;Automatic Deployment Pipeline for Containerized Application of IoT Device;"Yulianto Y.; Utami E.; Kusnawi";2022;10.1109/ICITISEE57756.2022.10057699;https://www.scopus.com/pages/publications/85150422722?origin=resultslist;In this modern era, many companies in the technology field compete to win the hearts of customers. To keep up with the competition and meet customers' needs, companies must be able to adapt to changes in their products. One software development methodology that focuses on customer satisfaction is the agile methodology. This approach is popular among software development teams because it allows them to quickly respond to changes in customer needs. This study aims to apply a combination of Gitlab CI and Jenkins to implement a CI/CD pipeline on two software applications called Fishee Backend App and Fishee Frontend App, which use different technologies and also use agile methodology approach in development process. The study aims to evaluate the quality of the pipeline and the time required for the deliver changes to customer. The results show that the Fishee Backend App takes time 153.7 seconds and The Fishee Frontend App takes 174.2, In terms of successful pipeline jobs, the Fishee Backend App reached 70.45% and Fishee Frontend App reached 83,3%. Based on these findings, the use of a combination of Jenkins and Gitlab CI in the CI/CD process can be effective and more faster than previous research for automating the deployment of container-based applications. However, the study was limited to implementation on the Digital Ocean platform and did not compare with other VPS provider platforms. It is recommended that future research extend the scope of the study to include other technology stacks and compare the performance of different CI/CD tools on a range of VPS provider platforms.  © 2022 IEEE.;;Proceeding - 6th International Conference on Information Technology, Information Systems and Electrical Engineering: Applying Data Sciences and Artificial Intelligence Technologies for Environmental Sustainability, ICITISEE 2022;;;
scopus;;Article;Model-based fleet deployment in the IoT–edge–cloud continuum;"Song H.; Dautov R.; Ferry N.; Solberg A.; Fleurey F.";2022;10.1007/s10270-022-01006-z;https://www.scopus.com/pages/publications/85129268131?origin=resultslist;With the increasing computing and networking capabilities, IoT devices and edge gateways have become part of a larger IoT–edge–cloud computing continuum, where processing and storage tasks are distributed across the whole network hierarchy, not concentrated only in the cloud. At the same time, this also introduced continuous delivery practices to the development of software components for network-connected gateways and sensing/actuating nodes. These devices are placed on end users’ premises and are characterized by continuously changing cyber-physical contexts, forcing software developers to maintain multiple application versions and frequently redeploy them on a distributed fleet of devices with respect to their current contexts. Doing this correctly and efficiently goes beyond manual capabilities and requires an intelligent and reliable automated solution. This paper describes a model-based approach to automatically assigning multiple software deployment plans to hundreds of edge gateways and connected IoT devices implemented in collaboration with a smart healthcare application provider. From a platform-specific model of an existing edge computing platform, we extract a platform-independent model that describes a list of target devices and a pool of available deployment plans. Next, we use constraint solving to automatically assign deployment plans to devices at once with respect to their specific contexts. The result is transformed back into the platform-specific model and includes a suitable deployment plan for each device, which is then consumed by our engine to deploy software components not only on edge gateways but also on their downstream IoT devices with constrained resources and connectivity. We validate the approach with a fleet deployment prototype integrated into a DevOps toolchain used by the partner application provider. Initial experiments demonstrate the viability of the approach and its usefulness in supporting DevOps for edge and IoT software development. © 2022, The Author(s).;;Software and Systems Modeling;;;
scopus;;Conference paper;Internet of Things (IoT) based Comprehensive testing of 5G network for Specific Absorption Rate (SAR);"Dasi S.; Srinivas Y.; Vadivel M.; Satpathy R.; Dash B.B.; De U.C.";2022;10.1109/ICEARS53579.2022.9751967;https://www.scopus.com/pages/publications/85128937747?origin=resultslist;Our daily lives are filled with a wide variety of electromagnetic waves. To ensure that radio products are safe to use, they must undergo RF exposure evaluation. RF exposure evaluation, EMF measurements, or SAR testing can be used to conduct this evaluation. Time-consuming SAR measurement methods are used by the SAR standard. Mobile wireless device compliance test lead times are incompatible with industry needs and are becoming a significant pain as 5G communications proliferate. When it comes to peak spatialaverage SAR evaluation, this study proposes a new technology aimed to solve this challenge and provide instantaneous and accurate peak SAR evaluation. © 2022 IEEE.;;Proceedings of the International Conference on Electronics and Renewable Systems, ICEARS 2022;;;
scopus;;Conference paper;DevOps Sensoring Neuro Cluster;"Rai B.K.; Zaidi S.A.H.; Singh D.";2022;10.1007/978-981-16-7985-8_8;https://www.scopus.com/pages/publications/85130867676?origin=resultslist;The quality of grains and other perishable items stored in a warehouse is usually degraded due to the lack of monitoring and proper maintenance of their required appropriate conditions in such a large area. The proposed methodology deals with storage grains, fruits, etc., and to recognize their pattern of temperature and humidity which will not cause degradation of them. To set up the environment regarding the nature of the crop so that an optimal threshold can be set with a proper format of monitoring and altering. © 2022, The Author(s), under exclusive license to Springer Nature Singapore Pte Ltd.;;Lecture Notes in Electrical Engineering;;;
scopus;;Conference paper;Integrating Multi-Disciplinary Offline and Online Engineering in Industrial Cyber-Physical Systems through DevOps;"Mizutani I.; Ramanathan G.; Mayer S.";2022;10.1145/3494322.3494328;https://www.scopus.com/pages/publications/85127142227?origin=resultslist;Industry 4.0 is transforming industrial automation systems into increasingly complex cyber-physical systems (CPS). In particular, there is a need to integrate systems across horizontal and vertical layers across industrial and disciplinary domains. The development of industrial CPS requires not only high-level configuration and control at the execution system level, but also offline and online engineering (OOE) work, including mechanical and electrical engineering of the devices, their installation, networking, and documentation. Using DevOps, a collection of modern software lifecycle management tactics, we propose to build an integrated platform to manage the OOE tasks. Continuous Integration/Continuous Delivery (CI/CD) pipelines and Infrastructure as Code, which are key aspects of DevOps, coordinate the building, testing, and deployment of software services. To bring the corresponding benefits of pure software systems to industrial CPS, we integrate engineering tasks using distributed version control and the W3C Web of Things. As a proof of concept, we implemented the concept for a mock system that includes the OOE tasks in a process automation scenario. The DevOps platform provides a structured transfer and exchange of engineering knowledge among stakeholders involved in industrial CPS. © 2021 ACM.;;ACM International Conference Proceeding Series;;;
scopus;;Conference paper;Competency Model for Programming Courses in Information Technology Education (ITE) Programs from Industry Perspective: A Delphi Method;"Goh J.E.E.; Mojado C.V.; Manaligod H.J.T.";2022;10.1109/HNICEM57413.2022.10109471;https://www.scopus.com/pages/publications/85159416798?origin=resultslist;"This study aimed to develop a competency model for software development courses in ITE programs as perceived by the IT industry in the Philippines in the new normal. A review of previous studies revealed existing software engineering competency models being referenced by the IT industry along with the Commission on Higher Education (CHED) General Education Curriculum (GEC) being referenced by the academe. However, things drastically changed during this global pandemic which may have affected these current standards. Thus, this study aimed to determine the current competency needs in the IT industry in the new normal in relation to the programming courses being offered by the ITE programs in the Philippines; A mixed method three-round Delphi technique was used to solicit a unified expert opinion from the point of view of nine (9) IT industry experts in the Philippines. Twenty-three (23) technical skills and eleven (11) soft skills were extracted from online interviews using thematic analysis. Out of 23 technical skills, nineteen (19) have consensus. The findings produced a competency model for software development courses in the new normal consisting of must-have technical skills, game-changer technical skills, and must-have soft skills. The must-have technical skills include Web Development, Cyber Security, Cloud Computing, Agile Project Management, Mobile Development, and DevOps. The game changer technical skills include Data Science and Data Analytics, Artificial Intelligence and Machine Learning, the Internet of Things, and Research and Development. And the must-have soft skills include Communication skills, Results-Oriented, and Collaboration skills. © 2022 IEEE.";;2022 IEEE 14th International Conference on Humanoid, Nanotechnology, Information Technology, Communication and Control, Environment, and Management, HNICEM 2022;;;
scopus;;Conference paper;Challenges of Adopting DevOps Culture on the Internet of Things Applications - A Solution Model;"Bijwe A.; Shankar P.";2022;10.1109/ICTACS56270.2022.9988182;https://www.scopus.com/pages/publications/85146369003?origin=resultslist;DevOps is a culture that emphasizes team cooperation and encourages enterprises to deliver software product features through automated processes. The Internet of Things paradigm is impulsively and continuously reforming industrial endeavours. DevOps combines continuous integration followed by continuous testing which is then succeeded by continuous deployment and continuous delivery. Continuous monitoring is a nerve ending once the product is delivered. This entire combination helps to produce faster deployments with quality. The DevOps-related challenges in IoT projects are discussed in this paper. The DevOps methodology and its recommended practices are frequently used in combination with version control, monitoring, and alerting at the device level. It has outlined the software architecture for IoT devices. This study reviewed research articles to investigate challenges with the Internet of Things applications related to DevOps framework. This study also tried to explore solutions for those challenges in form of guidelines, practices to adhere to, and models suggested in various available literature. The proposed article identifies important issues that must be resolved to implement the DevOps culture in IoT applications. Additionally, the organizations' cultural difficulties confronted while placing DevOps into practice are studied and a model is developed to provide guidelines. Effectiveness measures under consideration are collaboration, sharing, efficiency, and quality (Business value). So, this study emphasizes the challenges related to these effectiveness measures. According to research, there are several obstacles to implementing a DevOps culture in IoT applications, including poor communication, less no of DevOps experts, weak collaboration, and less management support. This research suggested a new model, Industrial DevOps Maturity Model (IDMM) to provide usage guidelines that can be the solution to existing challenges related to the effectiveness measures faced while using DevOps framework in IoT applications.  © 2022 IEEE.;;Proceedings of International Conference on Technological Advancements in Computational Sciences, ICTACS 2022;;;
scopus;;Conference paper;MEdOps - Medical Education with Emphasis on Robotics;"Hasko R.; Hasko O.; Strauss C.; Vyshnevska S.";2022;;https://www.scopus.com/pages/publications/85144223792?origin=resultslist;This article considers a modern approach to a qualitatively new education of medical specialties, taking into account the latest advances in computer technology, particularly in the field of robotics. The MEdOps concept represents a synergy of medical education with information technologies that are already successfully used in the fields of computer science. Special attention is paid to the emergence of such a new computer profession as DevOps. This is a universal specialist who ideally possesses a huge number of different technologies and platforms, a direct analogue of a modern highly qualified medical specialist, who must constantly improve his/her qualifications for effective work. One of the main focuses of the proposed approach is also the introduction of advances in robotics i.e. robots with remote human presence or telepresence in the process of education. © 2022 Copyright for this paper by its authors.;;CEUR Workshop Proceedings;;;
scopus;;Conference paper;Bridging the Gap Between Java and Python in Mobile Software Development to Enable MLOps;"Dautov R.; Husom E.J.; Gonidis F.; Papatzelos S.; Malamas N.";2022;10.1109/WiMob55322.2022.9941679;https://www.scopus.com/pages/publications/85142676326?origin=resultslist;The role of Machine Learning (ML) engineers in mobile development has become increasingly important in recent years, as more and more business-critical mobile applications depend on AI components. Many development teams already include dedicated ML engineers who aim to follow agile development practices in their work, as part of the larger MLOps concept. However, the availability of MLOps tools tailored specifically towards mobile platforms is scarce, often due the limited support for non-native programming languages such as Python, as well as the unsuitability of native programming languages such as Java and Kotlin to support ML-related programming tasks. This paper aims to address this gap and describes a plug-in architecture for developing, deploying and running data ingestion and processing components written in Python on the Android platform. With the possibility to pass a user-defined schema with the data format and structure, the proposed architecture ensures that time-series datasets are correctly interpreted by multiple ML modules dealing with both data ingestion and processing,. The proposed approach benefits from modularity, extensibility, customisation, and separation of concerns, which enable ML engineers to be fully involved in a mobile development lifecycle following agile MLOps practices.  © 2022 IEEE.;;International Conference on Wireless and Mobile Computing, Networking and Communications;;;
scopus;;Article;Hybrid optimised deep learning-deep belief network for attack detection in the internet of things;Sarma S.K.;2022;10.1080/0952813X.2021.1924868;https://www.scopus.com/pages/publications/85107485462?origin=resultslist;Internet of Things (IoT) is a new revolution of the Internet. However, the IoT network of physical devices and objects is often vulnerable to attacks like Denial of Service (DoS) and Distributed Denial of Service (DDoS). The proposed attack detection system makes the interlinking of Development and Operations (DevOps) as it makes the relationship between development and IT operations. For this, the proposed system includes (i) Proposed Feature Extraction and (ii) Classification. The data from each application are processed under the initial stage of feature extraction, where the statistical and higher-order statistical features are concatenated. Subsequently, the extracted features are subjected to a classification process, where it determines the presence of attacks. For the classification process, this paper intends to deploy the optimised Deep Belief Network (DBN), in which the activation function is optimally tuned. A new hybrid algorithm termed Firefly Alpha Evaluated Grey Wolf Optimisation (FAE-GWO) algorithm is proposed, which is the combination of Firefly (FF) and Grey Wolf Optimisation (GWO). Finally, the performance of the proposed system model is compared over other conventional works in terms of certain performance measures. © 2021 Informa UK Limited, trading as Taylor & Francis Group.;;Journal of Experimental and Theoretical Artificial Intelligence;;;
scopus;;Conference paper;Collaborative DDoS Detection in Distributed Multi-Tenant IoT using Federated Learning;"Neto E.C.P.; Dadkhah S.; Ghorbani A.A.";2022;10.1109/PST55820.2022.9851984;https://www.scopus.com/pages/publications/85137843333?origin=resultslist;Nowadays, the Internet of Things (IoT) has attracted much attention from the industry, and new initiatives are expected to be developed in the next decade. IoT is establishing a globally connected sensor network in which many devices are connected to the Internet generating large amounts of data. Conversely, many challenges need to be overcome to enable efficient and secure IoT applications (e.g., interoperability, security, standards, and server technologies). Furthermore, edge computing presents a paramount role in the diverse range of IoT applications. In this sense, processing sensitive data for different tenants (e.g., e-health and smart cities applications) requires transactions to be protected and isolated from different flows. Thereupon, different tenants can be targeted by Distributed Denial of Service (DDoS) attacks. However, attacks performed against a tenant remain unknown to others, preventing the improvement of detection and mitigation capabilities for DDoS attacks. The main obstacle in this collaboration relies on maintaining privacy in a multi-tenant environment while sharing the characteristics of attacks faced in the past. In this paper, we propose a collaborative DDoS detection and classification approach for distributed multi-tenant IoT environments using Federated Learning. This approach enables multiples tenants to collaboratively enhance their DDoS detection and classification capabilities across all edge nodes while maintaining their privacy. To accomplish this, tenants train deep learning instances on locally scaled traffic data and share the model parameters with other tenants. This strategy enables safer IoT operations and can be adopted in different applications. The experiments performed on a simulated environment considered the CICD-DoS2019 dataset and showed that the proposed approach can classify different DDoS attacks types with over 84.2% accuracy. The results demonstrate that collaborative DDoS detection enhances tenant protection compared to single detection.  © 2022 IEEE.;;2022 19th Annual International Conference on Privacy, Security and Trust, PST 2022;;;
scopus;;Conference paper;An Intelligent Edge System for Face Mask Recognition Application;"Le-Anh T.; Nguyen-Van B.; Le-Trung Q.";2022;10.1007/978-3-031-08878-0_8;https://www.scopus.com/pages/publications/85132989390?origin=resultslist;In the modern age, the growth of embedded devices, IoT (Internet of Things), 5G (Fifth Generation) and AI (Artificial Intelligence), has driven edge AI applications. Adopting Edge computing for AI applications intends to deal with power consumption, network capacity, response latency issues. In this paper, we introduce an intelligent edge system. It aims to assist with managing and developing microservices based AI applications on embedded computers with limited hardware resource. The proposed system uses Docker/Containerd and lightweight Kubernetes cluster (K3s) for high availability, self-healing, load balancing, scaling and automated deployment. It also facilitates GPU (Graphics Processing Unit) to speed up AI applications. The centralized cluster management and monitoring features simplify clusters and services administration, especially on a large scale. Meanwhile, container registry and DevOps platform with built-in code repository and CI/CD (Continuous Integration/Continuous Delivery) offer continuous integration and delivery for AI applications running on the cluster. This improves the process of AI applications development and management at the edge. In this experience, we implement the face mask recognition application with the proposed system. This application engages the state-of-the-art and lightweight object detection models with deep learning, observing mask violations to contribute to reducing the spread of COVID-19 disease. © 2022, ICST Institute for Computer Sciences, Social Informatics and Telecommunications Engineering.;;Lecture Notes of the Institute for Computer Sciences, Social-Informatics and Telecommunications Engineering, LNICST;;;
scopus;;Article;Information Systems Analysis and Design: Past Revolutions, Present Challenges, and Future Research Directions;"Siau K.; Woo C.; Storey V.C.; Chiang R.H.L.; Chua C.E.H.; Beard J.W.";2022;10.17705/1CAIS.05037;https://www.scopus.com/pages/publications/85133364294?origin=resultslist;Systems Analysis and Design (SAND) is undoubtedly a pillar in the field of Information Systems (IS). Some researchers have even claimed that SAND is the field that defines the Information Systems discipline and is the core of information systems. The past decades have seen the development of Structured SAND methodologies and Object-Oriented Methodologies. In the early 1990s, key players in the field collaborated to develop the Unified Modeling Language and the Unified Process. Agile approaches followed, as did other dynamic methods. These approaches remain heavily employed in the development of contemporary information systems. At the same time, new approaches such as DevOps and DevSecOps continue to emerge. This paper curates these trends in SAND. It reviews past and present SAND research, discusses current challenges, and provides insights that can assist SAND researchers in identifying future SAND research streams and important future research directions. © 2022 by the Association for Information Systems.;;Communications of the Association for Information Systems;;;
scopus;;Article;Containerized Architecture Performance Analysis for IoT Framework Based on Enhanced Fire Prevention Case Study: Rwanda;"Hitimana E.; Bajpai G.; Musabe R.; Sibomana L.; Jayavel K.";2022;10.3390/s22176462;https://www.scopus.com/pages/publications/85137560749?origin=resultslist;Nowadays, building infrastructures are pushed to become smarter in response to desires for the environmental comforts of living. Enhanced safety upgrades have begun taking advantage of new, evolving technologies. Normally, buildings are configured to respond to the safety concerns of the occupants. However, advanced Internet of Things (IoT) techniques, in combination with edge computing with lightweight virtualization technology, is being used to improve users’ comfort in their homes. It improves resource management and service isolation without affecting the deployment of heterogeneous hardware. In this research, a containerized architectural framework for support of multiple concurrent deployed IoT applications for smart buildings was proposed. The prototype developed used sensor networks as well as containerized microservices, centrally featuring the DevOps paradigm. The research proposed an occupant counting algorithm used to check occupants in and out. The proposed framework was tested in different academic buildings for data acquisition over three months. Different deployment architectures were tested to ensure the best cases based on efficiency and resource utilization. The acquired data was used for prediction purposes to aid occupant prediction for safety measures as considered by policymakers. © 2022 by the authors.;;Sensors;;;
scopus;;Conference paper;Investigating Continuous Delivery on IoT Systems;"Pereira I.M.; Carneiro T.G.D.S.; Figueiredo E.";2022;10.1145/3493244.3493261;https://www.scopus.com/pages/publications/85147693522?origin=resultslist;IoT systems have continuous delivery challenges related to development, operations, and hardware teams. Therefore, scientific research and industry professionals have investigated approaches to integrate these areas and overcome these challenges. This study investigates how IoT systems projects adapt to perform Continuous Deliveries (CD) through thirty-one semi-structured interviews and a questionnaire with thirty professionals working in these areas. Inspired by grounded theory, we applied open coding to categorize the results of both interview and questionnaire studies. As contributions, we identified differences in IoT systems development compared to traditional development. We also discuss quality practices used in IoT projects that drive continuous delivery and how teams handle the quest for continuous delivery challenges.  © 2021 ACM.;;ACM International Conference Proceeding Series;;;
scopus;;Conference paper;DevSecOps in Embedded Systems: An Empirical Study of Past Literature;"Yasar H.; Teplov S.E.";2022;10.1145/3538969.3544451;https://www.scopus.com/pages/publications/85136963110?origin=resultslist;"Over the last decade, DevSecOps principles have gained widespread acceptance, replacing many traditional approaches to software development. DevSecOps has helped developers shorten the overall software development life cycle, and as a result, decreased the time to market. Following the broad success of DevSecOps, the next logical progression is to apply DevSecOps principles to other fields to achieve similar results, such as embedded systems. While embedded systems practices may stand to benefit greatly from the inclusion of DevSecOps principles, the field offers many new and unique challenges that have not been faced with traditional software systems. Existing DevSecOps frameworks cannot simply be applied to embedded systems. It is necessary to adapt current DevSecOps frameworks specifically to embedded systems. This piece will first lay out current DevSecOps principles and their application to software systems. Then, an empirical examination of existing work on DevSecOps in embedded systems will be presented. The required components of a DevSecOps framework that have been excluded from previous research will be highlighted, and from this, future areas of research in DevSecOps for embedded systems will be presented. The goal of this work is to summarize and analyze the current state of knowledge on DevSecOps in embedded systems and outline a path for future research. •Computer systems organization ? Embedded systems; Redundancy; Robotics; •Networks ? Network reliability.  © 2022 Owner/Author.";;ACM International Conference Proceeding Series;;;
scopus;;Conference paper;Migrating from Microservices to Serverless: An IoT Platform Case Study;"Chadha M.; Pacyna V.; Jindal A.; Gu J.; Gerndt M.";2022;10.1145/3565382.3565881;https://www.scopus.com/pages/publications/85145557445?origin=resultslist;Microservice architecture is the common choice for developing cloud applications these days since each individual microservice can be independently modified, replaced, and scaled. As a result, application development and operating cloud infrastructure were bundled together into what is now commonly called DevOps. However, with the increasing popularity of the serverless computing paradigm and its several advantages such as no infrastructure management, a pay-per-use billing policy, and on-demand fine-grained autoscaling, there is a growing interest in utilizing FaaS and server-less CaaS technologies for refactoring microservices-based applications. Towards this, we migrate a complex IoT platform application onto OpenWhisk (OW) and Google Cloud Run (GCR). We comprehensively evaluate the performance of the different deployment strategies, i.e., Google Kubernetes Engine (GKE)-Standard, OW, and GCR for the IoT platform using different load testing scenarios. Results from our experiments show that while GKE standard performs best for most scenarios, GCR is always cheaper wrt costs.  © 2022 ACM.;;WoSC 2022 - Proceedings of the 8th International Workshop on Serverless Computing, Part of Middleware 2022;;;
scopus;;Article;Supporting IoT applications deployment on edge-based infrastructures using multi-layer feature models;"Cañete A.; Amor M.; Fuentes L.";2022;10.1016/j.jss.2021.111086;https://www.scopus.com/pages/publications/85115968962?origin=resultslist;Edge Computing proposes to use the nearby devices in the frontier/Edge of the access network for deploying application tasks of IoT-based systems. However, the functionality of such cyber–physical systems, which is usually distributed in several devices and computers, imposes specific requirements on the infrastructure to run properly. The evolution of an application to meet new user requirements and the high diversity of hardware and software technologies in the IoT/Edge/Cloud can complicate the deployment of continuously evolving applications. The aim of our approach is to apply Multi Layer Feature Models, which capture the variability of applications and the software and hardware infrastructure, to support the deployment in edge-based environments of cyber–physical applications. With this multi-layered approach is possible to support the evolution of application and infrastructure independently. Considering that IoT/Edge/Cloud infrastructures are usually shared by many applications, the deployment process has to assure that there will be enough resources for all of them, informing developers about the feasible alternatives. We provide four modules so that the developer can calculate what is the configuration of minimal set of devices supporting application requirements of the evolved application. In addition, the developer can find what is the application configuration that can be hosted in the current infrastructure. The successive solutions of continuous deployment generated by our approach pursue the reduction of the system energy footprint and/or execution latency. © 2021 The Author(s);;Journal of Systems and Software;;;
scopus;;Article;CloudOps: Towards the Operationalization of the Cloud Continuum: Concepts, Challenges and a Reference Framework;"Alonso J.; Orue-Echevarria L.; Huarte M.";2022;10.3390/app12094347;https://www.scopus.com/pages/publications/85129018309?origin=resultslist;The current trend of developing highly distributed, context aware, heterogeneous computing intense and data-sensitive applications is changing the boundaries of cloud computing. Encouraged by the growing IoT paradigm and with flexible edge devices available, an ecosystem of a combination of resources, ranging from high density compute and storage to very lightweight embedded computers running on batteries or solar power, is available for DevOps teams from what is known as the Cloud Continuum. In this dynamic context, manageability is key, as well as controlled operations and resources monitoring for handling anomalies. Unfortunately, the operation and management of such heterogeneous computing environments (including edge, cloud and network services) is complex and operators face challenges such as the continuous optimization and autonomous (re-)deployment of context-aware stateless and stateful applications where, however, they must ensure service continuity while anticipating potential failures in the underlying infrastructure. In this paper, we propose a novel CloudOps workflow (extending the traditional DevOps pipeline), proposing techniques and methods for applications’ operators to fully embrace the possibilities of the Cloud Continuum. Our approach will support DevOps teams in the operationalization of the Cloud Continuum. Secondly, we provide an extensive explanation of the scope, possibilities and future of the CloudOps. © 2022 by the authors. Licensee MDPI, Basel, Switzerland.;;Applied Sciences (Switzerland);;;
scopus;;Conference paper;Problems and Solutions in Applying Continuous Integration and Delivery to 20 Open-Source Cyber-Physical Systems;"Zampetti F.; Nardone V.; Di Penta M.";2022;10.1145/3524842.3527948;https://www.scopus.com/pages/publications/85134077833?origin=resultslist;Continuous integration and delivery (CI/CD) have been shown to be very useful to improve the quality of software products (e.g., increasing their reliability or maintainability), and their development processes, e.g., by shortening release cycles. Applying CI/CD in the context of Cyber-Physical Systems (CPSs) can be particularly important, given that many of those systems can have safety-critical properties, and given their interaction with hardware or simulators during the development phase. This paper empirically analyzes how CI/CD is enacted in CPSs when considering the context of open-source projects, that often (also) rely on hosted CI/CD so-lutions, and benefit of an open-source development community. We qualitatively analyze a statistically significant sample of 670 pull requests from 20 open-source CPSs hosted on GitHub, to identify and categorize-also keeping into account catalogs from previous literature-bad practices, challenges, mitigation, and restructuring actions. The study reports and discusses the relationships we found between bad practices/challenges and CI/CD restructuring/mitigation strategies, reporting concrete examples, especially those emerging from the intrinsic complexity of CPSs. © 2022 ACM.;;Proceedings - 2022 Mining Software Repositories Conference, MSR 2022;;;
scopus;;Conference paper;Implementation of DevOps Culture in Customizing Serverless Computing and Function as a Service (FaaS) for IoT Mashup;"Ganeshan M.; Rajesh A.";2022;10.1007/978-981-16-5987-4_38;https://www.scopus.com/pages/publications/85123278026?origin=resultslist;The IoT is known as sprawling set of technologies. Cloud computing aids IoT and usage of cloud platform has helped in the rapid growth of IoT. The appearance of cloud platform serverless architectures, specifically function as a service (FaaS), gives rise to the question of the suitability of using them in IoT mashup environments. DevOps culture with a serverless architectural design with the addition of FaaS can effectively improve the computational capabilities that are closer to the end-user and provide data flow in a secure framework. In DevOps applications, FaaS has become a prime requirement for any cloud computing real-time data processing. It can be used to transform a single function code or unpacked to many micro-function codes. Apache OpenWhisk removes the chance of human application deployment errors compared to the previously manual evaluation, validation process and allows to customize serverless with many merits over AWS lambda service. © 2022, The Author(s), under exclusive license to Springer Nature Singapore Pte Ltd.;;Lecture Notes in Networks and Systems;;;
scopus;;Conference paper;Continuous Deployment in IoT Edge Computing A GitOps implementation;"López-Viana R.; Díaz J.; Pérez J.E.";2022;10.23919/CISTI54924.2022.9820108;https://www.scopus.com/pages/publications/85134814582?origin=resultslist;Edge computing (EC) is a recent computing paradigm in the IoT domain for performing calculations and processing at the edge of the network, closer to the user instead of moving all data to the cloud. In this way, EC practitioners aim to replicate the benefits of cloud computing but closer to the source of the data, reducing the latency imposed by the distance between the cloud and the end devices, the network overhead, and the security and privacy risk that this offloading entails. But not only that. EC practitioners also aim to replicate best practices used on cloud-native development and operation. In this regard, GitOps is one of the main trends in the DevOps ecosystem for Continuous Deployment (CD) that promotes infrastructure automation in highly distributed applications, accelerating value delivery while avoiding error-prone manual processes. Till now, GitOps has been mainly related to Kubernetes—a widely used container orchestration platform to run distributed applications resiliently. In this regard, more and more IoT EC solutions are implementing container orchestration solutions like Kubernetes, thus, it is worthwhile identifying the benefits that GitOps adoption could leverage at the Edge and how possible challenges and drawbacks could be addressed. This paper presents a proof of concept based on tools included in the Cloud Native Computing Foundation (CNCF) landscape to check the feasibility of applying GtiOps in IoT EC solutions. Several drawbacks were detected mainly due to the used tooling, such as lack of automatic provisioning of physical infrastructure, tight coupled to Kubernetes descriptors for declaring workloads, and limitations on the edge devices that can be supported. © 2022 IEEE Computer Society. All rights reserved.;;Iberian Conference on Information Systems and Technologies, CISTI;;;
scopus;;Conference paper;Industrial requirements for supporting AI-enhanced model-driven engineering;"Bergelin J.; Strandberg P.E.";2022;10.1145/3550356.3561609;https://www.scopus.com/pages/publications/85142919611?origin=resultslist;There is an increasing interest in research on the combination of AI techniques and methods with MDE. However, there is a gap between AI and MDE practices, as well as between researchers and practitioners. This paper tackles this gap by reporting on industrial requirements in this field. In the AIDOaRt research project, practitioners and researchers collaborate on AI-Augmented automation supporting modeling, coding, testing, monitoring, and continuous development in cyber-physical systems. The project specifically lies at the intersection of industry and academia collaboration with several industrial use cases. Through a process of elicitation and refinement, 78 high-level requirements were defined, and generalized into 30 generic requirements by the AIDOaRt partners. The main contribution of this paper is the set of generic requirements from the project for enhancing the development of cyber-physical systems with artificial intelligence, DevOps, and model-driven engineering, identifying the hot spots of industry needs in the interactions of MDE and AI. Future work will refine, implement and evaluate solutions toward these requirements in industry contexts. © 2022 Owner/Author.;;Proceedings - ACM/IEEE 25th International Conference on Model Driven Engineering Languages and Systems, MODELS 2022: Companion Proceedings;;;
scopus;;Article;Lifecycle Management of Automotive Safety-Critical Over the Air Updates: A Systems Approach;"Guissouma H.; Hohl C.P.; Lesniak F.; Schindewolf M.; Becker J.; Sax E.";2022;10.1109/ACCESS.2022.3176879;https://www.scopus.com/pages/publications/85130791684?origin=resultslist;With the increasing importance of Over The Air (OTA) updates in the automotive field, maintaining safety standards becomes more challenging as frequent incremental changes of embedded software are regularly integrated into a wide range of vehicle variants. This necessitates new processes and methodologies with a holistic view on the backend, where the updates are developed and released, and the frontend (vehicle), to which the updates are deployed. In this paper, we introduce an approach, including a process and a methodology, for continuous contract-based design, validation and deployment of modular updates for variant-rich automotive systems. The approach considers the vehicle as part of its connected environment enclosing a backend and concentrates on safety-critical applications. In addition, we present the UPDateable Automotive Test dEmonstratoR (UPDATER), which is a mock-up for modern Electric/Electronic architectures including a backend and a frontend part. It serves as a prototype for developing, deploying and monitoring automotive OTA updates. In a case study based on UPDATER, we apply the approach to three exemplary updates of a variable Advanced Driver Assistance System (ADAS). We show how the updates development and management may be achieved in an efficient and agile way.  © 2013 IEEE.;;IEEE Access;;;
scopus;;Conference paper;Extended abstract of “Microservices for Continuous Deployment, Monitoring and Validation in Cyber-Physical Systems: an Industrial Case Study for Elevators Systems”;"Gartziandia A.; Ayerdi J.; Arrieta A.; Ali S.; Yue T.; Agirre A.; Sagardui G.; Arratibel M.";2022;10.1109/ICSA-C52384.2021.00014;https://www.scopus.com/pages/publications/85177873814?origin=resultslist;Cyber-Physical Systems (CPSs) are systems that integrate digital cyber computations with physical processes. The software embedded in CPSs has a long life-cycle, requiring constant evolution to support new requirements, bug fixes, and deal with hardware obsolescence. To date, the development of software for CPSs is fragmented, which makes it extremely expensive. This could be substantially enhanced by tightly connecting the development and operation phases, as is done in other software engineering domains (e.g., web engineering through DevOps). Nevertheless, there are still complex issues that make it difficult to use DevOps techniques in the CPS domain, such as those related to hardware-software co-design. To pave the way towards DevOps in the CPS domain, in this paper we instantiate part of the reference architecture presented in the H2020 Adeptness project, which is based on microservices that allow for the continuous deployment, monitoring and validation of CPSs. To this end, we elaborate a systematic methodology that considers as input both domain expertise and a previously defined taxonomy for DevOps in the CPS domain. We obtain a generic microservice template that can be used in any kind of CPS. In addition, we instantiate this architecture in the context of an industrial case study from the elevation domain. © 2022 26th Jornadas de Ingenieria del Software y Bases de Datos, JISBD 2022. All Rights Reserved.;;26th Jornadas de Ingenieria del Software y Bases de Datos, JISBD 2022;;;
scopus;;Conference paper;Trustworthy Software Development-Practical view of security processes through MVP methodology;"Shiang-Jiun C.; Yu-Chun P.; Yi-Wei M.; Cheng-Mou C.; Chi-Chin T.";2022;10.23919/ICACT53585.2022.9728811;https://www.scopus.com/pages/publications/85127534656?origin=resultslist;With the popularization of 5G, one of its characteristics supports a large amount of IoT devices and a lot of open sources will be introduced. Therefore, trustworthiness has become more important for users and developers. According to IBM Systems Sciences Institute, we understand that taking software security into consideration in the early stages of development will save 99% cost. Therefore, security by design can not only save development costs but also improve the overall security of the software.In this paper, we mainly focus on the trustworthiness aspect in the software development process based on ISO/IEC/IEEE15288, NIST800-160, DoD Enterprise DevSecOps Reference, and A Guide to the Project Management Body of Knowledge (PMBOK Guide)-Seventh Edition and the Standard for Project Management concept. A trustworthiness framework will be proposed to make software more reliable and trustworthy for users and allows enterprises and developers to control and test the trustworthiness of production. After that, the analysis of software security is provided. This platform will provide the guidance for industries easier to use and apply to their product. © 2022 Global IT Research Institute-GiRI.;;International Conference on Advanced Communication Technology, ICACT;;;
scopus;;Article;A Survey on Observability of Distributed Edge & Container-Based Microservices;"Usman M.; Ferlin S.; Brunstrom A.; Taheri J.";2022;10.1109/ACCESS.2022.3193102;https://www.scopus.com/pages/publications/85135227242?origin=resultslist;Edge computing is proposed as a technical enabler for meeting emerging network technologies (such as 5G and Industrial Internet of Things), stringent application requirements and key performance indicators (KPIs). It aims to alleviate the problems associated with centralized cloud computing systems by placing computational resources to the network's edge, closer to the users. However, the complexity of distributed edge infrastructures grows when hosting containerized workloads as microservices, resulting in hard to detect and troubleshoot outages on critical use cases such as industrial automation processes. Observability aims to support operators in managing and operating complex distributed infrastructures and microservices architectures by instrumenting end-to-end runtime performance. To the best of our knowledge, no survey article has been recently proposed for distributed edge and containerized microservices observability. Thus, this article surveys and classifies state-of-the-art solutions from various communities. Besides surveying state-of-the-art, this article also discusses the observability concept, requirements, and design considerations. Finally, we discuss open research issues as well as future research directions that will inspire additional research in this area.  © 2013 IEEE.;;IEEE Access;;;
scopus;;Conference paper;FITNESS: (Fine Tune on New and Similar Samples) to detect anomalies in streams with drift and outliers;"Sankararaman A.; Narayanaswamy B.; Singh V.; Song Z.";2022;;https://www.scopus.com/pages/publications/85153761783?origin=resultslist;Technology improvements have made it easier than ever to collect diverse telemetry at high resolution from any cyber or physical system, for both monitoring and control. In the domain of monitoring, anomaly detection has become an important problem in many research areas ranging from IoT and sensor networks to devOps. These systems operate in real, noisy and non-stationary environments. A fundamental question is then, 'How to quickly spot anomalies in a data-stream, and differentiate them from either sudden or gradual drifts in the normal behaviour?' Although several heuristics have been proposed for detecting anomalies on streams, no known method has formalized the desiderata and rigorously proven that they can be achieved. We begin by formalizing the problem as a sequential estimation task. We propose FITNESS, (Fine Tune on New and Similar Samples), a flexible framework for detecting anomalies on data streams. We show that in the case when the data stream has a gaussian distribution, FITNESS is provably both robust and adaptive. The core of our method is to fine-tune the anomaly detection system only on recent, similar examples, before predicting an anomaly score. We prove that this is sufficient for robustness and adaptivity. We further experimentally demonstrate that FITNESS is flexible in practice, i.e., it can convert existing offline AD algorithms in to robust and adaptive online ones. Copyright © 2022 by the author(s);;Proceedings of Machine Learning Research;;;
scopus;;Article;PROMENADE: A big data platform for handling city complex networks with dynamic graphs;"Colarusso C.; De Iasio A.; Furno A.; Goglia L.; Merzoug M.A.; Zimeo E.";2022;10.1016/j.future.2022.07.008;https://www.scopus.com/pages/publications/85135137434?origin=resultslist;"Continuous data streams, generated by modern sensed cities, open many opportunities and perspectives in terms of developing new innovative services. To exploit this potential, flexible and scalable platforms are needed to ease the design, development, deployment, and operations of new city services. In recent years, several problem-specific platforms have been proposed in different application domains; however, to boost the evolution of smart cities, we claim the need for city-oriented platforms that can be easily customized to address different day-to-day life challenging problems. In this paper, we present the main architectural challenges and solutions proposed for the design of a novel open-source platform (named PROMENADE) characterized by: i) a data-driven graph-based modeling support to ensure high generality for addressing disparate problems related to the networked nature of many city infrastructures and systems, ii) the dynamic nature of the graph entities updated in real-time from different sources (e.g., IoT/Edge networks, data providers, etc.), and iii) high efficiency, scalability and flexibility to easily support new city services. The platform is designed around a general-purpose core that provides a set of built-in standard features such as data ingestion, storage, processing, and visualization exposed as a collection of containerized microservices. A specialization of the platform has been developed for road networks monitoring. It has been deployed in OpenShift/Kubernetes and tested using realistic datasets collected from the city of Lyon, France. The analysis addresses an important problem of big data processing pipelines: the synchronization between data ingestion and processing in order to produce an accurate result in useful time. To this end, we study different approaches for synchronization and show how the end-to-end latency is kept under control by leveraging the scalability of the platform. © 2022 The Author(s)";;Future Generation Computer Systems;;;
scopus;;Conference paper;Cargo-Cult Containerization: A Critical View of Containers in Modern Software Development;"Mikkonen T.; Pautasso C.; Systa K.; Taivalsaari A.";2022;10.1109/SOSE55356.2022.00017;https://www.scopus.com/pages/publications/85141391530?origin=resultslist;Software is increasingly developed and deployed using containers. While the concept of a container is conceptually straightforward, there are various issues to be considered while using them, ranging from technical details inside containers to the orchestration of containers that jointly form a meaningful application. In recent years, the use of containers has become so prevalent that developers have a tendency to resort to cargo-cult containerization - ritual adherence to the use of containers just because so many others are doing the same thing. In this paper, we study advantages and downsides of containers in modern-day software development. We foresee the use of containers to spread into new areas, including IoT systems and embedded devices. At the same time, we caution against indiscriminate use of containers, since excessive containerization can have adverse impacts on software maintenance and overall complexity of a system architecture.  © 2022 IEEE.;;Proceedings - 16th IEEE International Conference on Service-Oriented System Engineering, SOSE 2022;;;
scopus;;Conference paper;Automating Distributed Production Testing;"Sleibi N.; Aldaghamin A.; Wolff C.";2022;10.1109/CANDO-EPE57516.2022.10046366;https://www.scopus.com/pages/publications/85149518556?origin=resultslist;Many small and medium enterprises in the embedded systems' field cannot afford to carry out their production testing efforts, which is known to be costly and time-consuming. Hence, their tendency to commission third party service providers to perform these tasks. Therefore, testing can be distributed among many testing locations, where isolated and locally operated test benches perform the tests on the Devices under Test (DUTs). The first goal of this work is to connect the system on the cloud level for better collaboration and online management of functional tests on software-intensive embedded systems. The second goal is to enhance the testing process by closing the open gap between testing and feedback on two levels of operation: the local level between the test benches and the DUTs, and on a wider level with the cloud. This is achieved by connecting the system online via the cloud, and by adopting the DevOps approach, which aims at automating the different processes to achieve an automated workflow that can automatically adapt itself to change. In this paper, the system architecture and prototype are presented, based on which, an automated and continuous feedback-based testing cycles were implemented and tested on two levels of operation.  © 2022 IEEE.;;CANDO-EPE 2022 - Proceedings: IEEE 5th International Conference and Workshop in Obuda on Electrical and Power Engineering;;;
scopus;;Conference paper;AWS cloud computing platforms deployment of landing zone - Infrastructure as a code;"Kartheeyayini V.; Madhumitha S.; Lalitha G.; Jackulin C.; Subramanian K.";2022;10.1063/5.0079757;https://www.scopus.com/pages/publications/85131163612?origin=resultslist;The concept of this project is to create infrastructure as code dynamic infrastructure platforms to deploy and manage different applications design like, microservicesapplications, iot applications, legacy applications etc. so the application needs the infrastructure which supports both legacy and micro services with automations in all environments. The main concept is to move the legacy application to self-healing, self-management infrastructure cloud environment. A variety of tools exist that manage the infrastructure provisioning and use scripts to define the final state of the hardware to be deployed in the cloud. However, there are major challenges that need to be addressed to automate the infrastructure management so that they are effectively used in initiatives such as devops. In particular, the management of infrastructure as a code (iac) is one of the most important technical challenges to support activities such as the integration, deployment, and continuous delivery of applications. to address this problem, we present a support for the management of devops tools, through the definition of a domain specific language (dsl) based on the concept of infrastructure as a code, and a tool that supports this language allowing to model the final state of a provisioning infrastructure in the cloud and generating the provisioning scripts for the Amazon web services (aws) platform. The proposed tool reduces the work for development and operations personnel and facilitates their communication. © 2022 Author(s).;;AIP Conference Proceedings;;;
scopus;;Conference paper;Overcoming New Technologies Challenges in IoT Security Labs: Strategies for Effective Adaptation;"Simopoulos D.; Wolf A.";2023;10.23919/IFIPNetworking57963.2023.10186388;https://www.scopus.com/pages/publications/85167867714?origin=resultslist;With IoT technology being widely implemented in crucial domains such as personal activity and health tracking or monitoring of critical technical processes, awareness for security risks has risen. First solutions for DevSecOps in IoT have been introduced in the past to detect typical programming flaws and the vulnerabilities they impose. With the increasing power and cheap availability of unlimited cloud resources, high speed networks and AI, new and more complex attacks seem feasible. In this paper we highlight these new threats and elaborate whether known approaches to IoT security are still sufficient or new strategies to fight the threats have to be developed. Furthermore, we present our approach to use the new technological possibilities in order to increase the power of security assessment and security tests for IoT.  © 2023 IFIP.;;2023 IFIP Networking Conference, IFIP Networking 2023;;;
scopus;;Article;Adopting microservices and DevOps in the cyber-physical systems domain: A rapid review and case study;"Fritzsch J.; Bogner J.; Haug M.; Franco da Silva A.C.; Rubner C.; Saft M.; Sauer H.; Wagner S.";2023;10.1002/spe.3169;https://www.scopus.com/pages/publications/85143406852?origin=resultslist;The domain of cyber-physical systems (CPS) has recently seen strong growth, for example, due to the rise of the Internet of Things (IoT) in industrial domains, commonly referred to as “Industry 4.0.” However, CPS challenges like the strong hardware focus can impact modern software development practices, especially in the context of modernizing legacy systems. While microservices and DevOps have been widely studied for enterprise applications, there is insufficient coverage for the CPS domain. Our goal is therefore to analyze the peculiarities of such systems regarding challenges and practices for using and migrating towards microservices and DevOps. We conducted a rapid review based on 146 scientific papers, and subsequently validated our findings in an interview-based case study with nine CPS professionals in different business units at Siemens AG. The combined results picture the specifics of microservices and DevOps in the CPS domain. While several differences were revealed that may require adapted methods, many challenges and practices are shared with typical enterprise applications. Our study supports CPS researchers and practitioners with a summary of challenges, practices to address them, and research opportunities. © 2022 The Authors. Software: Practice and Experience published by John Wiley & Sons Ltd.;;Software - Practice and Experience;;;
scopus;;Article;Federated Secure Computing;"Ballhausen H.; Hinske L.C.";2023;10.3390/informatics10040083;https://www.scopus.com/pages/publications/85180652343?origin=resultslist;Privacy-preserving computation (PPC) enables encrypted computation of private data. While advantageous in theory, the complex technology has steep barriers to entry in practice. Here, we derive design goals and principles for a middleware that encapsulates the demanding cryptography server side and provides a simple-to-use interface to client-side application developers. The resulting architecture, “Federated Secure Computing”, offloads computing-intensive tasks to the server and separates concerns of cryptography and business logic. It provides microservices through an Open API 3.0 definition and hosts multiple protocols through self-discovered plugins. It requires only minimal DevSecOps capabilities and is straightforward and secure. Finally, it is small enough to work in the internet of things (IoT) and in propaedeutic settings on consumer hardware. We provide benchmarks for calculations with a secure multiparty computation (SMPC) protocol, both for vertically and horizontally partitioned data. Runtimes are in the range of seconds on both dedicated workstations and IoT devices such as Raspberry Pi or smartphones. A reference implementation is available as free and open source software under the MIT license. © 2023 by the authors.;;Informatics;;;
scopus;;Article;Continuous QoS-aware adaptation of Cloud-IoT application placements;"Herrera J.L.; Berrocal J.; Forti S.; Brogi A.; Murillo J.M.";2023;10.1007/s00607-023-01153-1;https://www.scopus.com/pages/publications/85146955227?origin=resultslist;Cloud-Internet of Things computing paradigms call for novel and efficient methodologies to decide where to place application services in continuity with Continuous Integration/Continuous Deployment pipelines and infrastructure monitoring. In this article, we present Continuous Adaptation (CA), a new DevOps practice for (1) detecting runtime changes in the application requirements or the infrastructure that, due to their change in resource consumption or their effects on the Quality of Service (QoS), can affect the validity and dependability of the current application placement, and for (2) locally intervening on them by suggesting new placements that ensure all (functional and non-functional) application requirements are met. We assess a prototype of CA, ConDADO, and analyze its performance over a motivating use case. ConDADO adapts the application placement to environmental changes through the use of continuous reasoning, reducing the size of the problem to be solved to optimize its performance. The evaluation shows that ConDADO is able to obtain nearly optimal QoS up to 4.2 × faster than alternative techniques, also minimizing the cost of service migration. © 2023, The Author(s).;;Computing;;;
scopus;;Article;CFSSN: Container with Fog based Scalable Self-organizing Network;"Aruna K.; Pradeep G.";2023;10.3233/JIFS-221524;https://www.scopus.com/pages/publications/85162041632?origin=resultslist;Container technology is highly significant in Information and Communication Technology (ICT) systems. To maximize container effectiveness, scaling plays a significant part. Therefore, in the fog computing framework, containers are an ideal solution for hosting and scaling services. Fog networks help to increase the number of connected devices by connecting to external gateways through the Fog of Things (FoT). It is a new approach to designing and implementing fog computing systems for the IoT. The research article aims on a novel Container with a Fog-based Scalable Self-organizing Network (CFSSN) framework and use a Self-Organizing Network based Light Weight Container (SON-LWC) algorithm for moving container services for scaling expansion. This work focuses on how to transfer service or data from container to fog and self-group network. It goes over the most recent container migration methodologies, covering both live and cold migration services. Using intelligent container improves high bandwidth efficiency and provides a solution for a scalable network.  © 2023 - IOS Press. All rights reserved.;;Journal of Intelligent and Fuzzy Systems;;;
scopus;;Conference paper;A Brief History of Liquid Software;Pautasso C.;2023;10.1109/EDGE60047.2023.00058;https://www.scopus.com/pages/publications/85173460030?origin=resultslist;The concept of liquid software, i.e., software with flexible deployment, over the past two decades has appeared in the fields of edge computing, Internet of Things (IoT), Human-Computer Interaction, DevOps and Web engineering. In this paper, we survey, compare, and provide a comprehensive definition of liquid software by analyzing how the metaphor has been used in existing literature and identifying gaps and inconsistencies in the current vs. past understanding of the concept. Overall, liquid software can be seamlessly deployed and redeployed within a dynamic and distributed runtime environment in response to changes applied to the set of available devices and to the software itself. Liquid software has been introduced in the context of active networks and intelligent environments, it has been applied to describe the user interaction with multi and cross-device user interfaces, it has found a promising foundation in Web technology, continuous software delivery pipelines, as well as isomorphic software architectures running across the IoT, edge and Cloud continuum.  © 2023 IEEE.;;Proceedings - IEEE International Conference on Edge Computing;;;
scopus;;Conference paper;Orchestration of Containerized Applications in the Cloud Continuum;"Di Modica G.; Galletta A.; Carnevale L.; Alkhansa A.; Costantini A.; Cesini D.; Bellavista P.; Villari M.";2023;10.1109/PerComWorkshops56833.2023.10150375;https://www.scopus.com/pages/publications/85164185886?origin=resultslist;Cloud Service orchestration is a hot topic addressed by both the academia and the business world. The increasing diversification of the Cloud offer, coupled with the strong need of flexible and scalable applications demanded by customers, is calling up for efficient and agile mechanisms that streamline the devops practices. The novel opportunity of running software applications or just application portions on resources located on the Edge of the network poses an additional challenge to the already tough problem of flexibly and seamlessly provisioning services. Orchestrators must deal with a continuum of heterogeneous computing resources, contributed by both the Edge and the Cloud, that promises several benefits yet at a higher management cost. In this paper, we introduce a continuum-enabled orchestrator and discuss an application provisioning paradigm that helps the users to easily configure and deploy composite applications. Finally, we showcase the potential of the orchestrator in a simple yet practical smart-city scenario.  © 2023 IEEE.;;2023 IEEE International Conference on Pervasive Computing and Communications Workshops and other Affiliated Events, PerCom Workshops 2023;;;
scopus;;Conference paper;Monitoring Approach and Framework Development for System Tracking in IoT Devices;"Aktaş G.; Konukoǧlu E.; Aydin Y.";2023;10.1109/ELECO60389.2023.10416017;https://www.scopus.com/pages/publications/85185827468?origin=resultslist;This study presents a solution for real-time monitoring of Internet of Things (IoT) devices, allowing early detection of issues through customizable alarms. The developed library enables the tracking of systemic metrics and their transmission to external systems via webhooks. Leveraging DevOps system monitoring methods, this project effectively fulfills the monitoring needs of IoT devices. The library's modular structure allows for the addition of diverse metrics, enhancing the flexibility of system monitoring. Through this project, the timely tracking of metrics and alarms in the IoT domain has been accomplished, paving the way for proactive intervention and increased awareness of system status. © 2023 IEEE.;;14th International Conference on Electrical and Electronics Engineering, ELECO 2023 - Proceedings;;;
scopus;;Article;Towards DevOps for Cyber-Physical Systems (CPSs): Resilient Self-Adaptive Software for Sustainable Human-Centric Smart CPS Facilitated by Digital Twins;"Dobaj J.; Riel A.; Macher G.; Egretzberger M.";2023;10.3390/machines11100973;https://www.scopus.com/pages/publications/85175031906?origin=resultslist;The Industrial Revolution drives the digitization of society and industry, entailing Cyber-Physical Systems (CPSs) that form ecosystems where system owners and third parties share responsibilities within and across industry domains. Such ecosystems demand smart CPSs that continuously align their architecture and governance to the concerns of various stakeholders, including developers, operators, and users. In order to satisfy short- and long-term stakeholder concerns in a continuously evolving operational context, this work proposes self-adaptive software models that promote DevOps for smart CPS. Our architectural approach extends to the embedded system layer and utilizes embedded and interconnected Digital Twins to manage change effectively. Experiments conducted on industrial embedded control units demonstrate the approach’s effectiveness in achieving sub-millisecond real-time closed-loop control of CPS assets and the simultaneous high-fidelity twinning (i.e., monitoring) of asset states. In addition, the experiments show practical support for the adaptation and evolution of CPS through the dynamic reconfiguring and updating of real-time control services and communication links without downtime. The evaluation results conclude that, in particular, the embedded Digital Twins can enhance CPS smartness by providing service-oriented access to CPS data, monitoring, adaptation, and control capabilities. Furthermore, the embedded Digital Twins can facilitate the seamless integration of these capabilities into current and future industrial service ecosystems. At the same time, these capabilities contribute to implementing emerging industrial services such as remote asset monitoring, commissioning, and maintenance. © 2023 by the authors.;;Machines;;;
scopus;;Article;An Intelligent Encrypt/Decrypt Algorithm in IoT Regarding Home Data Privacy and Security;"Mohammed Y.A.; Nourildean S.W.";2023;10.12785/ijcds/1301110;https://www.scopus.com/pages/publications/85165020696?origin=resultslist;Citizens and urban settings have benefited significantly from major advances in new life and services provided by smart homes (SHs), which are fully capable of controlling physical objects in real time, collecting very sensitive information, and delivering intelligent data to citizens in many fields, such as transportation, healthcare, smart buildings and parking, public safety, traffic systems, and smart agriculture. The architecture, on the other hand, may encounter a variety of security and privacy challenges at multiple levels.It is in the applied experimental session testing the performance of various machine learning (ML) models for threat detection that one may get a thorough grasp of where and how Data Science can offer value to IoT network security. The findings serve as a foundation for illustrating the advantages of integrating new technology for the purpose of forecasting risks and concerns. Implementing machine learning into intelligent security systems, in addition, increases the requirement for a multi-disciplinary strategy and data infrastructure to manage the whole lifespan of a security product (Software Engineering end-to-end, including ML and Data DevOps). In this paper, we give an intelligent security algorithm for home data privacy and security in IoT. Experiments using the publicly available IoT-23 dataset, which contains labeled information on malicious and benign IoT network traffic, are used to complete the case study. The benign situations were received directly from the actual hardware and were not faked in any way or form. This enabled real-time network activity to be observed and evaluated. Therefore, models provide accurate outputs that may be used to forecast and identify vulnerabilities on Internet of Things-based systems. Furthermore, the lab might be expanded to accommodate the development of commercial and industry demos to demonstrate the benefits of building intrusion detection systems that use machine learning algorithms. © 2023 University of Bahrain. All rights reserved.;;International Journal of Computing and Digital Systems;;;
scopus;;Article;ACSmI: a solution to address the challenges of cloud services federation and monitoring towards the cloud continuum;"Alonso J.; Huarte M.; Arrieta L.O.-E.";2023;10.1504/IJCSE.2023.133676;https://www.scopus.com/pages/publications/85174051287?origin=resultslist;The evolution of cloud computing has changed the way in which cloud service providers offer their services and how cloud customers consume them, moving towards the use of multiple cloud services, in what it is called multi-cloud. Multi-cloud is gaining interest by the expansion of IoT, edge and the cloud continuum where distributed cloud federation models are necessary for effective application deployment and operation. This work presents advanced cloud service meta-intermediator (ACSmI), a solution that implements a cloud federation, supporting the seamless brokerage of cloud services. Technical details addressing the discovered shortcomings are presented, including a proof of concept built on JHipster, Java, InfluxDB, Telegraf and Grafana. ACSmI contributes to relevant elements of the European Gaia-X initiative, specifically to the federated catalogue, continuous monitoring, and certification of services. The experiments show that proposed solution effectively saves up to 75% of the DevOps teams’ effort to discover, contract and monitor cloud services. Copyright © 2023 Inderscience Enterprises Ltd.;;International Journal of Computational Science and Engineering;;;
scopus;;Conference paper;Edge Anomaly Detection Framework for AIOps in Cloud and IoT;"Moens P.; Andriessen B.; Sebrechts M.; Volckaert B.; Van Hoecke S.";2023;10.5220/0011838600003488;https://www.scopus.com/pages/publications/85160778762?origin=resultslist;Artificial Intelligence for IT Operations (AIOps) addresses the rising complexity of cloud computing and Internet of Things by assisting DevOps engineers to monitor and maintain applications. Machine Learning is an essential part of AIOps, enabling it to perform Anomaly Detection and Root Cause Analysis. These techniques are often executed in centralized components, however, which requires transferring vast amounts of data to a central location. This increase in network traffic causes strain on the network and results in higher latency. This paper leverages edge computing to address this issue by deploying ML models closer to the monitored services, reducing the network overhead. This paper investigates two architectural approaches: a sidecar architecture and a federated architecture, and highlights their advantages and shortcomings in different scenarios. Taking this into account, it proposes a framework that orchestrates the deployment and management of distributed edge ML models. Additionally, the paper introduces a Python library to assist data scientists during the development of AIOps techniques and concludes with a thorough evaluation of the resulting framework towards resource consumption and scalability. The results indicate up to 98.3% reduction in network usage depending on the configuration used while maintaining a minimal increase in resource usage at the edge. Copyright © 2023 by SCITEPRESS – Science and Technology Publications, Lda.;;International Conference on Cloud Computing and Services Science, CLOSER - Proceedings;;;
scopus;;Conference paper;CI-CD Workflow For Embedded System Design;"Talekar M.; Harpale V.K.";2023;10.1109/ICCUBEA58933.2023.10392168;https://www.scopus.com/pages/publications/85187248413?origin=resultslist;Current hot topics in software development include continuous integration (CI) and continuous delivery (CD) [3]. As quality and stability are crucial components of embedded systems, several methodologies and tools are utilized to produce embedded software more quickly [4]. Developers receive feedback on their changes immediately after committing code when CI is effectively implemented, and issues are repaired more quickly. However, for many embedded systems, the use of CI is constrained by a lack of hardware and complexity. Using a virtual platform and simulation techniques, it is feasible to run code meant for even deeply embedded target systems on standard PCs and servers. This enables an effective CI solution that is both more versatile and less expensive than just depending on hardware[3]. By taking into account hardware dependencies and interface constraints, certain ways have been proposed, such as: Automating continuous integration to minimize build and test times, Static code analysis to examine the code's structure and find abnormalities that lead to actual bugs, Automated continuous deployment and Automate the deployment process to analyze drastically reduce the time and enable faster feedback [4].  © 2023 IEEE.;;2023 7th International Conference On Computing, Communication, Control And Automation, ICCUBEA 2023;;;
scopus;;Conference paper;Improving Voyage Efficiency in the Shipping 4.0 Decarbonization Era;"Varelas T.J.; Kaklis D.; Varlamis I.; Flori A.";2023;10.1109/SOSE58276.2023.00030;https://www.scopus.com/pages/publications/85174918423?origin=resultslist;The objective of this work is to pave the way toward a carbon-neutral and efficient operational blueprint for the waterborne sector, through the lens of the Industry 4.0 era. In this direction, we demonstrate a cutting-edge integrated ecosystem (ARTeMIS) for operational efficiency and environmental compliance and focus on the respective building block comprising the envisaged platform. ARTeMIS incorporates an IoT suite responsible for data acquisition, as well as a multi-purpose processing pipeline for CI/CD (continuous integration/deployment) of simulation models concerning operational optimization. In the context of this work, the proposed framework was adapted accordingly to capture, analyze and continuously predict the Fuel Oil Consumption (FOC), Effective HorsePower (EHP), Speed, and pollutant concentrations, of the vessel. Utilizing this streamlined procedure we are able to assess the scrubbing efficiency, as well as the environmental footprint of the vessel (CII - Carbon Intensity Indicator) in order to further optimize the vessel operation. Furthermore, the paper argues on how generic models like STEAM (Ship Traffic Emissions Assessment Method) should be transformed radically with the utilization of shipping 4.0 driven frameworks like the one proposed in the context of this work. Finally, the unleashed highly accurate prediction potential of the proposed system concerning operational efficiency, anomaly detection, and environmental compliance is demonstrated. The onboard proof of concept and the assimilated results so far, are also depicted to illustrate the feasibility and potential of the proposed approach.  © 2023 IEEE.;;Proceedings - 17th IEEE International Conference on Service-Oriented System Engineering, SOSE 2023;;;
scopus;;Conference paper;A Microservices Identification Method Based on Spectral Clustering for Industrial Legacy Systems;"Zhong T.; Teng Y.; Ma S.; Chen J.; Yu S.";2023;10.1109/GCWkshps58843.2023.10464508;https://www.scopus.com/pages/publications/85190244017?origin=resultslist;The advent of Industrial Internet of Things (IIoT) has imposed more stringent requirements on industrial software in terms of communication delay, scalability, and maintainability. Microservice architecture (MSA), a novel software architecture that has emerged from cloud computing and DevOps, presents itself as the most promising solution due to its independently deployable and loosely coupled nature. Currently, practitioners are inclined to migrate industrial legacy systems to MSA, despite numerous challenges it presents. In this paper, we propose an automated microservice decomposition method for extracting microservice candidates based on spectral graph theory to address the problems associated with manual extraction, which is time-consuming, labor-intensive, and highly subjective, The method is divided into three steps. Firstly, static and dynamic analysis tools are employed to extract dependency information of the legacy system. Subsequently, information is transformed into a graph structure that captures inter-class structure and performance relationships in legacy systems. Finally, graph-based clustering algorithm is utilized to identify potential microservice candidates that conform to the principles of high cohesion and low coupling. Comparative experiments with state-of-the-art methods demonstrate the significant advantages of our proposed method in terms of performance metrics. Moreover, Practice show that our method can yield favorable results even without the involvement of domain experts.  © 2023 IEEE.;;2023 IEEE Globecom Workshops, GC Wkshps 2023;;;
scopus;;Article;AIOps research innovations, performance impact and challenges faced;"Yeruva A.R.; Ramu V.B.";2023;10.1504/IJSSE.2023.133013;https://www.scopus.com/pages/publications/85169931710?origin=resultslist;Artificial intelligence for IT operations (AIOps) has become a vital element of the IT business, especially for software development in this Big Data and Internet of Things (IoT) era. AIOps is a robust solution that helps program managers and developers construct, execute, and boost online programs utilising AI and ML techniques. Productivity, security, performance, and ease of operation are sought-after benefits. Future operations may use AIOps, although the Methodologies section offers few techniques. This essay discusses AIOps development. This study highlights the deficiencies in research studies in several domains of AIOps and more so with cases anomaly detection, how to improve system performance leveraging AIOps, and root-cause-analysis (RCA) in the literature review section, along with suitable suggestions in the form of well-acclaimed performing techniques (Telesto, SLMAD, and language learning models) to ensure that this study covers difficulties and strategies to develop AIOPs solutions to establish a valid AIOps benchmark.  © 2023 Inderscience Enterprises Ltd.;;International Journal of System of Systems Engineering;;;
scopus;;Conference paper;Model-Based DevOps: Foundations and Challenges;"Combemale B.; Jezequel J.-M.; Perez Q.; Vojtisek D.; Jansen N.; Michael J.; Rademacher F.; Rumpe B.; Wortmann A.; Zhang J.";2023;10.1109/MODELS-C59198.2023.00076;https://www.scopus.com/pages/publications/85182393081?origin=resultslist;Time-to-market and continuous improvement are key success indicators to deliver for Industry 4.0 Cyber-Physical Systems (CPSs). There is thus a growing interest in adapting DevOps approaches coming from software systems to CPSs. However, CPSs are made not only of software but also of physical parts that need to be monitored at runtime. In this paper, we claim that Model-Driven Engineering can facilitate DevOps for CPSs by automatically connecting a CPS design model to its runtime monitoring, in the form of a digital twin.  © 2023 IEEE.;;Proceedings - 2023 ACM/IEEE International Conference on Model Driven Engineering Languages and Systems Companion, MODELS-C 2023;;;
scopus;;Article;Continuous Integration and Delivery Practices for Cyber-Physical Systems: An Interview-Based Study;"Zampetti F.; Tamburri D.; Panichella S.; Panichella A.; Canfora G.; Di Penta M.";2023;10.1145/3571854;https://www.scopus.com/pages/publications/85162002833?origin=resultslist;Continuous Integration and Delivery (CI/CD) practices have shown several benefits for software development and operations, such as faster release cycles and early discovery of defects. For Cyber-Physical System (CPS) development, CI/CD can help achieving required goals, such as high dependability, yet it may be challenging to apply. This article empirically investigates challenges, barriers, and their mitigation occurring when applying CI/CD practices to develop CPSs in 10 organizations working in eight different domains. The study has been conducted through semi-structured interviews, by applying an open card sorting procedure together with a member-checking survey within the same organizations, and by validating the results through a further survey involving 55 professional developers. The study reveals several peculiarities in the application of CI/CD to CPSs. These include the need for (i) combining continuous and periodic builds while balancing the use of Hardware-in-the-Loop and simulators, (ii) coping with difficulties in software deployment (iii) accounting for simulators and Hardware-in-the-Loop differing in their behavior, and (vi) combining hardware/software expertise in the development team. Our findings open the road toward recommenders aimed at supporting the setting and evolution of CI/CD pipelines, as well as university curricula requiring interdisciplinarity, such as knowledge about hardware, software, and their interplay.  © 2023 Association for Computing Machinery.;;ACM Transactions on Software Engineering and Methodology;;;
scopus;;Article;An efficient deep learning-based solution for network intrusion detection in wireless sensor network;"Sharma H.S.; Sarkar A.; Singh M.M.";2023;10.1007/s13198-023-02090-0;https://www.scopus.com/pages/publications/85168120034?origin=resultslist;This paper introduces a unique intrusion detection method that integrates developmental and operational frameworks, focusing specifically on the wireless sensor network. With the growing number of intrusions, safeguarding sensor nodes has become increasingly crucial. In addition to security breaches, unauthorized access to systems by fraudsters or intruders poses a risk to critical assets. Therefore, detecting and blocking potential threats in the wireless environment is of utmost importance. The proposed detection approach consists of two steps: feature extraction and classification. The study emphasizes the necessity of a distinct intrusion detection method and robust feature extraction and classification techniques. Incorporating a deep learning model is vital for enhancing the precision and accuracy of attack detection. Additionally, it is crucial for efficiency to optimize the CNN architecture’s filter size and filter count. The proposed DevOps-based intrusion detection technique involves feature extraction and classification. During the feature extraction stage, statistics and higher-order descriptors are combined with existing characteristics in the early processing of application data. The extracted features are then utilized by the classification method in conjunction with an improved DCNN approach. The technique optimizes the quantity and size of filters in the input vector and fully connected layers. In terms of accuracy as well as FNR, sensitivity, MCC, specificity, FDR, FPR, and NPV, F 1 -score against GAF-GYT and other attacks, the suggested technique outperforms conventional models. Specifically, in Application 3, the technique surpasses the DCNN, Innovative Gunner Algorithm, and FAE-GWO-DBN methods by 60.14%, 3.10%, and 5.46%, respectively. Furthermore, for Application 4, the suggested model demonstrates significantly lower FPR rates (91.46%, 67.15%, and 98.4%) compared to the FAE-GWO-DBN, AIG, and DCNN methods. Additionally, the suggested approach outperforms the DCNN, Innovative Gunner Algorithm, and FAE-GWO-DBN approaches by 69.76%, 3.27%, and 22.68%, respectively. © 2023, The Author(s) under exclusive licence to The Society for Reliability Engineering, Quality and Operations Management (SREQOM), India and The Division of Operation and Maintenance, Lulea University of Technology, Sweden.;;International Journal of System Assurance Engineering and Management;;;
scopus;;Conference paper;Ecosystem-Centric Approach to Intelligent Product Development: Paving the Way for Scalable and Adaptive Solutions;"Stanciu A.; Miclea L.C.";2023;10.1109/ICSTCC59206.2023.10308437;https://www.scopus.com/pages/publications/85179506887?origin=resultslist;This paper explores the evolution from traditional to modern methodologies for the development of intelligent products. The traditional linear and sequential approach, often characterized by limited toolsets and hardware-centric programming, fails to address the complexities and dynamic requirements of today's digital ecosystems. To bridge this gap, we propose an ecosystem-centric approach to intelligent product development that emphasizes scalability, flexibility, and integration of advanced technologies. Our approach fosters the use of artificial intelligence, machine learning, and advanced data analytics techniques, providing a model for creating scalable and adaptive solutions. We also delve into the necessity of DevSecOps methodology, incorporating cloud-based solutions such as Integration PaaS services, and embracing IoT technologies. This paper contributes by highlighting the benefits of this approach, including improved functionality, reduced development lifecycle, enhanced supply strategy, and cost savings. © 2023 IEEE.;;2023 27th International Conference on System Theory, Control and Computing, ICSTCC 2023 - Proceedings;;;
scopus;;Conference paper;Aligning DevOps Concepts with Agile Models of the Software Development Life Cycle (SLDC) in Pursuit of Continuous Regulatory Compliance;"Byrne K.; Cevenini A.";2023;10.1007/978-3-031-29078-7_32;https://www.scopus.com/pages/publications/85174446367?origin=resultslist;In the historical landscape of software development, regulatory compliance considerations may have been considered of low-priority to teams outside of highly regulated industries, such as medical devices, finance, avionics, and cyber-physical systems. As mission and safety critical domains have traditionally favored requirement and verification driven linear forms of development, utilization of DevOps concepts to support regulatory compliance goals is still a relatively novel concept. With software development delivery and integration requirements increasing in highly regulated domains, and implementation of more ubiquitous standards for developers to show evidence of data handling (as seen in now ubiquitous standards, such as General Data Protection Regulation (GDPR)), research and practice in this area becomes increasingly valuable. Further, examples of customizing DevOps approaches for specific challenges, such as the example presented by DevSecOps for engineering security, present a plausible template that could be applied to engineering compliance in a rapidly iterative model. Through exploring learnings from domains comfortable with an Agile/DevOps approach to SDLC as they implement emerging requirements, confidence in exploring compatibility of such practices with delivery and integration of highly regulated software products is growing, laying the foundation for a movement towards continuous delivery and iteration of regulatory compliant software across the industry. This paper will review and discuss available literature in five key areas: Agile/DevOps alignment, alignment of regulation with requirement engineering, compatibility of regulations with DevOps concepts, emerging forms of DevOps, and the movement towards continuous compliance. © The Author(s), under exclusive license to Springer Nature Switzerland AG 2023.;;Lecture Notes in Electrical Engineering;;;
scopus;;Conference paper;DevOps for Cyber-Physical Systems: Objectives, Results and Lessons Learned from the Adeptness H2020 Project;"Arrieta A.; Sagardui G.; Agirre A.; Afzal W.; Ali S.";2023;10.1109/DSD60849.2023.00035;https://www.scopus.com/pages/publications/85189142410?origin=resultslist;While most large web-based software systems (e.g., Amazon, Google) release a new software version every almost a minute, in the context of Cyber-Physical Systems (CPSs), this is still far. However, the software of CPSs needs to evolve while these are in operation to fix bugs, add new functionalities, carry out refactoring activities and deal with unforeseen situations that were discovered while the CPS was operating. In the last three years, the Adeptness project has been developing in a solution to help speedup the software release of CPSs that are in operation while guaranteeing their reliability. In this paper, we summarize the objectives, results and lessons learned from this H2020 project.  © 2023 IEEE.;;Proceedings - 2023 26th Euromicro Conference on Digital System Design, DSD 2023;;;
scopus;;Conference paper;Design Concepts of the ASSIST-IoT Smart Orchestrator for Managing the Realization of NGIoT Systems;"Fornes-Leal A.; Biot F.M.; Vano R.; Simon R.R.; Szmeja P.; Lacalle I.; Palau C.E.";2023;10.1109/WF-IoT58464.2023.10539440;https://www.scopus.com/pages/publications/85195395880?origin=resultslist;This paper presents the design of the ASSIST-IoT's smart orchestrator. This solution aims at controlling the lifecycle of next-generation IoT enablers in distributed, multi-cluster environments, easing the communication of such enablers and increasing the overall network security. The presented high-level architecture is based on three main design concepts: cloud-nativeness, encapsulation, and automation. A preliminary realization of such architecture is described, along with some graphical interfaces specifically developed to manage it. Its practical use has served for validating its expected performance, allowing the instantiation and communication of enablers in Kubernetes-based distributed ecosystems, and has shown some potential areas of improvement: better support to broader number of use cases, optimization of installation procedures considering a unique packaging format, and enabling the integration of DevOps tools for both automated system and enablers' upgrading.  © 2023 IEEE.;;2023 IEEE World Forum on Internet of Things: The Blue Planet: A Marriage of Sea and Space, WF-IoT 2023;;;
scopus;;Conference paper;Seamless Integration of DevOps Tools for Provisioning Automation of the IoT Application on Multi-Infrastructures;"Solayman H.E.; Qasha R.P.";2023;10.1109/ICCT56969.2023.10075814;https://www.scopus.com/pages/publications/85152204160?origin=resultslist;The Internet of Things contains smart devices and tools that collect and communicate sensing data, with different processing capabilities. Due to the heterogeneous nature of IoT ecosystems, an IoT application should be distributed, portable, reusable, and managed automatically in heterogeneous environments. The integration of automated provisioning and orchestration is needed to achieve these features effectively, in order to reduce the response time and enhance the system performance. In this research, we propose and develop a new system to automate the provisioning and orchestration of IoT system components at various infrastructures such as Edge and Cloud. To achieve our goals, we present a seamless integration of DevOps orchestration tools for provisioning and orchestrating a container-based IoT application, which requires achieving two key milestones. The first step is to build CI, or quick, dependable, and systematic integrations. The second is to enable CD, automate deployment, and make it simple to test new code in environments similar to production.  © 2023 IEEE.;;2023 3rd International Conference on Intelligent Communication and Computational Techniques, ICCT 2023;;;
scopus;;Article;Framework and tooling proposals for Agile certification of safety-critical embedded software in avionic systems;"Baron C.; Louis V.";2023;10.1016/j.compind.2023.103887;https://www.scopus.com/pages/publications/85150266211?origin=resultslist;This article focuses on quality improvement in the development of DO-178C/ED-12C safety-critical software, optimizing development costs through the implementation of a “continuous certification” integral process. We discuss the major problems associated with traditional, V-cycle software development practices, and highlight the many advantages of adopting a “continuous certification” process based on a more Agile approach. The article proposes a framework for deploying this process, explaining the development of the framework and demonstrating its compliance with the requirements of certification standards. We also propose a tooling based on open-source, off-the-shelf solutions to implement the framework and illustrate its efficiency and effectiveness on an industrial case study. © 2023 Elsevier B.V.;;Computers in Industry;;;
scopus;;Conference paper;Continuous Safety Assessment of Updated Supervised Learning Models in Shadow Mode;"Guissouma H.; Zink M.; Sax E.";2023;10.1109/ICSA-C57050.2023.00069;https://www.scopus.com/pages/publications/85159089396?origin=resultslist;Over-The-Air (OTA) updates play an essential role in the lifecycle management of modern Cyber Physical Systems (CPSs). They are deployed in short time periods to fix bugs and introduce new features. However, an important part of these updates affects safety-critical functions, and thus, requires thorough verification and validation. Particular care must be taken when using machine learning algorithms, for which it is more difficult to test all conceivable corner cases during the development process. To prevent potential unforeseen misbehavior after deployment, we introduce a method for runtime evaluation of updates in shadow mode using contract specifications. The method focuses on supervised learning models and is embedded in a workflow for iterative training. This enables carrying out reliable field testing and obtaining a realistic evaluation of the planned updates before release. Finally, we evaluate our approach on a prototype Electronic Control Unit (ECU) implementing an automotive Lane Keep Assist (LKA) system.  © 2023 IEEE.;;Proceedings - IEEE 20th International Conference on Software Architecture Companion, ICSA-C 2023;;;
scopus;;Conference paper;InSECTS Cloud Agnostic On-Orbit Processing for Satellite Development;"Obst A.G.; Eng J.; Decker R.A.; McNamara H.; Knuth A.; Becker L.";2023;10.1109/AERO55745.2023.10115658;https://www.scopus.com/pages/publications/85160542905?origin=resultslist;Interplanetary Simulation Environment for Communication and Thermal Subsystems (InSECTS) is an environment designed to support rapid prototyping of spacecraft containerized software on-orbit. The InSECTS digital architecture was developed to support NASA/JHU-APL Dragonfly autonomous software development and proliferated space-based containerized processing at Johns Hopkins Whiting School of Engineering. Processing needs for deep space, scientific, and National Security spacecraft software are continually evolving to support exceedingly diverse mission requirements. As a result of this evolution, Spacecraft software engineers require a pathway for rapidly testing, updating, and deploying software to on-orbit cloud processing clusters in an economical and responsible way. InSECTS supports this need by providing a low-cost prototype of an on-orbit processing architecture affording developers the capability to test and deploy cloud-based software to operational spacecraft, while mitigating the risks involved with traditional space system development. The InSECTS digital architecture supports any open-source initiative compliant containerized application on a hardware agnostic distributed Commercial Off the Shelf (COTS) computing environment. Additionally, by utilizing preexisting container orchestration software the environment is inherently redundant across multiple independent processing suites. Finally, InSECTS design is configurable which allows it to function as a payload on a small satellite or as its own microsatellite. The InSECTS cloud-agnostic ground system is accessible with Internet of Things (IoT) devices and has a Development Operations (DEVOPS) pipeline that supports open-source software code development. This gives engineers and researchers building software the ability to write, integrate, and deploy software containers into the InSECTS environment using development tools broadly accessible across the industry. To verify these technical solutions, an InSECTS prototype was demonstrated at Johns Hopkins University by deploying an autonomy software cluster able to control a thermal control system model designed after the NASA/APL Dragonfly thermonuclear generator. As a result of this successful test, further InSECTS development at Johns Hopkins is planned and may include a functional small satellite for on-orbit testing. This satellite would provide a testbed for containerized processing in the space environment utilizing COTS hardware for cloud-agnostic software deployments capable of supporting the diverse processing requirements of future National Security and deep space systems. © 2023 IEEE.;;IEEE Aerospace Conference Proceedings;;;
scopus;;Conference paper;A Study on the Paradigm Shift in the Validation of Automated Vehicles;"Duser T.; Fischer D.; Freyer J.";2023;10.1109/IAVVC57316.2023.10328076;https://www.scopus.com/pages/publications/85180126080?origin=resultslist;Due to the increasing level of automation in vehicles, the complexity of the interaction between the vehicle and its surrounding systems is increasing towards a system of systems (SoS). At the same time, the amount of software in the vehicle is expanding, which entails development paradigms for software development. Current validation strategies are no longer suitable for efficient and effective approval of these vehicles. Hence, this paper identifies important challenges in the context of validation and proposes initial solutions. © 2023 IEEE.;;IAVVC 2023 - IEEE International Automated Vehicle Validation Conference, Proceedings;;;
scopus;;Article;Optimization of DevOps Transformation for Cloud-Based Applications;"Buttar A.M.; Khalid A.; Alenezi M.; Akbar M.A.; Rafi S.; Gumaei A.H.; Riaz M.T.";2023;10.3390/electronics12020357;https://www.scopus.com/pages/publications/85146795884?origin=resultslist;Rapid software development is critical for meeting company objectives and competing more effectively in the competitive IoT infrastructure. DevOps is a growing technique that enables enterprises to provide high-quality software capabilities through automation, to improve team communication, and to increase efficiency across the software product lifecycle. Research problem: Due to the increased demand for new products and technologies, a huge overwork shifted on the organizations for introducing software with pace and to become stable to compete with others. Due to this, the majority of organizations prefer an automated system for product development and require cloud-based applications. The git version control system is used for version management and Docker is used to package code and provide libraries. AWS services are leveraged to deploy an application as a cloud. Jenkins is used as a CI/CD pipeline to manage various phases of development and to make the development process continuous. The ELK stack is used to monitor and visualize the execution of code. In light of the findings, DevOps is an efficient method for cloud application deployment and resource selection based on the relative importance of each optimized objective in terms of value parameters such as cost, memory, and CPU capacity, and that the method can be tailored to specific application requirements. The findings of this analysis indicate that an application can be deployed to the cloud using DevOps techniques. The proposed approach cost 60% less at full weight 1.0 and 11.3% less with no weight compared to the benchmark solution’s 15.078%. © 2023 by the authors.;;Electronics (Switzerland);;;
scopus;;Conference paper;Challenges and Opportunities of DevOps in Cyber-Physical Production Systems Engineering;"Koren I.; Rinker F.; Meixner K.; Matevska J.; Walter J.";2023;10.1109/ICPS58381.2023.10128073;https://www.scopus.com/pages/publications/85163077071?origin=resultslist;DevOps is a set of practices that combines software development and operations to enable a continuous software product life cycle to improve the quality of software systems. Although DevOps is considered successful for typical software systems, it has not yet been widelyadopted in the area of - Physlcal Production Systems (CPPSs) that integrate physical components with computer-based control and communication systems. Related to industrial settings, many new challenges arise, like long-term investments, missing flexibility in asset-heavy production environments, and the inherent physicality of hardware. This paper examines the use of the DevOps methodology in the manufacturing domain. It identifies and discusses the unique challenges and describes first solution proposals to overcome those challenges, based on literature and experiences from the industry. The article provides useful guidance to researchers and practitioners on potential pitfalls and exciting opportunities. © 2023 IEEE.;;Proceedings - 2023 IEEE 6th International Conference on Industrial Cyber-Physical Systems, ICPS 2023;;;
scopus;;Conference paper;Implementing DevOps Practices in CPPS Using Microservices and GitOps;"Koren I.; Rinker F.; Meixner K.; Kröger M.; Zeng M.";2023;10.1109/ETFA54631.2023.10275433;https://www.scopus.com/pages/publications/85175481825?origin=resultslist;As digitalization shapes Industry 4.0, integrating software engineering practices into the manufacturing domain becomes a key focus. DevOps is such a practice and methodology that enhances collaboration and automates processes in software development and IT operations. In previous work, we discussed challenges and opportunities of applying the DevOps paradigm in Cyber-Physical Production Systems (CPPS) engineering, which are complex systems that integrate physical components with computer-controlled operations. This paper instantiates our DevOps4CPPS framework, spotlighting the application of GitOps and microservices in a CPPS environment. A real-world case study from laser ultra short pulse manufacturing illustrates how the approach effectively addresses the inherent challenges of CPPS, boosting agility and operational performance, while reducing downtime. The paper provides guidance to researchers and practitioners on applying DevOps practices to CPPS, and suggests future research directions. © 2023 IEEE.;;IEEE International Conference on Emerging Technologies and Factory Automation, ETFA;;;
scopus;;Conference paper;"""Unleashing the Potential of Grafana: A Comprehensive Study on Real-Time Monitoring and Visualization""";"Mehdi A.; Bali M.K.; Abbas S.I.; Singh M.";2023;10.1109/ICCCNT56998.2023.10306699;https://www.scopus.com/pages/publications/85179850781?origin=resultslist;Grafana is a powerful and widely adopted open-source tool designed for real-time monitoring and visualization purposes. Its extensive features and functionalities empower organizations to create interactive and customizable dashboards, enabling them to monitor and analyze data from a multitude of sources in real-time. One of the key strengths of Grafana lies in its ability to integrate and visualize data from diverse systems. Whether it's servers, databases, IoT devices, or business applications, Grafana provides a unified platform for consolidating and visualizing data from these sources. This allows users to gain holistic insights into their infrastructure, applications, and business metrics. The user-friendly interface of Grafana makes it accessible to users with varying technical backgrounds. Its intuitive design enables users to easily configure and customize dashboards, selecting the most relevant visualizations and arranging them to suit their specific monitoring needs. This flexibility makes Grafana a versatile solution across multiple domains, including IT operations, DevOps, business intelligence, and IoT monitoring. Efficiency, performance optimizations, and scalability are key considerations in Grafana's design. © 2023 IEEE.;;2023 14th International Conference on Computing Communication and Networking Technologies, ICCCNT 2023;;;
scopus;;Conference paper;Cost-Optimized Microservice Deployment for IoT Application in Cloud-Edge Collaborative Environment;"Zhang X.; Tang B.; Yang Q.; Xu W.; Guo F.";2023;10.1109/CSCWD57460.2023.10152549;https://www.scopus.com/pages/publications/85164737463?origin=resultslist;With the popularity of cloud native and DevOps, container technology is widely used and combined with microservices. The deployment of container-based microservices in distributed cloud-edge infrastructure requires suitable strategies to ensure the quality of service for users. However, the existing container orchestration tools cannot flexibly select the best deployment location according to the user's cost budget, and are insufficient in personalized deployment solutions. From the perspective of application providers, this paper considers the location distribution of users, application dependencies, and server price differences, and proposes a genetic algorithm-based Internet-of-Things (IoT) application deployment strategy for personalized cost budgets. The application deployment problem is defined as an optimization problem that minimizes user service latency under cost constraints. This problem is an NP-hard problem, and genetic algorithm is introduced to solve the optimization problem effectively and improve the deployment efficiency. The proposed algorithm is compared with four baseline algorithms, Time-Greedy, Cost-Greedy, Random and PSO, using real datasets and some synthetic datasets. The results show that the proposed algorithm outperforms other competing baseline algorithms.  © 2023 IEEE.;;Proceedings of the 2023 26th International Conference on Computer Supported Cooperative Work in Design, CSCWD 2023;;;
scopus;;Conference paper;Development of Artificial Intelligence Supported Tool for Anomaly Detection in Cloud Computing Systems;"Aktas G.; Ipek B.; Konukoglu E.A.; Aydin Y.";2023;10.1109/ICECCE61019.2023.10442490;https://www.scopus.com/pages/publications/85187216002?origin=resultslist;In the rapidly evolving landscape of Internet of Things (IoT) and Cloud systems, the complexity and scale of these technologies demand innovative solutions for efficient error detection and management. This paper proposes a robust framework for anomaly detection in cloud computing systems, emphasizing the critical role of automation and artificial intelligence (AI). The approach integrates Continuous Integration, Continuous Deployment (CICD) principles with AI-driven anomaly detection techniques to enhance system reliability and minimize risks. The study introduces a novel method employing one-dimensional convolutional layers and Autoencoder architecture to preprocess and analyze system metrics, enabling the development of an adaptive and customized anomaly detection system. The proposed framework is implemented through a Python-based agent, utilizing specific libraries and Continuous Integration/Continuous Deployment (CI/CD) processes executed via Jenkins. The agent is tested and deployed on Kubernetes, demonstrating its effectiveness in dynamic and complex environments. The results highlight the significance of iterative optimization, emphasizing continuous monitoring and adaptation for ensuring the robustness and reliability of cloud computing systems. This research contributes valuable insights into enhancing the efficiency of anomaly detection in large-scale cloud systems, paving the way for further advancements in the field of IoT and cloud technologies. © 2023 IEEE.;;4th International Conference on Electrical, Communication and Computer Engineering, ICECCE 2023;;;
scopus;;Conference paper;RobotKube: Orchestrating Large-Scale Cooperative Multi-Robot Systems with Kubernetes and ROS;"Lampe B.; Reiher L.; Zanger L.; Woopen T.; Van Kempen R.; Eckstein L.";2023;10.1109/ITSC57777.2023.10422370;https://www.scopus.com/pages/publications/85186536716?origin=resultslist;Modern cyber-physical systems (CPS) such as Cooperative Intelligent Transport Systems (C-ITS) are increasingly defined by the software which operates these systems. In practice, microservice architectures can be employed, which may consist of containerized microservices running in a cluster comprised of robots and supporting infrastructure. These microservices need to be orchestrated dynamically according to ever changing requirements posed at the system. Additionally, these systems are embedded in DevOps processes aiming at continually updating and upgrading both the capabilities of CPS components and of the system as a whole. In this paper, we present RobotKube, an approach to orchestrating containerized microservices for large-scale cooperative multi-robot CPS based on Kubernetes. We describe how to automate the orchestration of software across a CPS, and include the possibility to monitor and selectively store relevant accruing data. In this context, we present two main components of such a system: an event detector capable of, e.g., requesting the deployment of additional applications, and an application manager capable of automatically configuring the required changes in the Kubernetes cluster. By combining the widely adopted Kubernetes platform with the Robot Operating System (ROS), we enable the use of standard tools and practices for developing, deploying, scaling, and monitoring microservices in C-ITS. We demonstrate and evaluate RobotKube in an exemplary and reproducible use case that we make publicly available at github.com/ika-rwth-aachen/robotkube. © 2023 IEEE.;;IEEE Conference on Intelligent Transportation Systems, Proceedings, ITSC;;;
scopus;;Conference paper;Dependability Analysis in TwinOps Environments;"Albeanu G.; Popențiu-Vlădicescu F.; Madsen H.";2023;;https://www.scopus.com/pages/publications/85174361796?origin=resultslist;Current digital society integrates all processes of industrial and social life through Internet of Things (IoT) and Web of Things (WoT), making use of edge-fog-cloud computing assets, methodologies and best practices. The performance and dependability of the resulting products can be increased by digital twining approach implemented under DevOps principles. This paper investigates the process of developing dependable digital twins in order to assist the production of performable and dependable complex cyber physical systems following TwinOps principles. © RQD 2023. All rights reserved.All right reserved.;;28th ISSAT International Conference on Reliability and Quality in Design, RQD 2023;;;
scopus;;Article;Technological Transformation of Telco Operators towards Seamless IoT Edge-Cloud Continuum;"Oztoprak K.; Tuncel Y.K.; Butun I.";2023;10.3390/s23021004;https://www.scopus.com/pages/publications/85146716356?origin=resultslist;This article investigates and discusses challenges in the telecommunication field from multiple perspectives, both academic and industry sides are catered for, surveying the main points of technological transformation toward edge-cloud continuum from the view of a telco operator to show the complete picture, including the evolution of cloud-native computing, Software-Defined Networking (SDN), and network automation platforms. The cultural shift in software development and management with DevOps enabled the development of significant technologies in the telecommunication world, including network equipment, application development, and system orchestration. The effect of the aforementioned cultural shift to the application area, especially from the IoT point of view, is investigated. The enormous change in service diversity and delivery capabilities to mass devices are also discussed. During the last two decades, desktop and server virtualization has played an active role in the Information Technology (IT) world. With the use of OpenFlow, SDN, and Network Functions Virtualization (NFV), the network revolution has got underway. The shift from monolithic application development and deployment to micro-services changed the whole picture. On the other hand, the data centers evolved in several generations where the control plane cannot cope with all the networks without an intelligent decision-making process, benefiting from the AI/ML techniques. AI also enables operators to forecast demand more accurately, anticipate network load, and adjust capacity and throughput automatically. Going one step further, zero-touch networking and service management (ZSM) is proposed to get high-level human intents to generate a low-level configuration for network elements with validated results, minimizing the ratio of faults caused by human intervention. Harmonizing all signs of progress in different communication technologies enabled the use of edge computing successfully. Low-powered (from both energy and processing perspectives) IoT networks have disrupted the customer and end-point demands within the sector, as such paved the path towards devising the edge computing concept, which finalized the whole picture of the edge-cloud continuum. © 2023 by the authors.;;Sensors;;;
scopus;;Article;FogDEFTKube: Standards-compliant dynamic deployment of fog service containers;"Thalla R.; Srirama S.N.";2024;10.1002/spe.3354;https://www.scopus.com/pages/publications/85196151347?origin=resultslist;The traditional cloud-centric approach in IoT applications lack the speed and efficiency required for time-critical tasks, resulting in network inefficiencies. To address this, the notions of Edge and Fog computing have emerged as alternatives. Fog computing facilitates the deployment of services and applications closer to the network's edge, lowering latency and allowing real-time capabilities. It enhances reliability, fault tolerance, and connectivity in areas with spotty network coverage. Despite the fact that fog computing overcomes the limitations of cloud-centric IoT processing, its adoption faces challenges like platform independence, interoperability, and portability. To tackle these challenges, the FogDEFT (Fog computing out of the box: Dynamic dEployment of Fog service containers with TOSCA) framework was developed. It complies to OASIS-TOSCA standards and guarantees dynamic deployment of fog services on resource-constrained devices while leveraging Docker containerization technology to ensure platform independence and interoperability. Due to its tight coupling with Docker Swarm, which is designed for medium-sized deployments, the fogDEFT framework is constrained by Docker Swarm's limitations, hindering its ability to effectively manage large-scale, automated, and resource-efficient microservice deployments. To address these limitations, we propose FogDEFTKube, an extension of the FogDEFT architecture that incorporates Kubernetes for orchestration, Jenkins for continuous integration and deployment, and a comprehensive redefinition of the core capabilities of the FogDEFT architecture. This offers a promising solution that supports Kubernetes for handling scalable and highly available fog applications with ease while offering CI/CD. FogDEFTKube simplifies the modeling and deployment of fog services while abstracting the complexities of underlying fog networks. © 2024 John Wiley & Sons Ltd.;;Software - Practice and Experience;;;
scopus;;Conference paper;Model-Based Systems Engineering for the Agile Life-Cycle Management of IIoT Based on DevOps;"Amiri A.; Steindl G.; Kastner W.";2024;10.1109/ETFA61755.2024.10711004;https://www.scopus.com/pages/publications/85207817754?origin=resultslist;The domain of Industrial Internet of Things (IIoT) contains a vast variety of standards, protocols, tool suites, coding languages, etc. The Reference Architecture Model Industry (RAMI) 4.0 provides an abstraction of the different views involved in designing IIoT systems. However, the life-cycle model of the reference architecture suggests a progression from the development into production. This progression does not conform well with the best practices of software engineering, e.g., DevOps, where runtime data is given back to the design-time. In this paper, we suggest an agile life-cycle management of the IIoT systems, and propose an approach of Model-Based Systems Engineering (MBSE) based on the System Modeling Language (SysML) 2.0. We define metadata in the domain of event-driven IIoT systems. Architects can create tagged model instances, which are automatically validated against system requirements. The validated models are passed to an artifact generator to create code, test cases, or documentation. Our approach assists in the development and commissioning of system assets. We feed the runtime data to design-time to improve the quality of service. © 2024 IEEE.;;IEEE International Conference on Emerging Technologies and Factory Automation, ETFA;;;
scopus;;Article;IoTDeploy: Deployment of IoT Smart Applications over the Computing Continuum;"Oliveira F.B.; Di Felice M.; Kamienski C.";2024;10.1016/j.iot.2024.101348;https://www.scopus.com/pages/publications/85202997242?origin=resultslist;IoT Smart Applications have created a demand for architectures, infrastructure, platforms, orchestration, and service deployment strategies. They are deployed from sensors to the cloud over a geographical and computing continuum, which is challenging for service orchestration and DevOps strategies. The distributed infrastructure to implement the end-to-end data path may vary, even for similar applications, concerning the services deployed over the mist, fog, edge, and cloud stages. This paper proposes and evaluates IoTDeploy, a solution for streamlining and scaling static and dynamic IoT service deployment over the continuum. IoTDeploy implements a CI/CD tool plugin for deploying applications running on the continuum and supports dynamic service migration. We evaluated the service migration from cloud to fog and fog to cloud with a case study on smart irrigation in agriculture. The experiments reveal that deployment in IoT-distributed environments is reliable and resilient, enabling migration without interrupting the application and losing data. © 2024 Elsevier B.V.;;Internet of Things (Netherlands);;;
scopus;;Conference paper;Enabling Digital Transformation Using DRA;Ghantous G.B.;2024;10.1007/978-3-031-73344-4_14;https://www.scopus.com/pages/publications/85207575676?origin=resultslist;Digital transformation is about adapting to change using emerging digital technologies such as IoT. The dynamic nature of IoT drives forward the objectives of organizations to enable real-time interconnection between end-users and software products. Real-time interaction is achieved using IoT-applications deployed to multi-cloud. The multi-cloud coherent system provides a broad ecosystem of platform and infrastructure services to support the automated fast delivery of software applications. This article presents the DevOps reference architecture (DRA) for automating the IoT application deployment to multi-cloud in the overall context of digital transformation. The DRA design models are comprehensive blueprints that integrate the contexts of DevOps, multi-cloud, and Internet of Things (IoT). The aim of this paper is to explain how the DRA design models assist in digital transformation by adopting the DevOps approach to support IoT-applications interactions with edge IoT-devices. This paper introduces DRA-DT reference architecture as a holistic approach founded on DRA design models. The DRA-DT provides comprehensive integrated concepts, practices and tools-template that assist Digital Transformation (DT) in organizations. The DRA-DT offers reference models to support the digitization of Agile requirements and can be used by researchers and practitioners as a first-cut platform for support Digital Transformation. © The Author(s), under exclusive license to Springer Nature Switzerland AG 2024.;;Lecture Notes in Networks and Systems;;;
scopus;;Conference paper;XSTART: XApp Simulated Evaluation Environment for Developers;"Herrera Gonzalez J.L.; Montebugnoli S.; Scotece D.; Foschini L.";2024;10.1109/MetroInd4.0IoT61288.2024.10584214;https://www.scopus.com/pages/publications/85199525706?origin=resultslist;The advent of the Open Radio Access Network (Open RAN) in 5G, as delineated in the standards introduced by 3GPP and O-RAN Alliance, posed a pivotal shift in revolutionizing the telecommunications landscape. Central to this transformation is the Open RAN control-plane architecture. Control plane encompasses containerized network functions, operating as intelligent controllers for RAN nodes and resources with non-Real-Time and near-Real-Time constraints. These functions, called Near Real-Time RAN Intelligent Controller (Near-RT RIC) and Non Real-Time RAN Intelligent Controller (Non-RT RIC), include operators-defined applications, respectively named xApps and rApps, serving as common cloud-native applications controlling and optimizing Open RAN elements. Understanding the entire development process and runtime behaviour for these applications becomes an essential prerequisite for providing support for next-generation networks. However, the lack of ready-to-use tools that allow developers to test and evaluate their applications in simulated and real environments makes it difficult to study and experiment with xApps. In this work, we propose xSTART, a ready-to-deploy environment based on Docker technology that allows xApp developers to quickly deploy and incorporate their xApps in a simulated ns-3 environment to test and evaluate their functionalities. Then, we evaluate an IIoT Network use-case scenario showing a machine learning (ML)-based xApp applied to the O-RAN environment. The results compare the use of different ML techniques and show the correct behavior of the simulation. Finally, we make xSTART available to the community to ease the development and evaluation of future xApps.  © 2024 IEEE.;;2024 IEEE International Workshop on Metrology for Industry 4.0 and IoT, MetroInd4.0 and IoT 2024 - Proceedings;;;
scopus;;Article;Monza: An Energy-Minimal, General-Purpose Dataflow System-on-Chip for the Internet of Things;"Beckmann N.; Lucia B.; Gobieski G.; Nowatzki T.; Jackson T.; Lallement G.; Zhang K.; Nagi A.; Sathe A.; Desai H.";2024;10.1109/MM.2024.3426611;https://www.scopus.com/pages/publications/85199397652?origin=resultslist;This article describes the design and implementation of Monza, a testchip system-on-chip featuring Efficient Computer Company's Fabric processor. The Fabric is a general-purpose, spatial dataflow architecture and compiler designed to minimize energy. The Fabric offers a unique combination of familiar software DevOps and extreme energy efficiency. Monza includes a small Fabric processor, RISC-V core, 1-MB static random-access memory, digital I/O, and integrated clock generation and power conversion. Monza is implemented in 22-nm FD-SOI and was taped out in quarter 4 of 2023. Signoff timing and power simulations estimate Fabric efficiency of up to 1250 GOPS/W on dense convolution written in C.  © 1981-2012 IEEE.;;IEEE Micro;;;
scopus;;Article;Enhancing e-Governance through Microservices - The Development and Impact of the NTC-EDGE System;"Maureal A.L.; Telen M.A.E.; Uy U.L.F.; Lorilla F.M.A.";2024;10.61310/mjst.v22iS1.2221;https://www.scopus.com/pages/publications/85216193975?origin=resultslist;The National Telecommunications Commission (NTC) Electronic Data Governance and Evaluation System (EDGE) was developed to modernize regulatory processes by leveraging microservices architecture. Traditional manual workflows caused inefficiencies, delays, and increased transaction costs, hindering effective service delivery. NTC-EDGE integrates modular services, AES256 encryption, and biometric authentication, aligning with international best practices and Philippine e-governance policies. The project achieved a scalable and secure system designed to handle high transaction volumes and regional disparities by implementing Agile methodologies and DevOps principles. The results demonstrate significant improvements, including a 40% reduction in processing times, a 25% increase in client satisfaction, and zero data breaches post-implementation. Key features include modular components for licensing, certifications, and complaints, complemented by client-facing dashboards and mobile applications for accessibility. Comparative analysis highlights enhanced security, transparency, and efficiency across operations. Despite these advancements, challenges remain in integrating microservices into legacy systems and addressing scalability for underserved regions. Future research should focus on artificial intelligence integration, performance evaluations, and extending DevOps frameworks for public sector adoption. The NTC-EDGE system exemplifies how innovative ICT solutions can transform governance, offering a replicable model for regulatory bodies worldwide. © 2024 University of Science and Technology of Southern Philippines. All rights reserved.;;Mindanao Journal of Science and Technology;;;
scopus;;Conference paper;Real-Time Dashboarding using Big Data Tools;"Sanjay R.; Pulakhandam D.; Nirmalrani V.";2024;10.1109/ICICT60155.2024.10545021;https://www.scopus.com/pages/publications/85196067123?origin=resultslist;Real-time dashboarding software empowers organizations to harness the burgeoning IoT data stream, transforming raw sensor readings into actionable insights through a secure and scalable architecture. Data from connected devices seamlessly flows via lightweight protocols like MQTT and is managed by a robust streaming platform like Kafka. Big data tools like Spark then extract meaning from this high-velocity data, preparing it for visualization on dynamic dashboards hosted by cloud platforms. These user-centric dashboards track key metrics, identify trends, and drive informed decision-making, but tackling challenges like scalability, security, and data quality is crucial to unlock the full potential of this transformative technology.  © 2024 IEEE.;;7th International Conference on Inventive Computation Technologies, ICICT 2024;;;
scopus;;Article;A Framework for Building Verifiable Scalable Embedded Systems Interfacing through Sensors and Actuators;"McColl M.; McColl C.; Tuxworth G.; Pereira A.; Hexel R.";2024;;https://www.scopus.com/pages/publications/85209171886?origin=resultslist;Embedded systems are at the core of modern industrial applications that interface with the environment through sensors and actuators. As software-defined modelling revolutionises the development of safety-critical systems, such as self-driving cars in the automotive industry, rapid turnaround and integration into cloud-based software development services are increasingly becoming critical. Recent parts shortages and supply-chain constraints have highlighted the importance of dynamic, cross-platform codebases that allow scalability and quick re-deployment to different hardware. In this paper, we show the ability of our development framework to create decomposable, embedded systems that consist of software that factors out hardware dependencies and can thus be easily ported and deployed to multiple hardware architectures. We demonstrate how our embedded cross framework allows us to decouple hardware-specifics from the requirements for the software that implements the behaviour of the system. To this end, we show how to design and build scalable software that integrates with multiple hardware architectures, operating systems, and middleware for embedded systems. For the first time, we not only show how such systems can be developed for microcontrollers, but how the same embedded cross framework can be utilised for Field-Programmable Gate Arrays (FPGAs). We demonstrate how software systems that utilise our framework can seamlessly integrate with continuous integration and continuous deployment (CI/CD) processes. This allows the flexibility of testing and integration using local and cloud-based systems, as well as end-to-end hardware-in-the-loop approaches. © 2024, International Frequency Sensor Association (IFSA). All rights reserved.;;Sensors and Transducers;;;
scopus;;Conference paper;RainCloud: Decentralized Coordination and Communication in Heterogeneous IoT Swarms;"Loisel F.; Zeqo G.; Morichetta A.; Lackinger A.; Dustdar S.";2024;10.1109/PCDS61776.2024.10743766;https://www.scopus.com/pages/publications/85211381685?origin=resultslist;The increasing volume and complexity of IoT systems demand a transition from the cloud-centric model to a decentralized IoT architecture in the so called Computing Continuum, with no or minimal reliance on central servers. This paradigm shift, however, raises novel research concerns for decentralized coordination, calling for accurate policies. However, building such strategies is not trivial. Our work aims to relieve the DevOps engineers from this concern and propose a solution for autonomous, decentralized task allocation at runtime for IoT systems. To this end, we present a semantic communication approach and an ad-hoc lightweight coordination strategy based on Ant Colony Optimization (ACO). We compare the ACO strategy with Random Search and Gossip protocol-based algorithms. We conduct accurate experiments with up to a hundred nodes in both a static and a dynamic environment, i.e., with device outages. We show that ACO finds a matching node with the smallest hops and messages sent. While the Gossip strategy can allocate the most tasks successfully, ACO scales better, thus being a promising candidate for decentralized task coordination in IoT clusters. © 2024 IEEE.;;Proceedings of the 1st International Symposium on Parallel Computing and Distributed Systems, PCDS 2024;;;
scopus;;Conference paper;FREEDA: Failure-Resilient, Energy-aware, and Explainable Deployment of Microservice-based Applications over Cloud-IoT Infrastructures;"Vitali M.; Soldani J.; Amadini R.; Brogi A.; Forti S.; Gazza S.; Giallorenzo S.; Plebani P.; Ponce F.; Zavattaro G.";2024;;https://www.scopus.com/pages/publications/85195213536?origin=resultslist;FREEDA is an Italian research project aimed at supporting DevOps engineers in achieving failure-resilient and environmentally sustainable deployments of microservice-based applications over the Cloud-edge computing continuum. In this article, we describe motivations, objectives and first results of the FREEDA project, and discuss how FREEDA relates to the Information Systems Engineering community. © 2024 Copyright for this paper by its authors.;;CEUR Workshop Proceedings;;;
scopus;;Conference paper;SE-DO: Navigating the 6G Frontier with Scalable and Efficient DevOps for Intelligent Agents Optimization;"Tshakwanda P.M.; Kumar H.; Arzo S.T.; Devetsikiotis M.";2024;10.1109/CCWC60891.2024.10427717;https://www.scopus.com/pages/publications/85186746004?origin=resultslist;In the imminent era of 6G dominance and the expanding realm of interconnected IoT devices, ensuring seamless connectivity is vital. This paper introduces the Scalable and Efficient DevOps (SE-DO) methodology - a scalable multi-agent system designed for next-gen networks. SE-DO's avant-garde architecture dynamically integrates new agents, mirroring evolving IoT ecosystems. Two sets of agents manage vast IoT data in urban matrices: extraction agents collect, and preprocessing agents refine for computational tasks. Anticipating 6G's prowess, training agents optimize machine learning models for real-time traffic analytics. Augmented by predictor agents, SE-DO prioritizes accuracy, efficiency, and security, validated empirically. SE-DO's adaptability ensures scalable proficiency amid IoT integrations, facilitating a smooth transition to the 6G era. Addressing IoT challenges, SE-DO, rooted in a robust multi-agent system, optimizes agent performance in resource-constrained environments. Real-world experiments highlight SE-DO's high accuracy and efficiency, making it pivotal for future network optimization. Access SE-DO's future on GitHub - where innovation meets accessibility. As next-gen networks demand reliable solutions, SE-DO emerges as an indispensable tool for navigating emergent network paradigms. © 2024 IEEE.;;2024 IEEE 14th Annual Computing and Communication Workshop and Conference, CCWC 2024;;;
scopus;;Conference paper;How the Cloud is a Mission Enabler for Embedded System Development;"Brabbs J.; Jones B.C.";2024;10.4271/2024-01-4101;https://www.scopus.com/pages/publications/85204934928?origin=resultslist;"The Army can increase its software modernization effort for Embedded System software development by leveraging the Cloud to expand the capability of the DevSecOps environment to include automated testing at scale. The Cloud will support the integration of current and new off-the-shelf technologies; and merging next generation technologies from industry partners into a coherent DevSecOps Cloud ecosystem. The following areas are critical to meeting mission requirements and applications: virtual simulation, trade study analytics, technology adoption, DevSecOps capabilities, artificial intelligence applications and infrastructure, and collaborative single vehicle Systems Integration Laboratory (SIL). These areas are all essential to shortening the vehicle product lifecycle and time to deliver mission essential capabilities to the field to support warfighter needs.  © Rights reserved by the National Defense Industrial Association (NDIA) Michigan Chapter, authors and their respected organizations.";;SAE Technical Papers;;;
scopus;;Conference paper;Enhancing Operational Efficiency and User Experience in Virtual Workspaces: A Comprehensive Analysis and Action Plan;"Abbas S.I.; Singh M.";2024;10.1109/ICSADL61749.2024.00014;https://www.scopus.com/pages/publications/85200704777?origin=resultslist;The effectiveness and user experience of virtual collaboration technologies become critical as the distant work environment changes. The conclusions and recommendations drawn from a thorough examination of the 'Virtual Workspace' feature - a crucial part of the cloud-based collaboration capabilities offered by a fictional SaaS company - are summarized in this abstract. Key operational obstacles were found by the investigation, including inconsistent user engagement, platform responsiveness, and connectivity problems. The diverse range of experiences had by prominent individuals like Elon Musk, Sundar Pichai, and others highlights the complexity of these issues. The remedies that are suggested take a comprehensive approach, addressing technical issues by means of network infrastructure upgrades, honing platform responsiveness through focused development sprints, and encouraging user participation by means of feature improvements. Establishing an ongoing feedback loop and monitoring system also guarantees proactive problem detection and fixing. © 2024 IEEE.;;Proceedings - 2024 3rd International Conference on Sentiment Analysis and Deep Learning, ICSADL 2024;;;
scopus;;Conference paper;Analysis of Revolutionizing IoT Solutions through Cloud Computing Integration;"Abbas S.I.; Walia R.";2024;10.1109/ICSADL61749.2024.00012;https://www.scopus.com/pages/publications/85200704986?origin=resultslist;This research work investigates the significant potential for increasing productivity and promoting innovation in a range of sectors presented by the combination of DevOps, Cloud Computing, and Internet of Things IoT. The transformational influence of this convergence is presented quantitatively in this research. Our findings highlighted the efficiency improvements of the integrated strategy in the field of IoT deployment, showing a noteworthy 71.67% decrease in deployment time when compared to traditional techniques. Furthermore, the integration demonstrated its potential for cost reductions by enabling a 37.5% decrease in expenses through dynamic resource scaling. This connection enabled real-time data analysis, which led to an astounding 91.67% decrease in reaction time when compared to conventional data analysis techniques. This demonstrates how it may provide real-time insights that are essential for Internet of Things applications. This study offers strong quantitative proof that the confluence of IoT, cloud computing, and DevOps is a route to increased productivity and creativity that has the ability to transform sectors and propel advancement in the digital age. © 2024 IEEE.;;Proceedings - 2024 3rd International Conference on Sentiment Analysis and Deep Learning, ICSADL 2024;;;
scopus;;Conference paper;MicroMatic: Fully Automated Microservices Identification Approach from Monolithic Systems;"Trabelsi I.; Popa B.; Péreyrol J.; Beaulieu P.-O.; Moha N.";2024;10.1145/3643794.3648283;https://www.scopus.com/pages/publications/85203148592?origin=resultslist;The Internet of Things (IoT) revolution is transforming system interactions and functionalities, necessitating more adaptable, scalable, and responsive systems architectures. These IoT systems build on recent advances in software architectures, particularly Microservices Architecture (MSA), enabling scalability, facilitating cloud deployment, and supporting seamless integration with DevOps practices. While new IoT applications can seamlessly integrate Microservices Architecture from their design, the migration of existing monolithic IoT systems to MSA is essential to leverage its benefits yet it remains a challenging and costly process. To facilitate this migration, we propose MicroMatic, a tooled fully automated microservices identification approach that is based on static-relationship analyses between code elements as well as semantic analyses of the source code. Our approach relies on Machine Learning (ML) techniques and uses service types to guide the identification of microservices from IoT monolithic systems. We validate the effectiveness of our tool through a detailed case study, comparing our results with established ground truths. This process included a quantitative evaluation of the microservices generated, focusing on their business capabilities. Our findings demonstrate the efficiency of MicroMatic in automating one of the most labour-intensive aspects of migrating legacy systems to a microservices framework, successfully identifying architecturally significant microservices with 62.5% precision and 45.5% recall.  © 2024 Copyright is held by the owner/author(s). Publication rights licensed to ACM.;;Proceedings - 2024 ACM/IEEE 6th International Workshop on Software Engineering Research and Practices for the Internet of Things, SERP4IoT 2024;;;
scopus;;Article;Fostering Agricultural Transformation through AI: An Open-Source AI Architecture Exploiting the MLOps Paradigm;"Cob-Parro A.C.; Lalangui Y.; Lazcano R.";2024;10.3390/agronomy14020259;https://www.scopus.com/pages/publications/85187256455?origin=resultslist;As the global population is expected to reach 10 billion by 2050, the agricultural sector faces the challenge of achieving an increase of 60% in food production without using much more land. This paper explores the potential of Artificial Intelligence (AI) to bridge this “land gap” and mitigate the environmental implications of agricultural land use. Typically, the problem with using AI in such agricultural sectors is the need for more specific infrastructure to enable developers to design AI and ML engineers to deploy these AIs. It is, therefore, essential to develop dedicated infrastructures to apply AI models that optimize resource extraction in the agricultural sector. This article presents an infrastructure for the execution and development of AI-based models using open-source technology, and this infrastructure has been optimized and tuned for agricultural environments. By embracing the MLOps culture, the automation of AI model development processes is promoted, ensuring efficient workflows, fostering collaboration among multidisciplinary teams, and promoting the rapid deployment of AI-driven solutions adaptable to changing field conditions. The proposed architecture integrates state-of-the-art tools to cover the entire AI model lifecycle, enabling efficient workflows for data scientists and ML engineers. Considering the nature of the agricultural field, it also supports diverse IoT protocols, ensuring communication between sensors and AI models and running multiple AI models simultaneously, optimizing hardware resource utilization. Surveys specifically designed and conducted for this paper with professionals related to AI show promising results. These findings demonstrate that the proposed architecture helps close the gap between data scientists and ML engineers, easing the collaboration between them and simplifying their work through the whole AI model lifecycle. © 2024 by the authors.;;Agronomy;;;
scopus;;Article;A microservice-based framework for multi-level testing of cyber-physical systems;"Aldalur I.; Arrieta A.; Agirre A.; Sagardui G.; Arratibel M.";2024;10.1007/s11219-023-09639-z;https://www.scopus.com/pages/publications/85160692935?origin=resultslist;In the last years, the use of microservice architectures is spreading in Cyber-Physical Systems (CPSs) and Internet of Things (IoT) domains. CPSs are systems that integrate digital cyber computations with physical processes. The development of software for CPSs demands a constant maintenance to support new requirements, bug fixes, and deal with hardware obsolescence. The key in this process is code testing and more if the code is fragmented during the development of CPSs. It is important to remark that this process is challenging and time-consuming. In this paper, we report on the experience of instantiating of the microservice-based architecture for DevOps of CPSs to test elevator dispatching algorithms across different test levels (i.e., SiL, HiL and Operation). Such an architecture allows for a continuous deployment, monitoring and validation of CPSs. By integrating the approach with a real industrial case study, we demonstrate that our approach reduces significantly the time needed in the testing process and consequently, reduces the economic cost of the entire process. © The Author(s) 2023.;;Software Quality Journal;;;
scopus;;Conference paper;Towards Sustainable Deployment of Microservices over the Cloud-IoT Continuum, with FREEDA;"Soldani J.; Amadini R.; Brogi A.; Forti S.; Giallorenzo S.; Plebani P.; Vitali M.; Zavattaro G.";2024;10.1145/3659994.3660311;https://www.scopus.com/pages/publications/85195187443?origin=resultslist;This position paper introduces FREEDA, a research project aimed at supporting DevOps engineers in achieving failure-resilient and sustainable deployments of microservice-based applications over the Cloud-IoT computing continuum. After providing the context, rationale, and motivations of FREEDA, we introduce the main research objectives of FREEDA and its concept, namely how FREEDA will realize its research objectives. © 2024 Copyright is held by the owner/author(s). Publication rights licensed to ACM.;;FRAME 2024 - Proceedings of the 2024 on Workshop on Flexible Resource and Application Management on the Edge, Part of: HPDC 2024 - 3rd International Symposium on High-Performance Parallel and Distributed Computing;;;
scopus;;Article;Forecast for Container Retention in IoT Serverless Applications on OpenWhisk;"Mahalingam G.; Appusamy R.";2024;10.14569/IJACSA.2024.01507119;https://www.scopus.com/pages/publications/85201870188?origin=resultslist;This research tackles resource management in OpenWhisk-based serverless applications for the Internet of Things (IoT) by introducing a novel approach to container retention optimization. We leverage the capabilities of AWS Forecast, specifically its DeepAR+ and Prophet algorithms, to dynamically forecast workload patterns. This real-time forecast empowers us to make adaptive adjustments to container retention durations. By optimizing retention times, we can effectively mitigate cold start latency, the primary reason behind sluggish response times in IoT serverless environments. Our approach outperforms conventional preloading and chaining techniques by significantly increasing resource utilization efficiency. Since OpenWhisk is an open-source platform, our methodology was able to achieve a cost reduction. By integrating it with Amazon Forecast's built-in algorithms, we surpassed traditional cache cold start strategies. These findings strongly support the viability of dynamic container retention optimization for IoT serverless deployments. Evaluations conducted on the OpenWhisk platform demonstrate substantial benefits. We observed a remarkable 67% reduction in cold start latency, translating to expedited response times and a demonstrably enhanced end-user application experience. These findings convincingly validate the efficacy of AWS Forecast in optimizing container retention for IoT serverless deployments by capitalizing on its deep learning (DeepAR+) and interpretable forecasting (Prophet) abilities. This research lays a solid foundation for future studies on optimizing container management across various DevOps practices and container orchestration platforms, contributing to the advancement of efficient and responsive serverless architectures. © (2024), (Science and Information Organization). All Rights Reserved.;;International Journal of Advanced Computer Science and Applications;;;
scopus;;Conference paper;Vulnerability detection tool in source code by building and leveraging semantic code graph.;"Delaitre S.; Pulgar Gutiérrez J.M.";2024;10.1145/3664476.3670942;https://www.scopus.com/pages/publications/85200418058?origin=resultslist;The paper presents different vulnerability detection tools to ensure the security of software applications and container environments from a preventive and holistic approach. The solution aims to improve the quality and security of software by leveraging knowledge graph technology for a more accurate and comprehensive detection process of vulnerabilities. The ambition is to detect the vulnerabilities in the whole software supply chain and to support developers holding security as a key component over the Software Development life-cycle. We design reliable tools by building a semantic graph-based abstraction of the code from the compiler state, and we reach high accuracy by developing different static code analyzers optimizing the detection of software vulnerabilities in the source code and dependencies. In this paper, we will introduce the cybersecurity suite composed of different vulnerability detection tools to promote developer autonomy and security automation over the software supply chain. The main tool (DocSpot) detects vulnerabilities in the application source code and leverages knowledge graph technology. The second tool (DocDocker) scans for vulnerabilities in containers, and the third one (SirDocker) detects orchestration vulnerabilities, e.g. related to configuration, recommends secure best practices, and supports secure management of the containers and container images. The main contributions to the field of security automation are detailed and the first experiments and results of the tools are exposed. Finally, we describe the contributions to improving security in software and IoT applications.  © 2024 ACM.;;ACM International Conference Proceeding Series;;;
scopus;;Conference paper;Quality 4.0 in Software Engineering: Incorporating Scaled Agile Insights to a Framework Proposal;"Bankoff K.P.; Muñoz R.; Pasini A.; Pesado P.";2024;10.1007/978-3-031-62245-8_13;https://www.scopus.com/pages/publications/85199202170?origin=resultslist;Software Engineering is a constantly evolving discipline that is present in all aspects of daily life. The quality of software has been addressed for a long time, emerging from the same principles of quality in the manufacturing industry but adapted to the characteristics of the development of intangible products. The industry has evolved towards a digital revolution that implies the use of emerging technologies such as the Internet of Things (IoT), artificial intelligence, and machine learning. Quality 4.0 adopts the principles of Industry 4.0 and applies them to quality management with an approach based on big data analysis, real-time monitoring, and a greater focus on the customer through the use of communication and collaboration tools. A framework is proposed that integrates different processes, tools, and techniques of Software Engineering with the objective of enabling the implementation of Quality 4.0 principles in software development, taking DevOps as an enabler as it is an approach that promotes automation and the integration of tools. Additionally, we have expanded our analysis to include the Scaled Agile Framework (SAFe), examining how our proposed framework aligns with SAFe’s requirements, thus providing a holistic approach to implement Quality 4.0 in software development projects. © The Author(s), under exclusive license to Springer Nature Switzerland AG 2024.;;Communications in Computer and Information Science;;;
scopus;;Conference paper;Fast Choreography of Cross-DevOps Reconfiguration with Ballet: A Multi-Site OpenStack Case Study;"Philippe J.; Omond A.; Coullon H.; Prud'Homme C.; Raïs I.";2024;10.1109/SANER60148.2024.00007;https://www.scopus.com/pages/publications/85199801687?origin=resultslist;In the context of Edge Computing or Cyber-Physical Systems, cross-functional, and cross-geographical DevOps teams are in charge of automating deployments, configuration, and management (i.e., reconfiguration) of complex, large-scale, highly dynamic, and geo-distributed service-oriented software systems. In this context, DevOps teams cannot reasonably manually coordinate their reconfiguration operations in a global manner. Furthermore, as disconnection is the norm in these paradigms, a central entity responsible for reconfiguration should be avoided, and the set of changes to apply should be as fast as possible. This paper presents Ballet, a fast tool to automate decentralized choreographies (i.e., coordination) of cross-DevOps reconfiguration. We show a gain of 42.6% for a deployment scenario and 24% for an update scenario on an OpenStack case study.  © 2024 IEEE.;;Proceedings - 2024 IEEE International Conference on Software Analysis, Evolution and Reengineering, SANER 2024;;;
scopus;;Conference paper;Enhancing Autonomous Robotics Through Cloud Computing;"Subramaniam A.; Prajapati D.H.; Alremeithi K.; Sealy W.";2024;10.1109/IAICT62357.2024.10617458;https://www.scopus.com/pages/publications/85202293340?origin=resultslist;This paper presents a comprehensive study on the integration of Cyber-Physical Systems (CPS) and the Industrial Internet of Things (IIoT), with a focus on cloud-based swarm robotics systems for virtual commissioning. Utilizing Pololu Romi robots equipped with Lidar sensors and leveraging advanced SLAM algorithms from ROS2, the research explores the enhancement of robotics autonomy and coordination through cloud computing. The study emphasizes the significance of digital twins in testing and refining swarm strategies, reducing operational risks and commissioning resources. The adoption of Docker and Portainer for efficient container orchestration and GitLab for a robust CI/CD framework underlines the application of cutting-edge methodologies in virtual commissioning. The paper highlights the practical implications of digital twins and containerization in industrial robotics, showcasing scalability and efficiency in swarm deployment. Moreover, it contributes to the discourse on cloud computing and IoT in advancing robotic autonomy. Through a systematic investigation, the paper outlines the technological architecture, virtual commissioning processes, and the operational effectiveness of the explored cloud-based swarm robotics system, marking a significant stride in the field of industrial automation and robotics. ©2024 IEEE.;;Proceedings of the 2024 IEEE International Conference on Industry 4.0, Artificial Intelligence, and Communications Technology, IAICT 2024;;;
scopus;;Conference paper;Challenges and Opportunities of DevOps for IoT Systems:DevOps-For-IoT;"Khalaifat W.; Abdulaziz F.";2024;10.1109/3ICT64318.2024.10824302;https://www.scopus.com/pages/publications/85217431991?origin=resultslist;DevOps has become a highly important trend in the global software industry due to its ability to improve productivity, quality, and customer satisfaction in the software development process. It is a collection of methods that integrate software development and operations, allowing for a continuous life cycle of software products. While DevOps has achieved success in traditional software systems, the adoption of DevOps remains relatively limited in the domain of Internet of Things (IoT), which integrates physical components, software, and communication systems. Managing and integrating the diverse elements of IoT including IoT applications, hardware platforms, operating systems, protocols, and security requirements, hinders the implementation of DevOps in IoT. This study investigates the use of the DevOps approach within the domain of the IoT. It explores and analyzes the obstacles associated with adopting DevOps in the IoT field. Also, it introduces DevOps-For-IoT, which is a modified DevOps approach for the IoT. ©2024 IEEE.;;2024 International Conference on Innovation and Intelligence for Informatics, Computing, and Technologies, 3ICT 2024;;;
scopus;;Conference paper;Industrial DevOps Soft: A New Framework for Enhancing Industry 4.0 Efficiency;"Benmhamed C.; Zemzami M.; Yalaoui F.; Nguyen N.-Q.; Reddad H.; El Gaamaze M.A.";2024;10.1109/CSDGAIS64098.2024.11064768;https://www.scopus.com/pages/publications/105012094076?origin=resultslist;In the context of Industry 4.0, integrating IoT, AI, and big data introduces complexity in industrial systems, often worsened by a lack of focus on management aspects, resulting in operational silos and inefficient decision-making. This paper presents the 'Industrial DevOps Soft' framework, structured in layers, which exploits DevOps methodologies into industrial environments to enhance collaboration between IT infrastructure and production systems. By promoting continuous automation, data-driven processes, and effective project execution through CI/CD pipelines and low-code platforms, the framework aims to streamline operations and enhance strategic decision-making. Ultimately, it provides a structured approach for organizations to achieve operational excellence and adapt to future shifts, including Industry 5.0. © 2024 IEEE.;;2024 International Conference on Smart-Digital-Green Technologies and Artificial Intelligence Sciences, CSDGAIS 2024;;;
scopus;;Conference paper;JuNo-OPS: A DevOps Framework for the Engineering of Digital Twins for Built Assets;"Aissat S.; Beaulieu J.; Bordeleau F.; Gascon-Samson J.; Motamedi A.; Poirier É.";2024;10.1145/3652620.3688266;https://www.scopus.com/pages/publications/85212223414?origin=resultslist;"Digital Twins (DT) constitute complex software systems that need to be continuously modified/updated to meet evolving user requirements and priorities, and support continual improvement. Because they aim at monitoring and improving different system aspects, their development requires the collaboration of people from different domains of expertise, e.g. the development of a DT for built assets may involve the collaboration of experts in software engineering, thermal comfort, air quality, and energy consumption, etc. Consequently, DTs need to be engineered to enable the fast and secure integration and deployment of new code, the systematic and iterative evolution of their components, and the independent development of different system aspects by those experts. In this paper, we present JuNo-OPS, a DevOps framework for the engineering of DTs for built assets. The framework is being developed, tested and validated in the the context of a multi-function room at École de Technologie Supérieure (ETS). We focus on two main facets of the DT software: the microservices architecture; and the DevOps infrastructure used to support the development, continuous integration, continuous delivery and the automation thereof. We also discuss challenges and next steps related to the development and evolution of the framework. © 2024 Copyright held by the owner/author(s).";;Proceedings: MODELS 2024 - ACM/IEEE 27th International Conference on Model Driven Engineering Languages and Systems: Companion Proceedings;;;
scopus;;Conference paper;Towards Automating Model-Based Systems Engineering in Industry - An Experience Report;"Cederbladh J.; Berardinelli L.; Bruneliere H.; Cicchetti A.; Dehghani M.; Di Sipio C.; Miranda J.; Rahimi A.; Rubei R.; Suryadevara J.";2024;10.1109/SysCon61195.2024.10553610;https://www.scopus.com/pages/publications/85197357111?origin=resultslist;Designing modern Cyber-Physical Systems (CPSs) is posing new challenges to both industrial practitioners and academics. In this context, adopting cutting-edge paradigms, such as Model-Based Systems Engineering (MBSE), DevOps, and Artificial Intelligence (AI), can offer new opportunities for improving CPS design automation. While such paradigms are already jointly used in the research community to support system design activities, there is a need to fill the gap between academia and industrial practitioners. Indeed, system specification is still mainly performed manually in many industrial projects. In this paper, we present a collaboration between industrial and academic partners of the AIDOaRt European project towards a model-based approach for CPS engineering applied in one of the project use cases. We identify key challenges and corresponding solutions to enhance the automation of CPS design processes. Notably, we consider a combination of prescriptive modeling, model transformations, model views, modeling process mining, and AI-based modeling recommendations. As an initial evaluation, the proposed approach is applied to a practical industrial case study.  © 2024 IEEE.;;SysCon 2024 - 18th Annual IEEE International Systems Conference, Proceedings;;;
scopus;;Conference paper;Agile AI and Firmware Management in IoT: DevOps for Low-Power Microcontroller-Based Platforms;"Alselek M.; Alcaraz-Calero J.M.; Wang Q.";2024;10.23919/SpliTech61897.2024.10612585;https://www.scopus.com/pages/publications/85202438268?origin=resultslist;In this paper, we introduce a Development and Operations (DevOps)-based IoT system tailored for the dynamic management of firmware and AI models across distributed IoT environments. The system offers scalability, resource efficiency, and cost-effectiveness for updating the AI model and firmware on the IoT devices without a need for human intervention. To accomplish this, we have developed a continuous integration and continuous deployment (CI/CD) pipelines that operate across multiple platforms, leveraging the capabilities of Kubernetes and GitLab-Runner. Moreover, the system is specifically designed for Microcontroller-based low-power devices capable of running tiny AI models. The new deployment is sent to the IoT devices despite their location to start interacting with the surrounding environment and perform predictions regarding its application. Through empirical experiments, we demonstrate the system effectiveness with promising results in terms of scalability, resource utilization, and deployment efficiency.  © 2024 University of Split, FESB.;;2024 9th International Conference on Smart and Sustainable Technologies, SpliTech 2024;;;
scopus;;Conference paper;Strategic Digital Product Management in the Age of AI;"Olsson H.H.; Bosch J.";2024;10.1007/978-3-031-53227-6_24;https://www.scopus.com/pages/publications/85188683557?origin=resultslist;The role of software product management is key for building, implementing and managing software products. However, although there is prominent research on software product management (SPM) there are few studies that explore how this role is rapidly changing due to digitalization and digital transformation of the software-intensive industry. In this paper, we study how key trends such as DevOps, data and artificial intelligence (AI), and the emergence of digital ecosystems are rapidly changing current SPM practices. Whereas earlier, product management was concerned with predicting the outcome of development efforts and prioritizing requirements based on these predictions, digital technologies require a shift towards experimental ways-of-working and hypotheses to be tested. To support this change, and to provide guidelines for future SPM practices, we first identify the key challenges that software-intensive embedded systems companies experience with regards to current SPM practices. Second, we present an empirically derived framework for strategic digital product management (SPM4AI) in which we outline what we believe are key practices for SPM in the age of AI. © The Author(s) 2024.;;Lecture Notes in Business Information Processing;;;
scopus;;Conference paper;Evaluating the Quality of Open Source Ansible Playbooks: An Executability Perspective;"Mendis P.; Reeves W.; Babar M.A.; Zhang Y.; Rahman A.";2024;10.1145/3663530.3665019;https://www.scopus.com/pages/publications/85199216857?origin=resultslist;Infrastructure as code (IaC) is the practice of automatically managing computing platforms, such as Internet of Things (IoT) platforms. IaC has gained popularity in recent years, yielding a plethora of software artifacts, such as Ansible playbooks that are available on social coding platforms. Despite the availability of open source software (OSS) Ansible playbooks, there is a lack of empirical research on the quality of these playbooks, which can hinder the progress of IaC-related research. To that end, we conduct an empirical study with 2,952 OSS Ansible playbooks where we evaluate the quality of OSS playbooks from the perspective of executability, i.e., if publicly available OSS Ansible playbooks can be executed without failures. From our empirical study, we observe 71.5% of the mined 2,952 Ansible playbooks cannot be executed as is because of four categories of failures. © 2024 Copyright held by the owner/author(s). Publication rights licensed to ACM.;;SEA4DQ 2024 - Proceedings of the 4th International Workshop on Software Engineering and AI for Data Quality in Cyber-Physical Systems/Internet of Things, Co-located with: ESEC/FSE 2024;;;
scopus;;Article;WASMICO: Micro-containers in microcontrollers with WebAssembly;"Ribeiro E.; Restivo A.; Ferreira H.S.; Dias J.P.";2024;10.1016/j.jss.2024.112081;https://www.scopus.com/pages/publications/85192025807?origin=resultslist;The Internet-of-Things (IoT) has created a complex environment where hardware and software interact in complex ways. Despite being a prime candidate for applying well-established software engineering practices, IoT has not seen the same level of adoption as other areas, such as cloud development. This discrepancy is even more evident in the case of edge devices, where programming and managing applications can be challenging due to their heterogeneous nature and dependence on specific toolchains and languages. However, the emergence of WebAssembly as a viable solution for running high-level languages on some devices presents an opportunity to streamline development practices, such as DevOps. In this paper, we present WASMICO — a firmware and command-line utility that allows for the execution and management of application lifecycles in microcontrollers. Our solution has been benchmarked against other state-of-the-art tools, demonstrating its feasibility, novel features, and empirical evidence that it outperforms some of the most widely used solutions for running high-level code on these devices. Overall, our work aims to promote the use of well-established software engineering practices in the IoT domain, helping to bridge the gap between cloud and edge development. © 2024 Elsevier Inc.;;Journal of Systems and Software;;;
scopus;;Conference paper;Designing Digital Twins for Enhanced Reusability;"Ratushniak O.; Cabrero-Daniel B.";2024;10.1145/3639478.3643102;https://www.scopus.com/pages/publications/85194832352?origin=resultslist;PROBLEM STATEMENT: Digital Twins (DTs) are dynamic virtual models that mirror the behavior and characteristics of physical systems. They are emerging as a crucial tool in digital transformation, adaptable for various applications. DTs are used to simulate, analyze, and optimize physical and virtual assets [10, 11]. However, their complexity and resource-intensive nature make them challenging to integrate into real settings. Therefore, we propose that an efficient architectural design, flexibility, adaptability, and interoperability is key to achieving these objectives. Furthermore, by enhancing these aspects of DTs, we also contribute to their sustainability across technological, environmental, and economic dimensions. This work mainly explores reusability in the context of DTs - the ability to apply DTs across various contexts with minimal modification. The growing academic interest in this aspect is highlighted by a significant increase in related publications (from 1520 in 2019, to 6310 by 2022), with an expanding focus on enhancing DTs' reusability across diverse fields. Moreover, this study reviews various architecture designs of DTs. For instance, Arrao-Vargas and Constantinou propose a modular, adaptive DT design that includes real-time autonomous functions [1]. Redelinghuys et al. propose a six-level architecture that increases the intelligence and communication of DTs by integrating sensors and IoT gateways [8]. Bonnaud explores the integration of production management systems with IoT, improving production flows [4]. In addition, the microservices approach proposed by Bellavista et al. offers a containerized architecture for DT, focusing on service orchestration and efficient management of DT models [3]. The trend towards developing reusable DTs is driven by the need to address limitations in traditional single-layer service methodologies, which often lead to large, isolated models with low maintainability, compatibility, and high design and maintenance costs [12]. Despite the academic focus on developing reusable DTs, many current implementations remain as passive models of physical objects, lacking industry standardization and documentation [7]. For these reasons, we address the following research questions: RQ1: What are the primary factors that enhance the reusability of DTs and their components? RQ2: What are the common challenges and barriers to achieving the reusability of DTs in different industrial applications? RQ3: How can DTs be designed to prioritize reusability, and what tools and practices must be considered?. © 2024 IEEE Computer Society. All rights reserved.;;Proceedings - International Conference on Software Engineering;;;
scopus;;Article;Ensuring the Integrity, Confidentiality, and Availability of IoT Data in Industry 5.0: A Systematic Mapping Study;"Boisrond K.; Tardif P.M.; Jaafar F.";2024;10.1109/ACCESS.2024.3434618;https://www.scopus.com/pages/publications/85200205212?origin=resultslist;The significant success of the Internet of Things in facilitating connections among consumer devices has led to an evident inclination towards connecting devices within industrial environments, commonly known as the Industrial Internet of Things (IIoT). Meanwhile, the integration of DevOps and DevSecOps into Industry 5.0 is generating much interest in both industry and academia, and its adoption in practice is raising a lot of challenges. This study aims to organize the knowledge about the challenges encountered by the Industry and practitioners when adopting DevOps and DevSecOps in the Industry 5.0 environment, as well as suggested practices documented in the literature. We also identify the security challenges related to data integrity, confidentiality, and availability of Industrial IoT data. We conducted a Systematic Mapping Review of more than a thousand papers and focused on 57 peer-reviewed studies published between January 2019 and March 2024. We have identified challenges and benefits associated with adopting DevOps and DevSecOps in Industry 5.0. We have also identified specific security solutions, particularly in the Industrial Internet of Things (IIoT), as well as the correlation between these findings. The study results were classified into organizational, technical, and regulatory. The findings show that the most frequently reported challenges and solutions were related to technical. Although organizational factors were considered critical for successfully adopting DevOps and DevSecOps in Industry 5.0, they required more investigation. Our study offers a comprehensive analysis of the research to secure the industrial Internet of Things, discusses their applicability, and analyzes their security benefits by integrating DevOps and DevSecOps in Industry 5.0.  © 2013 IEEE.;;IEEE Access;;;
scopus;;Conference paper;A Kafka-Based Robot Automation Testing Using Genetic Algorithm;"Yadav V.; Botchway R.K.; Šenkeřík R.; Komínková Oplatková Z.";2024;10.1007/978-981-99-8703-0_25;https://www.scopus.com/pages/publications/85187790993?origin=resultslist;The demand for real-time processing of high-volume data streams in contemporary applications is increasing exponentially. Typical application areas include the maintenance of IoT devices, fraud detection systems, electronic trading platforms, etc.… For software development teams (DevOPs), scaling software test automation while managing the test automation process within a reasonable time continues to be a major difficulty. Among the numerous software testing frameworks available, the Data-Driven Testing Framework (DDTF) and the Test-Driven Framework Development are the most popular. Due to the aforementioned constraints, this study utilizes Kafka middleware, a distributed messaging system used in contemporary stream-based applications with reliable and effective stream delivery capacity. Our work primarily uses three tools: Kafka, Robot Framework for Automation Testing (RFAT), and Genetic Algorithm (GA). GA is used to create the list of test cases before the deployment of the Kafka-based implementation of robot automation software testing. We select the first endpoint from the four available endpoints to provide data based on the population size and the given number of generations. The second endpoint (producer) will be called by the RFAT which then forwards the data to the Kafka server in the form of a topic. Finally, the third endpoint consumes the topic-based data from the Kafka server and sends it back to the RFAT where the fourth endpoint will be utilized. To test the average and maximum fitness values, we retrieve generations in accordance with a given threshold value after calling the fourth endpoint. © The Author(s), under exclusive license to Springer Nature Singapore Pte Ltd. 2024.;;Lecture Notes in Electrical Engineering;;;
scopus;;Conference paper;Life Cycle Automation of IoT Services over Multiple Edge Clouds;"Vitumbiko M.; Kim Y.";2024;10.1109/ICOIN59985.2024.10572158;https://www.scopus.com/pages/publications/85198327189?origin=resultslist;In the rapidly evolving landscape of edge computing for IoT service provisioning, the challenges of managing and deploying applications across a diverse array of edge devices in multi-edge setups are evident. Edge devices, often situated on users' premises, exhibit heterogeneity in hardware and software requirements. Furthermore, manual cluster setup and software packaging for each edge site become impractical when trying to cater to the specific needs of each edge device. Developers are often required to set up an edge cluster, continuously create software packages tailored to individual edge devices and end-user requirements, all while managing multiple application versions and redeploying them across a fleet of edge devices. To address these challenges, this paper proposes an innovative solution that simplifies IoT microservice deployment across multiple edge sites, accommodating the intricacies of device diversity and different end user requirements.  © 2024 IEEE.;;International Conference on Information Networking;;;
scopus;;Article;On Automating FPGA Design Build Flow Using GitLab CI;"Eguzo C.; Scherer B.; Kebel D.; Bekman I.; Streun M.; Schlosser M.; Van Waasen S.";2024;10.1109/LES.2023.3314148;https://www.scopus.com/pages/publications/85171745178?origin=resultslist;Building and testing software for embedded systems can be challenging with an impact on delivery time, design reproducibility, and collaboration among project contributors. To accelerate project development, presented here is an automated build flow that utilizes Xilinx PetaLinux, and field programmable gate array (FPGA) hardware description and integrates with the GitLab continuous integration and continuous deployment (CI/CD) framework for embedded targets. This build flow automates the complete process of FPGA implementation, PetaLinux configuration, and cross-compilation of software essentials for the target system-on-chip (SoC). The system has been successfully deployed in cross-compiling the control and command toolset for the Positron Emission Tomography scanner (PhenoPET) and the implementation of the message queuing telemetry transport (MQTT) service on a Xilinx Zynq Ultrascale MPSoC. This approach can be easily adapted to other projects with specific requirements. © 2009-2012 IEEE.;;IEEE Embedded Systems Letters;;;
scopus;;Article;Significance of Standards Compliance Organizations for the Sustainable Automotive Software and Car Production;Dakić P.;2024;10.12700/APH.21.3.2024.3.20;https://www.scopus.com/pages/publications/85211182609?origin=resultslist;With the advancements in the automobile sector and the growing popularity of the Internet of Things (IoT) and Industrial Internet of Things (IIoT), new generations of vehicles are being developed quickly. When it comes to the creation of autonomous systems, time is of the essence because if they do not adhere to standards and do not have the necessary functional software, they could become useless very quickly. This is, therefore, challenging since necessitates considerable testing and a grasp of the prerequisites for potential applications while using appropriate standards with different requirements of various nations. In terms of legislation and standard compliance, bodies this reflects current challenges. This investigation is more focused on the business side of possible future applicability within the laboratory environment for software testing. We discuss an overview of the benefits, drawbacks, and potential future solutions, which can serve as a solid starting point for subsequent researchers in this field. The main contribution is offered in the form of fresh information that has been summarized and calls for addressing external influences as well as prospective answers to the needs of the IIoT and automotive industries. © 2024, Budapest Tech Polytechnical Institution. All rights reserved.;;Acta Polytechnica Hungarica;;;
scopus;;Conference paper;DeepRIoT: Continuous Integration and Deployment of Robotic-IoT Applications;"Qu M.; He J.; Tucaković Z.; Bartocci E.; Ničković D.; Isaković H.; Grosu R.";2024;10.1145/3649329.3658250;https://www.scopus.com/pages/publications/85211103973?origin=resultslist;We present DeepRIoT, a continuous integration and continuous deployment (CI/CD) based architecture that accelerates the learning and deployment of a Robotic-IoT system trained from deep reinforcement learning (RL). We adopted a multi-stage approach that agilely trains a multi-objective RL controller in the simulator. We then collected traces from the real robot to optimize its plant model, and used transfer learning to adapt the controller to the updated model. We automated our framework through CI/CD pipelines, and finally, with low cost, succeeded in deploying our controller in a real F1tenth car that is able to reach the goal and avoid collision from a virtual car through mixed reality. © 2024 Copyright held by the owner/author(s).;;Proceedings - Design Automation Conference;;;
scopus;;Article;OneLog: towards end-to-end software log anomaly detection;"Hashemi S.; Mäntylä M.";2024;10.1007/s10515-024-00428-x;https://www.scopus.com/pages/publications/85190575283?origin=resultslist;With the growth of online services, IoT devices, and DevOps-oriented software development, software log anomaly detection is becoming increasingly important. Prior works mainly follow a traditional four-staged architecture (Preprocessor, Parser, Vectorizer, and Classifier). This paper proposes OneLog, which utilizes a single deep neural network instead of multiple separate components. OneLog harnesses convolutional neural network (CNN) at the character level to take digits, numbers, and punctuations, which were removed in prior works, into account alongside the main natural language text. We evaluate our approach in six message- and sequence-based data sets: HDFS, Hadoop, BGL, Thunderbird, Spirit, and Liberty. We experiment with Onelog with single-, multi-, and cross-project setups. Onelog offers state-of-the-art performance in our datasets. Onelog can utilize multi-project datasets simultaneously during training, which suggests our model can generalize between datasets. Multi-project training also improves Onelog performance making it ideal when limited training data is available for an individual project. We also found that cross-project anomaly detection is possible with a single project pair (Liberty and Spirit). Analysis of model internals shows that one log has multiple modes of detecting anomalies and that the model learns manually validated parsing rules for the log messages. We conclude that character-based CNNs are a promising approach toward end-to-end learning in log anomaly detection. They offer good performance and generalization over multiple datasets. We will make our scripts publicly available upon the acceptance of this paper. © The Author(s) 2024.;;Automated Software Engineering;;;
scopus;;Conference paper;Empowering Kubernetes with Platform Engineering to Automate IoT Processing Workflows Orchestration at the Edge;"Tazzioli D.; Sabbioni A.; Bujari A.; Foschini L.";2024;10.1109/CAMAD62243.2024.10942956;https://www.scopus.com/pages/publications/105002867861?origin=resultslist;The proliferation of IoT devices provides access to an unprecedented amount of data coming from sensors and smart devices, characterized by high volumes and strong locality. The Edge Computing paradigm, by providing low-latency, privacy-aware, resilient, and distributed computational resources is considered a fundamental enabler for the processing of the massive data volume incoming from IoT devices. However, the heterogeneous and decentralized edge resource poses a significant barrier to seamless device integration and management. In this paper, we propose a Platform Engineering architecture that extends the Kubernetes control plane to simplify the orchestration and management of the processing workflow that produces data incoming from IoT devices. The proposed platform integrates management capabilities that address the complexity of provisioning het-erogeneous network, storage, and compute resources, enabling smart management of edge services.  © 2024 IEEE.;;IEEE International Workshop on Computer Aided Modeling and Design of Communication Links and Networks, CAMAD;;;
scopus;;Article;Advancing Smart Cyber Physical System with Self-Adaptive Software;"Saravanakumar R.; Arularasan A.N.; Harekal D.; Praveen K.R.; Kaliyamoorthi P.; Pushpalatha K.S.; Vidhya R.G.";2024;10.47857/irjms.2024.v05i03.01013;https://www.scopus.com/pages/publications/85201668038?origin=resultslist;The proposed integration of DevOps and Digital Twins presents a ground-breaking approach to enhancing the resilience and adaptability of Cyber-Physical Systems in the context of Industry 4.0 and the forthcoming Industry 5.0 era. This research explores the synergistic potential of DevOps principles in fostering collaborative and efficient development and maintenance processes for embedded systems and distributed control systems within CPS. Concurrently, the utilization of Digital Twins offers real-time monitoring and simulation capabilities, heralding a shift towards a human-centric approach to CPS operation. The emphasis on self-adaptive systems within CPS anticipates the ability to address dynamic conditions and unforeseen challenges, paving the way for the evolution of resilient and responsive industrial systems. This research explores the integration of DevOps and Digital Twins in the context of Industry 4.0 and anticipates the requirements of Industry 5.0, emphasizing the need for resilient and human-centric Cyber-Physical Systems. This study investigates the integration of DevOps and Digital Twins to enhance the resilience and adaptability of Cyber-Physical Systems in the context of Industry 4.0 and Industry 5. © 2024, Iquz Galaxy Publisher. All rights reserved.;;International Research Journal of Multidisciplinary Scope;;;
scopus;;Article;Experiences and challenges from developing cyber-physical systems in industry-academia collaboration;"Cederbladh J.; Eramo R.; Muttillo V.; Strandberg P.E.";2024;10.1002/spe.3312;https://www.scopus.com/pages/publications/85182415072?origin=resultslist;Cyber-physical systems (CPSs) are increasing in developmental complexity. Several emerging technologies, such as Model-based engineering, DevOps, and Artificial intelligence, are expected to alleviate the associated complexity by introducing more advanced capabilities. The AIDOaRt research project investigates how the aforementioned technologies can assist in developing complex CPSs in various industrial use cases. In this paper, we discuss the experiences of industry and academia collaborating to improve the development of complex CPSs through the experiences in the research project. In particular, the paper presents the results of two working groups that examined the challenges of developing complex CPSs from an industrial and academic perspective when considering the previously mentioned technologies. We present five identified challenge areas from developing complex CPSs and discuss them from the perspective of industry and academia: data, modeling, requirements engineering, continuous software and system engineering, as well as intelligence and automation. Furthermore, we highlight practical experience in collaboration from the project via two explicit use cases and connect them to the challenge areas. Finally, we discuss some lessons learned through the collaborations, which might foster future collaborative efforts. © 2024 The Authors. Software: Practice and Experience published by John Wiley & Sons Ltd.;;Software - Practice and Experience;;;
scopus;;Conference paper;Continuous Integration for Electronic Products-Enabled by Digital Twins;"Wolff C.; Schulz P.; Rettkowski J.; Sleibi N.; Trimech S.; Hensen C.";2025;10.1109/IDAACS68557.2025.11322082;https://www.scopus.com/pages/publications/105032755941?origin=resultslist;The need for frequent new features, bug fixes and updates has led to the development of the continuous integration/continuous deployment (CI/CD) paradigm in software production. For embedded systems, this transformation is inhibited mainly by the constraints of electronics manufacturing, both in prototyping and in production and delivery of the final product. Nevertheless, the agile transformation of the embedded systems market requires a more flexible and continuous integration of new features while the growing complexity leads to more frequent bug fixes. The main inhibiting factor is the high effort and turn-around time (TAT) for changes of the hardware of the product or the production systems. This contribution presents the concept of a CI engineering chain and design flow for electronic products based on the adaptation of the concept of the digital twin. This concept connects the model-based systems engineering (MBSE) approaches used in the frontend of the engineering chain (development, verification) with the established concept of the digital twin in the backend of the chain (production, product test, logistics, deployment) by enhancing the structural system descriptions contained in 'classical' digital twins with the functional models used in MBSE. The concept is illustrated by mapping it to the case of an electronics manufacturing service (EMS) provider. © 2025 IEEE.;;Proceedings of the IEEE International Conference on Intelligent Data Acquisition and Advanced Computing Systems: Technology and Applications, IDAACS;;;
scopus;;Conference paper;Enhancing Concurrent User Capacity Through Kubernetes Implementation: A Case Study at PT. XYZ;"Djaja L.T.; Kurniawati Y.E.";2025;10.1016/j.procs.2025.09.045;https://www.scopus.com/pages/publications/105023978642?origin=resultslist;This study explores deploying and evaluating a Kubernetes-based architecture at PT XYZ to enhance scalability and increase maximum concurrent user capacity. The migration involved refactoring legacy services into Docker containers and orchestrating them on a Kubernetes cluster spanning multiple worker nodes. This study replaced the VM-based environment with containerized workloads to enable dynamic resource allocation, horizontal pod autoscaling, rolling updates, and self-healing. Load tests using Apache JMeter, simulating API requesr under simulating API requests under steadily increasing user loads, and captured throughput, response times, error rates, CPU, and memory metrics via Prometheus and Grafana to measure performance gains. The Kubernetes deployment sustained up to 60 % more concurrent users than the legacy setup, with consistently lower latency, fewer errors, and more stable resource usage. These results confirm that Kubernetes offers an elastic, resilient, and efficient infrastructure, well-suited for high-demand enterprise applications requiring high availability, rapid adaptability, and decreasing operational costs. © 2025 The Authors.;;Procedia Computer Science;;;
scopus;;Conference paper;AI-Powered CNC Digital Twin for Predictive Maintenance;"Singh S.; Sethi S.; Sharma R.; Vaibhavi D.; Tiwari A.";2025;10.1109/ICPC2T63847.2025.10958573;https://www.scopus.com/pages/publications/105004744387?origin=resultslist;In today's manufacturing landscape, maintaining the operational efficiency of CNC (Computer Numerical Control) machines is critical for minimizing downtime and maximizing productivity. This paper presents a novel framework that integrates artificial intelligence (AI) with digital twin technology for predictive maintenance in CNC operations. By leveraging IoT (Internet of Things) sensors, real-time data is collected from CNC machines, enabling the creation of a dynamic digital twin that accurately represents machine performance and behavior. Hereby, employing advanced machine learning techniques, specifically XGBoost, to analyze historical and real-time data, facilitating the early detection of potential failures and optimizing maintenance schedules. It not only enhances the accuracy of maintenance predictions but also significantly reduces the maintenance cost and unplanned machine downtimes. This research contributes to the ongoing development of smart manufacturing systems and underscores the importance of AI-driven solutions in enhancing predictive maintenance strategies within the industrial sector. © 2025 IEEE.;;2025 4th International Conference on Power, Control and Computing Technologies, ICPC2T 2025;;;
scopus;;Conference paper;Exploring Devops Practices for Lifecycle Management of Physical and Digital Twins in Cyber-Physical Systems;"Picone M.; Talasila P.; Bicocchi N.; Larsen P.G.";2025;10.1109/ICPS65515.2025.11087838;https://www.scopus.com/pages/publications/105040233147?origin=resultslist;As industries increasingly adopt Digital Twins (DTs) as strategic tools for enhancing the intelligence, interoperability, and overall quality of cyber-physical systems, managing their development and lifecycle has become increasingly complex. Unlike traditional software systems, DTs necessitate the seamless integration of digital and physical components, introducing challenges in design, development, testing, and deployment. These challenges are compounded by the unique nature of Physical Twins (PTs), which are costly, time-intensive to modify, and often unavailable during critical phases of the development process. This paper explores how DevOps practices can be adapted to address these complexities and support the effective development of DT-enabled systems. Central to this adaptation is the use of PT mocks, which mitigate the challenges of PT unavailability by simulating realistic interaction scenarios. PT mocks enable iterative and scalable development by reducing dependencies on PTs and accelerating testing and deployment cycles. Furthermore, the paper introduces a shared software architecture that enhances modularity by allowing PT mocks and DTs to reuse common software components ensuring consistency between physical and digital elements, and fosters alignment throughout the system lifecycle.  © 2025 IEEE.;;International Conference on Industrial Cyber Physical Systems, ICPS;;;
scopus;;Article;The secured authentication system: Integrated cyber security end-toend based cyber-physical systems for improved DevOps resilience with authentication;"Arivanantham V.P.; Ghanimi H.M.A.; Sonthi V.K.; Ayasrah F.T.; Lenka R.M.; Hemalatha P.; Sengan S.; Dadheech P.";2025;10.47974/JDMSC-2365;https://www.scopus.com/pages/publications/105017074846?origin=resultslist;The software development model is changing fast, and the challenge of security remains the primary attention, particularly with the implementation of Development and Operations (DevOps), Distributed Ledger Technology (DLT), and other methods. Thus, when such technologies are integrated within organizations, it becomes essential to measure the use of the technologies in Anomaly Detection (AD) and access management. This research work evaluates the competence of these technologies based on measures such as the Detection Rate (DR) and the False Positive Rate (FPR). Statistics reveal that as the number of records increases. DR improves across all methods, with DevOps Resilience with Authentication (DevOps-RAS) achieving the highest DR of 95.94% at 500 records, compared to 81.23% for CAMS and 85.43% for DLT. Conversely, FPR increases with record size, with DevOps RAS presenting a higher FPR of 95.78% at 500 records, compared to 76.45% for CAMS and 83.56% for DLT. These visions should help organizations determine the most effective security method for Cyber-Physical Systems (CPS), thereby maximizing DR while minimizing the FPR required to enhance the system’s overall robustness. © 2025, Taru Publications. All rights reserved.;;Journal of Discrete Mathematical Sciences and Cryptography;;;
scopus;;Conference paper;AI-Augmented DevOps: An Intelligent Framework for Secure and Scalable Cloud-Native Pipeline Automation;Mittal A.;2025;10.1109/ICCA66035.2025.11430740;https://www.scopus.com/pages/publications/105036949297?origin=resultslist;Cloud-native development demands secure, scalable applications delivered at unprecedented speed. Existing DevOps approaches lack intelligent decision-making for security vulnerability prioritization, anomaly detection, and policy enforcement. This paper presents an AI-Augmented DevOps framework integrating machine learning with DevSecOps practices to create self-managing deployment pipelines. Our approach combines pre-commit security scanning, AI-powered vulnerability assessment, policy-as-code enforcement, and explainable anomaly detection, achieving 87% reduction in security incidents and 340% improvement in deployment frequency. We demonstrate effectiveness through complete implementation using GitHub Actions, Kubernetes, and custom ML models, achieving less than 5% false positive rates and 3.5-month ROI. Furthermore, our framework serves as an embedded tutoring system, with user studies showing a 67% improvement in developers' understanding of security practices. The open-source implementation1 enables reproducible research and immediate practical adoption. © 2025 IEEE.;;International Conference on Computer and Applications, ICCA 2025 - Proceedings;;;
scopus;;Article;Defining and generating multi-level and uncertainty-wise test oracles for cyber-physical systems;"Valle P.; Arrieta A.; Han L.; Ali S.; Yue T.";2025;10.1007/s10270-025-01271-8;https://www.scopus.com/pages/publications/85218826125?origin=resultslist;Cyber-physical systems (CPSs) blend digital and physical processes. CPS software is the key to realizing their functionalities. This software needs to evolve to deal with different aspects, such as the implementation of new functionalities or bug fixes. Because of this, design–operation methods, colloquially known as “DevOps,” are paramount to be adopted within these systems. During DevOps phases, automating test execution at design time is a key enabler of streamlined software development and software quality improvement. Likewise, monitoring whether a CPS is behaving as expected at operation is similarly important. In DevOps, test oracles play an important role in enabling automated testing, ensuring the reliability of software deployments, providing feedback to developers, etc. However, defining and generating test oracles in the context of DevOps practices in CPSs need to accommodate aspects specific to CPSs, such as their time-continuous behavior and inherent uncertainties. To this end, in this paper, we propose a domain-specific language (DSL) to ease the definition of test oracles and an automated solution for generating a microservice encapsulating the defined test oracles, which is compatible with a DevOps ecosystem for CPSs. We evaluated our DSL with two industrial case study systems and 9 open-source CPSs. Our evaluation results suggest that our DSL can model around 98% of the requirements of these systems through test oracles. Furthermore, it is possible to generate a microservice to be applicable at different test levels within less than 20 min, being fast enough to be adopted in practice. © The Author(s) 2025.;;Software and Systems Modeling;;;
scopus;;Article;Using Full-Dimensional Programmability to Power Self-Driving 6G Networks;"Wu T.; Yao H.; Mai T.; Wang Z.; Wang F.; Guizani M.";2025;10.1109/MNET.2024.3448288;https://www.scopus.com/pages/publications/85201762049?origin=resultslist;Recently, 6G has attracted widespread attention from both academia and industry. 6G networks are expected to exhibit even more heterogeneity than 5G networks, and support various emerging scenarios and applications such as virtual and augmented reality (VR/AR), air/ space/ground networks, and Internet of Things. Such massive heterogeneous devices pose huge challenges for network control and management. Recently, advances in artificial intelligence have brought a new clan of networks, termed as self-driving 6G networks. It utilizes network telemetry, artificial intelligence, and DevOps to simplify networks and operations, helping network owners improve network quality, as well as increase efficiency. However, the current network is built on closed merchant switching ASICs and a homegrown management and control system. Self-driving an opaque system without really knowing and controlling what they do is a hazardous and fruitless endeavor. Fortunately, the network programmability technology opens the possibility for running self-driving algorithms over the whole network. In this paper, we design a full-dimensional programmability empowered self-driving 6G network architecture. We discuss how network programmability can promote the release of network intelligence, from the view of both verticality (control and data plane) and horizontality (end to end). Moreover, three use cases are designed to demonstrate that the proposed architecture can automatically cope with the dynamically changing complex network environment, realize automatic perception and automatic decision, and then facilitate the automation level of the network and enhance the performance of the network. ©1986-2012 IEEE.;;IEEE Network;;;
scopus;;Conference paper;Telcoformrix: An AI-Augmented Framework for Declarative and Scalable Provisioning of Real-Time Communication Infrastructure (Work in Progress);"Davuluri S.K.; Challagulla V.; Mudapaka V.; Konka U.";2025;10.1109/RTC66985.2025.11211725;https://www.scopus.com/pages/publications/105022239615?origin=resultslist;The growing demand for real-time communication (RTC) services necessitates more efficient and reliable infrastructure provisioning methods. This work-inprogress paper introduces Telcoformrix, an AI-native Infrastructure-as-Code (IaC) framework designed to simplify the deployment of RTC infrastructure. By leveraging a fine-tuned large language model (LLM), Telcoformrix translates high-level YAML declarations into Terraform JSON configurations, abstracting the complexities of cloud and edge network setup. Integrated with GitOps workflows, the framework aims to automate validation and deployment via CI/CD pipelines. This paper outlines the motivation, design, and planned evaluation of Telcoformrix, positioning it as a promising approach to reducing cognitive load and configuration errors in RTC infrastructure management. © 2025 IEEE.;;2025 IEEE International Conference and Expo on Real Time Communications at IIT, RTC 2025;;;
scopus;;Article;Cost-optimized Internet of Things application deployment in edge computing environment;"Tang B.; Zhang X.; Yang Q.; Qi X.; Alqahtani F.; Tolba A.";2025;10.1002/dac.5618;https://www.scopus.com/pages/publications/85172996582?origin=resultslist;With the increasing popularity of cloud native and DevOps, container technology has become widely used in combination with microservices. However, deploying container-based microservices in distributed edge-cloud infrastructure requires complex selection strategies to ensure high-quality service for users. Existing container orchestration tools lack flexibility in selecting the best deployment location based on user cost budgets and are insufficient in providing personalized deployment solutions. This paper proposes a genetic algorithm-based Internet of Things (IoT) application deployment and selection strategy for personalized cost budgets. The application deployment problem is defined as an optimization problem that minimizes user service latency under cost constraints, which is an NP-hard problem. The genetic algorithm is introduced to solve this problem effectively and improve deployment efficiency. Comparative results show that the proposed algorithm outperforms four baseline algorithms, including time-greedy, cost-greedy, random, and PSO, using real datasets and some synthetic datasets. The proposed algorithm provides personalized deployment solutions for edge-cloud infrastructure. © 2023 John Wiley & Sons Ltd.;;International Journal of Communication Systems;;;
scopus;;Conference paper;Integration Core - A Novel Platform for Scenario-Based Testing of Automated and Electric Mobility Systems;"Schyr C.; Braun N.; Nickel D.; Schmidt M.";2025;10.1109/IAVVC61942.2025.11219555;https://www.scopus.com/pages/publications/105025148676?origin=resultslist;Like E/E architectures, current platforms for scenario-based testing of automated and electric vehicles are restricted with respect to computational performance, connectivity and scalability within an agile Continuous Integration / Continuous Deployment (CI/CD) process. AVL has therefore introduced a novel integration platform to support a wide test range from functional safety up to scenario-based testing and from a completely virtual Device-under-Test up to an entire physical System-under-Test. The AVL Integration Core offers a comprehensive range of options designed to enhance the testing of software-defined vehicle architectures, including advanced sensor stimulators and injection solutions for camera, radar, lidar, ultrasonic and localization/motion that cater even to the most demanding automated driving functions. The paper at hand describes in the first part the platform software architecture in detail, which is based on a scalable GPU Server with integrated Hardware-in-the-Loop (HiL) interfaces. This enables complete virtualization and flexible allocation of simulation modules, integrating all required functions from detailed physical vehicle models, scenario-based traffic simulation and detailed physical or behavioral sensor simulation respective stimulation. In the second part, the application of the integration platform for a Signal-HiL, a Power-HiL and a Vehicle-HiL configuration is presented. Finally, a testing methodology is discussed to utilize functional prototypes efficiently throughout the CI/CD cycle.  © 2025 IEEE.;;IAVVC 2025 - IEEE International Automated Vehicle Validation Conference, Proceedings;;;
scopus;;Conference paper;Digital Twin-Driven Testing of IoT Systems: A Scalable Simulation-Based Approach;"Georgiev G.; Trifonov R.; Gotseva D.; Kotov G.";2025;10.1109/COMSCI67172.2025.11225248;https://www.scopus.com/pages/publications/105026859299?origin=resultslist;Digital twins are emerging as a transformative approach for testing Internet of Things (IoT) systems, offering virtual replicas of physical environments to enhance test efficiency, scalability, and reliability. This paper presents a scalable simulation-based testing methodology driven by digital twin technology. We discuss how a digital twin of a smart home IoT system can be used to execute extensive test scenarios faster and more safely than on physical hardware. A hypothetical experimental evaluation is described in which a smart home digital twin is subjected to various sensor events, network conditions, and fault injections. Comparative analysis with traditional physical testing shows significant improvements: test coverage is broadened by simulating extreme and rare conditions, and testing time is greatly reduced through accelerated and parallelized virtual experiments. The results indicate that digital twin-driven testing can uncover 30% more faults prior to deployment and reduce testing duration by over 40% compared to conventional methods. © 2025 IEEE.;;2025 13th International Scientific Conference on Computer Science, COMSCI 2025 - Proceedings;;;
scopus;;Conference paper;Enhancing Interoperability and system performance through Automation and testing of IoT sensors;"Rajeshwari J.; Patil A.P.; Sankarasubramanian R.; Yelaka S.P.; Megavarsini J.; Kirthana Bhoomika C.R.";2025;10.1109/ICNGCS64900.2025.11182974;https://www.scopus.com/pages/publications/105021940383?origin=resultslist;Seamless interoperability and enhanced system performance for real-time monitoring and efficient operation in smart environments are achieved through improved IoT sensor integration and automated testing and validation of backend APIs. By automating the processes of sensor data collection and API validation, the proposed method improves system efficiency, accuracy, and scalability within IoT environments. The central goal is to design a unified platform simplifying sensor deployment and ensuring consistent, reliable communication with backend systems. The proposed solution introduces a middleware layer that facilitates IoT sensor integration by unifying data formats and communication standards. It includes a backend API testing framework, leveraging tools like Cypress to verify API responses for accuracy, performance, and error resilience. Key components of this system include real-time simulation of sensor data, automated generation of test cases, and seamless integration with CI/CD pipelines for ongoing validation. Technologies such as Node.js, Python, and RESTful APIs are used to maintain scalability and system compatibility.The developed system offers a streamlined and automated approach to managing IoT sensors and verifying API interactions. Users can set up sensors, simulate their output, and validate backend responses without manual input. This level of automation reduces the time required for deployment, decreases the likelihood of errors, and ensures consistent performance of backend services. The proposed methodology demonstrates significant improvements in the efficiency and dependability of IoT-based systems. © 2025 IEEE.;;2025 International Conference on Next Generation Computing Systems: Intelligent System for Sustainable Development, ICNGCS 2025 - Conference Proceedings;;;
scopus;;Conference paper;The Information System Factory - Return to Simplicity;"Koch W.; Ortiz R.; Benda O.; Mishra A.K.";2025;10.1109/ICECCME64568.2025.11277453;https://www.scopus.com/pages/publications/105031371815?origin=resultslist;"This paper presents the concept of a tool (Information System Factory) which uses a Fourth Generation Language ( 4 G L) environment for the production of Information Systems in an agile Software Development Style (RAD: Rapid Application Development). The production process follows the principle of a factory, which assembles the final product by reusing already developed components and adding new components either by in house development or by acquiring external components (Component Based Development). The final system follows a three layer architecture (MVC: Model View Control) separating Data Base (Model) Management, User Interaction (View), and Programming (Control). Modern Micro Computers can be used to execute this '4GL-RAD-Tool' locally on user's premises or in the field (powered by a battery) without the need of accessing facilities in a global network (cloud). The power of a low cost, energy saving Single Board Computer (SBC) is enough e.g. for developing and running business information systems using this tool. SBCs are frequently used in embedded Systems, which interact with sensors and actuators to control physical processes. Since SBCs can be equipped with large storage devices, there is no need in many cases to use programs in the cloud for the further on processing of big data. A realization of this 4GL-RAD Tool is based on an INFORMIX-4GL compatible system, which is available as an open source productivity tool. The System provides a menu driven IDE, which supports a standard System Development Life Cycle (SDLC) as linear or iterative model. The different phases of the SDLC are delivering various artifacts like User Requirement Documents, Code, and Software User Manuals, which can be enhanced by using Artificial Intelligence (AI). Restricting the system development to classes like Business Administration, Cultural Heritage, IoT-Computing to name a few, can support the development process by introducing 'domain ontologies' in the 'DevOps""-Environment. The development of a Sensor Network provides a practical example in the field of Mechatronic Engineering.  © 2025 IEEE.";;International Conference on Electrical, Computer, Communications and Mechatronics Engineering, ICECCME 2025;;;
scopus;;Conference paper;Automated Compliance-Aware DevSecOps for AI-Driven IoT Data Streams Using Cloud-Native ML Across AWS, GCP, and Azure;"Sharma P.; Nellutla N.";2025;10.1109/iSAI-NLP66160.2025.11320492;https://www.scopus.com/pages/publications/105032729100?origin=resultslist;The rapid proliferation of Internet of Things (IoT) devices has resulted in unprecedented volumes of heterogeneous data streams, creating new challenges for secure, compliant, and scalable data management. Traditional DevSecOps practices provide continuous integration and delivery pipelines, yet they are not inherently equipped to enforce dynamic compliance across multicloud ecosystems. This paper presents an automated complianceaware DevSecOps framework for AI-driven IoT data streams, integrating cloud-native machine learning services across Amazon Web Services (AWS), Google Cloud Platform (GCP), and Microsoft Azure. The framework introduces a compliance orchestration layer that continuously monitors regulatory requirements such as HIPAA, GDPR, and ISO 27001, embedding them directly into data ingestion, transformation, and analytics pipelines. Cloud-native ML models are deployed to detect anomalies, classify workloads, and adapt security policies in real time, while monitoring ensures interoperability and resilience across providers. Experimental evaluation demonstrates that the proposed framework achieves significant reductions in compliance drift, improves detection of misconfigurations, and maintains low-latency processing for high-velocity IoT data streams. By unifying DevSecOps automation with compliance-driven machine learning in multi-cloud environments, this work provides a resilient foundation for enterprises seeking to operationalize secure, regulation-aligned IoT analytics at scale. © 2025 IEEE.;;2025 20th International Joint Symposium on Artificial Intelligence and Natural Language Processing, iSAI-NLP 2025;;;
scopus;;Article;Manipulating a CI/CD Pipeline in an IoT Embedded Project: A Quasi-Experiment;"Pereira I.; Carneiro T.; Figueiredo E.";2025;10.1002/smr.70022;https://www.scopus.com/pages/publications/105003231163?origin=resultslist;Given the multidisciplinary complexity of embedded Internet of Things (IoT) projects and the demand for qualified professionals, this study investigates the influence of continuous integration and continuous delivery (CI/CD) skills and developers' perceptions regarding applying these practices in this domain. We conducted a quasi-experiment with 98 students from three undergraduate courses at two Brazilian federal universities, analyzing the impact of developer skills on CI/CD. The results showed that developers with no previous CI/CD skills faced more significant difficulties in practical activities. It was interesting to note that most participants in our sample already had some experience with real software development projects. However, most have never had real experience with an embedded IoT project or CI/CD tools. The approach we followed resulted in 92% success. Attendees expressed interest in more hands-on training on CI/CD pipeline, DevOps, and embedded IoT projects. We also noticed a great need for them to have more practical experience with Git, GitHub, GitHub Actions, and GNU/Linux. © 2025 John Wiley & Sons Ltd.;;Journal of Software: Evolution and Process;;;
scopus;;Article;Computing Continuum Simulator: A comprehensive framework for continuum architecture evaluation;"Rodríguez P.; Laso S.; Berrocal J.; Fernández P.; Ruiz-Cortés A.; Murillo J.M.";2025;10.1016/j.softx.2025.102156;https://www.scopus.com/pages/publications/105002487100?origin=resultslist;The Computing Continuum paradigm is essential for meeting the needs of IoT applications that demand real-time processing, reliable connectivity, and low-latency response. Unlike traditional cloud models, Computing Continuum integrates resources across edge, fog, and cloud layers, bringing data processing closer to its source. It is crucial in fields like healthcare, industry, and agriculture, where strict quality requirements have significant economic and social impacts. However, evaluating the performance and reliability of continuum architectures is challenging due to the complexity and high costs of setting up customizable and scalable near-realistic multi-layered environments. To address these challenges, we introduce the Computing Continuum Simulator framework, specifically designed to evaluate the deployment architecture – both physical and logical – of continuum environments. It enables the deployment of large Computing Continuum scenarios, customizing device types, network infrastructure, and custom application setups to accurately simulate and evaluate near real-world conditions. Implemented as a Software as a Service, it minimizes required computational demands on the user-side and integrates seamlessly into DevOps workflows, simplifying deployment, testing, and adoption by software companies, offering a pricing plan to ensure accessibility for various needs. Scalability tests showed the framework maintains stable run times, with different simulation sizes depending on the pricing plan. This consistency underscores the robustness and its suitability for customizable and scalable continuum architecture evaluations. © 2025;;SoftwareX;;;
scopus;;Conference paper;Actuation Conflict Management in Internet of Things Systems DevOps: A Discrete Event Modeling and Simulation Approach;"Capocchi L.; Santucci J.-F.; Tigli J.-Y.; Gomnin T.; Lavirotte S.; Rocher G.";2025;10.1007/978-3-031-81900-1_12;https://www.scopus.com/pages/publications/85215304769?origin=resultslist;In IoT DevOps, simulating actuation conflict management is crucial for enhancing conflict detection and resolution in concurrent IoT applications. This paper introduces a new discrete event modeling and simulation approach for IoT systems during the design phase. Its objectives are to identify potential conflicts arising from competing smart applications accessing shared actuators or physical properties and to validate actuation conflict management specifications aimed at resolving conflicts among concurrent access attempts to IoT devices. The formalism of discrete event system specification is employed to model IoT systems formally, incorporating an actuation conflict management simulation model. This aids designers in the resolution of actuation conflicts. © IFIP International Federation for Information Processing 2025.;;IFIP Advances in Information and Communication Technology;;;
scopus;;Conference paper;An Open-Source Approach for Emulating Complex Embedded Systems: Enhancing Software Verification with Radiation-Induced Fault Injection;De Clercq M.;2025;;https://www.scopus.com/pages/publications/105035080240?origin=resultslist;The growing complexity of embedded systems in safety-critical domains such as automotive, aerospace, and New Space demands verification methods that are both comprehensive and scalable. Traditional hardware-based testing, while indispensable for final certification, is time-consuming and costly to adapt for early-stage development and continuous integration pipelines. This paper introduces a novel open-source approach that integrates two powerful emulation platforms, Renode and QEMU, for software-centric correctness testing. The proposed approach supports complex multi-node configurations, enabling the emulation of both low-power microcontrollers and high-performance systems-on-chip (SoCs). A key feature is the ability to perform advanced fault injection - including simulation of radiation-induced SEUs and transient faults - which are notoriously difficult to replicate on physical hardware. We present a proof-of-concept case study featuring an emulated Raspberry Pi Pico (Cortex-M0+) and a Linux-class ARM SoC node (QEMU AArch64 virt, approximating a Raspberry Pi 5-class system) communicating through CAN and UART. Experimental results show that our proposed approach provides broad fault coverage, flexible integration into CI/CD pipelines, and a reduction in testing overhead compared to traditional methods in our experiments.  © 2025 ESA.;;Proceedings of the 2025 European Data Handling and Data Processing Conference for Space, EDHPC 2025;;;
scopus;;Conference paper;AI-Driven Predictive Patient Monitoring System Using Kubeflow and CI/CD Enabled MLOps Framework;Sundaram D.;2025;10.1109/ICCA66035.2025.11430793;https://www.scopus.com/pages/publications/105036975050?origin=resultslist;Continuous and intelligent patient monitoring is essential for improving clinical outcomes and preventing avoidable deterioration in hospitals and remote care environments. Traditional systems rely on static thresholds and manual review, often missing subtle changes in patient status and contributing to alarm fatigue. This paper presents an AI-driven predictive monitoring system that integrates real-time physiological data streams with a Kubeflow-based MLOps pipeline and a fully automated CI/CD workflow. The system continuously learns from patient-specific baselines and adapts to evolving clinical patterns through automated retraining, validation, and deployment. By combining personalized risk modeling, scalable cloud-native architecture, and explainable AI, the proposed solution enhances early-warning capabilities and supports timely decision-making across ICU, chronic-care, and remote-monitoring scenarios. © 2025 IEEE.;;International Conference on Computer and Applications, ICCA 2025 - Proceedings;;;
scopus;;Conference paper;Design and Implementation of an IoT-Driven Full-stack Fleet Management System Leveraging a DevOps Approach;"Shidqi H.; Hermanto B.R.; Bandung Y.";2025;10.1109/ICAICTA67604.2025.11335146;https://www.scopus.com/pages/publications/105033039411?origin=resultslist;The Indonesian B2B construction material distribution sector faces significant operational challenges due to inefficient route planning, particularly for heavy vehicles, inadequate tracking of inaccessible routes, lack of timely alerts for deviations and idles, also unreliable fuel consumption monitoring. This paper presents the design and implementation of an Internet of Things (IoT) driven full stack fleet management system (FMS) leveraging a DevOps approach to address these issues. The system delivers optimized route planning considering vehicle constraints, automated alerts, and enhanced fuel tracking and validation capabilities. Key results include the successful implementation and validation of all designed functionalities for its defined user roles (planner, manager, and driver) and demonstrated system stability under load and stress testing, achieving maximum response times of 215 ms with 28 concurrent virtual users and 2.82 s with 100 concurrent virtual users (handling mixed WebSocket and HTTP traffic), all with no errors. The successfully deployed and monitored FMS offers a cost-effective, scalable, and maintainable solution for medium-scale companies.  © 2025 IEEE.;;2025 12th International Conference on Advanced Informatics: Concept, Theory and Application, ICAICTA 2025;;;
scopus;;Conference paper;Implementing Machine Learning models in a Kubernetes cluster for a smart monitoring system;"Kouach B.; Mekhfioui M.; El Mrabet A.; El Gouri R.";2025;10.1109/ICOA66896.2025.11236859;https://www.scopus.com/pages/publications/105029625967?origin=resultslist;In order to increase the rent of resources (CPU and RAM) for nodes in a Kubernetes cluster to avoid over-provisioning or under-provisioning, we present a smart system dedicated to continuously monitoring of the infrastructure, using the power of Machine Learning in analyzing and predicting the utilization of node resources and thus guaranteeing high application availability for deployment. The models of machine learning such as Long Short-Term Memory and Recurrent Neural Networks are trained on the data collected from the cluster via Prometheus, to produce reliable predictions of future resource consumption. The results of our work are visualized in Grafana, providing a an interactive and a clear dashboard for monitoring performance. Our approach aims to improve the operational efficiency, resilience, and performance of applications running in a Kubernetes environment. © 2025 IEEE.;;2025 11th International Conference on Optimization and Applications, ICOA 2025 - Proceedings;;;
scopus;;Conference paper;Development of a System for Predicting Continuous Integration Build Failures Using Deep Learning and MLOps;"Luu-Minh T.; Quach-Thi-Hoai P.; Le-Anh T.; Nguyen-Van B.; Le-Trung Q.";2025;10.1109/RIVF68649.2025.11365030;https://www.scopus.com/pages/publications/105034479318?origin=resultslist;As software development advances, maintaining reliable Continuous Integration (CI) pipelines is essential because build failures can delay releases, raise costs, and reduce code quality. This paper presents a system that predicts CI build failures using deep learning and Machine Learning Operations (MLOps). The system employs Long Short-Term Memory (LSTM) networks optimized with Genetic Algorithms (GA) to capture temporal build patterns. A web-based platform, CIFlow, offers user management, repository integration, workflow control, and Artificial Intelligence (AI) model monitoring. Built on a microservices architecture and deployed on Kubernetes, it ensures scalability and automation, while Development, Security, and Operations (DevSecOps) and GitOps enhance security and efficiency. Experimental results show high Area Under the Curve (AUC) scores, proving the system's effectiveness in reducing build failures and improving CI pipeline reliability. © 2025 IEEE.;;Proceedings - 2025 RIVF International Conference on Computing and Communication Technologies, RIVF 2025;;;
scopus;;Conference paper;Cloud-Native Hybrid Deployment Technology Under Narrowband Communication Conditions;"Wang L.; Yang Z.; Zhong C.; Zhang W.";2025;10.1109/ICNC-FSKD67701.2025.11198011;https://www.scopus.com/pages/publications/105021809009?origin=resultslist;Edge computing extends cloud capabilities to the network periphery to reduce latency and bandwidth usage, but implementing cloud-native technologies in these environments poses unique challenges. This paper surveys cloud-native hybrid deployment strategies under narrowband communication conditions, as encountered in IoT and remote edge scenarios. We review the state of the art in general-purpose edge computing, focusing on containerization and orchestration frameworks that bridge cloud and edge deployments despite constrained network bandwidth. Key platforms and tools are examined in depth, including Kubernetes for container orchestration, lightweight Kubernetes variants like K3s and edge-specific frameworks like KubeEdge, package management with Helm, GitOps continuous delivery via Argo CD, event-driven scaling with KEDA, and the integration of security through DevSecOps practices. We describe architectural approaches for hybrid cloud-edge orchestration, evaluate each solution's design, and discuss how they accommodate intermittent connectivity and low data rates. Through careful analysis of existing literature and industry practices, we highlight how cloud-native paradigms can be adapted to bandwidth-constrained edge environments, identify open challenges in managing deployments over narrowband links, and outline future research directions in optimizing cloud-edge synergy under network limitations. © 2025 IEEE.;;ICNC-FSKD 2025 - 21st International Conference on Natural Computation, Fuzzy Systems and Knowledge Discovery;;;
scopus;;Conference paper;A Runtime Design of WebAssembly Container for Embedded Real-Time Operating Systems;"Wang W.; Li J.";2025;10.1007/978-3-031-91853-7_17;https://www.scopus.com/pages/publications/105006896832?origin=resultslist;The environment of software deployment and DevOps tended to be lightweight and packaged for easier distribution, and container technology was introduced to meet this demand. Containers provide isolation and security policies to enhance the reliability of users’ applications, but they also come with huge system overhead. For lower response latency and smaller storage occupancy, a more acceptable container solution is needed for those complex environments and edge devices. This paper proposes a lightweight container runtime based on WebAssembly. We have compared the performance with the most popular runtimes and native applications, and the results show that our runtime occupies less memory and can respond faster in certain running modes, which can meet the requirements for the application deployment on the resource-constrained devices in real-time scenarios. © ICST Institute for Computer Sciences, Social Informatics and Telecommunications Engineering 2025.;;Lecture Notes of the Institute for Computer Sciences, Social-Informatics and Telecommunications Engineering, LNICST;;;
scopus;;Article;Unleashing the power of Devops and Iot: a framework for software delivery and system availability;"Vaish P.; Anand N.; Sharma G.";2025;10.1007/s11042-024-19452-w;https://www.scopus.com/pages/publications/105004070607?origin=resultslist;This research paper proposes a DevOps and IoT-based software delivery and system availability performance model with continuous monitoring and feedback. The model was developed to measure the software delivery performance and system availability of organizations using various DevOps capabilities. The research involved data collection from IT organizations across different industries, and the findings were analyzed to determine the impact of different capabilities on software delivery performance and system availability. The results show that the use of DevOps practices, coupled with IoT-based monitoring, can significantly improve software delivery performance and system availability. The research also highlights the importance of operational capabilities in improving system availability. The study concludes by providing insights into how organizations can leverage the findings to improve their software delivery performance and system availability, ultimately becoming elite performers. The research provides valuable insights and a practical framework for organizations looking to improve their software delivery performance and system availability using DevOps and IoT-based approaches. © The Author(s), under exclusive licence to Springer Science+Business Media, LLC, part of Springer Nature 2024.;;Multimedia Tools and Applications;;;
scopus;;Article;A devops framework for the systematic engineering and evolution of digital twins for built assets;"Aissat S.; Beaulieu J.; Poirier É.; Motamedi A.; Gascon-Samson J.; Bordeleau F.";2025;10.1007/s10270-025-01330-0;https://www.scopus.com/pages/publications/105020411096?origin=resultslist;"Digital twins (DT) constitute complex software systems that need to be continuously modified/updated to meet evolving user requirements and priorities, and support continual improvement. Because their aim is to monitor and improve different system aspects, their development requires the collaboration of people from different domains of expertise, e.g., the development of a DT for built assets may involve the collaboration of experts in software engineering, thermal comfort, air quality, energy consumption, building security, etc. Consequently, DTs need to be engineered to enable the fast and secure integration and deployment of new code, the systematic and iterative evolution of their components, and the independent development of different system aspects by those experts. In this paper, we present JuNo-OPS, a DevOps framework for the engineering of DTs for built assets. The framework is being developed, tested, and validated in the context of various DT projects at École de Technologie Supérieure (ETS), including the development of a DT for a multi-functional room and a DT for a climatic chamber. We focus on two main aspects of DT engineering: the DT architecture; and the DevOps infrastructure used to support the development, continuous integration, and continuous delivery of the DT software. We also discuss challenges and next steps related to the development and evolution of the framework. © The Author(s), under exclusive licence to Springer-Verlag GmbH Germany, part of Springer Nature 2025.";;Software and Systems Modeling;;;
scopus;;Conference paper;Identifying and Architecting Microservices for Edge Computing;Vora U.;2025;10.1109/ICSA-C65153.2025.00032;https://www.scopus.com/pages/publications/105007920758?origin=resultslist;Microservices architecture (MSA) paradigm extends Service Oriented Architecture (SOA) to focus on specific aspects such as design of small lightweight services as independent cohesive components, development and service management using agile and DevOps methodologies and service delivery based on distributed data management and decentralized service governance and more. MSA thus has become a widely used architectural style for designing modern applications due to advantages like granular scalability and maintainability, especially in today's world of 'system of systems'. Edge computing facilitates segregation of computing responsibilities between edge devices and cloud infrastructure to process and analyze data acquired by edge devices. The number of IoT devices is increasing at such a high rate that the need for Edge AI is expected to reach the value of investment to USD 72.6 billion by 2030. The edge analytics bring correlated research challenges from the areas of cyber and physical security, data privacy, maintenance support, access, latency, reliability, power consumption and remoteness into the scope and require innovation at architecture level as does the improvement in all systems' quality related attributes. In this tutorial we discuss how microservices paradigm can be used effectively for edge computing-based systems resulting in a sustainable architecture with lower dependency on the data-center / cloud architecture. © 2025 IEEE.;;Proceedings - 2025 IEEE 22nd International Conference on Software Architecture, ICSA-C 2025;;;
scopus;;Article;GATEKEEPER Platform: Secure Processing Environment for European Health Data Space;"Gaeta E.; Salman Haleem M.; Lopez-Perez L.; Manea M.; Fernanda Cabrera Umpierrez M.; Teresa Arredondo Waldmeyer M.; Pecchia L.; Fico G.";2025;10.1109/ACCESS.2025.3539559;https://www.scopus.com/pages/publications/85217928339?origin=resultslist;The European Health Data Space (EHDS) is a significant initiative within the European Union aimed at improving healthcare through better use of health data and collaboration. This involves sharing and utilization of health data in a secure and interoperable manner across EU member states. With the advent of modern technology, different types of health data are being acquired ranging from traditional electronic health records to real-time wearable signals for improved healthcare delivery and management. However, there are certain challenges associated with compliance to EHDS, such as secure continuous integration (CI) and continuous delivery (CD), scalability and adaptability towards new technologies and applications, tolerance against IoT cyber-attacks, requirement of advanced data storage methods, processing power, interoperability solutions for data analysis and connectivity. In order to address these, a flagship project of the European Commission, GATEKEEPER, represents a pioneering effort designed to transform healthcare delivery through the utilization of sophisticated digital technologies. The architecture of the GATEKEEPER platform has been meticulously crafted, in compliance with the EHDS, to integrate a multitude of data sources, deploying advanced analytical tools to enable the development of novel solutions for the effective prediction, detection, and management of chronic health conditions. GATEKEEPER addresses the aforementioned challenges by integrating collaborative tools for data management and consistency, machine learning modelling and management tool, activity feeds and issue tracking tools with developers authentication, CI/CD tools allowing, among others scalability in multiple formats, tools for assessing security, vulnerability and dependency for third party packages. © 2025 IEEE.;;IEEE Access;;;
scopus;;Conference paper;CyberHeraclius: Cyber Defence Evaluation Methodology;"Hatzivasilis G.; Ioannidis S.";2025;10.1109/CSR64739.2025.11130048;https://www.scopus.com/pages/publications/105016254839?origin=resultslist;Security evaluation remains a critical challenge in cybersecurity, especially with the growing complexity of systems like cloud and IoT environments. This paper introduces CyberHeraclius, a novel methodology for evaluating the security of modern computer networks. The process begins with automated asset mapping and the collection of public Cyber Threat Intelligence (CTI) from MITRE's CVE, CWE, and CAPEC repositories, as well as Metasploit. To address CTI limitations, such as false positives and coverage gaps, automated penetration testing is used to verify actual vulnerabilities. The validated results feed into a Medieval Castle-based security model, which assesses system resilience based on component composition. CTI risk metrics are then integrated with the model's aggregation formulas to quantify overall system risk. CyberHeraclius is part of the SecOPERA Platform, which supports secure continuous integration and deployment (CI/CD) pipelines for system developers.  © 2025 IEEE.;;Proceedings of the 2025 IEEE International Conference on Cyber Security and Resilience, CSR 2025;;;
scopus;;Conference paper;Towards Sustainable DevOps for Cyber Physical Systems;"Palesetti P.P.; Engström E.; Söderberg E.; Jasim A.-H.H.; Bexell A.; Korkakakis N.; Aminifar A.; Lagerstedt R.; Olsson P.; Sigurdson P.; Borg M.; Hagatulah N.; Orucevic-Alagic A.; Kihl M.";2025;10.1145/3696630.3728708;https://www.scopus.com/pages/publications/105013960274?origin=resultslist;DevOps has significantly improved the software development lifecycle by enabling fast, automated, and continuous integration and deployment (CI/CD). However, its application to Cyber-Physical Systems (CPS) presents unique challenges that require rethinking of traditional practices. DevOps in CPS becomes even more challenging when we consider sustainability, which is becoming increasingly important in all parts of society. In this position paper, we suggest that sustainability, though often overlooked, needs more attention in DevOps for CPS. Through insights gathered from a multi-industry workshop, we identify relevant sustainability goals, such as optimizing resource usage, and key barriers to sustainability in DevOps for CPS, such as difficulties in measuring sustainability improvements. To overcome these challenges, we propose strategies, such as using tools for reproducible builds, but also incorporation of sustainability goals into the organization and possibly in alignment with financial goals. We further see a need for more guidelines and frameworks specifically targeting sustainability. © 2025 Copyright held by the owner/author(s).;;Proceedings of the ACM SIGSOFT Symposium on the Foundations of Software Engineering;;;
scopus;;Article;Securing Cloud-Edge Collaborative Computing with AI, GANs, TEEs, Micro Data Centers, and Cloud-Oriented DevOps for Privacy Protection;"Yalla R.K.M.K.; Devarajan M.V.; Ganesan T.; Yallamelli A.R.G.; Mamidala V.; Sambas A.";2025;10.5875/xyfd7w08;https://www.scopus.com/pages/publications/105009307977?origin=resultslist;Cloud-edge collaborative computing combines the powers of cloud computing with edge processing to enable real-time, secure handling of data. Leveraging advanced techniques like artificial intelligence, generative adversarial networks, trusted execution environments, tiny data centers, and cloud-oriented DevOps methods aims to boost efficiency, security, and scalability. This study examines their joint abilities to address vulnerabilities, latency issues, and challenges with scaling in hybrid systems. The research applies artificial intelligence for dynamic optimization utilizes generative adversarial networks for the secure synthesis of data, employs trusted execution environments for strengthening hardware security, deploys tiny data centers to reduce latency, and adopts cloud-oriented DevOps approaches for enhancing operational efficiency. It assesses performance using key metrics such as accuracy, efficiency, and scalability. The goals are to boost cloud-edge system security using AI and GANs, scalability with micro data centers, privacy with TEEs, and deployment processes through cloud-oriented DevOps to accomplish efficient, safe hybrid computing. The proposed technologies that combine AI, GANs, TEEs, tiny data centers, and DevOps achieved 96% accuracy and 95% efficiency, exceeding the outputs of existing methods across all parameters and demonstrating suitability for secure, scalable, and adaptable cloud-edge computing systems. The amalgamation of AI, GANs, TEEs, micro data centers and DevOps dramatically enhances the security, scalability, and efficiency of cloud-edge computing, laying the foundation for future hybrid systems while addressing current weaknesses. © 2024 International Journal of Automation and Smart Technology;;International Journal of Automation and Smart Technology;;;
scopus;;Conference paper;Leveraging AI and MLOps for IoT-Edge-Cloud Industrial Digital Twins: A Practical Case Study;"Farooq M.A.; Bellavista P.; Bujari A.; Sita A.";2025;10.1109/CSCN67557.2025.11230711;https://www.scopus.com/pages/publications/105027168708?origin=resultslist;Artificial Intelligence (AI) and Machine Learning Operations (MLOps) are crucial for the practical application of Digital Twins (DT) in industrial environments. DT facilitate enhanced modelling, forecasting, and optimisation of assets and processes, while MLOps ensure resilient, reliable, and continuously updated models. This paper proposes an industrial-grade DT example for the manufacturing industry, utilising cloud/edge-based AI technologies from the Microsoft Azure ecosystem. Data handling and ML model training are performed at the cloud layer, while models are deployed and maintained at the edge. To enhance interoperability and portability, trained ML models are converted into lightweight and portable models using the Open Neural Network Exchange format (ONNX) standard. Continuous Integration and Continuous Deployment (CI/CD) are performed on an industrial edge device using GitHub Actions. REST APIs are implemented using standard HTTP methods to manage the IoT Central edge manifest. In-the-field experimental results demonstrate the effectiveness of our DT prototype in a specific industrial use case. © 2025 IEEE.;;2025 IEEE Conference on Standards for Communications and Networking, CSCN 2025;;;
scopus;;Conference paper;AutoDrift: A Forecast-Aware Concept Drift Detection and Retraining Pipeline in MLOps with CMAPSS;"Myakala R.K.; Nagata P.K.; Lavudya S.; Pedhapally S.K.; Podduturi V.R.";2025;10.1109/BigDataService65758.2025.00019;https://www.scopus.com/pages/publications/105031397681?origin=resultslist;Concept drift poses a critical challenge to deploying reliable machine learning models in real-world production environments, particularly in time series forecasting and predictive maintenance systems. We present AutoDrift, a modular, forecast-aware framework to detect concept drift and trigger the automated retraining of models within modern MLOps pipelines. This approach integrates Facebook Prophet for time series prediction, statistical drift detection techniques such as the Kolmogorov-Smirnov test, and Apache Airflow to orchestrate retraining and deployment tasks in response to detected drift. Using the widely bench marked NASA CMAPSS dataset, we simulate real-world engine degradation and sensor drift conditions to evaluate AutoDrift's effectiveness in predictive maintenance scenarios. The results demonstrate that AutoDrift maintains high forecasting accuracy (91% precision) while reducing retraining latency by 37% compared to static retraining schedules. The framework supports model versioning via MLflow and is cloud-agnostic, enabling seamless deployment across Kubernetes, AWS, and on-premises environments. AutoDrift offers a practical solution to one of the most pressing MLOps challenges such as maintaining the adaptability of deployed models to changing data distributions, by unifying drift detection, retraining logic, and orchestration in a single, extensible pipeline. The system is designed to be interpretable, scalable, and easy to integrate into existing machine learning operations, making it suitable for industrial applications in aviation, IoT, and large-scale telemetry monitoring.  © 2025 IEEE.;;Proceedings of the IEEE International Conference on Big Data Computing Service and Applications, BigDataService;;;
scopus;;Article;IoTBenchSL: A Streamlined Framework for the Efficient Production of Standardized IoT Benchmarks with Automated Pipeline Validation;"Cheng Y.; Li X.; Mao Z.; Fan W.; Huang W.; Liu W.";2025;10.3390/electronics14050856;https://www.scopus.com/pages/publications/86000538349?origin=resultslist;Security vulnerabilities in IoT firmware pose significant risks, and black-box protocol fuzzing offers a scalable and cost-effective solution for identifying these vulnerabilities. However, current fuzzing evaluation schemes are often beset by challenges such as limited benchmark dataset sizes, low benchmark production efficiency, insufficient automation, and poor adaptability, which hinder cross-method comparisons. To address these challenges, we propose IoTBenchSL, a modular, pipeline-driven framework for constructing standardized, reproducible, and integrable vulnerability detection benchmark datasets. IoTBenchSL introduces a benchmark production workflow alongside a CI/CD-based automated validation pipeline, equipping each benchmark with a one-click emulation environment, automated validation mechanisms, and exploit verification scripts. This approach enhances the efficiency and accuracy of benchmark generation. Additionally, IoTBenchSL seamlessly integrates with existing fuzzing frameworks, enabling large-scale fuzzing evaluations and vulnerability discovery without modifying fuzzers. In our experiments, IoTBenchSL was used to generate 100 firmware benchmarks and 100 vulnerability benchmarks. We identified 32 previously unknown vulnerabilities through these benchmarks, 21 of which received CVE or CNVD identifiers. These results demonstrate IoTBenchSL’s capacity to generate large-scale IoT fuzzing benchmarks, improving evaluation efficiency and reducing costs for comparative studies, thereby advancing reproducible fuzzing research. © 2025 by the authors.;;Electronics (Switzerland);;;
scopus;;Conference paper;VeriFogOps: Automated Deployment Tool Selection and CI/CD Pipeline Generation for Verifying Fog Systems at Deployment Time;"Awad H.; Ledoux T.; Bruneliere H.; Rivalan J.";2025;10.1145/3672608.3707854;https://www.scopus.com/pages/publications/105006419564?origin=resultslist;Fog Computing consists in decentralizing the Cloud by geographically distributing computation, storage, network resources, and related services. Among other benefits, it allows reducing bandwidth usage, limiting latency, or minimizing data transfers. However, Fog systems engineering remains challenging and quite often error-prone. Following best practices in software engineering, verification tasks can be performed before such systems are concretely deployed. Works already exist on verifying non-functional properties of Fog systems at different previous steps of the life cycle. This paper goes one step further and presents the VeriFogOps approach. This approach allows to automatically select deployment tools, based on expressed Quality of Service (QoS) requirements, and then generate relevant CI/CD pipelines supporting the deployment of Fog systems. We implemented and validated our approach via two realistic use cases, considering different QoS solutions and deployment tools. This work, developed in direct collaboration with our industrial partner Smile, goes towards the direction of a more comprehensive support for the entire life cycle of Fog systems, from design to actual deployment and execution. Copyright © 2025 held by the owner/author(s).;;Proceedings of the ACM Symposium on Applied Computing;;;
scopus;;Conference paper;AI-Driven DevOps in Telecommunications: Bridging Predictive Analytics with Continuous Delivery for Network Agility;"Davuluri S.K.; Challagulla V.; Mudapaka V.; Konka U.";2025;10.1109/RTC66985.2025.11211551;https://www.scopus.com/pages/publications/105022272857?origin=resultslist;The telecommunications industry is navigating a transformative era driven by the complexity of 5G, Internet of Things (IoT), edge computing, and software-defined networking. These technologies demand rapid, reliable, and scalable network operations to meet stringent performance, reliability, and regulatory requirements. This paper presents an in-depth study on integrating Artificial Intelligence (AI) into DevOps pipelines to address these challenges. By combining predictive analytics, machine learning (ML), and automation, our proposed AI-Driven DevOps model enhances network agility, optimizes resource allocation, minimizes service disruptions, and enables autonomous operations. We explore practical applications through a detailed case study, address implementation and scalability challenges, propose a conceptual pipeline with mathematical foundations, quantify hypothetical improvements with enhanced metrics, and discuss ethical considerations. The model bridges predictive insights with continuous delivery, fostering resilient, scalable, and intelligent telecom networks capable of adapting to dynamic demands. © 2025 IEEE.;;2025 IEEE International Conference and Expo on Real Time Communications at IIT, RTC 2025;;;
scopus;;Conference paper;Research on a New Security Development Toolchain for Scheduling Systems Based on Static Analysis and Continuous Integration;"Luo W.; Cen H.; Zhang H.; Yang S.; Xue S.; Zhao X.";2025;10.1007/978-3-032-06376-2_32;https://www.scopus.com/pages/publications/105019512775?origin=resultslist;Aiming at the problem of collaborative optimization of code security and development efficiency in new complex scheduling systems, a code detection automation security protection system based on compilation is proposed. By integrating Zentao project management platform, GitLab platform and Jenkins automation tool, a full-process static scanning tool chain is constructed. This method realizes three-stage collaboration in the development of intelligent scheduling systems: iterative development management of complex systems, access control during code merging, and in-depth secondary scanning embedded in the Continuous Integration and Continuous Delivery/Deployment (CI/CD) process. Applications show that this solution provides an extensible engineering practice for the next-generation scheduling systems with high security requirements, achieving joint optimization of security and development efficiency. © The Author(s), under exclusive license to Springer Nature Switzerland AG 2025.;;Smart Innovation, Systems and Technologies;;;
scopus;;Conference paper;Deployment and Design of AI-Powered Edge Systems for Wildlife Monitoring: A Survey;"Martinsky M.; Papan J.; Tatarka S.";2025;10.1109/ICETA67772.2025.11280041;https://www.scopus.com/pages/publications/105031445883?origin=resultslist;Wildlife monitoring increasingly employs artificial intelligence (AI) for automated detection, classification, and tracking in natural habitats. While cloud-based approaches provide strong computational resources, they face latency, connectivity, and energy limitations in remote areas. Edge computing addresses these constraints by enabling local inference on distributed devices, reducing bandwidth demand and supporting real-Time analytics. This survey reviews deployment and design strategies for AI-powered edge systems in wildlife monitoring, with focus on standalone, edge-cloud and federated architectures. We further examine containerization, orchestration frameworks, and continuous integration/continuous deployment (CI/CD) practices in distributed environments. Specific attention is given to device heterogeneity, energy management, and long-Term reliability under field conditions. Finally, we outline open challenges and research directions toward scalable, sustainable and autonomous wildlife monitoring with edge AI.  © 2025 IEEE.;;ICETA 2025 - 23rd Year of International Conference on Emerging eLearning Technologies and Applications, Proceedings;;;
scopus;;Conference paper;KOTO: A Kubernetes-Based Platform for Secure and Scalable OT Orchestration in Industry 5.0;"Giulianelli N.; Sabbioni A.; Montebugnoli S.; Bujari A.; Corradi A.";2025;10.1145/3773274.3774700;https://www.scopus.com/pages/publications/105027103095?origin=resultslist;The progressive digitization of Operation Technology (OT), thanks also to the integration of Industrial Internet of Things (IIoT) devices, is reshaping the landscape of modern industrial systems. This introduces additional complexity and amplifies the heterogeneity across hardware and software ecosystems, thus exacerbating the challenges of orchestration and lifecycle management, which become particularly intricate and demanding. To meet these challenges, modern DevOps practices, such as Continuous Integration and Continuous Deployment (CI/CD), runtime observability, and fine-grained access control, are essential to shorten time-to-market, ensure service quality, manage operational complexity, while providing security guarantees. Moving a step toward seamless integration of OT into cloud-native ecosystems, we propose Kubernetes-based OT Orchestrator (KOTO), an orchestration platform that extends Kubernetes to enable comprehensive lifecycle management of OT devices in industrial environments. KOTO bridges the gap between IT and OT by seamlessly integrating with existing CI/CD pipelines and implementing Role-Based Access Control (RBAC) mechanisms tailored to device-level permissions. It abstracts the management of heterogeneous, multi-vendor hardware through a unified abstraction, enabling scalable and secure operations across diverse industrial setups. Without loss of generality, we demonstrate the use of the platform in managing Programmable Logic Controllers (PLCs). We then perform extensive evaluations in a realistic deployment environment, validating KOTO's effectiveness in enhancing operational resilience and responsiveness. © 2025 Copyright held by the owner/author(s).;;Proceedings of the 18th IEEE/ACM International Conference on Utility and Cloud Computing, UCC 2025;;;
scopus;;Conference paper;Threats to the IoT Device Production Processes – A Blind Spot in the Product Security Lifecycle;"Schubaur P.; Knauer P.; Merli D.";2025;10.1007/978-3-031-82065-6_7;https://www.scopus.com/pages/publications/85219200635?origin=resultslist;The production of embedded and constrained IoT devices is a security-critical but often neglected step in the product security lifecycle. The secure development of devices has become empowered over the last decade via the implementation of DevOps processes. However, the transmission of created artifacts into the production site and onto the device itself is a regularly overlooked procedure in the security assessment. This study shows the complexity and proposes a production model that is split into four stages for analysis. The four stages comprise (1) the transmission of artifacts, (2) the management of artifacts, (3) programming of the device, and (4) provisioning of the IoT device. Assets and threat actors are defined, and critical scenarios are introduced to explain their impact on IoT device production. Concluding, the discussion presents possible approaches and their limitations based on the given variety. In the future, this will facilitate the protection of critical and valuable phases of production, thereby enhancing the security and trustworthiness of IoT devices. © IFIP International Federation for Information Processing 2025.;;IFIP Advances in Information and Communication Technology;;;
scopus;;Conference paper;Graph-based data preparation for detecting buffer overflow vulnerabilities in code within CI/CD pipelines;"Savenko O.; Lips S.; Gaj P.; Sierhieiev Y.";2025;;https://www.scopus.com/pages/publications/105037384747?origin=resultslist;"Buffer overflows remain among the most dangerous vulnerability classes in system and embedded software because they corrupt memory invariants, enable arbitrary control-flow transfers, and undermine critical components. We present a fully reproducible “data-to-vision” pipeline for automated detection of stack and heap overflows and off-by-one errors that combines formal risk conditions with graph-based program representations (AST/CFG/DFG) and multi-channel renders used to train a three-class detector with class-aware refinement. The core of the method is twofold. First, we introduce the notion of effective buffer capacity that deducts protocol-specific overheads and safety reserves from nominal allocation, aligning the decision boundary with what is actually safe to copy. Second, we define nodal (local) and path-level risk indicators that couple transfer estimates with guard signals (boundary checks, canaries) and off-by-one cues, thereby reducing false positives while preserving auditability at the level of minimal root-cause subgraphs. The pipeline operates as follows: from a fixed code snapshot and a stabilized preprocessor profile we construct a unified program graph that fuses control- and data-dependencies; we annotate buffers, sources/sinks, format-string and loop invariants; we compute edge-level transfer estimates and local/chain risks; candidate subgraphs are rasterized into multi-channel frames and labeled into {Stack, Heap, Off-by-one}, with curated hard negatives to improve specificity. All artifacts (schemas, toolchain, seeds, profiles) are version-locked and shipped in an OCI container, yielding byte-for-byte reproducibility in CI/CD and enabling SARIF outputs and blocking thresholds. On real-world corpora built from CVE/NVD cases and industrial examples with project-wise 70/15/15 splits, the approach consistently outperforms rule-only SAST baselines (e.g., Cppcheck, Flawfinder) and non-graph vision baselines in both detection quality and localization fidelity, while maintaining interpretable reports (class, score, code-span, matched template, explanation). The contributions are: (i) a deterministic data-preparation stack that turns program graphs into vision-ready inputs; (ii) formal, class-aware risk metrics that couple transfer size with effective capacity and guard signals; and (iii) a labeling and hard-negative strategy compatible with CI/CD evaluation without project leakage. Future extensions include other memory-safety classes (integer overflow, use-after-free, races), stronger XAI components (contrastive, counterfactual explanations), and code-span-level remediation suggestions tightly integrated into development workflows. © 2025 Copyright for this paper by its authors.";;CEUR Workshop Proceedings;;;
scopus;;Conference paper;Unified DevSecOps Toolchain for Secure AI-Enabled Maritime Applications: Theory, Concepts, and Implementation;"Firizqi J.D.; Indrajit R.E.";2025;10.1109/ICIC68054.2025.11309501;https://www.scopus.com/pages/publications/105032127834?origin=resultslist;The maritime industry is undergoing rapid digital transformation, where artificial intelligence (AI) holds great promise for enhancing navigation, logistics, vessel safety, and operational efficiency. However, introducing AI-driven features in maritime applications calls for a robust and secure development lifecycle-especially when facing escalating cyber threats in maritime networks. This paper proposes a Unified DevSecOps Toolchain framework specifically tailored for Secure AI-Enabled Maritime Applications, detailing the theoretical underpinnings, conceptual models, and practical steps for implementation. We begin by examining relevant literature on DevSecOps, AI in maritime, and the evolving regulatory landscape that demands secure-by-design software. We then present the core conceptual diagram of the Unified DevSecOps Toolchain, identifying essential components such as integrated security gates, MLOps for AI lifecycle management, containerization, and continuous monitoring. Next, we elaborate on the step-by-step process of implementing this toolchain-covering coding, version control, security scanning, container orchestration, model training, validation, and edge deployment on vessels. We also discuss potential challenges such as balancing speed vs. security, dealing with incomplete or noisy Automated Identification System (AIS) data, and ensuring compliance with maritime cybersecurity guidelines. Our proposed approach addresses these issues by combining Infrastructure as Code (IaC) scanning, integrated threat modeling, and AI-driven anomaly detection. In doing so, we show that maritime organizations can adopt a continuous and secure pipeline for building, training, and deploying AI models in real-world operations-improving the reliability, safety, and innovation potential of the maritime sector.  © 2025 IEEE.;;2025 10th International Conference on Informatics and Computing, ICIC 2025;;;
scopus;;Conference paper;Advancing Industrial DevOps: Harnessing Digital Twins and AI for Future-Ready Engineering;"Yeman R.; Johnson S.";2025;10.2514/6.2025-0284;https://www.scopus.com/pages/publications/105001311208?origin=resultslist;The development of large-scale, safety-critical, cyber-physical (LS/SC/CP) systems face unprecedented challenges in today’s dynamic technological landscape. These systems integrate hardware, software, and computational components, resulting in a level of complexity that demands innovative approaches. Industry pressures currently require faster delivery and lower costs to remain competitive, driving the need for greater agility and efficiency. The challenge lies in balancing these innovative approaches with the requirement to meet stringent regulatory and safety standards. The nine principles of Industrial DevOps (IDO), enhanced by Artificial Intelligence (AI) and Digital Twins (DT), offer a structured and adaptive framework to address these demands. This paper introduces Industrial DevOps and explains how AI-enabled Digital Twins can help meet current market requirements. © 2025, American Institute of Aeronautics and Astronautics Inc, AIAA. All rights reserved.;;AIAA Science and Technology Forum and Exposition, AIAA SciTech Forum 2025;;;
scopus;;Conference paper;Emerging Trends in Database Design: Toward Improved Modeling and Development Practices;"Bhande A.S.; Sharma N.J.; Barabde S.V.";2025;10.1051/epjconf/202532801065;https://www.scopus.com/pages/publications/105011063880?origin=resultslist;With the explosive development of data-driven applications, cloud-native systems, and diversified data formats, the database design techniques must be radically extended. Classical database models such as those focused on Entity-Relationship (ER) modeling and the relational paradigm, are becoming less and less suitable for managing the complexity, scale and dynamicity of today's data settings. This article traces the history and state of database design and investigates what could be the future of datastraucture architecture and implementation, considering modern paradigms with NoSQL, NewSQL, graph databases, automated model generation by AI methods. It explores the role of schema-less designs, flexible modeling techniques, and cloud-native deployment patterns in some of the challenges brought about by big data, real-time analytics, and Internet of Things (IoT) systems. Moreover, this paper discusses on the role of DevOps practices within database development, the emergence of new serverless data architectures and the increasing significance of security and compliance at the design stage. This review synthesises current literature and analyses comparison and contrasting trends, aimed to contribute to a more coherent understanding of best practices, limitations and future paths in database design.  © The Authors, published by EDP Sciences, 2025.;;EPJ Web of Conferences;;;
scopus;;Conference paper;Machine Learning Approaches for Predicting Code Refactoring Opportunities;"Reyes-Hung L.; Soto I.";2025;10.1109/SACVLC67412.2025.11261938;https://www.scopus.com/pages/publications/105031418656?origin=resultslist;"Early detection of code areas that require refactoring is key to maintaining quality and reducing technical debt. This work presents a scalable and efficient pipeline for predicting refactoring needs using static metrics, validated on over 740,000 Java classes. The approach combines advanced gradient boosting techniques such as LightGBM, XGBoost, and CatBoost; Bayesian optimization using Optuna; and ensemble methods like stacking and blending. The results indicate that LightGBM provides the best balance between performance and efficiency in CI/CD environments. It achieves an F1-score of 0.6399 and a recall of 0.7117, which are essential for detecting important components and reducing technical debt. Base models are faster and lighter, such as CatBoost, which has a throughput of 736,240 instances per second. On the other hand, blending achieves the best class discrimination, with an ROC-AUC of 0.6754. This work lays the groundwork for integrating code quality predictions into industrial operational workflows and continuous integration processes.  © 2025 IEEE.";;2025 South American Conference on Visible Light Communications, SACVLC 2025;;;
scopus;;Conference paper;WordPress Architecture Modernization Projects;"Ferreira D.; Pereira T.; Mendes I.; Amaral A.";2025;10.1007/978-3-031-84426-3_10;https://www.scopus.com/pages/publications/105001360085?origin=resultslist;Technological evolution is very present in today’s world. The Internet of Everything (IoE) is one of the next steps in this evolution. WordPress is a website-building tool that is used today to its minimum capability. The main problem is how to make WordPress customizable and reliable to support device networking and communication. This can be done by implementing a new architecture that supports WordPress as a powerful tool, allowing for scalability and maintenance. The adoption of a recent trend known as DevOps is an important step in creating and developing a strong website and ensuring its integration with multiple devices. It emphasizes continuous testing, delivery, and integration. This article is based on a literature review to justify using micro-services architecture and the DevOps approach to build a reliable and robust working tool in WordPress that can be part of the IoE. © ICST Institute for Computer Sciences, Social Informatics and Telecommunications Engineering 2025.;;Lecture Notes of the Institute for Computer Sciences, Social-Informatics and Telecommunications Engineering, LNICST;;;
scopus;;Conference paper;MAGNET: An optimized DevOps framework for efficient software integration and orchestration in the IoT-Edge-Cloud Continuum;"Agorogiannis E.; Petrakis K.; Antonopoulos G.; Anagnostopoulos T.; Grigoropoulos N.; Benomar Z.";2025;10.1109/EEITE65381.2025.11166038;https://www.scopus.com/pages/publications/105018235835?origin=resultslist;This paper introduces MAGNET, a DevOps framework comprising Continuous Integration/Continuous Deployment practices, alongside flexible development and integration infrastructures, as applied in COGNIFOG, an innovative computing ecosystem currently under development that uses decentralized decision making, machine learning, and distributed computing to enhance autonomy, adaptability, and scalability within the IoT-edge-cloud continuum. The proposed approach ensures efficient, reliable, and seamless framework integration, offering key insights into integration architecture, data flow management, and the adoption of advanced technologies. This work demonstrates the efficiency and adaptability of the COGNIFOG ecosystem through three real-world trials in smart cities, e-health, and smart manufacturing, along with the creation of a comprehensive QuickStart Guide for deployment, offering a robust solution for the complexities of next-generation computing environments. © 2025 IEEE.;;EEITE 2025 - 6th International Conference in Electronic Engineering and Information Technology;;;
scopus;;Conference paper;The Science of Threat Modeling in Complex Industrial Systems;"Singh S.; Desai P.; Amilkanthwar S.";2025;10.1109/CARS67163.2025.11337795;https://www.scopus.com/pages/publications/105033546453?origin=resultslist;As modern computing environments evolve into intricate, distributed ecosystems that span native cloud architectures, microservices, IoT networks, and multi-cloud infrastructures, the need for robust, scalable, and adaptive threat modeling has never been more urgent. Traditional methodologies such as STRIDE and PASTA, while foundational, fall short in addressing the dynamic nature, scale, and interdependencies of complex systems. This paper dives into a comprehensive analysis of the limitations of classical approaches and highlights emerging advances designed to meet contemporary security challenges that are immediately applicable to complex systems that are typical in the industry. We synthesize the recent literature across multiple domains to evaluate adaptive methodologies that incorporate automation, graph based modeling, DevSecOps pipeline integration, infrastructure-as-code (IaC) scanning, and AI assisted threat analysis. The paper also introduces a comparative framework to assess traditional and modern techniques across representative system architectures, including IoT, microservices, and native cloud deployments. We identify open research challenges, such as continuous threat modeling, collaborative usability, and integration of run time telemetry, and offer actionable recommendations for building context aware, scalable, and living threat models. By uniting classical rigor with modern agility, this work aims to guide industry practitioners and researchers toward the next generation of threat modeling solutions for complex and rapidly evolving environments.  © 2025 IEEE.;;2025 Cyber Awareness and Research Symposium, CARS 2025;;;
scopus;;Article;Agile Development for Safety Assurance of Machine Learning in Autonomous Systems (AgileAMLAS);"Hodge V.J.; Osborne M.";2025;10.1016/j.array.2025.100482;https://www.scopus.com/pages/publications/105013656428?origin=resultslist;Recent advances in ML have enabled the development of autonomous cyber–physical systems for a broad range of applications. Using ML, these autonomous systems are able to learn, adapt, and operate with no human intervention. However, this autonomous operation poses a problem when proving that they are acceptably safe. Designers and engineers have traditionally used ‘Waterfall’ or V-model development lifecycles to develop safe systems, but ML engineering requires iteration and adaptation. Iterative development necessitates enhanced lifecycles, augmented methodologies, and the need to systematically integrate rigorous safety assurance with ML development and operation activities. In this paper, we introduce a novel lifecycle, and comprehensive methodology for safely developing, operating, and assuring autonomous systems which use ML. The lifecycle combines Agile software engineering, ML engineering, and a safety engineering framework using iterative and incremental development. This paper provides systematic step-by-step guidelines for developing and deploying ML for autonomous systems using DevOps and MLOps, and for generating compelling safety cases. We have developed and refined our methodology on a recent set of projects undertaken to develop autonomous robots across a variety of domains. © 2025 The Author(s);;Array;;;
scopus;;Conference paper;Industry Practice of LLM-Assisted Protocol Fuzzing for Commercial Communication Modules;"Fu Q.; Liu C.; Ding Y.; Fan C.; Fu Y.; Chen Y.; Fu Y.; Shi R.; Ma F.; Shi H.";2025;10.1109/ASE63991.2025.00260;https://www.scopus.com/pages/publications/105034701862?origin=resultslist;Fuzzing is widely used for software robustness testing. However, its application in commercial communication modules remains limited due to several key challenges, including labor-intensive template generation, lack of coverage collection support, limited testing performance, and inconsistencies between practical hardware and software CI/CD processes. In collaboration with China Mobile IoT, we present FuzzCM, a comprehensive protocol fuzzing framework tailored for commercial communication modules. FuzzCM employs a Retrieval-Augmented Generation (RAG)-enhanced large language model (LLM) to automate template generation and utilizes GPIO-based instrumentation for efficient runtime coverage data collection. Additionally, it leverages a knowledge base constructed from prior tests to guide hybrid mutation strategies and integrates CI/CD across both software and hardware layers, enabling continuous and environment-aware testing. We conducted an industrial practice with FuzzCM on five LTE Cat.1 bis modules, identifying 21 previously unknown bugs, 15 of which have been fixed. The results demonstrate that FuzzCM outperforms both manual methods and the Peach∗ approach, achieving average coverage improvements of 51% and 29%, respectively, with overall coverage reaching 85%. © 2025 IEEE.;;Proceedings - 2025 40th IEEE/ACM International Conference on Automated Software Engineering, ASE 2025;;;
scopus;;Conference paper;On-Demand Cardiac Digital Twins: A Case Study on DevOps workflows for Digital Twin Platforms;"Yelkotwar P.; Raj R.; Pingle A.; Talasila P.; Goveas N.";2025;10.1109/MODELS-C68889.2025.00041;https://www.scopus.com/pages/publications/105030499869?origin=resultslist;Digital Twins (DTs), when integrated with physical systems and their virtual representations, can support real-time analysis, simulations, and decision-making. A major barrier to creating DTs is the effort required to put together the techniques and technologies developed by subject experts. The Digital Twin as a Service (DTaaS) is a DT platform that helps in DT development by creating collaborative environments in which users can develop, use, and share DTs. While experts can create and customize DTs to their needs, non-expert users benefit from automated solutions for on-demand deployment and execution of DTs. Modern software engineering practices such as Development and Operations (DevOps) have produced architectural solutions for a scalable deployment of software products. In this work, we present our contribution to the integration of DevOps workflows with the DTaaS platform. We develop a cardiac DT for ECGbased preventive diagnostics of the human heart. The same DT is used to demonstrate an implementation of DevOps workflows on the DTaaS platform. We find that our proposed solution is suitable for time-sensitive applications and flexible enough to be used with other DT platforms. © 2025 IEEE.;;Proceedings - 2025 ACM/IEEE 28th International Conference on Model Driven Engineering Languages and Systems Companion, MODELS-C 2025;;;
scopus;;Conference paper;A Scalable DevOps Framework Using Kubernetes-Orchestrated Microservices for Cloud-Native Infrastructure;"Poojary S.S.; Kamble S.; Mamatha G.S.";2025;10.1109/CSITSS67709.2025.11294211;https://www.scopus.com/pages/publications/105031363910?origin=resultslist;Think of a Formula 1 pit crew, swapping tires and tuning aerodynamics in seconds, guided by a race engineer's precise commands. That's the heart of our cloud-native DevOps framework, leveraging Kubernetes to orchestrate microservices for fast, reliable, and sustainable applications. This paper presents an innovative approach that empowers teams with automated CI/CD pipelines, infrastructure as code, observability, fault tolerance, security, AI-driven optimization, multi-cloud strategies, carbon-aware scheduling, regulatory compliance, cultural transformation, and a DevOps maturity model. By harnessing Kubernetes' pods, services, and autoscaling, we deliver scalability, resilience, and efficiency. Through clear architectural insights, real-world e-commerce and IoT case studies, and unique metrics, we tackle challenges like network performance, security, cost, sustainability, compliance, and team collaboration, providing a practical blueprint for modern DevOps practitioners.  © 2025 IEEE.;;2025 9th International Conference on Computational System and Information Technology for Sustainable Solutions, CSITSS 2025;;;
scopus;;Article;A DDoS attack detection method based on improved transformer and temporal feature enhancement;"Fan Y.; Ma H.; Zhang Y.; Li S.; Guo X.; Wang B.";2025;10.1007/S11227-025-07440-2;https://www.scopus.com/pages/publications/105019516972?origin=resultslist;Distributed denial of service attacks are increasingly targeting Internet of Things devices, threatening user privacy, data security, and system stability. Despite efforts to enhance DDoS detection in IoT environments, existing methods struggle with accuracy and real-time performance when processing large-scale network traffic. This study introduces time-enhanced transformer for security, an enhanced ContiFormer model integrated with feature selection for network intrusion detection. The ContiFormer employs a continuous-time Transformer architecture, excelling at processing irregularly timed IoT network traffic. TETS optimizes temporal encoding to accurately detect anomalous patterns in data streams. Additionally, the pigeonhole optimization algorithm, selected from six feature selection methods for its superior performance, extracts key features from massive network data, reducing computational complexity and noise while boosting detection accuracy and efficiency. TETS achieves detection accuracies of 99.45%, 99.40%, 99.46%, and 96.26% on the CICD-DoS2019, CICIDS2018, UNSW-NB15-v2, and IoT2023 datasets, respectively, outperforming baseline CNN, Transformer, and other models. © The Author(s).;;Journal of Supercomputing;;;
scopus;;Conference paper;Development of Interoperability in Industrial Internet of Things (IIoT) Ecosystems: Integrating DevOps and Digital Twins to Platform Integration and Ensure Seamless Device;"Pandi V.S.; Ranjani K.; Azzam Z.; Thethi H.P.; Dinesh M.; Yuvabharathi E.";2025;10.1109/INCSST64791.2025.11210416;https://www.scopus.com/pages/publications/105024935819?origin=resultslist;The Industrial Internet of Things (IIoT) is now an integral part of modern industrial systems, revolutionizing smart manufacturing, predictive maintenance, and optimizing supply chains. While the implementation of HoT is complex, one of the most critical aspects is in terms of achieving interoperability between different devices, platforms, and applications within IIoT ecosystems. It is not enough only to have strong communication protocols that plays well with all the components, but also continuous development, testing and deployment pipelines that can conform to those specific and growing needs in industrial environments. By integrating DevOps principles and Digital Twin technology, this work presents a unique approach that enables application-level interoperability by ensuring seamless device communication across heterogeneous IIoT ecosystems. DevOps, with its focus on automation, collaboration, and CI/CD, has emerged as a powerful way to tackle operational complexities in HoT ecosystems. Integrating DevOps into IIoT platform development, we focus on reducing the friction involved in connecting devices, sensors and applications so that any update or change can be deployed fast and reliably. At the same time, Digital Twin technology, as representations of physical assets, is key to providing monitoring in real time, simulation, and optimization of devices and systems within IIoT environments. The aim of this research is to investigate how the intersection of DevOps and Digital Twins can upend parallel processing with a framework for platform interoperability which enables real-time decision-making and predictive analytics whilst mitigating downtime and improving system efficiency. The framework for interoperability proposed in this paper aims to build a cohesive infrastructure that enables the seamless exchange of information between legacy systems, modern IoT devices, and cloud-based applications. Digital Twins are a key element in enabling a feedback loop between the physical HoT devices and the digital terrain they inhabit across the intrinsic and extrinsic domains of the IIoT. Additionally, by leveraging DevOps in the design, we guarantee that this platform can adapt to changing business needs or technological innovation without compromise to the operational integrity of the system. © 2025 IEEE.;;2025 International Conference on Smart and Sustainable Technology, INCSST 2025;;;
scopus;;Conference paper;Secure Deployment of 5G/B5G Core Network;"Landa-Arrue A.; Barceló M.; Garitano I.; Urbieta A.";2025;10.1109/MECO66322.2025.11049157;https://www.scopus.com/pages/publications/105010373486?origin=resultslist;The deployment of secure and resilient FithGeneration (5G) core networks in industrial environments necessitates adopting methodologies that integrate security seamlessly into the entire development lifecycle. This paper presents a Development, Security, and Operations-based (DevSecOps) Continuous Integration/Continuous Deployment (CI/CD) pipeline designed to enhance the security of distributed 5G core networks. The proposed pipeline systematically analyzes Docker images and Kubernetes templates, detecting and mitigating vulnerabilities early in the deployment process. Automated tools such as Trivy, Checkov, Kubelinter, and Kube-bench are employed to significantly reduce security risks associated with outdated dependencies, misconfigurations, and network vulnerabilities. Additionally, integrating Lamassu IoT, a specialized PKI, enables automated digital certificate management. Results demonstrate substantial improvements in security practices, showing a marked reduction in vulnerabilities and enhanced compliance with industry standards.  © 2025 IEEE.;;2025 14th Mediterranean Conference on Embedded Computing, MECO 2025 - Proceedings;;;
scopus;;Conference paper;Kube5GC: Kubernetes-Native Orchestration for 5G Core Network;"Wijesekera T.; Jayarathna L.; Pathirana G.; Banu R.; Wickramarathne J.";2025;10.1109/IDAACS68557.2025.11322314;https://www.scopus.com/pages/publications/105032729079?origin=resultslist;Telecommunications service providers face challenges such as rigid infrastructures, manual configuration, inefficient routing, and security risks, especially in 5G deployments. This paper presents Kube5GC, a Kubernetes-based framework for 5G Core network orchestration. Leveraging Kubernetes orchestration, NFV, and SDN, Kube5GC automates deployments, optimizes resource allocation, and manages network slices with efficiency. Architecture reduces operational complexity and costs through automated, secure, and scalable workflows. Kube5GC integrates CI/CD pipelines via GitOps, deploys containerized 5G functions using Open5GS, and enforces secure inter-service communication with robust secret management. During validation, the platform achieved rapid pod readiness, low latency encrypted traffic, and reliable operation under telecom workloads. Integrated observability with Prometheus, Grafana, and distributed tracing enables comprehensive monitoring of control and user plane metrics, while automated backup and policy-driven configuration management enhance operational resilience. These results confirm Kube5GC as an efficient, scalable, and secure orchestration platform for 5G Core networks in cloud-native environments. © 2025 IEEE.;;Proceedings of the IEEE International Conference on Intelligent Data Acquisition and Advanced Computing Systems: Technology and Applications, IDAACS;;;
scopus;;Article;A Scalable Microservices Architecture for Real-Time Data Processing in Cloud-Based Applications;"Reddy D.N.; Suryodai R.; Kumar S.B.V.; Ambika M.; Muniyandy E.; Krishna V.R.; Abdurasul B.";2025;10.14569/IJACSA.2025.0160905;https://www.scopus.com/pages/publications/105019232580?origin=resultslist;In today’s data-intensive landscape, the exponential growth of digital applications and IoT devices has heightened the demand for real-time data processing within cloud-native environments. Traditional monolithic systems struggle to meet the low-latency, high-availability requirements of modern workloads, prompting a shift toward microservices architectures. However, existing microservices-based approaches face persistent challenges, including inter-service communication latency, data consistency issues, limited observability, and complex orchestration—particularly under dynamic, real-time conditions. Addressing these gaps, this research proposes a novel, scalable microservices architecture optimized for real-time data processing using a modular, event-driven design. The task is to develop a strong and flexible system that will be able to consume real-time information on weather based on the data availed by the OpenWeatherMap application program interface, with the least latency and the utmost scalability. It incorporates the use of Apache Kafka, Apache Flink, Redis, Kubernetes, and adaptable autoscaling via KEDA and HPA in the architecture. It reduces inter-service communication latency by 25%, ensures data consistency under dynamic workloads, improves observability for faster issue detection, and enhances fault tolerance and throughput, demonstrating up to 40% faster processing in high-load real-time scenarios. Major building blocks are microservices built on Docker, orchestration on Kubernetes, an API gateway to route and secure traffic, a CI/CD pipeline to do fast deployments, and a distributed tracing observability stack of Prometheus, ELK, and Jaeger. Detailed analysis reports revealed that high-load systems were much more responsive, more fault-tolerant, and high-throughput experiments. Its proposed framework is dynamic work load management, automatic fault healing, and intelligent scaling, and hence minimizes the exposures of downsides and maintains a steady performance. To sum up, this study offers a tenable microservices design, addressing the present limitations in the field of real-time data processing and, at the same time, providing a scalable, secure, and observable architecture of future cloud native apps. © (2025), (Science and Information Organization). All Rights Reserved.;;International Journal of Advanced Computer Science and Applications;;;
scopus;;Conference paper;Continuous Integration and Delivery of ROS2 projects;"von Zmuda J.; Koch T.; Ahmed S.";2025;10.1109/CASE58245.2025.11163918;https://www.scopus.com/pages/publications/105018313030?origin=resultslist;Autonomous systems are becoming increasingly capable and are used in manifold situations in our entire life. Ranging from aerospace, healthcare, autonomous driving, industry, agriculture to home automation, these complex systems are embedded in sensitive, safety-critical and complex environments that demand a high degree of software quality. One important building block for software quality is Continuous Integration and Delivery (CI/CD). However, previous work has shown a lack of sophisticated CI/CD in robotics projects, especially for projects using the popular ROS (Robot Operating System). This work suggests CIRDAN, a CI/CD framework that enables robotic developers to make use of a wide variety of CI/CD features offered by GitLab CI, like testing, code coverage, code analysis and publishing releases. Since previous work has focused on a cloud-based approach, we developed CIRDAN as an on-premise solution. With CIRDAN we provide multiple Docker images for CPU architectures amd64, arm64 and riscv64. The framework itself as well as the Docker images and experimental ROS2 binaries are provided as open-source. The framework has been successfully applied in multiple autonomous systems research projects. © 2025 IEEE.;;IEEE International Conference on Automation Science and Engineering;;;
scopus;;Article;An Adaptive IoT-Based ForecastingFramework for Structural and Environmental Risk Detection in Tailings Dams;"Rabadán-Arroyo R.; Simó E.; Aguiló-Gost F.; Hernández-Ramírez F.; Masip-Bruin X.";2026;10.3390/electronics15030658;https://www.scopus.com/pages/publications/105030075161?origin=resultslist;Tailings dams represent one of the most environmentally sensitive infrastructures in the mining industry. To address the need for continuous and accurate monitoring, this paper presents an adaptive forecasting framework that combines Internet of Things (IoT) technologies with machine learning (ML) models to detect early signs of structural and ecological risks. The proposed system architecture is modular and scalable and enables the automated training, selection, and deployment of predictive models for multivariate sensor data. Each sensor data flow is independently analyzed by using a configurable set of algorithms (including linear, convolutional, recurrent, and residual models). The framework is deployed via containers with a CI/CD pipeline and includes real-time visualization through Grafana dashboards. A use case involving tiltmeters and piezometers in an operational tailing dam shows the system’s high predictive accuracy, with mean relative errors below (Formula presented.) across all variables (in fact, many of them have a mean relative error below (Formula presented.)). These results highlight the potential of the proposed solution to improve structural and environmental safety in mining operations. © 2026 by the authors.;;Electronics (Switzerland);;;
scopus;;Conference paper;Devsecops-Driven Security Controls for ERP Release Pipelines;"Gangaiah Y.K.; Pappu K.; Thanvi Y.S.";2026;10.1109/ISDFS69419.2026.11459076;https://www.scopus.com/pages/publications/105038345989?origin=resultslist;Enterprise Resource Planning (ERP) security is commonly treated as a periodic assessment that runs outside the CI/CD flow, leaving configuration drift, privilege escalation, and business-rule violations undetected until a manual audit cycle. This paper presents ERP-ReleaseGuard, a DevSecOps pattern that embeds three ERP-domain controls directly into the release pipeline: (i) configuration-snapshot drift detection for role-based access control (RBAC) matrices, (ii) runtime guestaccess probing, and (iii) a normalized risk score that produces a deterministic go/no-go gate. We evaluated the pattern on a Kubernetes testbed comprising four FastAPI microservice stubs that simulate an ERP accounts and an HR landscape with three fault classes at two severity levels. In a controlled experiment with 42 runs (7 scenarios × 3 seeds × 2 pipelines), the guarded pipeline detects 94.4% of injected faults compared to 0% for the baseline (Fisher's exact test, p<0.001). Impact-based test selection reduces test effort by 58.3% (TCRR) without increasing leakage, and the risk-score gate achieves a precision of 1.00 with a recall of 0.94. © 2026 IEEE.;;Proceedings of the International Symposium on Digital Forensics and Security, ISDFS;;;
scopus;;Conference paper;DevOps and CI/CD Maturity in Large-Scale Organizations: A SonarQube and Jenkins Approach;Subramanyam S.P.;2026;10.1109/ICAIC67076.2026.11395828;https://www.scopus.com/pages/publications/105041767340?origin=resultslist;This paper reports on our study of how DevOps in combination with Continuous Integration, Continuous Deployment/Delivery (CI/CD) and the Identity and Governance Administration (IGA) elements present a path to maturity for large scale organizations. We base this on the fact that we may support large scale, standardized and efficient software delivery through the development of strong pillars of the architecture via the use of Jenkins and SonarQube in a targeted way. Also reported is how we used Jenkins as the main orchestration engine for the CI/CD pipeline which includes automation of the build, test, and deploy phases and also report on SonarQube's role in the continuous analysis of code quality and security. Therefore, besides serving its purpose as an academic endeavor toward integrated policy-enforcing workflow architecture based on architectural blueprints wherein specifically within this workflow architecture SonarQube Quality Gates stop code not meeting set standards right in the pipeline. It takes that idea further into a complete DevSecOps approach by illustrating how one can leverage automation to identify and map resource owners in the cloud and CI/CD pipeline so as to enforce periodic access reviews making sure all users have the appropriate level of access at any given moment. This paper also references previous works on DevOps maturity models in addition to conducting empirical case studies with top industry practitioners as a means of synthesizing the required place of automation, cultural change, and continuous governance for successful applications of the DevOps framework.  © 2026 IEEE.;;2026 IEEE 5th International Conference on AI in Cybersecurity, ICAIC 2026;;;
scopus;;Conference paper;Autonomous CNC Machine Tools Powered by AI for Proactive Maintenance and Self-Restoration;"Rathore S.P.S.; Kumawat B.; Chamundeswari G.; Goyal V.; Rathore S.K.; Choudhary Y.";2026;10.1109/IATMSI68868.2026.11465456;https://www.scopus.com/pages/publications/105036970742?origin=resultslist;In the modern manufacturing environment, ensuring the efficient operation of CNC (Computer Numerical Control) machines is vital for reducing downtime and improving productivity. This study introduces an innovative framework that combines artificial intelligence (AI) with digital twin technology to support predictive maintenance in CNC systems. Using IoT (Internet of Things) sensors, continuous operational data are gathered from CNC machines to build a dynamic digital twin that mirrors real-time machine behavior and performance. Advanced machine learning methods, particularly XGBoost, are applied to both historical and live data to identify early signs of failure and to optimize maintenance planning. The proposed approach improves the reliability of maintenance predictions while substantially lowering maintenance expenses and unexpected machine outages. This work advances smart manufacturing research and emphasizes the significance of AI-based solutions in strengthening predictive maintenance practices in industrial applications.  © 2026 IEEE.;;Proceedings of the 4th IEEE International Conference on Interdisciplinary Approaches in Technology and Management for Social Innovation, IATMSI 2026;;;